t,seen,trust,why,tgt_pinky,tgt_ring,tgt_middle,tgt_index,tgt_thumb_bend,tgt_thumb_rot,curl_pinky,curl_ring,curl_middle,curl_index,thumb_flexion,opposition,ang_pinky,ang_ring,ang_middle,ang_index,ang_thumb_bend,ang_thumb_rot,cur_pinky,cur_ring,cur_middle,cur_index,cur_thumb_bend,cur_thumb_rot
0.0000,1,1,,1198,1049,1092,1091,1582,1351,122.827,147.362,140.276,140.468,46.119,73.931,1550,1467,1367,1307,1375,1097,0,0,0,0,0,0
0.2154,0,0,,,,,,,,,,,,,,1550,1467,1367,1307,1375,1096,0,0,0,0,0,0
0.2325,1,1,,1653,1569,1524,1629,1850,1682,47.569,61.346,68.924,51.543,13.465,31.465,1550,1467,1367,1307,1375,1097,0,0,0,0,0,0
0.2646,1,1,,1708,1566,1544,1640,1814,1708,38.424,61.883,65.533,49.733,19.113,28.192,1550,1467,1367,1307,1375,1096,0,0,0,0,0,0
0.2824,1,1,,1737,1616,1597,1670,1792,1745,33.603,53.676,56.772,44.696,21.751,23.346,1550,1467,1367,1307,1375,1097,0,0,0,0,0,0
0.2964,1,1,,1754,1637,1603,1667,1830,1795,30.775,50.141,55.862,45.208,17.267,17.041,1550,1467,1367,1307,1375,1097,0,0,0,0,0,0
0.3305,1,1,,1756,1626,1587,1668,1829,1780,30.507,51.917,58.453,45.064,17.433,18.961,1550,1467,1367,1307,1375,1097,0,0,0,0,0,0
0.3624,1,1,,1766,1606,1576,1678,1827,1775,28.877,55.239,60.286,43.345,17.623,19.579,1550,1467,1367,1307,1375,1097,0,0,0,0,0,0
0.3944,1,1,,1736,1609,1587,1680,1815,1783,33.787,54.818,58.420,43.000,19.073,18.538,1550,1467,1367,1307,1375,1097,0,0,0,0,0,0
0.4304,1,1,,1725,1608,1593,1666,1799,1746,35.647,54.999,57.381,45.420,20.913,23.213,1550,1467,1367,1307,1375,1097,0,0,0,0,0,0
0.4624,1,1,,1726,1613,1604,1679,1806,1759,35.403,54.084,55.595,43.138,20.088,21.609,1550,1467,1367,1307,1375,1097,0,0,0,0,0,0
0.4984,1,1,,1732,1629,1605,1686,1808,1770,34.487,51.538,55.373,42.100,19.832,20.222,1550,1467,1367,1307,1375,1097,0,0,0,0,0,0
0.5304,1,1,,1721,1601,1582,1675,1810,1796,36.325,56.077,59.310,43.823,19.546,16.917,1550,1467,1367,1307,1375,1097,0,0,0,0,0,0
0.5624,1,1,,1731,1603,1561,1666,1823,1781,34.544,55.764,62.761,45.397,18.069,18.773,1550,1467,1367,1307,1375,1097,0,0,0,0,0,0
0.5944,1,1,,1744,1610,1561,1670,1815,1752,32.482,54.633,62.670,44.620,18.990,22.550,1550,1467,1367,1307,1375,1097,0,0,0,0,0,0
0.6324,1,1,,1749,1636,1602,1675,1817,1761,31.709,50.258,56.018,43.800,18.780,21.389,1550,1467,1367,1307,1375,1097,0,0,0,0,0,0
0.6624,1,1,,1757,1657,1643,1696,1794,1716,30.370,46.831,49.183,40.384,21.417,27.073,1550,1467,1367,1307,1375,1097,0,0,0,0,0,0
0.6944,1,1,,1758,1689,1677,1703,1798,1677,30.090,41.625,43.508,39.216,20.994,32.165,1550,1467,1367,1307,1375,1097,0,0,0,0,0,0
0.7304,1,1,,1763,1682,1679,1712,1804,1723,29.365,42.659,43.181,37.668,20.313,26.257,1550,1467,1367,1307,1375,1096,0,0,0,0,0,0
0.7624,1,1,,1753,1673,1666,1715,1817,1736,31.021,44.163,45.343,37.245,18.772,24.606,1550,1467,1367,1307,1375,1097,0,0,0,0,0,0
0.7944,1,1,,1758,1656,1647,1700,1818,1750,30.060,46.979,48.509,39.687,18.666,22.752,1550,1467,1367,1307,1375,1097,0,0,0,0,0,0
0.8304,1,1,,1767,1668,1664,1693,1809,1764,28.613,44.949,45.727,40.919,19.757,20.966,1550,1467,1367,1307,1375,1097,0,0,0,0,0,0
0.8624,1,1,,1756,1667,1658,1696,1800,1801,30.411,45.220,46.700,40.446,20.741,16.192,1550,1467,1367,1307,1375,1097,0,0,0,0,0,0
0.8944,1,1,,1752,1657,1643,1699,1784,1797,31.112,46.786,49.103,39.936,22.597,16.765,1550,1467,1367,1307,1375,1097,0,0,0,0,0,0
0.9304,1,1,,1766,1658,1653,1700,1794,1781,28.860,46.686,47.573,39.660,21.410,18.773,1550,1467,1367,1307,1375,1097,0,0,0,0,0,0
0.9624,1,1,,1771,1656,1651,1703,1801,1765,27.955,47.027,47.890,39.291,20.680,20.829,1550,1467,1367,1307,1375,1097,0,0,0,0,0,0
0.9944,1,1,,1763,1652,1643,1695,1799,1774,29.371,47.717,49.149,40.565,20.871,19.703,1550,1467,1367,1307,1375,1097,0,0,0,0,0,0
1.0304,1,1,,1767,1666,1653,1716,1806,1736,28.576,45.322,47.576,37.022,20.089,24.537,1550,1467,1367,1307,1375,1097,0,0,0,0,0,0
1.0624,1,1,,1766,1670,1663,1710,1795,1754,28.759,44.675,45.814,38.095,21.399,22.182,1550,1467,1367,1307,1375,1097,0,0,0,0,0,0
1.0944,1,1,,1768,1676,1662,1720,1782,1746,28.550,43.718,46.058,36.373,22.852,23.287,1550,1467,1367,1307,1375,1096,0,0,0,0,0,0
1.1304,1,1,,1779,1686,1678,1732,1782,1730,26.663,41.990,43.309,34.447,22.869,25.258,1550,1467,1367,1307,1375,1097,0,0,0,0,0,0
1.1624,1,1,,1768,1686,1688,1744,1781,1758,28.412,42.127,41.724,32.436,22.963,21.786,1550,1467,1367,1307,1375,1097,0,0,0,0,0,0
1.1944,1,1,,1762,1694,1673,1757,1765,1714,29.431,40.658,44.191,30.235,24.786,27.313,1550,1467,1367,1307,1375,1097,0,0,0,0,0,0
1.2304,1,1,,1781,1738,1691,1785,1850,1655,26.362,33.385,41.187,25.658,13.360,34.917,1550,1467,1367,1307,1375,1096,0,0,0,0,0,0
1.2624,1,0,handedness unsure,1742,1705,1614,1738,1850,1739,32.709,38.907,54.043,33.401,7.478,24.204,1550,1467,1367,1307,1375,1097,0,0,0,0,0,0
1.2944,1,0,handedness unsure,1749,1639,1600,1717,1850,1780,31.615,49.806,56.360,36.966,7.064,18.918,1550,1467,1367,1307,1375,1097,0,0,0,0,0,0
1.3304,1,1,,1761,1751,1752,1774,1726,1542,29.684,31.285,31.065,27.413,29.335,49.390,1550,1467,1367,1307,1375,1097,0,0,0,0,0,0
1.3624,1,1,,1757,1668,1686,1749,1772,1675,30.328,45.036,42.098,31.605,23.980,32.382,1550,1467,1367,1307,1375,1097,0,0,0,0,0,0
1.3944,1,1,,1757,1673,1698,1742,1766,1703,30.225,44.217,39.996,32.812,24.691,28.747,1550,1467,1367,1307,1375,1097,0,0,0,0,0,0
1.4304,1,1,,1781,1668,1675,1757,1796,1668,26.411,45.083,43.874,30.245,21.281,33.239,1550,1467,1367,1307,1375,1097,0,0,0,0,0,0
1.4624,1,1,,1772,1649,1655,1753,1802,1705,27.884,48.191,47.219,31.038,20.536,28.495,1550,1467,1367,1307,1375,1097,0,0,0,0,0,0
1.4944,1,1,,1766,1637,1631,1739,1820,1753,28.779,50.129,51.203,33.337,18.421,22.362,1550,1467,1367,1307,1375,1097,0,0,0,0,0,0
1.5304,1,1,,1785,1676,1656,1750,1784,1712,25.712,43.766,47.092,31.439,22.654,27.656,1550,1467,1367,1307,1375,1097,0,0,0,0,0,0
1.5624,1,1,,1776,1711,1695,1815,1794,1362,27.168,37.888,40.506,20.668,21.504,72.502,1550,1467,1367,1307,1375,1097,0,0,0,0,0,0
1.5944,1,1,,1766,1798,1601,1473,1771,1707,28.875,23.536,56.089,77.210,24.125,28.321,1550,1467,1367,1307,1375,1097,0,0,0,0,0,0
1.6304,1,0,handedness unsure,1783,1668,1627,1792,1850,1850,25.989,44.972,51.793,24.594,11.505,2.420,1550,1467,1367,1307,1375,1097,0,0,0,0,0,0
1.6624,1,1,,1734,1629,1610,1725,1803,1632,34.092,51.478,54.609,35.586,20.365,37.822,1550,1467,1367,1307,1375,1097,0,0,0,0,0,0
1.6944,1,1,,1741,1645,1608,1718,1818,1694,32.973,48.815,54.950,36.788,18.679,29.946,1550,1467,1367,1307,1375,1097,0,0,0,0,0,0
1.7304,1,1,,1767,1655,1636,1734,1850,1693,28.583,47.222,50.315,34.069,13.204,30.030,1550,1467,1367,1307,1375,1097,0,0,0,0,0,0
1.7624,1,1,,1751,1645,1628,1736,1846,1721,31.241,48.818,51.667,33.847,15.393,26.516,1550,1467,1367,1307,1375,1097,0,0,0,0,0,0
1.7944,1,1,,1743,1646,1637,1732,1829,1744,32.667,48.639,50.172,34.363,17.332,23.524,1550,1467,1367,1307,1375,1097,0,0,0,0,0,0
1.8324,1,1,,1763,1659,1656,1723,1806,1734,29.259,46.437,47.057,35.899,20.119,24.747,1550,1467,1367,1307,1375,1097,0,0,0,0,0,0
1.8624,1,1,,1773,1654,1649,1721,1795,1709,27.636,47.326,48.101,36.240,21.296,27.956,1550,1467,1367,1307,1375,1097,0,0,0,0,0,0
1.9104,1,1,,1777,1659,1663,1724,1791,1739,26.972,46.473,45.894,35.755,21.811,24.197,1550,1467,1367,1307,1375,1097,0,0,0,0,0,0
1.9304,1,1,,1779,1667,1660,1722,1788,1713,26.607,45.205,46.269,36.170,22.173,27.450,1550,1467,1367,1307,1375,1097,0,0,0,0,0,0
1.9624,1,1,,1775,1667,1664,1721,1790,1716,27.349,45.185,45.661,36.335,21.983,27.132,1550,1467,1367,1307,1375,1097,0,0,0,0,0,0
1.9944,1,1,,1767,1664,1661,1716,1780,1715,28.590,45.656,46.189,37.100,23.085,27.185,1550,1467,1367,1307,1375,1097,0,0,0,0,0,0
2.0304,1,1,,1768,1672,1667,1725,1787,1687,28.505,44.321,45.270,35.550,22.320,30.885,1550,1467,1367,1307,1375,1097,0,0,0,0,0,0
2.0624,1,1,,1766,1671,1662,1720,1794,1718,28.868,44.580,46.020,36.486,21.460,26.818,1550,1467,1367,1307,1375,1097,0,0,0,0,0,0
2.0944,1,1,,1760,1668,1647,1724,1793,1717,29.785,45.087,48.432,35.745,21.606,27.022,1550,1467,1367,1307,1375,1096,0,0,0,0,0,0
2.1304,1,1,,1768,1675,1657,1721,1785,1683,28.454,43.789,46.844,36.247,22.562,31.378,1550,1467,1367,1307,1375,1097,0,0,0,0,0,0
2.1624,1,1,,1759,1666,1655,1731,1785,1668,30.002,45.326,47.196,34.661,22.458,33.206,1550,1467,1367,1307,1375,1097,0,0,0,0,0,0
2.1944,1,1,,1757,1663,1643,1721,1792,1675,30.251,45.927,49.122,36.267,21.736,32.363,1550,1467,1367,1307,1375,1096,0,0,0,0,0,0
2.2305,1,1,,1761,1672,1652,1721,1788,1702,29.661,44.430,47.648,36.245,22.167,28.918,1550,1467,1367,1307,1375,1096,0,0,0,0,0,0
2.2624,1,1,,1761,1672,1650,1721,1788,1703,29.686,44.403,47.986,36.245,22.138,28.776,1550,1467,1367,1307,1375,1097,0,0,0,0,0,0
2.2944,1,1,,1753,1671,1653,1724,1781,1725,31.044,44.503,47.498,35.825,22.995,25.921,1550,1467,1367,1307,1375,1097,0,0,0,0,0,0
2.3304,1,1,,1742,1666,1650,1719,1786,1720,32.853,45.408,48.060,36.670,22.376,26.547,1550,1467,1367,1307,1375,1097,0,0,0,0,0,0
2.3624,1,1,,1742,1667,1661,1733,1788,1682,32.843,45.208,46.122,34.351,22.104,31.536,1550,1467,1367,1307,1375,1097,0,0,0,0,0,0
2.3944,1,1,,1736,1661,1649,1718,1803,1708,33.832,46.118,48.217,36.785,20.433,28.133,1550,1467,1367,1307,1375,1097,0,0,0,0,0,0
2.4304,1,1,,1732,1670,1661,1724,1799,1679,34.486,44.724,46.174,35.813,20.843,31.837,1550,1467,1367,1307,1375,1096,0,0,0,0,0,0
2.4624,1,1,,1734,1672,1674,1733,1806,1653,34.160,44.340,44.050,34.293,20.113,35.171,1550,1467,1367,1307,1375,1097,0,0,0,0,0,0
2.4944,1,1,,1720,1668,1668,1729,1809,1644,36.388,45.060,45.037,34.982,19.662,36.379,1550,1467,1367,1307,1375,1097,0,0,0,0,0,0
2.5304,1,1,,1713,1679,1661,1709,1830,1624,37.600,43.253,46.217,38.311,17.236,38.880,1550,1467,1367,1307,1375,1096,0,0,0,0,0,0
2.5624,1,1,,1705,1686,1663,1711,1805,1569,38.888,41.986,45.808,37.942,20.232,45.937,1550,1467,1367,1307,1375,1097,0,0,0,0,0,0
2.5944,1,1,,1697,1701,1677,1731,1756,1602,40.179,39.578,43.476,34.621,25.867,41.781,1550,1467,1367,1307,1375,1097,0,0,0,0,0,0
2.6304,1,1,,1703,1709,1700,1764,1736,1590,39.233,38.194,39.713,29.156,28.192,43.296,1550,1467,1367,1307,1375,1097,0,0,0,0,0,0
2.6624,1,1,,1713,1709,1708,1779,1762,1548,37.622,38.228,38.356,26.689,25.154,48.610,1550,1467,1367,1307,1375,1097,0,0,0,0,0,0
2.6944,1,1,,1723,1710,1708,1810,1757,1563,35.954,38.073,38.371,21.570,25.752,46.667,1550,1467,1367,1307,1375,1097,0,0,0,0,0,0
2.7304,1,1,,1731,1679,1697,1801,1773,1637,34.535,43.247,40.224,22.955,23.865,37.272,1550,1467,1367,1307,1375,1096,0,0,0,0,0,0
2.7624,1,1,,1740,1723,1722,1806,1741,1619,33.181,35.900,36.146,22.271,27.620,39.598,1550,1467,1367,1307,1375,1097,0,0,0,0,0,0
2.7944,1,1,,1756,1748,1734,1809,1717,1627,30.503,31.775,34.042,21.752,30.444,38.520,1550,1467,1367,1307,1375,1097,0,0,0,0,0,0
2.8304,1,0,handedness unsure,1694,1819,1687,1685,1812,1850,40.706,20.080,41.885,42.208,19.337,-26.617,1550,1467,1367,1307,1375,1097,0,0,0,0,0,0
2.8624,1,0,hand looks flipped,1034,1034,1521,1081,1298,1850,171.282,172.441,69.366,142.202,79.184,-154.636,1550,1467,1367,1307,1375,1097,0,0,0,0,0,0
2.8944,1,0,handedness unsure,1696,1703,1638,1500,1562,1850,40.408,39.231,49.958,72.845,48.480,-1.194,1550,1467,1367,1307,1375,1097,0,0,0,0,0,0
2.9304,1,0,hand looks flipped,1389,1685,1520,1086,1702,1850,91.135,42.251,69.474,141.298,32.195,-40.892,1550,1467,1367,1307,1375,1097,0,0,0,0,0,0
2.9624,1,0,hand looks flipped,1705,1582,1652,1530,1572,1850,38.863,59.297,47.658,67.824,47.287,-84.771,1550,1467,1367,1307,1375,1097,0,0,0,0,0,0
2.9944,1,0,hand looks flipped,1605,1542,1486,1405,1610,1850,55.413,65.858,75.123,88.575,42.889,-89.623,1550,1467,1367,1307,1375,1097,0,0,0,0,0,0
3.0304,1,0,hand looks flipped,1595,1518,1483,1411,1685,1850,57.165,69.784,75.677,87.588,34.171,-83.592,1550,1467,1367,1307,1375,1097,0,0,0,0,0,0
3.0624,1,0,hand looks flipped,1611,1494,1487,1345,1691,1850,54.467,73.840,74.971,98.465,33.503,-96.486,1550,1467,1367,1307,1375,1097,0,0,0,0,0,0
3.0944,1,0,handedness unsure,1478,1460,1601,1481,1540,1226,76.448,79.495,56.090,76.042,51.011,148.924,1550,1467,1367,1307,1375,1097,0,0,0,0,0,0
3.1304,1,1,,1398,1455,1367,1512,1742,1563,89.724,80.213,94.887,70.839,27.546,46.677,1550,1467,1367,1307,1375,1097,0,0,0,0,0,0
3.1624,1,1,,1680,1574,1547,1698,1778,1775,42.970,60.520,65.067,39.991,23.309,19.571,1550,1467,1367,1307,1375,1097,0,0,0,0,0,0
3.1944,1,1,,1724,1627,1606,1701,1795,1567,35.809,51.750,55.291,39.503,21.379,46.202,1550,1467,1367,1307,1375,1097,0,0,0,0,0,0
3.2304,1,1,,1724,1652,1611,1721,1819,1745,35.750,47.634,54.533,36.232,18.590,23.428,1550,1467,1367,1307,1375,1097,0,0,0,0,0,0
3.2624,1,1,,1753,1661,1632,1703,1820,1745,30.982,46.251,50.912,39.176,18.434,23.457,1550,1467,1367,1307,1375,1096,0,0,0,0,0,0
3.2944,1,1,,1777,1658,1628,1724,1838,1750,26.916,46.616,51.679,35.756,16.348,22.749,1550,1467,1367,1307,1375,1097,0,0,0,0,0,0
3.3304,1,1,,1761,1670,1620,1720,1831,1673,29.564,44.756,52.898,36.438,17.163,32.662,1550,1467,1367,1307,1375,1097,0,0,0,0,0,0
3.3624,1,1,,1740,1646,1571,1656,1803,1751,33.145,48.617,61.014,47.015,20.438,22.668,1550,1467,1367,1307,1375,1096,0,0,0,0,0,0
3.3984,1,1,,1789,1674,1620,1708,1833,1705,24.953,44.057,52.974,38.472,16.915,28.518,1550,1467,1367,1307,1375,1097,0,0,0,0,0,0
3.4304,1,1,,1798,1693,1652,1731,1816,1764,23.466,40.845,47.745,34.556,18.923,20.906,1550,1467,1367,1307,1375,1097,0,0,0,0,0,0
3.4624,1,1,,1758,1687,1669,1719,1811,1729,30.117,41.876,44.923,36.558,19.513,25.418,1550,1467,1367,1307,1375,1097,0,0,0,0,0,0
3.4944,1,1,,1714,1627,1581,1702,1811,1672,37.358,51.781,59.410,39.327,19.432,32.723,1550,1467,1367,1307,1375,1097,0,0,0,0,0,0
3.5304,1,1,,1686,1614,1600,1693,1743,1628,41.997,53.906,56.257,40.928,27.370,38.449,1550,1467,1367,1307,1375,1097,0,0,0,0,0,0
3.5624,1,1,,1736,1619,1586,1709,1786,1736,33.820,53.106,58.530,38.286,22.379,24.505,1550,1467,1367,1307,1375,1097,0,0,0,0,0,0
3.5944,1,1,,1726,1650,1628,1726,1793,1787,35.500,48.013,51.725,35.367,21.585,18.055,1550,1467,1367,1307,1375,1097,0,0,0,0,0,0
3.6304,1,1,,1735,1670,1629,1718,1850,1821,33.959,44.693,51.409,36.718,13.737,13.703,1550,1467,1367,1307,1375,1097,0,0,0,0,0,0
3.6624,1,1,,1707,1689,1619,1726,1849,1718,38.652,41.610,53.109,35.475,15.055,26.848,1550,1467,1367,1307,1375,1097,0,0,0,0,0,0
3.6944,1,1,,1690,1718,1693,1728,1840,1629,41.342,36.779,40.968,35.037,16.164,38.315,1550,1467,1367,1307,1375,1097,0,0,0,0,0,0
3.7304,1,1,,1701,1665,1623,1713,1817,1484,39.623,45.513,52.399,37.508,18.789,56.832,1550,1467,1367,1307,1375,1096,0,0,0,0,0,0
3.7624,1,1,,1530,1451,1479,1508,1418,1226,67.799,80.968,76.353,71.551,65.258,105.401,1550,1467,1367,1307,1375,1097,0,0,0,0,0,0
3.8004,1,1,,1238,1089,1175,1299,1581,1226,116.096,140.767,126.650,106.015,46.211,118.584,1550,1467,1367,1307,1375,1097,0,0,0,0,0,0
3.8304,1,1,,1196,1041,1093,1213,1568,1226,123.116,148.797,140.114,120.323,47.743,111.608,1550,1467,1367,1307,1375,1097,0,0,0,0,0,0
3.8624,1,1,,1158,1034,1034,1110,1486,1226,129.354,156.525,150.941,137.336,57.305,112.143,1550,1467,1367,1307,1375,1096,0,0,0,0,0,0
3.8944,1,1,,1141,1034,1034,1142,1431,1226,132.134,160.774,154.798,132.117,63.694,104.660,1550,1467,1367,1307,1375,1097,0,0,0,0,0,0
3.9304,1,1,,1124,1034,1034,1158,1405,1226,134.996,158.002,154.632,129.336,66.787,108.826,1550,1467,1367,1307,1375,1097,0,0,0,0,0,0
3.9624,1,1,,1232,1085,1095,1209,1342,1226,117.091,141.526,139.814,120.973,74.069,91.043,1550,1467,1367,1307,1375,1096,0,0,0,0,0,0
3.9944,1,1,,1339,1156,1159,1198,1393,1556,99.394,129.753,129.181,122.774,68.101,47.638,1550,1467,1367,1307,1375,1097,0,0,0,0,0,0
4.0304,1,1,,1402,1311,1291,1411,1500,1630,89.108,104.140,107.329,87.479,55.665,38.120,1550,1467,1367,1307,1375,1097,0,0,0,0,0,0
4.0624,1,1,,1554,1560,1467,1654,1575,1568,63.815,62.928,78.288,47.400,46.949,46.042,1550,1467,1367,1307,1375,1097,0,0,0,0,0,0
4.0944,1,1,,1652,1767,1677,1790,1732,1456,47.634,28.644,43.548,24.857,28.661,60.456,1550,1467,1367,1307,1375,1097,0,0,0,0,0,0
4.1304,1,1,,1674,1787,1693,1824,1763,1441,44.103,25.372,40.809,19.178,25.061,62.430,1550,1467,1367,1307,1375,1097,0,0,0,0,0,0
4.1624,1,1,,1722,1799,1681,1844,1715,1438,36.148,23.396,42.829,15.983,30.605,62.730,1550,1467,1367,1307,1375,1097,0,0,0,0,0,0
4.1944,1,1,,1706,1801,1654,1800,1652,1434,38.691,22.954,47.380,23.200,37.973,63.268,1550,1467,1367,1307,1375,1097,0,0,0,0,0,0
4.2304,1,1,,1688,1819,1638,1788,1617,1320,41.658,20.007,49.980,25.231,42.093,77.900,1550,1467,1367,1307,1375,1097,0,0,0,0,0,0
4.2624,1,1,,1716,1798,1654,1700,1680,1232,37.107,23.593,47.359,39.746,34.691,89.182,1550,1467,1367,1307,1375,1097,0,0,0,0,0,0
4.3064,1,1,,1698,1740,1624,1501,1593,1452,40.145,33.182,52.332,72.687,44.871,60.959,1550,1467,1367,1307,1375,1097,0,0,0,0,0,0
4.3304,1,1,,1632,1579,1450,1368,1545,1580,51.001,59.772,81.150,94.713,50.459,44.575,1550,1467,1367,1307,1375,1097,0,0,0,0,0,0
4.3624,1,1,,1633,1340,1218,1292,1548,1714,50.867,99.217,119.463,107.190,50.052,27.433,1550,1467,1367,1307,1375,1097,0,0,0,0,0,0
4.3944,1,1,,1573,1223,1147,1165,1500,1719,60.713,118.643,131.234,128.307,55.681,26.708,1550,1467,1367,1307,1375,1097,0,0,0,0,0,0
4.4305,1,1,,1385,1136,1123,1176,1552,1677,91.887,133.052,135.204,126.364,49.634,32.152,1550,1467,1367,1307,1375,1097,0,0,0,0,0,0
4.4624,1,1,,1399,1176,1215,1682,1703,1635,89.577,126.444,120.011,42.787,32.030,37.448,1550,1467,1367,1307,1375,1097,0,0,0,0,0,0
4.4984,1,1,,1528,1436,1444,1694,1625,1375,68.117,83.392,82.023,40.788,41.150,70.778,1550,1467,1367,1307,1375,1097,0,0,0,0,0,0
4.5304,1,1,,1606,1589,1610,1816,1687,1226,55.321,58.155,54.635,20.542,33.953,92.098,1550,1467,1367,1307,1375,1097,0,0,0,0,0,0
4.5624,1,1,,1642,1712,1668,1837,1659,1226,49.329,37.813,44.954,17.001,37.201,95.431,1550,1467,1367,1307,1375,1097,0,0,0,0,0,0
4.5944,1,1,,1617,1757,1665,1757,1614,1226,53.493,30.230,45.480,30.283,42.419,97.454,1550,1467,1367,1307,1375,1096,0,0,0,0,0,0
4.6304,1,1,,1740,1747,1664,1638,1584,1226,33.043,31.913,45.751,49.914,45.881,102.311,1550,1467,1367,1307,1375,1097,0,0,0,0,0,0
4.6624,1,1,,1629,1626,1509,1475,1519,1226,51.405,52.040,71.351,77.031,53.461,108.743,1550,1467,1367,1307,1375,1097,0,0,0,0,0,0
4.6944,1,1,,1622,1416,1272,1342,1677,1226,52.657,86.790,110.510,98.986,35.128,117.624,1550,1467,1367,1307,1375,1096,0,0,0,0,0,0
4.7344,1,1,,1591,1164,1165,1141,1617,1226,57.794,128.436,128.224,132.283,42.017,102.526,1550,1467,1367,1307,1375,1096,0,0,0,0,0,0
4.7624,1,1,,1397,1158,1140,1233,1549,1300,89.914,129.447,132.376,117.069,49.975,80.486,1550,1467,1367,1307,1375,1097,0,0,0,0,0,0
4.7944,1,1,,1261,1094,1152,1167,1599,1576,112.333,140.035,130.456,127.984,44.128,45.008,1550,1467,1367,1307,1375,1097,0,0,0,0,0,0
4.8304,1,1,,1286,1089,1143,1159,1513,1850,108.187,140.805,131.910,129.317,54.207,4.422,1550,1467,1367,1307,1375,1097,0,0,0,0,0,0
4.8624,1,1,,1258,1068,1116,1149,1496,1572,112.840,144.293,136.353,130.951,56.178,45.583,1550,1467,1367,1307,1375,1097,0,0,0,0,0,0
4.8944,1,1,,1251,1082,1100,1111,1410,1427,114.023,141.972,139.056,137.241,66.170,64.194,1550,1467,1367,1307,1375,1096,0,0,0,0,0,0
4.9304,1,1,,1309,1110,1145,1146,1468,1547,104.353,137.298,131.580,131.327,59.395,48.770,1550,1467,1367,1307,1375,1097,0,0,0,0,0,0
4.9624,1,1,,1276,1084,1114,1132,1438,1601,109.958,141.597,136.602,133.744,62.881,41.863,1550,1467,1367,1307,1375,1097,0,0,0,0,0,0
4.9944,1,1,,1331,1144,1178,1217,1480,1850,100.751,131.726,126.047,119.580,57.969,9.708,1550,1467,1367,1307,1375,1097,0,0,0,0,0,0
5.0304,1,1,,1326,1159,1169,1240,1474,1816,101.633,129.201,127.649,115.866,58.699,14.291,1550,1467,1367,1307,1375,1097,0,0,0,0,0,0
5.0624,1,1,,1305,1173,1157,1183,1497,1666,105.090,127.001,129.614,125.326,56.061,33.579,1550,1467,1367,1307,1375,1097,0,0,0,0,0,0
5.0944,1,1,,1359,1196,1183,1201,1437,1850,96.200,123.124,125.239,122.263,63.007,1.977,1550,1467,1367,1307,1375,1097,0,0,0,0,0,0
5.1304,1,1,,1187,1078,1049,1059,1364,1669,124.613,142.573,147.422,145.836,71.508,33.191,1550,1467,1367,1307,1375,1097,0,0,0,0,0,0
5.1624,1,1,,1304,1183,1156,1214,1580,1442,105.253,125.278,129.697,120.128,46.367,62.291,1550,1467,1367,1307,1375,1097,0,0,0,0,0,0
5.1944,1,1,,1620,1645,1483,1619,1715,1279,52.993,48.895,75.637,53.146,30.636,83.120,1550,1467,1367,1307,1375,1096,0,0,0,0,0,0
5.2324,1,1,,1633,1654,1593,1648,1798,1226,50.895,47.385,57.398,48.395,20.943,103.956,1550,1467,1367,1307,1375,1097,0,0,0,0,0,0
5.2624,1,1,,1594,1695,1579,1733,1695,1226,57.189,40.551,59.767,34.320,33.038,115.610,1550,1467,1367,1307,1375,1097,0,0,0,0,0,0
5.2944,1,1,,1624,1820,1688,1796,1738,1226,52.376,19.869,41.786,23.876,27.977,109.682,1550,1467,1367,1307,1375,1097,0,0,0,0,0,0
5.3304,1,1,,1632,1844,1706,1800,1746,1226,51.015,15.937,38.801,23.245,27.013,93.862,1550,1467,1367,1307,1375,1097,0,0,0,0,0,0
5.3624,1,1,,1674,1818,1699,1726,1788,1290,44.070,20.220,39.836,35.453,22.151,81.686,1550,1467,1367,1307,1375,1097,0,0,0,0,0,0
5.4064,1,1,,1654,1718,1618,1844,1717,1655,47.330,36.729,53.276,15.940,30.475,34.881,1550,1467,1367,1307,1375,1097,0,0,0,0,0,0
5.4304,1,1,,1690,1646,1671,1850,1673,1632,41.440,48.732,44.504,7.736,35.558,37.823,1550,1467,1367,1307,1375,1097,0,0,0,0,0,0
5.4624,1,1,,1642,1660,1659,1832,1850,1460,49.311,46.374,46.539,17.957,12.112,59.887,1550,1467,1367,1307,1375,1097,0,0,0,0,0,0
5.4944,1,1,,1648,1628,1603,1678,1789,1449,48.326,51.579,55.731,43.428,22.090,61.338,1550,1467,1367,1307,1375,1096,0,0,0,0,0,0
5.5424,1,1,,1749,1608,1627,1739,1815,1407,31.658,54.876,51.806,33.256,18.971,66.781,1550,1467,1367,1307,1375,1097,0,0,0,0,0,0
5.5744,1,1,,1772,1618,1565,1638,1792,1322,27.772,53.288,62.019,49.984,21.650,77.578,1550,1467,1367,1307,1375,1096,0,0,0,0,0,0
5.5984,1,1,,1483,1379,1315,1305,1785,1226,75.609,92.861,103.392,105.145,22.473,100.816,1550,1467,1367,1307,1375,1096,0,0,0,0,0,0
5.6304,1,1,,1199,1182,1144,1223,1663,1226,122.546,125.421,131.713,118.619,36.747,113.228,1550,1467,1367,1307,1375,1097,0,0,0,0,0,0
5.6744,1,1,,1332,1258,1161,1144,1359,1226,100.588,112.825,128.831,131.721,72.049,125.585,1550,1467,1367,1307,1375,1096,0,0,0,0,0,0
5.6944,1,1,,1083,1049,1034,1135,1581,1226,141.856,147.456,153.055,133.265,46.221,90.866,1550,1467,1367,1307,1375,1097,0,0,0,0,0,0
5.7304,1,1,,1066,1034,1034,1071,1559,1376,144.668,154.310,158.066,143.747,48.776,70.689,1550,1467,1367,1307,1375,1097,0,0,0,0,0,0
5.7624,1,1,,1096,1034,1034,1075,1594,1361,139.737,153.918,154.087,143.172,44.724,72.647,1550,1467,1367,1307,1375,1097,0,0,0,0,0,0
5.7944,1,1,,1130,1041,1034,1053,1626,1421,134.099,148.730,151.203,146.825,40.973,64.998,1550,1467,1367,1307,1375,1097,0,0,0,0,0,0
5.8304,1,1,,1133,1050,1034,1082,1685,1454,133.565,147.234,152.514,141.963,34.151,60.667,1550,1467,1367,1307,1375,1097,0,0,0,0,0,0
5.8624,1,1,,1261,1144,1059,1135,1752,1392,112.418,131.659,145.760,133.235,26.372,68.668,1550,1467,1367,1307,1375,1097,0,0,0,0,0,0
5.8944,1,1,,1451,1354,1320,1317,1677,1395,80.936,96.996,102.521,103.045,35.135,68.318,1550,1467,1367,1307,1375,1097,0,0,0,0,0,0
5.9304,1,1,,1616,1510,1507,1416,1779,1579,53.688,71.214,71.671,86.717,23.246,44.692,1550,1467,1367,1307,1375,1097,0,0,0,0,0,0
5.9624,1,1,,1770,1684,1702,1596,1850,1367,28.142,42.392,39.370,56.948,13.712,71.872,1550,1467,1367,1307,1375,1097,0,0,0,0,0,0
5.9944,1,1,,1757,1849,1733,1687,1675,1226,30.229,15.075,34.331,41.802,35.362,139.953,1550,1467,1367,1307,1375,1097,0,0,0,0,0,0
6.0304,1,1,,1558,1784,1643,1721,1788,1331,63.202,25.837,49.152,36.264,22.208,76.495,1550,1467,1367,1307,1375,1097,0,0,0,0,0,0
6.0624,1,1,,1570,1728,1672,1786,1850,1572,61.228,35.053,44.400,25.445,13.563,45.538,1550,1467,1367,1307,1375,1097,0,0,0,0,0,0
6.1064,1,1,,1649,1657,1609,1742,1850,1738,48.194,46.855,54.779,32.827,14.712,24.293,1550,1467,1367,1307,1375,1097,0,0,0,0,0,0
6.1304,1,1,,1677,1677,1651,1716,1809,1822,43.561,43.542,47.777,37.065,19.665,13.554,1550,1467,1367,1307,1375,1097,0,0,0,0,0,0
6.1624,1,1,,1655,1671,1625,1733,1850,1821,47.137,44.450,52.162,34.354,14.772,13.602,1550,1467,1367,1307,1375,1097,0,0,0,0,0,0
6.1944,1,1,,1659,1683,1616,1727,1850,1830,46.463,42.538,53.643,35.234,14.774,12.529,1550,1467,1367,1307,1375,1097,0,0,0,0,0,0
6.2304,1,1,,1684,1685,1622,1744,1831,1814,42.412,42.222,52.654,32.448,17.210,14.536,1550,1467,1367,1307,1375,1097,0,0,0,0,0,0
6.2624,1,1,,1706,1691,1636,1746,1826,1835,38.681,41.283,50.343,32.143,17.715,11.826,1550,1467,1367,1307,1375,1097,0,0,0,0,0,0
6.2984,1,1,,1725,1687,1645,1755,1824,1820,35.563,41.929,48.823,30.607,18.004,13.731,1550,1467,1367,1307,1375,1097,0,0,0,0,0,0
6.3304,1,1,,1716,1697,1664,1737,1827,1827,37.118,40.300,45.705,33.591,17.674,12.915,1550,1467,1367,1307,1375,1097,0,0,0,0,0,0
6.3744,1,1,,1696,1683,1659,1729,1849,1813,40.408,42.488,46.503,34.914,15.103,14.716,1550,1467,1367,1307,1375,1096,0,0,0,0,0,0
6.4064,1,1,,1691,1675,1653,1735,1850,1803,41.290,43.794,47.577,33.886,14.220,15.990,1550,1467,1367,1307,1375,1097,0,0,0,0,0,0
6.4304,1,1,,1698,1674,1647,1739,1850,1802,39.996,44.018,48.544,33.341,14.965,16.152,1550,1467,1367,1307,1375,1096,0,0,0,0,0,0
6.4624,1,1,,1711,1677,1654,1748,1850,1829,37.924,43.465,47.269,31.855,13.107,12.607,1550,1467,1367,1307,1375,1097,0,0,0,0,0,0
6.4944,1,1,,1719,1686,1661,1748,1850,1804,36.641,42.069,46.190,31.832,13.612,15.811,1550,1467,1367,1307,1375,1097,0,0,0,0,0,0
6.5304,1,1,,1706,1672,1619,1735,1850,1767,38.736,44.335,53.119,33.922,9.780,20.584,1550,1467,1367,1307,1375,1096,0,0,0,0,0,0
6.5624,1,1,,1733,1723,1707,1776,1838,1818,34.295,35.856,38.497,27.147,16.338,14.072,1550,1467,1367,1307,1375,1096,0,0,0,0,0,0
6.5944,1,1,,1726,1733,1730,1808,1850,1725,35.468,34.341,34.718,21.791,12.512,25.987,1550,1467,1367,1307,1375,1097,0,0,0,0,0,0
6.6304,1,1,,1767,1757,1740,1835,1850,1677,28.704,30.287,33.043,17.462,13.002,32.056,1550,1467,1367,1307,1375,1097,0,0,0,0,0,0
6.6624,1,1,,1756,1741,1716,1819,1850,1626,30.519,33.025,37.163,19.981,13.869,38.671,1550,1467,1367,1307,1375,1097,0,0,0,0,0,0
6.6944,1,1,,1766,1739,1725,1803,1848,1625,28.888,33.232,35.594,22.655,15.155,38.789,1550,1467,1367,1307,1375,1097,0,0,0,0,0,0
6.7304,1,1,,1741,1711,1713,1764,1776,1645,32.912,37.832,37.593,29.161,23.595,36.154,1550,1467,1367,1307,1375,1097,0,0,0,0,0,0
6.7624,1,1,,1737,1736,1712,1742,1753,1545,33.677,33.727,37.672,32.774,26.206,48.981,1550,1467,1367,1307,1375,1097,0,0,0,0,0,0
6.7944,1,1,,1765,1762,1720,1708,1726,1530,29.056,29.434,36.356,38.347,29.384,50.954,1550,1467,1367,1307,1375,1097,0,0,0,0,0,0
6.8304,1,1,,1761,1775,1734,1728,1675,1710,29.649,27.261,34.036,35.055,35.273,27.869,1550,1467,1367,1307,1375,1097,0,0,0,0,0,0
6.8624,1,1,,1752,1802,1721,1793,1714,1506,31.170,22.921,36.183,24.304,30.787,54.045,1550,1467,1367,1307,1375,1096,0,0,0,0,0,0
6.8944,1,0,handedness unsure,1770,1779,1702,1752,1850,1668,28.097,26.631,39.410,31.131,10.541,33.294,1550,1467,1367,1307,1375,1097,0,0,0,0,0,0
6.9304,1,0,handedness unsure,1748,1741,1709,1773,1736,1801,31.848,32.894,38.170,27.676,28.234,16.202,1550,1467,1367,1307,1375,1097,0,0,0,0,0,0
6.9624,1,1,,1778,1729,1705,1815,1787,1580,26.870,34.875,38.853,20.699,22.291,44.517,1550,1467,1367,1307,1375,1097,0,0,0,0,0,0
6.9944,1,1,,1779,1712,1703,1799,1782,1595,26.589,37.752,39.216,23.417,22.908,42.619,1550,1467,1367,1307,1375,1097,0,0,0,0,0,0
7.0304,1,1,,1807,1700,1679,1785,1814,1678,21.995,39.756,43.171,25.752,19.171,31.936,1550,1467,1367,1307,1375,1097,0,0,0,0,0,0
7.0624,1,1,,1750,1767,1722,1799,1782,1577,31.537,28.626,36.115,23.326,22.846,44.994,1550,1467,1367,1307,1375,1097,0,0,0,0,0,0
7.0944,1,0,handedness unsure,1764,1850,1768,1782,1782,1828,29.137,7.938,28.402,26.108,22.861,12.695,1550,1467,1367,1307,1375,1097,0,0,0,0,0,0
7.1304,1,0,hand looks flipped,1612,1564,1543,1500,1724,1850,54.336,62.161,65.759,72.772,29.659,-27.341,1550,1467,1367,1307,1375,1097,0,0,0,0,0,0
7.1624,1,1,,1816,1654,1617,1712,1809,1731,20.562,47.361,53.398,37.753,19.710,25.249,1550,1467,1367,1307,1375,1097,0,0,0,0,0,0
7.1944,1,1,,1787,1678,1652,1766,1850,1748,25.376,43.443,47.733,28.837,14.937,23.011,1550,1467,1367,1307,1375,1097,0,0,0,0,0,0
7.2304,1,1,,1779,1687,1657,1757,1824,1721,26.702,41.951,46.784,30.364,17.997,26.532,1550,1467,1367,1307,1375,1097,0,0,0,0,0,0
7.2624,1,1,,1784,1687,1662,1767,1839,1729,25.829,41.952,45.983,28.594,16.224,25.439,1550,1467,1367,1307,1375,1097,0,0,0,0,0,0
7.2944,1,1,,1780,1665,1656,1767,1848,1737,26.451,45.595,47.047,28.646,15.157,24.485,1550,1467,1367,1307,1375,1097,0,0,0,0,0,0
7.3304,1,1,,1775,1683,1673,1734,1815,1741,27.271,42.480,44.144,34.185,19.067,23.871,1550,1467,1367,1307,1375,1097,0,0,0,0,0,0
7.3624,1,1,,1780,1689,1679,1735,1829,1763,26.523,41.613,43.237,33.896,17.333,21.034,1550,1467,1367,1307,1375,1097,0,0,0,0,0,0
7.3944,1,1,,1776,1673,1661,1731,1820,1743,27.186,44.236,46.171,34.587,18.380,23.704,1550,1467,1367,1307,1375,1096,0,0,0,0,0,0
7.4304,1,1,,1775,1674,1659,1742,1816,1735,27.286,44.028,46.564,32.824,18.915,24.666,1550,1467,1367,1307,1375,1097,0,0,0,0,0,0
7.4744,1,1,,1762,1666,1647,1725,1808,1751,29.398,45.324,48.579,35.632,19.852,22.587,1550,1467,1367,1307,1375,1097,0,0,0,0,0,0
7.4944,1,1,,1770,1678,1668,1727,1808,1750,28.158,43.322,45.041,35.221,19.836,22.745,1550,1467,1367,1307,1375,1097,0,0,0,0,0,0
7.5424,1,1,,1779,1678,1631,1714,1838,1731,26.596,43.371,51.137,37.347,16.310,25.169,1550,1467,1367,1307,1375,1097,0,0,0,0,0,0
7.5624,1,1,,1763,1674,1645,1744,1843,1742,29.269,44.080,48.880,32.450,15.794,23.801,1550,1467,1367,1307,1375,1096,0,0,0,0,0,0
7.5944,1,1,,1758,1690,1659,1747,1820,1695,30.079,41.465,46.467,31.976,18.432,29.842,1550,1467,1367,1307,1375,1096,0,0,0,0,0,0
7.6304,1,1,,1789,1725,1701,1778,1835,1708,25.043,35.546,39.559,26.825,16.639,28.094,1550,1467,1367,1307,1375,1097,0,0,0,0,0,0
7.6624,1,1,,1786,1763,1753,1811,1801,1676,25.487,29.270,30.897,21.329,20.642,32.228,1550,1467,1367,1307,1375,1097,0,0,0,0,0,0
7.6944,1,1,,1741,1740,1671,1736,1850,1509,32.914,33.147,44.550,33.801,9.932,53.612,1550,1467,1367,1307,1375,1097,0,0,0,0,0,0
7.7304,1,1,,1679,1787,1699,1781,1701,1590,43.205,25.357,39.913,26.290,32.307,43.311,1550,1467,1367,1307,1375,1097,0,0,0,0,0,0
7.7624,1,1,,1728,1772,1700,1787,1738,1619,35.079,27.774,39.708,25.305,28.027,39.540,1550,1467,1367,1307,1375,1097,0,0,0,0,0,0
7.7984,1,1,,1751,1747,1712,1773,1719,1607,31.255,32.029,37.679,27.592,30.249,41.088,1550,1467,1367,1307,1375,1097,0,0,0,0,0,0
7.8304,1,1,,1768,1700,1665,1713,1723,1581,28.450,39.813,45.479,37.539,29.682,44.425,1550,1467,1367,1307,1375,1097,0,0,0,0,0,0
7.8624,1,1,,1750,1637,1622,1659,1744,1537,31.506,50.098,52.687,46.522,27.248,50.086,1550,1467,1367,1307,1375,1097,0,0,0,0,0,0
7.8944,1,1,,1643,1600,1552,1594,1735,1498,49.121,56.310,64.232,57.272,28.364,55.106,1550,1467,1367,1307,1375,1097,0,0,0,0,0,0
7.9304,1,1,,1607,1547,1494,1580,1804,1474,55.193,65.018,73.872,59.554,20.311,58.158,1550,1467,1367,1307,1375,1097,0,0,0,0,0,0
7.9624,1,1,,1589,1541,1485,1584,1808,1522,58.117,65.971,75.351,58.988,19.873,52.027,1550,1467,1367,1307,1375,1097,0,0,0,0,0,0
7.9944,1,1,,1593,1539,1491,1573,1778,1529,57.452,66.340,74.320,60.790,23.350,51.054,1550,1467,1367,1307,1375,1096,0,0,0,0,0,0
8.0304,1,1,,1677,1569,1536,1592,1833,1561,43.514,61.334,66.947,57.668,16.922,47.009,1550,1467,1367,1307,1375,1097,0,0,0,0,0,0
8.0624,1,1,,1746,1623,1601,1628,1832,1566,32.134,52.459,56.134,51.681,17.021,46.294,1550,1467,1367,1307,1375,1097,0,0,0,0,0,0
8.0944,1,1,,1754,1694,1656,1680,1836,1605,30.865,40.711,47.006,42.962,16.605,41.337,1550,1467,1367,1307,1375,1097,0,0,0,0,0,0
8.1304,1,1,,1772,1700,1679,1705,1850,1609,27.841,39.740,43.160,38.949,14.113,40.796,1550,1467,1367,1307,1375,1096,0,0,0,0,0,0
8.1624,1,1,,1777,1704,1692,1723,1842,1608,27.031,39.151,40.976,35.922,15.865,40.962,1550,1467,1367,1307,1375,1097,0,0,0,0,0,0
8.1984,1,1,,1779,1703,1689,1720,1839,1665,26.639,39.288,41.629,36.428,16.232,33.700,1550,1467,1367,1307,1375,1097,0,0,0,0,0,0
8.2304,1,1,,1777,1708,1675,1745,1850,1650,26.980,38.447,43.946,32.325,13.330,35.573,1550,1467,1367,1307,1375,1097,0,0,0,0,0,0
8.2625,1,1,,1792,1735,1695,1747,1788,1662,24.513,33.975,40.604,31.946,22.143,34.060,1550,1467,1367,1307,1375,1097,0,0,0,0,0,0
8.2944,1,1,,1785,1763,1729,1743,1785,1605,25.692,29.308,34.866,32.627,22.534,41.401,1550,1467,1367,1307,1375,1097,0,0,0,0,0,0
8.3304,1,1,,1762,1804,1777,1804,1788,1514,29.549,22.517,27.054,22.554,22.192,53.006,1550,1467,1367,1307,1375,1097,0,0,0,0,0,0
8.3624,1,1,,1785,1769,1757,1811,1805,1572,25.600,28.325,30.252,21.322,20.141,45.534,1550,1467,1367,1307,1375,1097,0,0,0,0,0,0
8.4304,1,1,,1821,1759,1707,1785,1807,1691,19.688,29.983,38.609,25.692,19.903,30.303,1550,1467,1367,1307,1375,1096,0,0,0,0,0,0
8.4584,1,0,hand looks flipped,1846,1849,1654,1800,1776,1850,15.544,15.128,47.420,23.229,23.565,-22.399,1550,1467,1367,1307,1375,1097,0,0,0,0,0,0
8.4864,1,0,hand looks flipped,1850,1782,1659,1720,1712,1850,13.299,26.199,46.592,36.380,31.011,-69.911,1550,1467,1367,1307,1375,1097,0,0,0,0,0,0
8.5144,1,0,hand looks flipped,1698,1798,1654,1646,1751,1850,40.021,23.465,47.291,48.646,26.513,-74.658,1550,1467,1367,1307,1375,1097,0,0,0,0,0,0
8.5424,1,0,hand looks flipped,1667,1785,1674,1656,1811,1850,45.235,25.625,44.009,47.093,19.510,-63.976,1550,1467,1367,1307,1375,1097,0,0,0,0,0,0
8.5664,1,0,hand looks flipped,1705,1797,1700,1662,1803,1850,38.939,23.721,39.731,45.968,20.361,-61.306,1550,1467,1367,1307,1375,1097,0,0,0,0,0,0
8.5944,1,0,hand looks flipped,1679,1711,1643,1650,1822,1850,43.128,37.959,49.205,47.974,18.233,-68.333,1550,1467,1367,1307,1375,1096,0,0,0,0,0,0
8.6304,1,0,hand looks flipped,1817,1771,1679,1670,1623,1850,20.415,28.041,43.194,44.651,41.338,-57.833,1550,1467,1367,1307,1375,1097,0,0,0,0,0,0
8.6624,1,0,hand looks flipped,1779,1685,1627,1560,1807,1850,26.664,42.210,51.868,62.971,19.976,-59.789,1550,1467,1367,1307,1375,1097,0,0,0,0,0,0
8.6944,1,0,hand looks flipped,1730,1701,1677,1592,1746,1850,34.794,39.544,43.465,57.617,27.029,-60.549,1550,1467,1367,1307,1375,1097,0,0,0,0,0,0
8.7304,1,0,hand looks flipped,1666,1663,1686,1615,1696,1850,45.283,45.873,42.074,53.810,32.877,-36.476,1550,1467,1367,1307,1375,1097,0,0,0,0,0,0
8.7624,1,0,hand looks flipped,1674,1653,1641,1573,1750,1850,44.068,47.495,49.542,60.690,26.562,-37.957,1550,1467,1367,1307,1375,1097,0,0,0,0,0,0
8.7944,1,0,hand looks flipped,1680,1613,1646,1560,1781,1850,42.986,54.082,48.638,62.840,22.988,-48.954,1550,1467,1367,1307,1375,1097,0,0,0,0,0,0
8.8304,1,0,hand looks flipped,1682,1618,1646,1564,1758,1850,42.730,53.268,48.619,62.225,25.599,-51.195,1550,1467,1367,1307,1375,1097,0,0,0,0,0,0
8.8624,1,0,hand looks flipped,1697,1679,1645,1598,1715,1850,40.223,43.278,48.798,56.668,30.695,-48.295,1550,1467,1367,1307,1375,1097,0,0,0,0,0,0
8.8944,1,0,hand looks flipped,1727,1672,1647,1579,1714,1850,35.295,44.425,48.511,59.829,30.779,-65.111,1550,1467,1367,1307,1375,1096,0,0,0,0,0,0
8.9304,1,0,hand looks flipped,1715,1612,1620,1534,1841,1850,37.311,54.216,52.994,67.146,16.032,-67.929,1550,1467,1367,1307,1375,1097,0,0,0,0,0,0
8.9624,1,0,hand looks flipped,1678,1559,1576,1486,1850,1850,43.366,63.002,60.168,75.102,14.244,-81.616,1550,1467,1367,1307,1375,1097,0,0,0,0,0,0
8.9944,1,0,hand looks flipped,1525,1533,1545,1508,1672,1850,68.693,67.413,65.366,71.431,35.675,-41.005,1550,1467,1367,1307,1375,1097,0,0,0,0,0,0
9.0304,1,1,,1799,1784,1699,1762,1816,1356,23.303,25.800,39.891,29.527,18.955,73.274,1550,1467,1367,1307,1375,1097,0,0,0,0,0,0
9.0624,1,1,,1766,1720,1661,1730,1797,1357,28.795,36.386,46.243,34.802,21.073,73.142,1550,1467,1367,1307,1375,1097,0,0,0,0,0,0
9.0944,1,1,,1738,1712,1660,1700,1774,1396,33.525,37.688,46.272,39.728,23.816,68.099,1550,1467,1367,1307,1375,1097,0,0,0,0,0,0
9.1304,1,1,,1740,1703,1652,1675,1756,1403,33.149,39.244,47.728,43.945,25.902,67.249,1550,1467,1367,1307,1375,1097,0,0,0,0,0,0
9.1624,1,1,,1733,1685,1628,1653,1756,1403,34.354,42.277,51.600,47.562,25.843,67.183,1550,1467,1367,1307,1375,1097,0,0,0,0,0,0
9.1944,1,1,,1751,1679,1623,1668,1791,1403,31.289,43.259,52.450,44.969,21.858,67.207,1550,1467,1367,1307,1375,1097,0,0,0,0,0,0
9.2304,1,1,,1762,1694,1629,1696,1779,1421,29.443,40.687,51.525,40.408,23.169,64.993,1550,1467,1367,1307,1375,1097,0,0,0,0,0,0
9.2624,1,1,,1731,1675,1630,1697,1788,1447,34.611,43.824,51.303,40.310,22.209,61.651,1550,1467,1367,1307,1375,1097,0,0,0,0,0,0
9.2944,1,1,,1731,1669,1639,1664,1814,1458,34.565,44.872,49.893,45.699,19.182,60.132,1550,1467,1367,1307,1375,1097,0,0,0,0,0,0
9.3304,1,1,,1743,1673,1636,1674,1808,1471,32.609,44.282,50.329,44.030,19.840,58.471,1550,1467,1367,1307,1375,1097,0,0,0,0,0,0
9.3744,1,1,,1727,1638,1611,1673,1808,1570,35.199,50.016,54.399,44.161,19.782,45.785,1550,1467,1367,1307,1375,1097,0,0,0,0,0,0
9.3944,1,1,,1730,1634,1609,1679,1829,1613,34.796,50.614,54.829,43.261,17.435,40.310,1550,1467,1367,1307,1375,1096,0,0,0,0,0,0
9.4304,1,1,,1749,1637,1607,1674,1831,1631,31.548,50.219,55.147,44.009,17.111,38.015,1550,1467,1367,1307,1375,1097,0,0,0,0,0,0
9.4624,1,1,,1758,1642,1625,1681,1826,1665,30.186,49.272,52.131,42.852,17.782,33.670,1550,1467,1367,1307,1375,1097,0,0,0,0,0,0
9.4944,1,1,,1767,1650,1640,1697,1799,1698,28.702,47.955,49.621,40.204,20.864,29.461,1550,1467,1367,1307,1375,1097,0,0,0,0,0,0
9.5304,1,1,,1757,1646,1632,1695,1787,1740,30.245,48.678,50.998,40.536,22.332,24.060,1550,1467,1367,1307,1375,1097,0,0,0,0,0,0
9.5624,1,1,,1761,1661,1636,1697,1767,1752,29.709,46.206,50.391,40.210,24.611,22.454,1550,1467,1367,1307,1375,1096,0,0,0,0,0,0
9.5944,1,1,,1758,1661,1632,1698,1784,1734,30.220,46.169,51.028,40.131,22.659,24.776,1550,1467,1367,1307,1375,1097,0,0,0,0,0,0
9.6304,1,1,,1761,1667,1635,1695,1800,1732,29.717,45.266,50.506,40.550,20.774,25.003,1550,1467,1367,1307,1375,1097,0,0,0,0,0,0
9.6624,1,1,,1747,1665,1645,1704,1795,1756,32.010,45.458,48.794,39.056,21.394,21.955,1550,1467,1367,1307,1375,1097,0,0,0,0,0,0
9.6944,1,1,,1739,1650,1630,1708,1798,1789,33.244,48.065,51.281,38.462,21.042,17.735,1550,1467,1367,1307,1375,1097,0,0,0,0,0,0
9.7304,1,1,,1740,1642,1629,1700,1808,1786,33.189,49.292,51.501,39.776,19.878,18.200,1550,1467,1367,1307,1375,1097,0,0,0,0,0,0
9.7624,1,1,,1747,1636,1619,1706,1808,1798,31.876,50.392,53.130,38.697,19.820,16.554,1550,1467,1367,1307,1375,1097,0,0,0,0,0,0
9.7984,1,1,,1756,1638,1623,1701,1811,1802,30.460,49.972,52.512,39.632,19.507,16.103,1550,1467,1367,1307,1375,1097,0,0,0,0,0,0
9.8424,1,1,,1748,1640,1624,1703,1811,1796,31.729,49.676,52.309,39.197,19.470,16.825,1550,1467,1367,1307,1375,1097,0,0,0,0,0,0
9.8624,1,1,,1751,1642,1637,1714,1797,1794,31.360,49.258,50.215,37.474,21.140,17.169,1550,1467,1367,1307,1375,1097,0,0,0,0,0,0
9.8944,1,1,,1746,1647,1642,1714,1785,1786,32.103,48.435,49.342,37.459,22.551,18.084,1550,1467,1367,1307,1375,1097,0,0,0,0,0,0
9.9424,1,1,,1735,1656,1647,1716,1790,1756,33.877,46.984,48.452,37.007,21.907,21.944,1550,1467,1367,1307,1375,1097,0,0,0,0,0,0
9.9624,1,1,,1737,1663,1645,1704,1796,1738,33.580,45.892,48.796,38.996,21.252,24.258,1550,1467,1367,1307,1375,1097,0,0,0,0,0,0
9.9944,1,1,,1752,1669,1646,1718,1787,1740,31.204,44.922,48.632,36.678,22.312,23.988,1550,1467,1367,1307,1375,1097,0,0,0,0,0,0
10.0304,1,1,,1761,1672,1641,1709,1796,1741,29.654,44.429,49.569,38.248,21.244,23.950,1550,1467,1367,1307,1375,1097,0,0,0,0,0,0
10.0624,1,1,,1769,1685,1646,1710,1806,1762,28.320,42.278,48.654,38.007,20.108,21.239,1550,1467,1367,1307,1375,1097,0,0,0,0,0,0
10.0944,1,1,,1771,1691,1656,1719,1809,1741,27.955,41.204,46.954,36.592,19.766,23.966,1550,1467,1367,1307,1375,1096,0,0,0,0,0,0
10.1304,1,1,,1763,1690,1655,1716,1806,1740,29.303,41.424,47.156,37.112,20.062,24.038,1550,1467,1367,1307,1375,1097,0,0,0,0,0,0
10.1624,1,1,,1781,1693,1650,1714,1810,1721,26.306,40.955,48.083,37.473,19.653,26.452,1550,1467,1367,1307,1375,1097,0,0,0,0,0,0
10.1944,1,1,,1777,1669,1638,1716,1824,1727,26.982,44.921,49.928,37.008,18.022,25.751,1550,1467,1367,1307,1375,1096,0,0,0,0,0,0
10.2304,1,1,,1740,1662,1616,1704,1834,1705,33.115,46.010,53.556,39.144,16.790,28.463,1550,1467,1367,1307,1375,1097,0,0,0,0,0,0
10.2624,1,1,,1758,1633,1590,1681,1849,1721,30.120,50.886,57.928,42.892,15.010,26.487,1550,1467,1367,1307,1375,1097,0,0,0,0,0,0
10.2944,1,1,,1759,1655,1601,1650,1783,1635,29.996,47.193,56.102,48.002,22.767,37.556,1550,1467,1367,1307,1375,1097,0,0,0,0,0,0
10.3304,1,1,,1739,1629,1574,1635,1775,1584,33.278,51.415,60.587,50.489,23.706,43.978,1550,1467,1367,1307,1375,1097,0,0,0,0,0,0
10.3624,1,1,,1763,1634,1609,1693,1815,1560,29.380,50.717,54.762,40.858,19.004,47.075,1550,1467,1367,1307,1375,1097,0,0,0,0,0,0
10.3944,1,1,,1785,1699,1686,1772,1850,1593,25.668,39.949,42.112,27.818,13.307,42.916,1550,1467,1367,1307,1375,1097,0,0,0,0,0,0
10.4304,1,1,,1775,1699,1691,1818,1844,1590,27.281,39.887,41.178,20.151,15.664,43.208,1550,1467,1367,1307,1375,1097,0,0,0,0,0,0
10.4624,1,1,,1780,1723,1704,1801,1834,1580,26.509,35.890,39.060,23.086,16.791,44.607,1550,1467,1367,1307,1375,1097,0,0,0,0,0,0
10.4984,1,1,,1734,1728,1709,1795,1830,1398,34.044,35.123,38.206,23.988,17.256,67.948,1550,1467,1367,1307,1375,1097,0,0,0,0,0,0
10.5304,1,1,,1689,1736,1748,1800,1727,1401,41.542,33.695,31.722,23.185,29.228,67.502,1550,1467,1367,1308,1375,1096,0,0,0,0,0,0
10.5624,1,1,,1664,1688,1708,1773,1736,1416,45.758,41.761,38.458,27.612,28.200,65.571,1550,1467,1367,1307,1375,1097,0,0,0,0,0,0
10.6104,1,1,,1714,1702,1695,1802,1696,1457,37.384,39.465,40.596,22.814,32.865,60.337,1550,1467,1367,1307,1375,1096,0,0,0,0,0,0
10.6304,1,1,,1738,1715,1684,1789,1746,1466,33.481,37.300,42.336,25.076,27.038,59.207,1550,1467,1367,1307,1375,1097,0,0,0,0,0,0
10.6624,1,1,,1733,1722,1685,1810,1797,1502,34.306,36.043,42.145,21.566,21.089,54.554,1550,1467,1367,1307,1375,1097,0,0,0,0,0,0
10.6944,1,1,,1737,1704,1694,1810,1808,1399,33.650,39.093,40.795,21.494,19.842,67.722,1550,1467,1367,1307,1375,1097,0,0,0,0,0,0
10.7304,1,1,,1791,1698,1700,1781,1836,1501,24.745,40.131,39.692,26.368,16.599,54.679,1550,1467,1367,1307,1375,1097,0,0,0,0,0,0
10.7664,1,1,,1752,1659,1633,1757,1820,1516,31.109,46.570,50.781,30.294,18.380,52.708,1550,1467,1367,1307,1375,1097,0,0,0,0,0,0
10.7944,1,1,,1762,1680,1633,1755,1798,1570,29.555,43.064,50.857,30.589,21.037,45.770,1550,1467,1367,1307,1375,1097,0,0,0,0,0,0
10.8304,1,1,,1727,1661,1629,1712,1721,1480,35.214,46.111,51.554,37.719,29.905,57.375,1550,1467,1367,1307,1375,1097,0,0,0,0,0,0
10.8624,1,1,,1745,1656,1609,1713,1821,1499,32.265,47.070,54.831,37.606,18.266,54.992,1550,1467,1367,1307,1375,1097,0,0,0,0,0,0
10.8944,1,1,,1736,1653,1605,1680,1811,1512,33.747,47.537,55.482,42.976,19.476,53.241,1550,1467,1367,1307,1375,1096,0,0,0,0,0,0
10.9304,1,1,,1697,1646,1621,1700,1817,1548,40.226,48.610,52.809,39.774,18.748,48.658,1550,1467,1367,1307,1375,1097,0,0,0,0,0,0
10.9624,1,1,,1717,1643,1626,1717,1829,1568,36.946,49.160,52.016,36.924,17.425,46.052,1550,1467,1367,1307,1375,1097,0,0,0,0,0,0
10.9944,1,1,,1721,1644,1628,1708,1812,1565,36.297,49.043,51.644,38.363,19.387,46.415,1550,1467,1367,1307,1375,1096,0,0,0,0,0,0
11.0304,1,1,,1739,1660,1637,1723,1842,1603,33.355,46.416,50.081,35.991,15.908,41.570,1550,1467,1367,1307,1375,1096,0,0,0,0,0,0
11.0744,1,1,,1751,1664,1640,1718,1850,1632,31.312,45.707,49.635,36.742,14.427,37.845,1550,1467,1367,1307,1375,1097,0,0,0,0,0,0
11.0944,1,1,,1747,1660,1631,1705,1839,1572,31.976,46.352,51.125,38.901,16.218,45.626,1550,1467,1367,1307,1375,1097,0,0,0,0,0,0
11.1304,1,1,,1743,1631,1602,1704,1816,1633,32.661,51.091,55.873,39.130,18.898,37.716,1550,1467,1367,1307,1375,1096,0,0,0,0,0,0
11.1624,1,1,,1750,1645,1622,1707,1821,1639,31.502,48.812,52.619,38.625,18.325,36.941,1550,1467,1367,1307,1375,1096,0,0,0,0,0,0
11.1944,1,1,,1747,1646,1638,1731,1823,1701,31.938,48.603,50.019,34.636,18.036,29.031,1550,1467,1367,1307,1375,1097,0,0,0,0,0,0
11.2304,1,1,,1749,1643,1632,1707,1820,1706,31.610,49.131,50.969,38.545,18.449,28.417,1550,1467,1367,1307,1375,1097,0,0,0,0,0,0
11.2624,1,1,,1754,1625,1603,1692,1840,1739,30.837,52.180,55.846,41.096,16.146,24.185,1550,1467,1367,1307,1375,1097,0,0,0,0,0,0
11.2944,1,1,,1734,1581,1549,1667,1850,1707,34.153,59.381,64.651,45.256,14.479,28.248,1550,1467,1367,1307,1375,1097,0,0,0,0,0,0
11.3304,1,1,,1735,1638,1584,1677,1833,1774,33.906,50.049,58.854,43.509,16.907,19.675,1550,1467,1367,1307,1375,1097,0,0,0,0,0,0
11.3624,1,0,handedness unsure,1689,1752,1719,1708,1709,1850,41.495,31.187,36.662,38.351,31.410,3.489,1550,1467,1367,1307,1375,1097,0,0,0,0,0,0
11.3944,1,0,hand looks flipped,1548,1518,1559,1505,1653,1850,64.846,69.915,63.025,72.053,37.833,-38.670,1550,1467,1367,1307,1375,1097,0,0,0,0,0,0
11.4304,0,0,,,,,,,,,,,,,,1550,1467,1367,1307,1375,1097,0,0,0,0,0,0
11.4624,0,0,,,,,,,,,,,,,,1550,1467,1367,1307,1375,1097,0,0,0,0,0,0
11.4965,0,0,,,,,,,,,,,,,,1550,1467,1367,1307,1375,1097,0,0,0,0,0,0
11.5325,0,0,,,,,,,,,,,,,,1550,1467,1367,1307,1375,1097,0,0,0,0,0,0
11.5645,0,0,,,,,,,,,,,,,,1550,1467,1367,1307,1375,1097,0,0,0,0,0,0
11.6165,0,0,,,,,,,,,,,,,,1550,1467,1367,1307,1375,1097,0,0,0,0,0,0
11.6325,0,0,,,,,,,,,,,,,,1550,1467,1367,1307,1375,1097,0,0,0,0,0,0
11.6645,0,0,,,,,,,,,,,,,,1550,1467,1367,1307,1375,1097,0,0,0,0,0,0
11.7025,0,0,,,,,,,,,,,,,,1550,1467,1367,1307,1375,1097,0,0,0,0,0,0
11.7325,0,0,,,,,,,,,,,,,,1550,1467,1367,1307,1375,1097,0,0,0,0,0,0
11.7645,0,0,,,,,,,,,,,,,,1550,1467,1367,1307,1375,1097,0,0,0,0,0,0
11.8045,0,0,,,,,,,,,,,,,,1550,1467,1367,1307,1375,1097,0,0,0,0,0,0
11.8325,0,0,,,,,,,,,,,,,,1550,1467,1367,1307,1375,1096,0,0,0,0,0,0
11.8645,1,0,hand looks flipped,1670,1678,1654,1680,1752,1850,44.673,43.319,47.424,43.011,26.397,-111.060,1550,1467,1367,1307,1375,1097,0,0,0,0,0,0
11.9045,1,1,,1850,1683,1532,1686,1746,1550,10.143,42.579,67.512,41.979,27.070,48.432,1550,1467,1367,1307,1375,1097,0,0,0,0,0,0
11.9304,1,1,,1850,1698,1600,1652,1761,1538,14.848,40.023,56.200,47.688,25.352,49.937,1550,1467,1367,1307,1375,1097,0,0,0,0,0,0
11.9624,1,1,,1773,1665,1573,1642,1770,1607,27.644,45.533,60.711,49.301,24.220,41.123,1550,1467,1367,1307,1375,1097,0,0,0,0,0,0
11.9944,1,1,,1679,1585,1539,1592,1829,1386,43.144,58.809,66.362,57.610,17.353,69.400,1550,1467,1367,1307,1375,1097,0,0,0,0,0,0
12.0304,1,1,,1739,1626,1582,1611,1841,1404,33.213,51.965,59.309,54.409,15.974,67.152,1550,1467,1367,1307,1375,1097,0,0,0,0,0,0
12.0624,1,1,,1730,1624,1602,1629,1804,1402,34.690,52.232,55.951,51.399,20.242,67.372,1550,1467,1367,1307,1375,1097,0,0,0,0,0,0
12.0944,1,1,,1741,1640,1609,1645,1825,1390,32.997,49.622,54.785,48.753,17.879,68.905,1550,1467,1367,1307,1375,1096,0,0,0,0,0,0
12.1304,1,1,,1736,1628,1595,1650,1826,1388,33.805,51.580,57.181,48.008,17.723,69.199,1550,1467,1367,1307,1375,1097,0,0,0,0,0,0
12.1644,1,1,,1739,1637,1596,1675,1836,1400,33.220,50.130,57.021,43.855,16.591,67.608,1550,1467,1367,1307,1375,1097,0,0,0,0,0,0
12.1964,1,1,,1747,1635,1596,1668,1834,1414,32.009,50.487,57.000,45.042,16.821,65.872,1550,1467,1367,1307,1375,1097,0,0,0,0,0,0
12.2304,1,1,,1743,1644,1599,1664,1838,1403,32.660,48.998,56.473,45.697,16.298,67.262,1550,1467,1367,1307,1375,1096,0,0,0,0,0,0
12.2624,1,1,,1746,1644,1605,1672,1838,1398,32.067,48.965,55.399,44.367,16.314,67.835,1550,1467,1367,1307,1375,1096,0,0,0,0,0,0
12.2944,1,1,,1751,1647,1617,1668,1831,1377,31.288,48.481,53.490,44.977,17.208,70.554,1550,1467,1367,1307,1375,1097,0,0,0,0,0,0
12.3304,1,1,,1748,1646,1614,1664,1821,1377,31.866,48.622,53.925,45.618,18.294,70.552,1550,1467,1367,1307,1375,1097,0,0,0,0,0,0
12.3624,1,1,,1742,1647,1606,1658,1832,1399,32.788,48.577,55.281,46.761,16.998,67.818,1550,1467,1367,1307,1375,1097,0,0,0,0,0,0
12.3944,1,1,,1724,1599,1562,1652,1778,1405,35.692,56.427,62.574,47.751,23.286,67.017,1550,1467,1367,1307,1375,1097,0,0,0,0,0,0
12.4304,1,1,,1659,1576,1544,1636,1764,1452,46.575,60.248,65.554,50.317,24.917,60.959,1550,1467,1367,1307,1375,1097,0,0,0,0,0,0
12.4624,1,1,,1637,1559,1496,1602,1784,1443,50.168,63.048,73.450,55.962,22.605,62.164,1550,1467,1367,1307,1375,1097,0,0,0,0,0,0
12.4944,1,1,,1651,1547,1499,1603,1748,1448,47.914,65.085,72.941,55.778,26.856,61.442,1550,1467,1367,1307,1375,1097,0,0,0,0,0,0
12.5424,1,1,,1608,1605,1516,1621,1817,1541,54.965,55.387,70.154,52.812,18.835,49.615,1550,1467,1367,1307,1375,1097,0,0,0,0,0,0
12.5624,1,1,,1628,1603,1521,1611,1808,1527,51.588,55.834,69.419,54.446,19.804,51.320,1550,1467,1367,1307,1375,1097,0,0,0,0,0,0
12.5944,1,1,,1621,1617,1537,1610,1795,1561,52.726,53.471,66.618,54.653,21.362,47.026,1550,1467,1367,1307,1375,1097,0,0,0,0,0,0
12.6304,1,1,,1639,1626,1524,1608,1810,1664,49.760,52.008,68.857,54.991,19.589,33.779,1550,1467,1367,1307,1375,1097,0,0,0,0,0,0
12.6744,1,1,,1686,1660,1589,1669,1850,1609,42.129,46.307,58.068,44.915,11.899,40.889,1550,1467,1367,1307,1375,1096,0,0,0,0,0,0
12.6944,1,1,,1655,1679,1583,1608,1850,1643,47.224,43.219,59.080,54.972,12.442,36.463,1550,1467,1367,1307,1375,1096,0,0,0,0,0,0
12.7304,1,1,,1648,1694,1614,1673,1850,1427,48.388,40.782,53.996,44.245,8.879,64.202,1550,1467,1367,1307,1375,1096,0,0,0,0,0,0
12.7644,1,1,,1617,1722,1614,1643,1782,1411,53.473,36.108,54.037,49.179,22.900,66.218,1550,1467,1367,1307,1375,1096,0,0,0,0,0,0
12.7984,1,1,,1631,1745,1596,1639,1777,1328,51.082,32.284,56.888,49.817,23.490,76.915,1550,1467,1367,1307,1375,1097,0,0,0,0,0,0
12.8304,1,1,,1606,1737,1591,1629,1739,1323,55.230,33.587,57.770,51.440,27.853,77.463,1550,1467,1367,1307,1375,1097,0,0,0,0,0,0
12.8624,1,1,,1608,1737,1609,1636,1742,1450,54.907,33.620,54.834,50.256,27.472,61.156,1550,1467,1367,1307,1375,1097,0,0,0,0,0,0
12.8944,1,1,,1671,1686,1572,1627,1826,1633,44.567,42.022,60.947,51.758,17.686,37.749,1550,1467,1367,1307,1375,1096,0,0,0,0,0,0
12.9304,1,1,,1710,1694,1589,1624,1785,1650,38.061,40.798,58.040,52.371,22.452,35.576,1550,1467,1367,1307,1375,1097,0,0,0,0,0,0
12.9624,1,1,,1717,1650,1579,1634,1817,1625,36.957,48.081,59.771,50.641,18.758,38.821,1550,1467,1367,1307,1375,1097,0,0,0,0,0,0
12.9944,1,1,,1741,1648,1557,1637,1843,1717,33.008,48.382,63.437,50.187,15.775,26.972,1550,1467,1367,1307,1375,1096,0,0,0,0,0,0
13.0424,1,1,,1774,1620,1538,1621,1850,1701,27.462,53.009,66.583,52.860,12.355,29.100,1550,1467,1367,1307,1375,1097,0,0,0,0,0,0
13.0624,1,1,,1753,1609,1544,1623,1850,1728,30.959,54.864,65.605,52.541,8.650,25.579,1550,1467,1367,1307,1375,1097,0,0,0,0,0,0
13.0944,1,1,,1764,1631,1559,1634,1850,1753,29.108,51.134,63.125,50.655,9.752,22.420,1550,1467,1367,1307,1375,1097,0,0,0,0,0,0
13.1304,1,1,,1750,1625,1559,1632,1850,1810,31.515,52.070,63.004,51.007,14.262,15.032,1550,1467,1367,1307,1375,1097,0,0,0,0,0,0
13.1624,1,1,,1741,1605,1570,1610,1828,1747,32.956,55.407,61.313,54.660,17.529,23.115,1550,1467,1367,1307,1375,1097,0,0,0,0,0,0
13.1944,1,1,,1685,1596,1561,1603,1807,1636,42.190,56.932,62.715,55.839,19.955,37.316,1550,1467,1367,1307,1375,1097,0,0,0,0,0,0
13.2304,1,1,,1688,1615,1588,1642,1813,1626,41.777,53.736,58.199,49.267,19.196,38.687,1550,1467,1367,1307,1375,1097,0,0,0,0,0,0
13.2624,1,1,,1733,1626,1593,1650,1839,1602,34.289,52.030,57.432,48.022,16.235,41.767,1550,1467,1367,1307,1375,1097,0,0,0,0,0,0
13.2944,1,1,,1731,1633,1593,1663,1810,1631,34.547,50.889,57.356,45.900,19.549,38.049,1550,1467,1367,1307,1375,1096,0,0,0,0,0,0
13.3304,1,1,,1749,1666,1641,1691,1797,1657,31.669,45.391,49.516,41.235,21.102,34.695,1550,1467,1367,1307,1375,1097,0,0,0,0,0,0
13.3624,1,1,,1740,1674,1669,1715,1808,1578,33.039,43.954,44.924,37.207,19.865,44.746,1550,1467,1367,1307,1375,1096,0,0,0,0,0,0
13.3944,1,1,,1740,1674,1674,1708,1786,1567,33.148,43.958,44.025,38.461,22.350,46.248,1550,1467,1367,1307,1375,1097,0,0,0,0,0,0
13.4304,1,1,,1741,1677,1659,1706,1805,1540,32.891,43.600,46.594,38.678,20.236,49.667,1550,1467,1367,1307,1375,1097,0,0,0,0,0,0
13.4624,1,1,,1725,1647,1637,1679,1823,1511,35.527,48.571,50.105,43.201,18.103,53.421,1550,1467,1367,1307,1375,1097,0,0,0,0,0,0
13.4944,1,1,,1729,1653,1635,1663,1816,1505,34.857,47.466,50.531,45.847,18.912,54.190,1550,1467,1367,1307,1375,1097,0,0,0,0,0,0
13.5304,1,1,,1721,1664,1646,1677,1821,1552,36.186,45.668,48.658,43.589,18.364,48.191,1550,1467,1367,1307,1375,1097,0,0,0,0,0,0
13.5624,1,1,,1737,1682,1663,1691,1823,1485,33.582,42.693,45.801,41.238,18.087,56.777,1550,1467,1367,1307,1375,1097,0,0,0,0,0,0
13.6064,1,1,,1727,1652,1643,1698,1820,1489,35.238,47.640,49.169,39.983,18.378,56.222,1550,1467,1367,1307,1375,1097,0,0,0,0,0,0
13.6304,1,1,,1717,1626,1611,1688,1824,1471,36.984,51.975,54.463,41.637,18.025,58.504,1550,1467,1367,1307,1375,1097,0,0,0,0,0,0
13.6624,1,1,,1680,1591,1582,1673,1827,1456,43.119,57.832,59.322,44.184,17.637,60.390,1550,1467,1367,1307,1375,1097,0,0,0,0,0,0
13.6944,1,1,,1664,1568,1509,1645,1790,1548,45.621,61.545,71.301,48.861,21.930,48.621,1550,1467,1367,1307,1375,1097,0,0,0,0,0,0
13.7304,1,1,,1669,1574,1519,1663,1785,1480,44.942,60.502,69.627,45.865,22.481,57.377,1550,1467,1367,1307,1375,1097,0,0,0,0,0,0
13.7744,1,1,,1673,1603,1525,1611,1763,1375,44.170,55.715,68.727,54.528,25.089,70.884,1550,1467,1367,1307,1375,1097,0,0,0,0,0,0
13.7944,1,1,,1639,1615,1557,1644,1732,1380,49.861,53.753,63.336,49.061,28.707,70.216,1550,1467,1367,1307,1375,1097,0,0,0,0,0,0
13.8304,1,1,,1736,1701,1602,1634,1774,1598,33.805,39.501,55.901,50.650,23.753,42.265,1550,1467,1367,1307,1375,1097,0,0,0,0,0,0
13.8624,1,1,,1701,1687,1596,1639,1757,1404,39.629,41.868,57.005,49.770,25.763,67.072,1550,1467,1367,1307,1375,1097,0,0,0,0,0,0
13.9064,1,1,,1638,1749,1646,1706,1773,1308,49.921,31.643,48.593,38.684,23.848,79.445,1550,1467,1367,1307,1375,1097,0,0,0,0,0,0
13.9304,1,1,,1730,1714,1699,1783,1850,1226,34.714,37.486,39.889,26.072,8.774,104.971,1550,1467,1367,1307,1375,1097,0,0,0,0,0,0
13.9624,0,0,,,,,,,,,,,,,,1550,1467,1367,1307,1375,1097,0,0,0,0,0,0
13.9944,0,0,,,,,,,,,,,,,,1550,1467,1367,1307,1375,1097,0,0,0,0,0,0
14.0505,0,0,,,,,,,,,,,,,,1550,1467,1367,1307,1375,1097,0,0,0,0,0,0
14.0665,0,0,,,,,,,,,,,,,,1550,1467,1367,1307,1375,1097,0,0,0,0,0,0
14.0965,0,0,,,,,,,,,,,,,,1550,1467,1367,1307,1375,1097,0,0,0,0,0,0
14.1325,0,0,,,,,,,,,,,,,,1550,1467,1367,1307,1375,1097,0,0,0,0,0,0
14.1645,0,0,,,,,,,,,,,,,,1550,1467,1367,1307,1375,1096,0,0,0,0,0,0
14.2225,0,0,,,,,,,,,,,,,,1550,1467,1367,1307,1375,1097,0,0,0,0,0,0
14.2365,0,0,,,,,,,,,,,,,,1550,1467,1367,1307,1375,1097,0,0,0,0,0,0
14.2645,0,0,,,,,,,,,,,,,,1550,1467,1367,1307,1375,1096,0,0,0,0,0,0
14.2965,0,0,,,,,,,,,,,,,,1550,1467,1367,1307,1375,1097,0,0,0,0,0,0
14.3325,0,0,,,,,,,,,,,,,,1550,1467,1367,1307,1375,1097,0,0,0,0,0,0
14.3645,0,0,,,,,,,,,,,,,,1550,1467,1367,1307,1375,1096,0,0,0,0,0,0
14.3965,0,0,,,,,,,,,,,,,,1550,1467,1367,1307,1375,1097,0,0,0,0,0,0
14.4325,0,0,,,,,,,,,,,,,,1550,1467,1367,1307,1375,1097,0,0,0,0,0,0
14.4645,0,0,,,,,,,,,,,,,,1550,1467,1367,1307,1375,1097,0,0,0,0,0,0
14.4965,0,0,,,,,,,,,,,,,,1550,1467,1367,1307,1375,1097,0,0,0,0,0,0
14.5325,0,0,,,,,,,,,,,,,,1550,1467,1367,1307,1375,1096,0,0,0,0,0,0
14.5645,1,1,,1657,1630,1523,1624,1668,1729,46.905,51.304,68.989,52.354,36.132,25.395,1550,1467,1367,1307,1375,1097,0,0,0,0,0,0
14.6045,0,0,,,,,,,,,,,,,,1550,1467,1367,1307,1375,1097,0,0,0,0,0,0
14.6304,1,1,,1740,1680,1602,1652,1775,1651,33.146,43.101,55.970,47.599,23.669,35.469,1550,1467,1367,1307,1375,1097,0,0,0,0,0,0
14.6845,0,0,,,,,,,,,,,,,,1550,1467,1367,1307,1375,1097,0,0,0,0,0,0
14.6964,1,1,,1635,1640,1560,1613,1817,1631,50.458,49.735,62.870,54.115,18.816,37.950,1550,1467,1367,1307,1375,1097,0,0,0,0,0,0
14.7405,1,1,,1709,1658,1553,1583,1599,1621,38.194,46.622,64.091,59.086,44.121,39.272,1550,1467,1367,1307,1375,1096,0,0,0,0,0,0
14.7624,1,1,,1730,1577,1450,1575,1761,1795,34.733,60.071,81.149,60.360,25.307,16.944,1550,1467,1367,1307,1375,1097,0,0,0,0,0,0
14.7984,1,1,,1741,1621,1577,1633,1814,1753,33.001,52.824,60.032,50.891,19.092,22.422,1550,1467,1367,1307,1375,1097,0,0,0,0,0,0
14.8304,1,1,,1751,1639,1586,1648,1850,1621,31.349,49.846,58.523,48.378,14.761,39.344,1550,1467,1367,1307,1375,1097,0,0,0,0,0,0
14.8624,1,1,,1746,1620,1581,1665,1822,1714,32.093,52.889,59.356,45.587,18.171,27.321,1550,1467,1367,1307,1375,1097,0,0,0,0,0,0
14.8944,1,1,,1741,1650,1650,1688,1790,1652,32.991,47.984,47.967,41.780,21.928,35.271,1550,1467,1367,1307,1375,1097,0,0,0,0,0,0
14.9304,1,1,,1753,1664,1659,1685,1786,1689,30.998,45.739,46.464,42.148,22.379,30.580,1550,1467,1367,1307,1375,1097,0,0,0,0,0,0
14.9624,1,1,,1749,1664,1675,1691,1785,1723,31.557,45.632,43.949,41.298,22.542,26.168,1550,1467,1367,1307,1375,1097,0,0,0,0,0,0
14.9944,1,1,,1748,1668,1671,1692,1790,1723,31.767,44.970,44.594,41.062,21.921,26.282,1550,1467,1367,1307,1375,1097,0,0,0,0,0,0
15.0424,1,1,,1756,1673,1670,1691,1779,1714,30.484,44.154,44.768,41.151,23.222,27.316,1550,1467,1367,1307,1375,1097,0,0,0,0,0,0
15.0624,1,1,,1744,1649,1638,1677,1804,1682,32.474,48.223,49.979,43.496,20.337,31.476,1550,1467,1367,1307,1375,1097,0,0,0,0,0,0
15.0944,1,1,,1733,1616,1601,1684,1830,1682,34.243,53.635,56.127,42.316,17.313,31.509,1550,1467,1367,1307,1375,1097,0,0,0,0,0,0
15.1304,1,1,,1740,1621,1598,1699,1840,1691,33.154,52.815,56.687,39.841,16.157,30.310,1550,1467,1367,1307,1375,1097,0,0,0,0,0,0
15.1645,1,1,,1741,1640,1622,1668,1808,1675,32.981,49.685,52.638,44.987,19.831,32.362,1550,1467,1367,1307,1375,1097,0,0,0,0,0,0
15.1964,1,1,,1743,1652,1615,1671,1812,1739,32.556,47.602,53.871,44.487,19.322,24.116,1550,1467,1367,1307,1375,1097,0,0,0,0,0,0
15.2304,1,1,,1747,1663,1616,1688,1831,1766,32.018,45.915,53.611,41.756,17.165,20.727,1550,1467,1367,1307,1375,1097,0,0,0,0,0,0
15.2624,1,1,,1733,1654,1619,1693,1850,1739,34.193,47.351,53.211,40.853,14.359,24.129,1550,1467,1367,1307,1375,1097,0,0,0,0,0,0
15.2944,1,1,,1737,1656,1614,1703,1830,1736,33.583,47.050,53.913,39.306,17.274,24.553,1550,1467,1367,1307,1375,1097,0,0,0,0,0,0
15.3304,1,1,,1730,1654,1632,1708,1810,1706,34.846,47.378,50.979,38.442,19.617,28.378,1550,1467,1367,1307,1375,1096,0,0,0,0,0,0
15.3624,1,1,,1718,1646,1625,1726,1827,1736,36.688,48.675,52.163,35.482,17.563,24.605,1550,1467,1367,1307,1375,1097,0,0,0,0,0,0
15.3944,1,1,,1709,1624,1598,1697,1819,1712,38.178,52.383,56.661,40.228,18.535,27.621,1550,1467,1367,1307,1375,1097,0,0,0,0,0,0
15.4304,1,1,,1712,1622,1603,1688,1844,1713,37.708,52.558,55.745,41.739,15.604,27.511,1550,1467,1367,1307,1375,1096,0,0,0,0,0,0
15.4624,1,1,,1702,1619,1599,1679,1850,1735,39.342,53.152,56.427,43.214,14.948,24.728,1550,1467,1367,1307,1375,1097,0,0,0,0,0,0
15.4944,1,1,,1728,1629,1590,1662,1800,1756,35.035,51.507,57.865,46.087,20.762,22.025,1550,1467,1367,1307,1375,1097,0,0,0,0,0,0
15.5304,1,1,,1708,1601,1555,1655,1850,1791,38.329,56.103,63.712,47.222,14.076,17.524,1550,1467,1367,1307,1375,1097,0,0,0,0,0,0
15.5624,1,1,,1655,1635,1568,1679,1850,1693,47.221,50.470,61.574,43.221,14.557,30.070,1550,1467,1367,1307,1375,1097,0,0,0,0,0,0
15.5944,1,1,,1733,1610,1549,1648,1738,1674,34.222,54.607,64.665,48.291,27.951,32.471,1550,1467,1367,1307,1375,1096,0,0,0,0,0,0
15.6304,1,1,,1751,1630,1552,1596,1809,1774,31.374,51.312,64.142,56.990,19.721,19.698,1550,1467,1367,1307,1375,1097,0,0,0,0,0,0
15.6624,1,1,,1791,1652,1615,1688,1699,1705,24.678,47.700,53.794,41.640,32.488,28.561,1550,1467,1367,1307,1375,1097,0,0,0,0,0,0
15.6944,1,1,,1832,1702,1624,1670,1788,1850,17.921,39.375,52.346,44.720,22.103,1.038,1550,1467,1367,1307,1375,1097,0,0,0,0,0,0
15.7304,1,1,,1734,1763,1764,1775,1842,1346,34.050,29.327,29.162,27.307,15.841,74.557,1550,1467,1367,1307,1375,1096,0,0,0,0,0,0
15.7624,1,0,handedness unsure,1788,1785,1780,1797,1775,1226,25.211,25.668,26.554,23.763,23.627,92.660,1550,1467,1367,1307,1375,1097,0,0,0,0,0,0
15.7944,1,0,handedness unsure,1763,1788,1796,1779,1792,1242,29.322,25.190,23.904,26.602,21.639,87.892,1550,1467,1367,1307,1375,1097,0,0,0,0,0,0
15.8304,1,0,hand looks flipped,1807,1807,1763,1773,1837,1850,21.974,21.987,29.362,27.702,16.397,2.475,1550,1467,1367,1307,1375,1097,0,0,0,0,0,0
15.8624,1,0,handedness unsure,1850,1850,1818,1820,1742,1850,12.618,11.956,20.183,19.859,27.535,-47.568,1550,1467,1367,1307,1375,1097,0,0,0,0,0,0
15.8944,1,0,handedness unsure,1850,1850,1850,1807,1775,1850,9.344,11.544,13.153,21.995,23.722,-15.270,1550,1467,1367,1307,1375,1097,0,0,0,0,0,0
15.9304,1,0,handedness unsure,1797,1828,1818,1793,1736,1850,23.653,18.508,20.191,24.341,28.258,-43.136,1550,1467,1367,1307,1375,1097,0,0,0,0,0,0
15.9624,1,0,hand looks flipped,1749,1850,1814,1718,1775,1850,31.661,10.449,20.849,36.773,23.683,-41.203,1550,1467,1367,1307,1375,1097,0,0,0,0,0,0
15.9944,1,0,handedness unsure,1771,1850,1802,1752,1776,1850,27.979,14.094,22.776,31.067,23.530,-47.816,1550,1467,1367,1307,1375,1097,0,0,0,0,0,0
16.0304,1,0,handedness unsure,1760,1797,1806,1761,1751,1704,29.854,23.655,22.173,29.612,26.435,28.654,1550,1467,1367,1307,1375,1097,0,0,0,0,0,0
16.0624,1,0,handedness unsure,1792,1785,1789,1810,1691,1226,24.443,25.634,25.008,21.577,33.453,91.080,1550,1467,1367,1307,1375,1097,0,0,0,0,0,0
16.1064,1,0,handedness unsure,1807,1813,1810,1787,1719,1525,21.955,21.052,21.483,25.284,30.137,51.624,1550,1467,1367,1307,1375,1097,0,0,0,0,0,0
16.1304,1,1,,1785,1753,1699,1785,1823,1446,25.674,30.965,39.857,25.687,18.032,61.755,1550,1467,1367,1307,1375,1097,0,0,0,0,0,0
16.1624,1,1,,1797,1739,1692,1752,1797,1513,23.622,33.316,41.017,31.203,21.119,53.086,1550,1467,1367,1307,1375,1097,0,0,0,0,0,0
16.1944,1,1,,1788,1729,1657,1744,1777,1435,25.213,35.001,46.770,32.375,23.429,63.176,1550,1467,1367,1307,1375,1097,0,0,0,0,0,0
16.2304,1,1,,1694,1537,1420,1450,1797,1700,40.729,66.666,86.027,81.074,21.074,29.137,1550,1467,1367,1307,1375,1097,0,0,0,0,0,0
16.2624,1,1,,1708,1634,1513,1575,1823,1643,38.434,50.678,70.738,60.410,18.028,36.449,1550,1467,1367,1307,1375,1097,0,0,0,0,0,0
16.2984,1,1,,1729,1646,1562,1646,1745,1617,34.950,48.732,62.628,48.688,27.114,39.814,1550,1467,1367,1307,1375,1097,0,0,0,0,0,0
16.3304,1,1,,1718,1634,1583,1633,1726,1533,36.678,50.606,59.056,50.836,29.326,50.590,1550,1467,1367,1307,1375,1097,0,0,0,0,0,0
16.3624,1,1,,1703,1587,1556,1646,1789,1569,39.279,58.480,63.623,48.638,22.041,45.979,1550,1467,1367,1307,1375,1097,0,0,0,0,0,0
16.3945,1,1,,1743,1626,1581,1657,1779,1587,32.645,52.026,59.373,46.805,23.185,43.621,1550,1467,1367,1307,1375,1097,0,0,0,0,0,0
16.4305,1,1,,1738,1619,1582,1657,1787,1658,33.416,53.165,59.261,46.850,22.245,34.608,1550,1467,1367,1307,1375,1097,0,0,0,0,0,0
16.4625,1,1,,1770,1648,1595,1688,1837,1680,28.217,48.290,57.185,41.749,16.489,31.727,1550,1467,1367,1307,1375,1097,0,0,0,0,0,0
16.4944,1,1,,1764,1656,1605,1684,1822,1699,29.176,46.980,55.506,42.381,18.219,29.343,1550,1467,1367,1307,1375,1097,0,0,0,0,0,0
16.5304,1,1,,1777,1672,1628,1698,1830,1665,27.028,44.306,51.701,40.085,17.263,33.653,1550,1467,1367,1307,1375,1097,0,0,0,0,0,0
16.5624,1,1,,1761,1654,1617,1691,1826,1672,29.599,47.308,53.533,41.231,17.766,32.695,1550,1467,1367,1307,1375,1097,0,0,0,0,0,0
16.5944,1,1,,1768,1658,1620,1687,1823,1649,28.492,46.718,53.049,41.908,18.076,35.689,1550,1467,1367,1307,1375,1097,0,0,0,0,0,0
16.6305,1,1,,1763,1666,1622,1684,1823,1639,29.236,45.372,52.574,42.386,18.110,36.954,1550,1467,1367,1307,1375,1097,0,0,0,0,0,0
16.6624,1,1,,1751,1645,1596,1677,1818,1689,31.216,48.779,56.964,43.563,18.642,30.562,1550,1467,1367,1307,1375,1097,0,0,0,0,0,0
16.6944,1,1,,1751,1642,1584,1676,1829,1753,31.276,49.250,58.910,43.725,17.342,22.423,1550,1467,1367,1307,1375,1097,0,0,0,0,0,0
16.7304,1,1,,1741,1633,1595,1675,1815,1725,33.001,50.781,57.128,43.939,19.002,25.929,1550,1467,1367,1307,1375,1097,0,0,0,0,0,0
16.7624,1,1,,1739,1644,1611,1683,1823,1707,33.318,49.036,54.510,42.511,18.140,28.319,1550,1467,1367,1307,1375,1097,0,0,0,0,0,0
16.7944,1,1,,1740,1650,1622,1694,1816,1697,33.053,48.073,52.571,40.687,18.870,29.572,1550,1467,1367,1307,1375,1097,0,0,0,0,0,0
16.8304,1,1,,1745,1651,1622,1692,1787,1724,32.221,47.900,52.666,41.124,22.268,26.084,1550,1467,1367,1307,1375,1097,0,0,0,0,0,0
16.8744,1,1,,1748,1642,1615,1693,1806,1698,31.787,49.346,53.878,40.815,20.031,29.429,1550,1467,1367,1307,1375,1097,0,0,0,0,0,0
16.8945,1,1,,1759,1641,1608,1690,1806,1698,29.983,49.415,54.946,41.406,20.101,29.383,1550,1467,1367,1307,1375,1097,0,0,0,0,0,0
16.9304,1,1,,1750,1646,1608,1690,1799,1701,31.532,48.741,54.882,41.354,20.847,29.096,1550,1467,1367,1307,1375,1096,0,0,0,0,0,0
16.9625,1,1,,1735,1644,1602,1693,1807,1693,33.970,48.926,55.901,40.970,19.892,30.000,1550,1467,1367,1307,1375,1097,0,0,0,0,0,0
16.9944,1,1,,1736,1647,1606,1683,1813,1669,33.802,48.546,55.301,42.581,19.265,33.082,1550,1467,1367,1307,1375,1097,0,0,0,0,0,0
17.0304,1,1,,1731,1648,1613,1695,1798,1663,34.556,48.410,54.102,40.505,21.043,33.923,1550,1467,1367,1307,1375,1097,0,0,0,0,0,0
17.0624,1,1,,1728,1639,1598,1683,1804,1690,35.072,49.862,56.630,42.532,20.259,30.449,1550,1467,1367,1307,1375,1096,0,0,0,0,0,0
17.0944,1,1,,1728,1642,1601,1678,1802,1695,35.174,49.334,56.185,43.391,20.510,29.782,1550,1467,1367,1307,1375,1097,0,0,0,0,0,0
17.1304,1,1,,1715,1641,1604,1672,1784,1679,37.231,49.478,55.553,44.370,22.574,31.867,1550,1467,1367,1307,1375,1097,0,0,0,0,0,0
17.1624,1,1,,1713,1631,1606,1670,1787,1636,37.611,51.200,55.215,44.750,22.324,37.319,1550,1467,1367,1307,1375,1097,0,0,0,0,0,0
17.1944,1,1,,1712,1628,1602,1663,1794,1653,37.747,51.695,55.973,45.790,21.431,35.162,1550,1467,1367,1307,1375,1097,0,0,0,0,0,0
17.2324,1,1,,1692,1612,1589,1661,1795,1646,41.018,54.346,58.054,46.250,21.291,36.138,1550,1467,1367,1307,1375,1097,0,0,0,0,0,0
17.2624,1,1,,1692,1615,1588,1661,1784,1643,41.096,53.731,58.289,46.161,22.656,36.495,1550,1467,1367,1307,1375,1097,0,0,0,0,0,0
17.2944,1,1,,1709,1624,1582,1644,1781,1691,38.285,52.277,59.182,48.972,22.956,30.264,1550,1467,1367,1307,1375,1097,0,0,0,0,0,0
17.3304,1,1,,1708,1620,1595,1648,1782,1639,38.486,52.947,57.165,48.361,22.887,36.945,1550,1467,1367,1307,1375,1097,0,0,0,0,0,0
17.3624,1,1,,1710,1625,1608,1644,1760,1577,38.007,52.216,55.027,48.944,25.453,44.923,1550,1467,1367,1307,1375,1097,0,0,0,0,0,0
17.3944,1,1,,1672,1602,1590,1633,1752,1550,44.294,55.980,57.894,50.825,26.398,48.445,1550,1467,1367,1307,1375,1097,0,0,0,0,0,0
17.4304,1,1,,1706,1631,1616,1655,1727,1522,38.811,51.176,53.605,47.238,29.240,51.964,1550,1467,1367,1307,1375,1096,0,0,0,0,0,0
17.4624,1,0,handedness unsure,1781,1690,1611,1678,1832,1675,26.353,41.390,54.453,43.291,17.014,32.384,1550,1467,1367,1307,1375,1097,0,0,0,0,0,0
17.4944,1,1,,1600,1538,1502,1603,1709,1510,56.259,66.616,72.571,55.819,31.314,53.564,1550,1467,1367,1307,1375,1097,0,0,0,0,0,0
17.5304,1,1,,1745,1666,1649,1695,1778,1482,32.243,45.373,48.113,40.626,23.266,57.093,1550,1467,1367,1307,1375,1097,0,0,0,0,0,0
17.5624,1,1,,1727,1615,1591,1659,1806,1491,35.236,53.849,57.763,46.543,20.070,55.909,1550,1467,1367,1307,1375,1097,0,0,0,0,0,0
17.5944,1,1,,1702,1602,1580,1669,1803,1474,39.341,55.890,59.507,44.913,20.375,58.148,1550,1467,1367,1307,1375,1096,0,0,0,0,0,0
17.6424,1,1,,1698,1593,1578,1668,1774,1490,40.121,57.376,59.894,44.971,23.824,56.053,1550,1467,1367,1307,1375,1097,0,0,0,0,0,0
17.6624,1,1,,1727,1627,1622,1704,1781,1500,35.243,51.847,52.695,39.142,22.943,54.783,1550,1467,1367,1307,1375,1097,0,0,0,0,0,0
17.7064,1,1,,1658,1607,1531,1600,1746,1522,46.759,55.065,67.741,56.302,27.029,51.998,1550,1467,1367,1307,1375,1096,0,0,0,0,0,0
17.7304,1,0,hand looks flipped,1714,1657,1602,1573,1825,1850,37.467,46.881,55.893,60.757,17.822,-57.202,1550,1467,1367,1307,1375,1097,0,0,0,0,0,0
17.7624,1,1,,1778,1632,1623,1724,1734,1515,26.828,50.995,52.503,35.797,28.482,52.846,1550,1467,1367,1307,1375,1097,0,0,0,0,0,0
17.8064,1,1,,1701,1612,1571,1679,1814,1477,39.601,54.255,61.148,43.252,19.119,57.813,1550,1467,1367,1307,1375,1097,0,0,0,0,0,0
17.8304,1,1,,1739,1653,1604,1715,1818,1505,33.257,47.489,55.637,37.305,18.611,54.228,1550,1467,1367,1307,1375,1097,0,0,0,0,0,0
17.8624,1,1,,1727,1659,1608,1693,1837,1466,35.240,46.510,54.958,40.972,16.459,59.220,1550,1467,1367,1308,1375,1097,0,0,0,0,0,0
17.8944,1,1,,1736,1676,1635,1694,1840,1420,33.860,43.625,50.504,40.684,16.055,65.107,1550,1467,1367,1307,1375,1096,0,0,0,0,0,0
17.9424,1,1,,1732,1670,1630,1687,1802,1490,34.433,44.753,51.318,41.962,20.472,56.142,1550,1467,1367,1307,1375,1096,0,0,0,0,0,0
17.9624,1,1,,1740,1676,1635,1683,1807,1462,33.035,43.668,50.534,42.533,19.916,59.681,1550,1467,1367,1307,1375,1097,0,0,0,0,0,0
17.9944,1,1,,1736,1677,1623,1687,1820,1465,33.818,43.466,52.442,41.946,18.419,59.264,1550,1467,1367,1307,1375,1097,0,0,0,0,0,0
18.0424,1,1,,1741,1669,1616,1679,1816,1462,32.890,44.877,53.703,43.182,18.954,59.688,1550,1467,1367,1307,1375,1097,0,0,0,0,0,0
18.0624,1,1,,1752,1677,1625,1692,1807,1505,31.123,43.582,52.192,41.072,19.913,54.142,1550,1467,1367,1307,1375,1096,0,0,0,0,0,0
18.0944,1,1,,1737,1675,1633,1684,1800,1490,33.536,43.818,50.780,42.427,20.799,56.073,1550,1467,1367,1307,1375,1097,0,0,0,0,0,0
18.1304,1,1,,1739,1673,1630,1684,1800,1521,33.255,44.130,51.321,42.328,20.746,52.156,1550,1467,1367,1307,1375,1097,0,0,0,0,0,0
18.1624,1,1,,1733,1664,1632,1668,1805,1559,34.355,45.681,51.066,44.996,20.214,47.194,1550,1467,1367,1307,1375,1097,0,0,0,0,0,0
18.1944,1,1,,1731,1650,1622,1678,1772,1671,34.579,47.958,52.633,43.346,24.073,32.829,1550,1467,1367,1307,1375,1097,0,0,0,0,0,0
18.2304,1,1,,1743,1659,1636,1678,1780,1707,32.541,46.481,50.271,43.367,23.040,28.295,1550,1467,1367,1307,1375,1097,0,0,0,0,0,0
18.2624,1,1,,1736,1653,1631,1684,1781,1707,33.722,47.515,51.189,42.399,22.917,28.329,1550,1467,1367,1307,1375,1097,0,0,0,0,0,0
18.2944,1,1,,1741,1642,1624,1668,1799,1698,32.918,49.287,52.298,44.974,20.859,29.413,1550,1467,1367,1307,1375,1097,0,0,0,0,0,0
18.3304,1,1,,1720,1635,1610,1676,1779,1698,36.436,50.429,54.605,43.712,23.174,29.432,1550,1467,1367,1307,1375,1097,0,0,0,0,0,0
18.3624,1,1,,1729,1630,1619,1687,1774,1751,34.940,51.247,53.187,41.935,23.765,22.614,1550,1467,1367,1307,1375,1097,0,0,0,0,0,0
18.3944,1,1,,1739,1673,1639,1689,1735,1701,33.362,44.246,49.793,41.540,28.359,29.064,1550,1467,1367,1307,1375,1097,0,0,0,0,0,0
18.4304,1,0,handedness unsure,1832,1753,1702,1742,1819,1850,17.926,30.906,39.402,32.797,18.595,-12.347,1550,1467,1367,1307,1375,1097,0,0,0,0,0,0
18.4624,1,0,handedness unsure,1616,1842,1708,1747,1676,1688,53.594,16.200,38.329,31.910,35.177,30.742,1550,1467,1367,1307,1375,1097,0,0,0,0,0,0
18.4944,1,0,handedness unsure,1700,1603,1618,1717,1850,1581,39.762,55.707,53.253,36.909,14.119,44.378,1550,1467,1367,1307,1375,1097,0,0,0,0,0,0
18.5304,1,1,,1687,1653,1681,1739,1798,1599,41.917,47.463,42.914,33.224,20.968,42.117,1550,1467,1367,1307,1375,1097,0,0,0,0,0,0
18.5624,1,1,,1687,1643,1667,1738,1794,1657,41.950,49.162,45.123,33.495,21.504,34.699,1550,1467,1367,1307,1375,1097,0,0,0,0,0,0
18.5944,1,0,handedness unsure,1649,1632,1559,1654,1769,1608,48.250,51.025,63.106,47.277,24.420,41.024,1550,1467,1367,1307,1375,1096,0,0,0,0,0,0
18.6304,1,1,,1741,1700,1628,1644,1849,1798,32.946,39.688,51.650,49.058,15.111,16.645,1550,1467,1367,1307,1375,1097,0,0,0,0,0,0
18.6624,1,0,handedness unsure,1810,1755,1733,1772,1769,1850,21.498,30.629,34.277,27.891,24.336,-9.117,1550,1467,1367,1307,1375,1097,0,0,0,0,0,0
18.6944,1,1,,1740,1625,1605,1685,1726,1564,33.049,52.194,55.490,42.211,29.408,46.540,1550,1467,1367,1307,1375,1097,0,0,0,0,0,0
18.7304,1,1,,1726,1664,1643,1690,1804,1584,35.390,45.729,49.146,41.466,20.247,43.975,1550,1467,1367,1307,1375,1097,0,0,0,0,0,0
18.7624,1,1,,1741,1666,1636,1693,1801,1629,33.021,45.337,50.269,40.878,20.619,38.211,1550,1467,1367,1307,1375,1096,0,0,0,0,0,0
18.7944,1,1,,1754,1681,1648,1702,1820,1634,30.740,42.828,48.318,39.466,18.437,37.660,1550,1467,1367,1307,1375,1097,0,0,0,0,0,0
18.8304,1,1,,1755,1691,1665,1696,1829,1587,30.590,41.209,45.512,40.342,17.384,43.681,1550,1467,1367,1307,1375,1097,0,0,0,0,0,0
18.8624,1,1,,1756,1676,1659,1685,1850,1584,30.490,43.629,46.514,42.231,14.994,44.031,1550,1467,1367,1307,1375,1097,0,0,0,0,0,0
18.8944,1,1,,1732,1653,1651,1696,1829,1645,34.509,47.529,47.803,40.422,17.395,36.198,1550,1467,1367,1307,1375,1096,0,0,0,0,0,0
18.9325,1,1,,1730,1648,1647,1697,1805,1711,34.764,48.386,48.463,40.268,20.225,27.773,1550,1467,1367,1307,1375,1097,0,0,0,0,0,0
18.9644,1,1,,1734,1657,1645,1703,1807,1687,34.133,46.922,48.856,39.193,19.937,30.814,1550,1467,1367,1307,1375,1096,0,0,0,0,0,0
18.9964,1,1,,1741,1659,1637,1691,1802,1644,32.941,46.567,50.111,41.177,20.556,36.336,1550,1467,1367,1307,1375,1097,0,0,0,0,0,0
19.0304,1,1,,1749,1670,1644,1711,1807,1641,31.631,44.631,48.929,37.839,19.920,36.711,1550,1467,1367,1307,1375,1097,0,0,0,0,0,0
19.0624,1,1,,1755,1665,1636,1705,1820,1611,30.582,45.603,50.355,38.987,18.418,40.569,1550,1467,1367,1307,1375,1096,0,0,0,0,0,0
19.0944,1,1,,1740,1666,1641,1710,1817,1647,33.162,45.386,49.479,38.154,18.752,35.974,1550,1467,1367,1307,1375,1097,0,0,0,0,0,0
19.1304,1,1,,1737,1664,1659,1717,1798,1665,33.532,45.723,46.569,36.965,20.985,33.590,1550,1467,1367,1307,1375,1097,0,0,0,0,0,0
19.1624,1,1,,1738,1674,1681,1705,1792,1662,33.500,43.981,42.913,38.858,21.673,34.007,1550,1467,1367,1307,1375,1096,0,0,0,0,0,0
19.1944,1,1,,1720,1650,1649,1705,1775,1651,36.432,47.991,48.093,38.858,23.681,35.464,1550,1467,1367,1307,1375,1097,0,0,0,0,0,0
19.2304,1,1,,1740,1671,1665,1690,1785,1651,33.112,44.511,45.464,41.365,22.459,35.459,1550,1467,1367,1307,1375,1097,0,0,0,0,0,0
19.2624,1,1,,1729,1666,1663,1728,1765,1645,34.926,45.362,45.937,35.078,24.828,36.227,1550,1467,1367,1307,1375,1097,0,0,0,0,0,0
19.2944,1,1,,1775,1673,1643,1680,1819,1661,27.363,44.137,49.103,43.059,18.585,34.122,1550,1467,1367,1307,1375,1097,0,0,0,0,0,0
19.3304,1,0,hand looks flipped,1801,1804,1679,1762,1850,1850,22.999,22.565,43.169,29.473,14.640,-34.411,1550,1467,1367,1307,1375,1097,0,0,0,0,0,0
19.3624,1,0,handedness unsure,1785,1756,1727,1771,1776,1718,25.675,30.435,35.327,28.031,23.598,26.840,1550,1467,1367,1307,1375,1096,0,0,0,0,0,0
19.3944,1,1,,1701,1640,1655,1727,1779,1782,39.523,49.625,47.245,35.338,23.196,18.689,1550,1467,1367,1307,1375,1097,0,0,0,0,0,0
19.4304,1,1,,1725,1656,1635,1683,1773,1720,35.602,47.010,50.484,42.611,23.905,26.592,1550,1467,1367,1307,1375,1097,0,0,0,0,0,0
19.4624,1,1,,1724,1657,1625,1686,1788,1679,35.702,46.930,52.167,42.021,22.139,31.846,1550,1467,1367,1307,1375,1097,0,0,0,0,0,0
19.4944,1,1,,1704,1655,1624,1702,1780,1729,38.997,47.171,52.246,39.393,23.142,25.394,1550,1467,1367,1307,1375,1096,0,0,0,0,0,0
19.5304,1,1,,1704,1676,1675,1730,1836,1675,39.095,43.730,43.809,34.851,16.610,32.323,1550,1467,1367,1307,1375,1097,0,0,0,0,0,0
19.5624,1,0,handedness unsure,1736,1700,1646,1703,1721,1701,33.826,39.690,48.612,39.228,29.939,28.989,1550,1467,1367,1307,1375,1097,0,0,0,0,0,0
19.5944,1,0,handedness unsure,1834,1813,1738,1743,1786,1850,17.559,21.029,33.393,32.696,22.394,-23.171,1550,1467,1367,1307,1375,1097,0,0,0,0,0,0
19.6304,1,0,hand looks flipped,1838,1809,1731,1794,1785,1850,16.835,21.688,34.600,24.245,22.527,-12.436,1550,1467,1367,1307,1375,1097,0,0,0,0,0,0
19.6624,1,1,,1747,1650,1614,1708,1784,1703,31.981,48.066,54.017,38.475,22.578,28.823,1550,1467,1367,1307,1375,1097,0,0,0,0,0,0
19.6944,1,1,,1728,1675,1648,1697,1840,1666,35.086,43.874,48.267,40.191,16.065,33.468,1550,1467,1367,1307,1375,1097,0,0,0,0,0,0
19.7304,1,1,,1743,1682,1645,1686,1837,1627,32.646,42.722,48.861,42.076,16.510,38.467,1550,1467,1367,1307,1375,1097,0,0,0,0,0,0
19.7625,1,1,,1742,1673,1643,1672,1817,1660,32.819,44.229,49.081,44.291,18.736,34.323,1550,1467,1367,1307,1375,1097,0,0,0,0,0,0
19.7944,1,1,,1754,1669,1645,1680,1829,1668,30.811,44.872,48.787,43.042,17.365,33.238,1550,1467,1367,1307,1375,1097,0,0,0,0,0,0
19.8304,1,1,,1759,1655,1628,1671,1823,1676,29.974,47.128,51.597,44.588,18.065,32.193,1550,1467,1367,1307,1375,1097,0,0,0,0,0,0
19.8744,1,1,,1765,1648,1631,1663,1824,1677,29.026,48.301,51.228,45.872,17.974,32.150,1550,1467,1367,1307,1375,1097,0,0,0,0,0,0
19.8944,1,1,,1766,1653,1630,1668,1808,1684,28.834,47.432,51.341,45.100,19.870,31.163,1550,1467,1367,1307,1375,1097,0,0,0,0,0,0
19.9304,1,1,,1747,1652,1629,1673,1802,1676,31.915,47.667,51.423,44.225,20.476,32.288,1550,1467,1367,1307,1375,1097,0,0,0,0,0,0
19.9624,1,1,,1753,1663,1636,1677,1807,1679,31.019,45.854,50.378,43.571,19.904,31.880,1550,1467,1367,1307,1375,1097,0,0,0,0,0,0
19.9944,1,1,,1743,1659,1635,1679,1802,1692,32.569,46.545,50.509,43.215,20.576,30.246,1550,1467,1367,1307,1375,1097,0,0,0,0,0,0
20.0304,1,1,,1756,1659,1642,1687,1821,1721,30.436,46.518,49.260,41.836,18.315,26.499,1550,1467,1367,1307,1375,1097,0,0,0,0,0,0
20.0624,1,1,,1728,1622,1608,1665,1783,1776,35.112,52.610,54.902,45.536,22.763,19.441,1550,1467,1367,1307,1375,1097,0,0,0,0,0,0
20.0944,1,1,,1708,1619,1583,1673,1770,1745,38.364,53.106,59.109,44.199,24.222,23.335,1550,1467,1367,1307,1375,1097,0,0,0,0,0,0
20.1304,1,1,,1745,1646,1622,1693,1790,1759,32.271,48.589,52.626,40.939,21.953,21.564,1550,1467,1367,1307,1375,1097,0,0,0,0,0,0
20.1624,1,1,,1751,1665,1615,1727,1791,1733,31.253,45.491,53.873,35.234,21.867,24.889,1550,1467,1367,1307,1375,1097,0,0,0,0,0,0
20.1944,1,1,,1740,1621,1545,1675,1850,1722,33.153,52.752,65.423,43.937,14.227,26.322,1550,1467,1367,1307,1375,1097,0,0,0,0,0,0
20.2304,1,0,handedness unsure,1671,1721,1685,1740,1774,1732,44.545,36.250,42.135,33.097,23.825,25.014,1550,1467,1367,1307,1375,1097,0,0,0,0,0,0
20.2744,1,0,handedness unsure,1656,1596,1528,1622,1812,1802,47.070,56.974,68.222,52.675,19.362,16.120,1550,1467,1367,1307,1375,1097,0,0,0,0,0,0
20.2944,1,1,,1714,1581,1601,1718,1784,1676,37.460,59.376,56.190,36.679,22.646,32.258,1550,1467,1367,1307,1375,1096,0,0,0,0,0,0
20.3304,1,1,,1750,1668,1639,1715,1812,1639,31.399,45.067,49.810,37.264,19.415,36.997,1550,1467,1367,1307,1375,1097,0,0,0,0,0,0
20.3624,1,1,,1745,1639,1611,1717,1809,1689,32.241,49.867,54.501,36.959,19.704,30.528,1550,1467,1367,1307,1375,1097,0,0,0,0,0,0
20.3944,1,1,,1763,1671,1643,1730,1813,1695,29.342,44.532,49.197,34.743,19.192,29.828,1550,1467,1367,1307,1375,1097,0,0,0,0,0,0
20.4304,1,0,handedness unsure,1627,1603,1523,1625,1693,1720,51.861,55.826,68.979,52.152,33.195,26.594,1550,1467,1367,1307,1375,1097,0,0,0,0,0,0
20.4624,1,0,hand looks flipped,1727,1709,1637,1584,1782,1850,35.252,38.268,50.107,58.938,22.816,-38.206,1550,1467,1367,1307,1375,1097,0,0,0,0,0,0
20.4944,1,1,,1806,1673,1659,1753,1808,1772,22.151,44.201,46.540,31.025,19.797,19.902,1550,1467,1367,1307,1375,1096,0,0,0,0,0,0
20.5304,1,1,,1786,1653,1621,1717,1803,1716,25.466,47.556,52.746,36.988,20.400,27.089,1550,1467,1367,1307,1375,1097,0,0,0,0,0,0
20.5624,1,1,,1769,1651,1612,1707,1787,1713,28.301,47.828,54.312,38.646,22.221,27.445,1550,1467,1367,1307,1375,1097,0,0,0,0,0,0
20.5944,1,1,,1786,1662,1625,1699,1754,1741,25.497,45.959,52.086,39.847,26.144,23.917,1550,1467,1367,1307,1375,1097,0,0,0,0,0,0
20.6304,1,1,,1779,1668,1627,1700,1808,1780,26.658,45.102,51.856,39.794,19.865,18.954,1550,1467,1367,1307,1375,1097,0,0,0,0,0,0
20.6644,1,1,,1781,1683,1651,1685,1820,1764,26.302,42.580,47.831,42.190,18.418,20.975,1550,1467,1367,1307,1375,1097,0,0,0,0,0,0
20.6944,1,1,,1768,1677,1653,1697,1805,1720,28.426,43.553,47.463,40.270,20.163,26.642,1550,1467,1367,1307,1375,1097,0,0,0,0,0,0
20.7304,1,1,,1778,1690,1660,1707,1821,1689,26.851,41.415,46.309,38.530,18.329,30.576,1550,1467,1367,1307,1375,1097,0,0,0,0,0,0
20.7624,1,1,,1795,1699,1659,1710,1818,1680,24.018,39.824,46.515,38.125,18.636,31.668,1550,1467,1367,1307,1375,1096,0,0,0,0,0,0
20.7944,1,1,,1774,1670,1641,1691,1831,1643,27.499,44.688,49.470,41.155,17.142,36.526,1550,1467,1367,1307,1375,1097,0,0,0,0,0,0
20.8304,1,1,,1774,1643,1628,1695,1843,1629,27.430,49.199,51.603,40.563,15.774,38.310,1550,1467,1367,1307,1375,1097,0,0,0,0,0,0
20.8624,1,1,,1761,1606,1597,1619,1832,1520,29.689,55.332,56.694,53.140,17.081,52.237,1550,1467,1367,1307,1375,1096,0,0,0,0,0,0
20.8984,1,1,,1674,1485,1496,1561,1838,1490,43.961,75.272,73.412,62.674,16.381,56.074,1550,1467,1367,1307,1375,1097,0,0,0,0,0,0
20.9304,1,1,,1519,1341,1282,1377,1797,1580,69.643,99.095,108.843,93.251,21.094,44.501,1550,1467,1367,1307,1375,1097,0,0,0,0,0,0
20.9624,1,1,,1224,1110,1064,1167,1699,1323,118.449,137.311,144.880,127.853,32.533,77.442,1550,1467,1367,1307,1375,1097,0,0,0,0,0,0
20.9944,1,1,,1164,1034,1034,1062,1639,1471,128.417,151.271,158.232,145.342,39.515,58.526,1550,1467,1367,1307,1375,1097,0,0,0,0,0,0
21.0304,1,1,,1154,1034,1034,1045,1528,1530,130.127,155.136,158.603,148.099,52.481,50.923,1550,1467,1367,1307,1375,1097,0,0,0,0,0,0
21.0664,1,1,,1131,1034,1034,1034,1532,1551,133.825,158.359,161.951,155.630,51.978,48.211,1550,1467,1367,1307,1375,1097,0,0,0,0,0,0
21.0944,1,1,,1104,1034,1034,1034,1468,1603,138.370,162.185,164.100,162.667,59.402,41.559,1550,1467,1367,1307,1375,1097,0,0,0,0,0,0
21.1304,1,1,,1115,1034,1034,1034,1466,1638,136.547,159.240,160.449,157.242,59.682,37.179,1550,1467,1367,1307,1375,1097,0,0,0,0,0,0
21.1624,1,1,,1107,1034,1034,1034,1449,1608,137.847,159.747,160.224,160.081,61.611,40.927,1550,1467,1367,1307,1375,1097,0,0,0,0,0,0
21.1944,1,1,,1082,1034,1034,1034,1454,1608,141.963,163.176,164.488,166.164,61.038,40.900,1550,1467,1367,1307,1375,1097,0,0,0,0,0,0
21.2304,1,1,,1070,1034,1034,1034,1460,1548,143.968,165.776,167.068,166.829,60.291,48.621,1550,1467,1367,1307,1375,1097,0,0,0,0,0,0
21.2624,1,1,,1094,1034,1034,1034,1489,1523,139.966,161.373,163.805,161.556,57.026,51.893,1550,1467,1367,1307,1375,1097,0,0,0,0,0,0
21.2984,1,1,,1227,1069,1067,1087,1380,1850,117.945,144.109,144.488,141.074,69.663,8.160,1550,1467,1367,1307,1375,1096,0,0,0,0,0,0
21.3304,1,1,,1301,1204,1211,1435,1749,1608,105.746,121.747,120.561,83.512,26.678,40.993,1550,1467,1367,1307,1375,1097,0,0,0,0,0,0
21.3624,1,1,,1514,1416,1401,1606,1766,1566,70.523,86.690,89.132,55.287,24.673,46.371,1550,1467,1367,1307,1375,1097,0,0,0,0,0,0
21.3944,1,1,,1716,1672,1621,1701,1785,1739,37.018,44.397,52.880,39.642,22.523,24.220,1550,1467,1367,1307,1375,1096,0,0,0,0,0,0
21.4304,1,1,,1749,1680,1669,1705,1826,1718,31.704,43.051,44.913,38.886,17.703,26.839,1550,1467,1367,1307,1375,1097,0,0,0,0,0,0
21.4664,1,1,,1782,1671,1654,1738,1799,1809,26.169,44.560,47.391,33.421,20.927,15.209,1550,1467,1367,1307,1375,1097,0,0,0,0,0,0
21.4964,1,1,,1773,1664,1655,1734,1837,1825,27.677,45.689,47.182,34.038,16.509,13.095,1550,1467,1367,1307,1375,1097,0,0,0,0,0,0
21.5304,1,1,,1756,1666,1644,1702,1801,1771,30.493,45.400,49.047,39.372,20.637,20.086,1550,1467,1367,1307,1375,1097,0,0,0,0,0,0
21.5624,1,1,,1763,1662,1638,1722,1812,1809,29.306,46.085,49.943,36.074,19.389,15.199,1550,1467,1367,1307,1375,1097,0,0,0,0,0,0
21.5944,1,1,,1769,1664,1639,1709,1801,1848,28.375,45.610,49.818,38.164,20.704,10.227,1550,1467,1367,1307,1375,1097,0,0,0,0,0,0
21.6304,1,1,,1733,1675,1644,1698,1788,1828,34.252,43.952,49.069,39.995,22.145,12.709,1550,1467,1367,1307,1375,1097,0,0,0,0,0,0
21.6624,1,1,,1746,1673,1649,1716,1793,1808,32.167,44.185,48.091,37.123,21.623,15.383,1550,1467,1367,1307,1375,1097,0,0,0,0,0,0
21.6944,1,1,,1747,1657,1638,1717,1798,1789,31.983,46.795,50.013,36.976,21.043,17.819,1550,1467,1367,1307,1375,1096,0,0,0,0,0,0
21.7304,1,1,,1743,1644,1631,1711,1806,1803,32.668,49.030,51.123,37.846,20.081,15.955,1550,1467,1367,1307,1375,1097,0,0,0,0,0,0
21.7624,1,1,,1753,1654,1630,1707,1785,1746,30.910,47.369,51.384,38.556,22.486,23.277,1550,1467,1367,1307,1375,1096,0,0,0,0,0,0
21.7944,1,1,,1767,1661,1624,1689,1826,1617,28.589,46.209,52.224,41.613,17.733,39.833,1550,1467,1367,1307,1375,1097,0,0,0,0,0,0
21.8424,1,1,,1651,1594,1560,1625,1777,1528,47.823,57.215,62.829,52.162,23.436,51.176,1550,1467,1367,1307,1375,1097,0,0,0,0,0,0
21.8624,1,1,,1479,1336,1286,1419,1687,1650,76.352,99.959,108.194,86.285,33.938,35.619,1550,1467,1367,1307,1375,1097,0,0,0,0,0,0
21.8944,1,1,,1211,1048,1065,1133,1693,1267,120.559,147.533,144.750,133.574,33.261,84.699,1550,1467,1367,1307,1375,1097,0,0,0,0,0,0
21.9304,1,1,,1121,1034,1034,1062,1576,1313,135.447,161.384,159.682,145.241,46.830,78.836,1550,1467,1367,1307,1375,1097,0,0,0,0,0,0
21.9624,1,1,,1130,1034,1034,1081,1425,1489,133.999,159.367,157.240,142.086,64.407,56.240,1550,1467,1367,1307,1375,1097,0,0,0,0,0,0
21.9964,1,1,,1104,1034,1034,1034,1375,1495,138.351,163.500,162.647,151.214,70.207,55.446,1550,1467,1367,1307,1375,1096,0,0,0,0,0,0
22.0304,1,1,,1075,1034,1034,1034,1372,1446,143.071,166.514,166.077,153.516,70.617,61.696,1550,1467,1367,1307,1375,1097,0,0,0,0,0,0
22.0624,1,1,,1059,1034,1034,1034,1342,1416,145.795,168.338,168.297,154.996,74.119,65.593,1550,1467,1367,1307,1375,1097,0,0,0,0,0,0
22.0944,1,1,,1049,1034,1034,1034,1335,1396,147.439,170.561,170.919,161.591,74.916,68.094,1550,1467,1367,1307,1375,1096,0,0,0,0,0,0
22.1304,1,1,,1091,1034,1034,1034,1404,1382,140.422,163.240,161.501,154.509,66.830,69.990,1550,1467,1367,1307,1375,1097,0,0,0,0,0,0
22.1624,1,1,,1155,1034,1034,1034,1480,1467,129.924,153.746,157.340,151.177,58.022,59.074,1550,1467,1367,1307,1375,1097,0,0,0,0,0,0
22.1944,1,1,,1239,1070,1078,1097,1567,1669,116.076,143.983,142.698,139.436,47.909,33.099,1550,1467,1367,1307,1375,1097,0,0,0,0,0,0
22.2304,1,1,,1582,1639,1582,1659,1776,1478,59.285,49.844,59.221,46.492,23.520,57.663,1550,1467,1367,1307,1375,1097,0,0,0,0,0,0
22.2624,1,1,,1670,1742,1727,1753,1850,1630,44.653,32.784,35.277,30.989,13.722,38.079,1550,1467,1367,1307,1375,1096,0,0,0,0,0,0
22.2944,1,1,,1735,1728,1728,1828,1850,1511,34.025,35.171,35.061,18.497,13.770,53.382,1550,1467,1367,1307,1375,1097,0,0,0,0,0,0
22.3304,1,1,,1711,1745,1779,1838,1812,1393,37.963,32.357,26.702,16.849,19.314,68.548,1550,1467,1367,1307,1375,1097,0,0,0,0,0,0
22.3624,1,1,,1763,1764,1801,1844,1804,1357,29.383,29.106,23.088,15.842,20.278,73.126,1550,1467,1367,1307,1375,1097,0,0,0,0,0,0
22.3944,1,1,,1745,1747,1792,1850,1792,1351,32.361,31.944,24.569,11.839,21.719,73.942,1550,1467,1367,1307,1375,1097,0,0,0,0,0,0
22.4304,1,1,,1763,1763,1800,1850,1791,1340,29.248,29.367,23.267,10.039,21.794,75.258,1550,1467,1367,1307,1375,1097,0,0,0,0,0,0
22.4645,1,1,,1749,1769,1798,1850,1806,1361,31.664,28.378,23.497,10.137,20.077,72.614,1550,1467,1367,1307,1375,1097,0,0,0,0,0,0
22.4944,1,1,,1748,1780,1806,1850,1782,1314,31.833,26.452,22.225,11.210,22.898,78.652,1550,1467,1367,1307,1375,1097,0,0,0,0,0,0
22.5304,1,1,,1775,1850,1838,1842,1644,1226,27.276,10.101,16.833,16.191,38.867,115.159,1550,1467,1367,1307,1375,1097,0,0,0,0,0,0
22.5624,1,0,handedness unsure,1726,1830,1821,1838,1592,1850,35.501,18.243,19.677,16.947,45.013,-94.502,1550,1467,1367,1307,1375,1096,0,0,0,0,0,0
22.5944,1,1,,1792,1721,1721,1501,1806,1323,24.438,36.239,36.311,72.612,20.023,77.464,1550,1467,1367,1307,1375,1096,0,0,0,0,0,0
22.6304,1,1,,1650,1616,1626,1442,1729,1621,48.004,53.643,52.005,82.400,28.981,39.247,1550,1467,1367,1307,1375,1097,0,0,0,0,0,0
22.6624,1,1,,1586,1624,1575,1422,1649,1589,58.654,52.275,60.448,85.667,38.376,43.365,1550,1467,1367,1307,1375,1096,0,0,0,0,0,0
22.7304,1,1,,1600,1604,1561,1393,1636,1505,56.267,55.672,62.744,90.581,39.885,54.111,1550,1467,1367,1307,1375,1096,0,0,0,0,0,0
22.7584,1,1,,1583,1667,1670,1432,1569,1528,59.156,45.155,44.654,84.057,47.622,51.216,1550,1467,1367,1307,1375,1097,0,0,0,0,0,0
22.7824,1,1,,1602,1684,1678,1473,1633,1449,56.004,42.307,43.305,77.264,40.241,61.319,1550,1467,1367,1307,1375,1097,0,0,0,0,0,0
22.8064,1,1,,1657,1697,1646,1499,1537,1511,46.888,40.230,48.678,73.049,51.343,53.364,1550,1467,1367,1307,1375,1097,0,0,0,0,0,0
22.8304,1,1,,1608,1677,1638,1463,1518,1476,55.030,43.523,49.985,78.989,53.544,57.847,1550,1467,1367,1307,1375,1097,0,0,0,0,0,0
22.8624,1,1,,1579,1663,1653,1406,1510,1479,59.742,45.895,47.561,88.302,54.543,57.473,1550,1467,1367,1307,1375,1096,0,0,0,0,0,0
22.8944,1,1,,1630,1679,1648,1464,1568,1515,51.346,43.232,48.354,78.754,47.792,52.839,1550,1467,1367,1307,1375,1097,0,0,0,0,0,0
22.9304,1,1,,1586,1650,1636,1406,1588,1524,58.648,47.967,50.243,88.443,45.468,51.690,1550,1467,1367,1307,1375,1097,0,0,0,0,0,0
22.9625,1,1,,1552,1641,1633,1396,1551,1516,64.207,49.415,50.799,89.978,49.752,52.753,1550,1467,1367,1307,1375,1096,0,0,0,0,0,0
22.9944,1,1,,1595,1659,1642,1448,1578,1565,57.029,46.580,49.397,81.390,46.657,46.468,1550,1467,1367,1307,1375,1097,0,0,0,0,0,0
23.0304,1,1,,1563,1611,1588,1391,1657,1562,62.436,54.519,58.269,90.882,37.368,46.906,1550,1467,1367,1307,1375,1097,0,0,0,0,0,0
23.0624,1,1,,1587,1466,1486,1437,1674,1574,58.365,78.460,75.079,83.258,35.408,45.301,1550,1467,1367,1307,1375,1097,0,0,0,0,0,0
23.0945,1,1,,1195,1092,1073,1178,1725,1452,123.360,140.310,143.468,126.018,29.521,61.018,1550,1467,1367,1307,1375,1096,0,0,0,0,0,0
23.1304,1,1,,1135,1078,1067,1160,1529,1424,133.240,142.596,144.539,129.094,52.260,64.599,1550,1467,1367,1307,1375,1097,0,0,0,0,0,0
23.1624,1,1,,1172,1098,1081,1161,1403,1416,127.039,139.253,142.084,128.831,66.935,65.616,1550,1467,1367,1307,1375,1097,0,0,0,0,0,0
23.1944,1,1,,1177,1089,1091,1156,1423,1429,126.203,140.834,140.553,129.674,64.631,63.922,1550,1467,1367,1307,1375,1097,0,0,0,0,0,0
23.2304,1,1,,1180,1085,1093,1162,1404,1428,125.797,141.496,140.093,128.810,66.883,63.995,1550,1467,1367,1307,1375,1096,0,0,0,0,0,0
23.2624,1,1,,1175,1102,1088,1158,1412,1434,126.549,138.738,140.913,129.325,65.992,63.222,1550,1467,1367,1307,1375,1097,0,0,0,0,0,0
23.2944,1,1,,1184,1101,1093,1165,1393,1429,125.136,138.770,140.080,128.163,68.146,63.960,1550,1467,1367,1307,1375,1097,0,0,0,0,0,0
23.3304,1,1,,1169,1096,1094,1174,1381,1432,127.591,139.611,139.984,126.677,69.581,63.565,1550,1467,1367,1307,1375,1097,0,0,0,0,0,0
23.3624,1,1,,1164,1097,1090,1149,1467,1424,128.399,139.426,140.578,130.941,59.557,64.598,1550,1467,1367,1307,1375,1097,0,0,0,0,0,0
23.3944,1,1,,1170,1090,1070,1146,1458,1417,127.479,140.660,143.880,131.374,60.599,65.454,1550,1467,1367,1307,1375,1097,0,0,0,0,0,0
23.4304,1,1,,1207,1116,1104,1172,1566,1395,121.356,136.270,138.335,127.118,47.993,68.256,1550,1467,1367,1307,1375,1097,0,0,0,0,0,0
23.4624,1,1,,1538,1515,1620,1314,1645,1669,66.551,70.319,52.948,103.532,38.833,33.101,1550,1467,1367,1307,1375,1097,0,0,0,0,0,0
23.4945,1,1,,1589,1697,1678,1471,1707,1590,58.058,40.287,43.440,77.558,31.573,43.297,1550,1467,1367,1307,1375,1097,0,0,0,0,0,0
23.5304,1,1,,1615,1679,1682,1523,1623,1643,53.855,43.187,42.757,69.086,41.313,36.414,1550,1467,1367,1307,1375,1097,0,0,0,0,0,0
23.5624,1,1,,1598,1674,1658,1511,1678,1681,56.585,43.960,46.612,71.031,34.942,31.560,1550,1467,1367,1307,1375,1097,0,0,0,0,0,0
23.5944,1,1,,1618,1687,1651,1509,1723,1686,53.340,41.853,47.772,71.271,29.777,30.933,1550,1467,1367,1307,1375,1096,0,0,0,0,0,0
23.6304,1,1,,1600,1682,1636,1489,1721,1671,56.225,42.740,50.370,74.611,29.908,32.909,1550,1467,1367,1307,1375,1097,0,0,0,0,0,0
23.6624,1,1,,1626,1667,1643,1490,1756,1692,51.922,45.263,49.222,74.443,25.856,30.196,1550,1467,1367,1307,1375,1096,0,0,0,0,0,0
23.6944,1,1,,1595,1667,1652,1467,1729,1659,57.089,45.176,47.696,78.363,29.010,34.486,1550,1467,1367,1307,1375,1097,0,0,0,0,0,0
23.7304,1,1,,1608,1628,1652,1475,1750,1705,54.926,51.660,47.658,76.981,26.552,28.531,1550,1467,1367,1307,1375,1096,0,0,0,0,0,0
23.7624,1,1,,1560,1625,1658,1469,1700,1679,62.961,52.213,46.618,78.008,32.409,31.893,1550,1467,1367,1307,1375,1097,0,0,0,0,0,0
23.7944,1,1,,1553,1619,1656,1463,1685,1667,63.976,53.154,46.939,78.961,34.182,33.386,1550,1467,1367,1307,1375,1096,0,0,0,0,0,0
23.8304,1,1,,1533,1581,1632,1422,1632,1663,67.431,59.379,50.961,85.684,40.355,33.857,1550,1467,1367,1307,1375,1097,0,0,0,0,0,0
23.8624,1,1,,1488,1504,1578,1358,1572,1572,74.769,72.217,59.971,96.242,47.280,45.570,1550,1467,1367,1307,1375,1096,0,0,0,0,0,0
23.8944,1,1,,1543,1529,1554,1366,1717,1588,65.697,68.065,63.858,94.933,30.379,43.571,1550,1467,1367,1307,1375,1097,0,0,0,0,0,0
23.9304,1,1,,1738,1631,1618,1523,1806,1557,33.421,51.188,53.378,69.083,20.084,47.466,1550,1467,1367,1307,1375,1097,0,0,0,0,0,0
23.9624,1,0,edge-on,1758,1704,1707,1614,1759,1226,30.064,39.147,38.507,53.901,25.509,97.092,1550,1467,1367,1307,1375,1097,0,0,0,0,0,0
23.9944,1,0,handedness unsure,1791,1836,1845,1802,1779,1850,24.600,17.230,15.736,22.885,23.166,-61.675,1550,1467,1367,1307,1375,1097,0,0,0,0,0,0
24.0304,1,1,,1780,1742,1681,1803,1737,1449,26.508,32.810,42.949,22.722,28.127,61.334,1550,1467,1367,1307,1375,1097,0,0,0,0,0,0
24.0624,1,1,,1695,1613,1629,1708,1815,1636,40.498,54.182,51.532,38.360,18.978,37.365,1550,1467,1367,1307,1375,1097,0,0,0,0,0,0
24.0944,1,1,,1735,1606,1584,1667,1820,1794,33.950,55.286,58.968,45.181,18.391,17.126,1550,1467,1367,1307,1375,1097,0,0,0,0,0,0
24.1304,1,1,,1718,1600,1583,1650,1829,1797,36.787,56.314,59.045,48.036,17.338,16.688,1550,1467,1367,1307,1375,1096,0,0,0,0,0,0
24.1624,1,1,,1719,1598,1555,1638,1832,1752,36.618,56.527,63.745,50.030,17.061,22.528,1550,1467,1367,1307,1375,1096,0,0,0,0,0,0
24.1944,1,1,,1731,1606,1559,1632,1824,1715,34.559,55.327,62.991,51.057,17.998,27.288,1550,1467,1367,1307,1375,1097,0,0,0,0,0,0
24.2304,1,1,,1722,1611,1562,1641,1813,1723,36.094,54.460,62.586,49.416,19.283,26.224,1550,1467,1367,1307,1375,1097,0,0,0,0,0,0
24.2624,1,1,,1719,1616,1577,1648,1813,1752,36.585,53.655,60.074,48.384,19.203,22.438,1550,1467,1367,1307,1375,1096,0,0,0,0,0,0
24.2944,1,1,,1743,1627,1585,1658,1825,1735,32.647,51.739,58.723,46.739,17.838,24.635,1550,1467,1367,1307,1375,1097,0,0,0,0,0,0
24.3304,1,1,,1762,1633,1646,1687,1803,1676,29.451,50.769,48.604,41.951,20.461,32.195,1550,1467,1367,1307,1375,1097,0,0,0,0,0,0
24.3624,1,1,,1628,1565,1474,1601,1726,1478,51.639,62.128,77.081,56.151,29.416,57.627,1550,1467,1367,1307,1375,1097,0,0,0,0,0,0
24.3944,1,1,,1424,1303,1240,1369,1745,1226,85.451,105.376,115.832,94.454,27.191,104.588,1550,1467,1367,1307,1375,1097,0,0,0,0,0,0
24.4304,1,1,,1155,1088,1083,1208,1742,1226,129.904,140.942,141.882,121.056,27.566,110.151,1550,1467,1367,1307,1375,1097,0,0,0,0,0,0
24.4624,1,1,,1042,1112,1053,1232,1621,1226,148.652,136.966,146.718,117.145,41.596,113.116,1550,1467,1367,1307,1375,1097,0,0,0,0,0,0
24.4944,1,1,,1149,1059,1034,1088,1462,1317,130.904,145.786,150.836,141.057,60.148,78.208,1550,1467,1367,1307,1375,1097,0,0,0,0,0,0
24.5304,1,1,,1149,1079,1095,1199,1292,1358,130.891,142.403,139.844,122.670,79.921,73.011,1550,1467,1367,1307,1375,1097,0,0,0,0,0,0
24.5624,1,1,,1195,1095,1152,1184,1370,1483,123.261,139.827,130.360,125.175,70.847,56.940,1550,1467,1367,1307,1375,1097,0,0,0,0,0,0
24.5944,1,1,,1197,1109,1173,1192,1366,1559,123.019,137.518,126.921,123.702,71.340,47.203,1550,1467,1367,1307,1375,1097,0,0,0,0,0,0
24.6424,1,1,,1261,1178,1214,1254,1355,1492,112.439,126.134,120.133,113.492,72.569,55.800,1550,1467,1367,1307,1375,1097,0,0,0,0,0,0
24.6624,1,1,,1448,1281,1276,1306,1363,1318,81.453,109.060,109.866,104.863,71.643,78.173,1550,1467,1367,1307,1375,1097,0,0,0,0,0,0
24.6944,1,1,,1612,1485,1473,1531,1568,1327,54.299,75.355,77.335,67.641,47.733,77.017,1550,1467,1367,1307,1375,1097,0,0,0,0,0,0
24.7304,1,1,,1679,1539,1523,1455,1662,1532,43.279,66.391,69.057,80.221,36.802,50.684,1550,1467,1367,1307,1375,1097,0,0,0,0,0,0
24.7624,1,1,,1736,1661,1682,1571,1786,1375,33.826,46.236,42.657,61.072,22.367,70.834,1550,1467,1367,1307,1375,1097,0,0,0,0,0,0
24.7944,1,0,handedness unsure,1770,1850,1844,1850,1682,1850,28.186,11.036,15.981,14.677,34.484,-42.597,1550,1467,1367,1307,1375,1097,0,0,0,0,0,0
24.8304,1,1,,1698,1755,1729,1847,1814,1533,40.026,30.715,34.901,15.491,19.125,50.591,1550,1467,1367,1307,1375,1096,0,0,0,0,0,0
24.8624,1,1,,1705,1623,1560,1677,1774,1691,38.974,52.518,62.923,43.545,23.844,30.350,1550,1467,1367,1307,1375,1097,0,0,0,0,0,0
24.8944,1,1,,1756,1651,1613,1708,1801,1813,30.513,47.867,54.070,38.464,20.609,14.741,1550,1467,1367,1307,1375,1097,0,0,0,0,0,0
24.9304,1,1,,1733,1645,1618,1693,1785,1788,34.255,48.768,53.264,40.839,22.540,17.854,1550,1467,1367,1307,1375,1096,0,0,0,0,0,0
24.9644,1,1,,1713,1630,1614,1680,1795,1801,37.505,51.383,53.912,43.071,21.391,16.246,1550,1467,1367,1307,1375,1097,0,0,0,0,0,0
24.9944,1,1,,1714,1627,1596,1694,1778,1797,37.399,51.746,57.003,40.659,23.313,16.734,1550,1467,1367,1307,1375,1096,0,0,0,0,0,0
25.0304,1,1,,1722,1626,1590,1680,1795,1768,36.141,51.997,58.003,42.967,21.399,20.453,1550,1467,1367,1307,1375,1096,0,0,0,0,0,0
25.0664,1,1,,1719,1636,1580,1678,1795,1747,36.670,50.240,59.595,43.313,21.317,23.111,1550,1467,1367,1307,1375,1097,0,0,0,0,0,0
25.0944,1,1,,1710,1633,1603,1688,1807,1750,38.019,50.737,55.731,41.715,19.952,22.770,1550,1467,1367,1307,1375,1097,0,0,0,0,0,0
25.1304,1,1,,1726,1639,1602,1663,1806,1745,35.492,49.824,55.944,45.784,20.114,23.365,1550,1467,1367,1307,1375,1097,0,0,0,0,0,0
25.1624,1,1,,1720,1629,1587,1657,1797,1735,36.474,51.493,58.487,46.821,21.092,24.641,1550,1467,1367,1307,1375,1097,0,0,0,0,0,0
25.1944,1,1,,1717,1629,1595,1668,1811,1730,36.915,51.531,57.042,44.956,19.538,25.364,1550,1467,1367,1307,1375,1097,0,0,0,0,0,0
25.2304,1,1,,1719,1638,1608,1670,1804,1752,36.672,50.019,54.911,44.707,20.325,22.479,1550,1467,1367,1307,1375,1097,0,0,0,0,0,0
25.2624,1,1,,1728,1656,1630,1720,1841,1693,35.146,46.933,51.289,36.492,16.034,30.038,1550,1467,1367,1307,1375,1097,0,0,0,0,0,0
25.2944,1,0,hand looks flipped,1835,1775,1846,1772,1635,1226,17.377,27.321,15.571,27.803,39.992,117.381,1550,1467,1367,1307,1375,1096,0,0,0,0,0,0
25.3304,1,0,edge-on,1800,1661,1574,1500,1708,1226,23.192,46.241,60.589,72.810,31.500,99.333,1550,1467,1367,1307,1375,1097,0,0,0,0,0,0
25.3624,1,1,,1676,1538,1488,1444,1755,1427,43.643,66.489,74.785,82.104,25.951,64.173,1550,1467,1367,1307,1375,1097,0,0,0,0,0,0
25.3944,1,1,,1616,1565,1504,1525,1584,1370,53.701,62.041,72.114,68.674,45.878,71.425,1550,1467,1367,1307,1375,1097,0,0,0,0,0,0
25.4304,1,1,,1631,1585,1548,1580,1470,1292,51.188,58.770,64.842,59.539,59.234,81.492,1550,1467,1367,1307,1375,1097,0,0,0,0,0,0
25.4624,1,1,,1734,1681,1658,1599,1651,1361,34.151,42.822,46.630,56.365,38.079,72.632,1550,1467,1367,1307,1375,1097,0,0,0,0,0,0
25.4944,1,1,,1475,1557,1546,1503,1775,1432,76.918,63.365,65.211,72.255,23.672,63.486,1550,1467,1367,1307,1375,1097,0,0,0,0,0,0
25.5304,1,1,,1649,1590,1672,1694,1816,1226,48.229,57.852,44.296,40.725,18.929,97.734,1550,1467,1367,1307,1375,1096,0,0,0,0,0,0
25.5624,1,1,,1631,1675,1642,1800,1685,1226,51.215,43.932,49.407,23.219,34.174,109.184,1550,1467,1367,1307,1375,1097,0,0,0,0,0,0
25.5944,1,1,,1576,1519,1520,1666,1771,1791,60.247,69.644,69.457,45.306,24.104,17.462,1550,1467,1367,1307,1375,1097,0,0,0,0,0,0
25.6304,1,1,,1410,1315,1303,1434,1831,1548,87.708,103.364,105.494,83.794,17.097,48.639,1550,1467,1367,1307,1375,1097,0,0,0,0,0,0
25.6624,1,0,handedness unsure,1461,1332,1271,1418,1706,1850,79.291,100.679,110.757,86.366,31.669,-122.503,1550,1467,1367,1307,1375,1096,0,0,0,0,0,0
25.6944,1,1,,1180,1160,1106,1197,1627,1435,125.729,129.129,138.084,122.918,40.853,63.166,1550,1467,1367,1307,1375,1097,0,0,0,0,0,0
25.7304,1,1,,1174,1132,1111,1201,1241,1285,126.718,133.695,137.122,122.256,85.807,82.308,1550,1467,1367,1307,1375,1096,0,0,0,0,0,0
25.7624,1,1,,1136,1090,1076,1152,1341,1486,132.979,140.704,142.934,130.383,74.195,56.637,1550,1467,1367,1307,1375,1097,0,0,0,0,0,0
25.7944,1,1,,1124,1034,1034,1091,1563,1490,135.064,151.968,151.043,140.497,48.358,56.090,1550,1467,1367,1307,1375,1097,0,0,0,0,0,0
25.8304,1,1,,1241,1189,1125,1206,1715,1226,115.619,124.339,134.821,121.481,30.637,94.352,1550,1467,1367,1307,1375,1097,0,0,0,0,0,0
25.8624,1,1,,1417,1455,1448,1483,1577,1226,86.572,80.250,81.461,75.563,46.748,100.991,1550,1467,1367,1307,1375,1097,0,0,0,0,0,0
25.8944,1,0,handedness unsure,1616,1646,1486,1583,1519,1850,53.584,48.715,75.164,59.159,53.460,-54.935,1550,1467,1367,1307,1375,1097,0,0,0,0,0,0
25.9304,1,0,handedness unsure,1523,1693,1769,1800,1677,1850,68.954,40.854,28.290,23.221,35.053,-2.011,1550,1467,1367,1307,1375,1097,0,0,0,0,0,0
25.9624,1,0,hand looks flipped,1758,1779,1762,1678,1681,1850,30.193,26.637,29.481,43.428,34.565,-56.985,1550,1467,1367,1307,1375,1096,0,0,0,0,0,0
25.9984,1,1,,1452,1850,1705,1842,1587,1709,80.842,6.272,38.944,16.318,45.590,28.001,1550,1467,1367,1307,1375,1096,0,0,0,0,0,0
26.0304,1,1,,1756,1672,1621,1710,1779,1701,30.491,44.407,52.835,38.104,23.201,29.023,1550,1467,1367,1307,1375,1096,0,0,0,0,0,0
26.0624,1,1,,1725,1673,1624,1690,1802,1752,35.615,44.166,52.304,41.422,20.555,22.509,1550,1467,1367,1307,1375,1097,0,0,0,0,0,0
26.0944,1,1,,1743,1664,1619,1690,1813,1749,32.593,45.738,53.094,41.404,19.263,22.854,1550,1467,1367,1307,1375,1096,0,0,0,0,0,0
26.1304,1,1,,1740,1644,1604,1690,1816,1770,33.066,49.015,55.640,41.410,18.874,20.223,1550,1467,1367,1307,1375,1096,0,0,0,0,0,0
26.1624,1,1,,1729,1633,1595,1659,1812,1709,35.007,50.822,57.051,46.570,19.350,28.055,1550,1467,1367,1307,1375,1097,0,0,0,0,0,0
26.1944,1,1,,1718,1636,1600,1661,1804,1686,36.744,50.314,56.269,46.171,20.349,30.933,1550,1467,1367,1307,1375,1096,0,0,0,0,0,0
26.2304,1,1,,1724,1629,1610,1673,1808,1733,35.794,51.432,54.571,44.179,19.878,24.893,1550,1467,1367,1307,1375,1097,0,0,0,0,0,0
26.2624,1,1,,1730,1645,1626,1690,1821,1719,34.785,48.866,51.947,41.361,18.341,26.781,1550,1467,1367,1307,1375,1097,0,0,0,0,0,0
26.3064,1,1,,1722,1634,1614,1675,1824,1713,36.062,50.615,54.006,43.874,17.968,27.468,1550,1467,1367,1307,1375,1097,0,0,0,0,0,0
26.3304,1,1,,1735,1641,1624,1683,1825,1713,33.944,49.432,52.265,42.622,17.862,27.532,1550,1467,1367,1307,1375,1097,0,0,0,0,0,0
26.3624,1,1,,1741,1640,1620,1671,1822,1708,32.977,49.591,52.978,44.488,18.190,28.171,1550,1467,1367,1307,1375,1097,0,0,0,0,0,0
26.3944,1,1,,1745,1649,1628,1669,1812,1658,32.266,48.175,51.711,44.780,19.414,34.568,1550,1467,1367,1307,1375,1097,0,0,0,0,0,0
26.4304,1,1,,1737,1646,1621,1667,1810,1670,33.649,48.717,52.827,45.215,19.622,32.950,1550,1467,1367,1307,1375,1097,0,0,0,0,0,0
26.4624,1,1,,1740,1642,1626,1665,1810,1683,33.133,49.385,51.987,45.513,19.583,31.351,1550,1467,1367,1307,1375,1097,0,0,0,0,0,0
26.5064,1,1,,1744,1639,1619,1667,1805,1687,32.433,49.887,53.172,45.178,20.207,30.816,1550,1467,1367,1307,1375,1097,0,0,0,0,0,0
26.5304,1,1,,1736,1632,1615,1669,1808,1693,33.833,51.059,53.717,44.814,19.799,30.101,1550,1467,1367,1307,1375,1096,0,0,0,0,0,0
26.5624,1,1,,1741,1611,1608,1667,1810,1708,33.020,54.493,54.966,45.275,19.656,28.108,1550,1467,1367,1307,1375,1097,0,0,0,0,0,0
26.5944,1,1,,1728,1579,1591,1667,1805,1680,35.081,59.703,57.797,45.211,20.201,31.710,1550,1467,1367,1307,1375,1096,0,0,0,0,0,0
26.6304,1,1,,1544,1386,1404,1545,1770,1660,65.593,91.674,88.744,65.327,24.273,34.293,1550,1467,1367,1307,1375,1097,0,0,0,0,0,0
26.6624,1,1,,1275,1171,1165,1325,1710,1226,110.015,127.296,128.236,101.825,31.240,109.488,1550,1467,1367,1307,1375,1097,0,0,0,0,0,0
26.6944,1,1,,1149,1054,1037,1130,1712,1226,130.915,146.660,149.478,134.087,31.028,150.397,1550,1467,1367,1307,1375,1097,0,0,0,0,0,0
26.7304,1,1,,1346,1399,1304,1372,1616,1226,98.307,89.588,105.199,94.058,42.180,131.486,1550,1467,1367,1307,1375,1097,0,0,0,0,0,0
26.7624,1,1,,1250,1260,1196,1165,1562,1235,114.099,112.505,123.104,128.216,48.512,88.832,1550,1467,1367,1307,1375,1096,0,0,0,0,0,0
26.7944,1,1,,1193,1147,1143,1256,1361,1471,123.632,131.278,131.920,113.247,71.905,58.481,1550,1467,1367,1307,1375,1097,0,0,0,0,0,0
26.8304,1,1,,1239,1228,1238,1370,1189,1589,116.062,117.873,116.238,94.320,91.931,43.350,1550,1467,1367,1307,1375,1097,0,0,0,0,0,0
26.8624,1,1,,1305,1314,1307,1467,1275,1664,105.141,103.541,104.682,78.304,81.852,33.791,1550,1467,1367,1307,1375,1097,0,0,0,0,0,0
26.8944,1,1,,1459,1380,1322,1485,1850,1361,79.544,92.703,102.240,75.342,14.255,72.672,1550,1467,1367,1307,1375,1096,0,0,0,0,0,0
26.9304,1,1,,1553,1410,1495,1602,1777,1251,64.119,87.663,73.640,55.996,23.481,86.746,1550,1467,1367,1307,1375,1097,0,0,0,0,0,0
26.9624,0,0,,,,,,,,,,,,,,1550,1467,1367,1307,1375,1096,0,0,0,0,0,0
26.9944,0,0,,,,,,,,,,,,,,1550,1467,1367,1307,1375,1097,0,0,0,0,0,0
27.0525,1,1,,1596,1213,1291,1639,1748,1721,56.935,120.289,107.322,49.905,26.773,26.531,1550,1467,1367,1307,1375,1097,0,0,0,0,0,0
27.0865,1,1,,1660,1549,1528,1581,1744,1601,46.356,64.656,68.230,59.378,27.261,41.897,1550,1467,1367,1307,1375,1097,0,0,0,0,0,0
27.1104,1,0,handedness unsure,1692,1727,1718,1764,1648,1226,41.134,35.279,36.824,29.082,38.450,165.104,1550,1467,1367,1307,1375,1097,0,0,0,0,0,0
27.1304,0,0,,,,,,,,,,,,,,1550,1467,1367,1307,1375,1096,0,0,0,0,0,0
27.1624,1,0,hand looks flipped,1326,1252,1310,1397,1696,1850,101.583,113.770,104.307,89.859,32.835,-97.647,1550,1467,1367,1307,1375,1097,0,0,0,0,0,0
27.2045,1,0,handedness unsure,1551,1397,1429,1560,1438,1565,64.417,89.912,84.486,62.823,62.919,46.436,1550,1467,1367,1307,1375,1096,0,0,0,0,0,0
27.2304,1,1,,1369,1274,1293,1560,1725,1393,94.453,110.150,107.146,62.893,29.503,68.560,1550,1467,1367,1307,1375,1096,0,0,0,0,0,0
27.2624,1,1,,1374,1295,1448,1517,1753,1271,93.585,106.778,81.373,70.052,26.249,84.159,1550,1467,1367,1307,1375,1097,0,0,0,0,0,0
27.2944,0,0,,,,,,,,,,,,,,1550,1467,1367,1307,1375,1096,0,0,0,0,0,0
27.3304,1,1,,1423,1570,1636,1537,1584,1433,85.494,61.323,50.327,66.736,45.965,63.378,1550,1467,1367,1307,1375,1097,0,0,0,0,0,0
27.3845,1,1,,1358,1290,1299,1318,1620,1334,96.315,107.494,106.072,103.005,41.770,76.084,1550,1467,1367,1307,1375,1097,0,0,0,0,0,0
27.3964,1,1,,1348,1381,1453,1532,1755,1226,97.889,92.533,80.609,67.592,25.955,98.704,1550,1467,1367,1307,1375,1096,0,0,0,0,0,0
27.4304,0,0,,,,,,,,,,,,,,1550,1467,1367,1307,1375,1097,0,0,0,0,0,0
27.4624,1,0,hand looks flipped,1451,1386,1374,1458,1833,1850,80.896,91.693,93.666,79.725,16.975,-82.906,1550,1467,1367,1307,1375,1097,0,0,0,0,0,0
27.5165,0,0,,,,,,,,,,,,,,1550,1467,1367,1307,1375,1097,0,0,0,0,0,0
27.5304,1,1,,1457,1312,1272,1350,1762,1371,79.859,103.861,110.532,97.601,25.136,71.390,1550,1467,1367,1307,1375,1096,0,0,0,0,0,0
27.5845,1,1,,1435,1338,1357,1523,1815,1291,83.546,99.602,96.446,69.006,19.005,81.595,1550,1467,1367,1307,1375,1096,0,0,0,0,0,0
27.5984,1,0,edge-on,1492,1429,1469,1508,1798,1226,74.067,84.500,77.905,71.512,20.998,97.039,1550,1467,1367,1307,1375,1097,0,0,0,0,0,0
27.6304,1,1,,1742,1592,1579,1575,1756,1226,32.855,57.536,59.750,60.348,25.865,160.432,1550,1467,1367,1307,1375,1096,0,0,0,0,0,0
27.6624,1,1,,1672,1781,1666,1709,1744,1850,44.351,26.321,45.370,38.236,27.249,-159.163,1550,1467,1367,1307,1375,1097,0,0,0,0,0,0
27.7064,1,1,,1639,1789,1759,1741,1675,1579,49.797,24.952,30.006,33.027,35.358,44.655,1550,1467,1367,1307,1375,1097,0,0,0,0,0,0
27.7304,1,1,,1697,1625,1606,1692,1765,1670,40.269,52.099,55.223,41.103,24.801,33.012,1550,1467,1367,1307,1375,1097,0,0,0,0,0,0
27.7624,1,1,,1717,1658,1641,1707,1754,1801,36.919,46.621,49.498,38.553,26.067,16.277,1550,1467,1367,1307,1375,1097,0,0,0,0,0,0
27.7944,1,1,,1712,1658,1653,1711,1772,1741,37.674,46.734,47.538,37.864,24.048,23.850,1550,1467,1367,1307,1375,1097,0,0,0,0,0,0
27.8324,1,1,,1713,1643,1631,1699,1765,1728,37.639,49.148,51.173,39.949,24.846,25.627,1550,1467,1367,1307,1375,1096,0,0,0,0,0,0
27.8624,1,1,,1746,1654,1627,1701,1815,1760,32.178,47.368,51.764,39.499,19.008,21.456,1550,1467,1367,1307,1375,1097,0,0,0,0,0,0
27.8944,1,1,,1728,1648,1636,1705,1787,1753,35.108,48.365,50.311,38.839,22.235,22.362,1550,1467,1367,1307,1375,1097,0,0,0,0,0,0
27.9304,1,1,,1726,1650,1627,1698,1796,1738,35.433,47.994,51.842,40.001,21.241,24.237,1550,1467,1367,1307,1375,1097,0,0,0,0,0,0
27.9624,1,1,,1710,1633,1618,1698,1798,1726,38.127,50.846,53.355,40.017,20.996,25.790,1550,1467,1367,1307,1375,1097,0,0,0,0,0,0
27.9944,1,1,,1724,1627,1605,1678,1804,1782,35.716,51.806,55.482,43.333,20.292,18.711,1550,1467,1367,1307,1375,1097,0,0,0,0,0,0
28.0304,1,1,,1717,1627,1613,1681,1811,1775,36.906,51.870,54.128,42.840,19.463,19.589,1550,1467,1367,1307,1375,1096,0,0,0,0,0,0
28.0624,1,1,,1737,1650,1641,1698,1801,1768,33.664,47.987,49.465,40.052,20.612,20.402,1550,1467,1367,1307,1375,1097,0,0,0,0,0,0
28.0984,1,1,,1742,1653,1630,1684,1782,1722,32.731,47.499,51.391,42.411,22.844,26.341,1550,1467,1367,1307,1375,1097,0,0,0,0,0,0
28.1304,1,1,,1754,1654,1630,1697,1776,1711,30.801,47.334,51.291,40.270,23.589,27.819,1550,1467,1367,1307,1375,1097,0,0,0,0,0,0
28.1644,1,1,,1755,1659,1645,1702,1781,1711,30.664,46.489,48.777,39.461,22.937,27.733,1550,1467,1367,1307,1375,1097,0,0,0,0,0,0
28.1944,1,1,,1763,1665,1647,1711,1782,1726,29.306,45.559,48.547,37.927,22.894,25.891,1550,1467,1367,1307,1375,1097,0,0,0,0,0,0
28.2304,1,1,,1762,1659,1644,1715,1792,1747,29.522,46.557,49.046,37.180,21.686,23.131,1550,1467,1367,1307,1375,1096,0,0,0,0,0,0
28.2624,1,1,,1765,1649,1632,1704,1801,1753,29.055,48.192,50.946,39.123,20.700,22.320,1550,1467,1367,1307,1375,1097,0,0,0,0,0,0
28.2964,1,1,,1760,1646,1637,1701,1790,1751,29.858,48.597,50.166,39.583,21.909,22.612,1550,1467,1367,1307,1375,1096,0,0,0,0,0,0
28.3304,1,1,,1749,1641,1642,1699,1781,1755,31.686,49.545,49.368,39.941,22.959,22.070,1550,1467,1367,1307,1375,1097,0,0,0,0,0,0
28.3624,1,1,,1759,1637,1634,1680,1802,1784,29.913,50.199,50.593,43.019,20.550,18.416,1550,1467,1367,1307,1375,1096,0,0,0,0,0,0
28.3944,1,1,,1758,1627,1616,1668,1817,1751,30.163,51.841,53.645,45.003,18.794,22.630,1550,1467,1367,1307,1375,1096,0,0,0,0,0,0
28.4304,1,1,,1757,1635,1628,1675,1812,1741,30.252,50.516,51.622,43.884,19.379,23.899,1550,1467,1367,1307,1375,1097,0,0,0,0,0,0
28.4624,1,1,,1750,1627,1606,1675,1813,1746,31.539,51.845,55.246,43.895,19.194,23.264,1550,1467,1367,1307,1375,1097,0,0,0,0,0,0
28.4944,1,1,,1747,1639,1618,1674,1814,1742,31.972,49.817,53.295,43.953,19.123,23.771,1550,1467,1367,1307,1375,1096,0,0,0,0,0,0
28.5304,1,1,,1753,1650,1618,1682,1809,1715,31.019,48.023,53.362,42.789,19.673,27.192,1550,1467,1367,1307,1375,1097,0,0,0,0,0,0
28.5624,1,1,,1745,1640,1605,1661,1804,1713,32.237,49.675,55.389,46.105,20.245,27.560,1550,1467,1367,1307,1375,1096,0,0,0,0,0,0
28.5944,1,1,,1737,1640,1604,1663,1810,1697,33.569,49.627,55.580,45.784,19.610,29.539,1550,1467,1367,1307,1375,1096,0,0,0,0,0,0
28.6304,1,1,,1730,1634,1606,1666,1818,1680,34.689,50.661,55.340,45.401,18.679,31.717,1550,1467,1367,1307,1375,1097,0,0,0,0,0,0
28.6624,1,1,,1732,1639,1602,1661,1816,1681,34.510,49.882,55.927,46.125,18.946,31.553,1550,1467,1367,1307,1375,1096,0,0,0,0,0,0
28.6944,1,1,,1732,1636,1604,1668,1805,1695,34.464,50.322,55.676,45.056,20.165,29.867,1550,1467,1367,1307,1375,1097,0,0,0,0,0,0
28.7304,1,1,,1736,1635,1591,1655,1805,1702,33.780,50.475,57.812,47.204,20.156,28.908,1550,1467,1367,1307,1375,1097,0,0,0,0,0,0
28.7624,1,1,,1733,1626,1590,1657,1794,1701,34.339,51.921,57.979,46.901,21.416,29.033,1550,1467,1367,1307,1375,1097,0,0,0,0,0,0
28.7944,1,1,,1730,1622,1580,1644,1803,1714,34.768,52.687,59.607,49.072,20.446,27.405,1550,1467,1367,1307,1375,1096,0,0,0,0,0,0
28.8304,1,1,,1736,1633,1598,1665,1812,1722,33.813,50.899,56.658,45.528,19.405,26.344,1550,1467,1367,1307,1375,1097,0,0,0,0,0,0
28.8624,1,1,,1728,1631,1596,1663,1820,1739,35.033,51.071,56.900,45.848,18.384,24.205,1550,1467,1367,1307,1375,1097,0,0,0,0,0,0
28.8944,1,1,,1732,1637,1607,1665,1812,1764,34.495,50.209,55.165,45.454,19.327,20.930,1550,1467,1367,1307,1375,1097,0,0,0,0,0,0
28.9304,1,1,,1717,1637,1607,1667,1815,1760,36.984,50.084,55.048,45.153,19.039,21.420,1550,1467,1367,1307,1375,1096,0,0,0,0,0,0
28.9624,1,1,,1713,1635,1617,1678,1813,1761,37.627,50.486,53.396,43.433,19.210,21.397,1550,1467,1367,1307,1375,1096,0,0,0,0,0,0
28.9944,1,1,,1700,1629,1609,1671,1823,1778,39.737,51.456,54.725,44.607,18.141,19.211,1550,1467,1367,1307,1375,1096,0,0,0,0,0,0
29.0304,1,1,,1722,1626,1607,1686,1835,1783,36.079,51.967,55.063,41.987,16.630,18.509,1550,1467,1367,1307,1375,1097,0,0,0,0,0,0
29.0624,1,1,,1705,1626,1603,1686,1834,1788,38.868,51.900,55.759,42.085,16.753,17.943,1550,1467,1367,1307,1375,1097,0,0,0,0,0,0
29.0944,1,1,,1717,1626,1597,1693,1839,1782,36.870,51.939,56.699,40.844,16.197,18.653,1550,1467,1367,1307,1375,1097,0,0,0,0,0,0
29.1304,1,1,,1715,1628,1605,1691,1833,1783,37.175,51.653,55.420,41.218,16.892,18.492,1550,1467,1367,1307,1375,1096,0,0,0,0,0,0
29.1624,1,1,,1709,1628,1610,1682,1814,1775,38.272,51.721,54.693,42.777,19.076,19.584,1550,1467,1367,1307,1375,1097,0,0,0,0,0,0
29.1944,1,1,,1709,1625,1611,1683,1810,1769,38.172,52.146,54.529,42.534,19.577,20.284,1550,1467,1367,1307,1375,1096,0,0,0,0,0,0
29.2304,1,1,,1730,1639,1614,1681,1817,1776,34.732,49.842,53.918,42.807,18.811,19.399,1550,1467,1367,1307,1375,1097,0,0,0,0,0,0
29.2624,1,1,,1727,1626,1586,1678,1827,1794,35.349,52.010,58.531,43.338,17.583,17.103,1550,1467,1367,1307,1375,1097,0,0,0,0,0,0
29.2944,1,1,,1715,1597,1568,1643,1829,1767,37.222,56.719,61.508,49.233,17.360,20.551,1550,1467,1367,1307,1375,1096,0,0,0,0,0,0
29.3304,1,1,,1712,1609,1539,1641,1832,1713,37.776,54.815,66.382,49.422,17.082,27.535,1550,1467,1367,1307,1375,1096,0,0,0,0,0,0
29.3624,1,1,,1713,1636,1579,1642,1838,1690,37.552,50.339,59.826,49.406,16.347,30.418,1550,1467,1367,1307,1375,1097,0,0,0,0,0,0
29.3944,1,1,,1727,1597,1573,1652,1766,1752,35.212,56.809,60.752,47.747,24.676,22.537,1550,1467,1367,1307,1375,1097,0,0,0,0,0,0
29.4304,1,1,,1753,1696,1619,1694,1837,1605,31.041,40.468,53.171,40.780,16.439,41.324,1550,1467,1367,1307,1375,1097,0,0,0,0,0,0
29.4624,1,1,,1722,1657,1683,1714,1850,1580,36.173,46.898,42.609,37.365,14.558,44.604,1550,1467,1367,1307,1375,1096,0,0,0,0,0,0
29.4984,1,1,,1749,1702,1699,1745,1850,1576,31.673,39.347,39.823,32.221,11.272,45.074,1550,1467,1367,1307,1375,1097,0,0,0,0,0,0
29.5304,1,1,,1777,1721,1710,1781,1850,1570,26.997,36.260,38.060,26.347,12.045,45.887,1550,1467,1367,1307,1375,1096,0,0,0,0,0,0
29.5624,1,1,,1766,1743,1746,1805,1781,1491,28.858,32.585,32.094,22.400,23.014,56.017,1550,1467,1367,1307,1375,1097,0,0,0,0,0,0
29.5944,1,1,,1771,1718,1719,1811,1850,1487,28.067,36.776,36.649,21.358,12.655,56.445,1550,1467,1367,1307,1375,1097,0,0,0,0,0,0
29.6304,1,1,,1751,1697,1708,1811,1825,1495,31.328,40.287,38.340,21.339,17.855,55.447,1550,1467,1367,1307,1375,1097,0,0,0,0,0,0
29.6624,1,1,,1730,1653,1650,1795,1768,1608,34.742,47.490,47.973,24.063,24.458,40.939,1550,1467,1367,1307,1375,1097,0,0,0,0,0,0
29.6944,1,1,,1771,1657,1622,1703,1754,1506,27.915,46.828,52.598,39.249,26.088,54.091,1550,1467,1367,1307,1375,1097,0,0,0,0,0,0
29.7304,1,1,,1670,1635,1505,1568,1828,1645,44.750,50.483,71.974,61.579,17.515,36.236,1550,1467,1367,1307,1375,1097,0,0,0,0,0,0
29.7624,1,1,,1594,1528,1453,1557,1724,1580,57.352,68.241,80.520,63.471,29.585,44.611,1550,1467,1367,1307,1375,1096,0,0,0,0,0,0
29.7944,1,1,,1575,1759,1662,1757,1791,1459,60.443,29.966,45.969,30.253,21.810,60.081,1550,1467,1367,1307,1375,1097,0,0,0,0,0,0
29.8304,1,1,,1466,1649,1578,1628,1773,1478,78.397,48.230,59.891,51.606,23.943,57.665,1550,1467,1367,1307,1375,1097,0,0,0,0,0,0
29.8624,1,1,,1513,1507,1525,1620,1729,1421,70.750,71.679,68.644,53.003,29.038,64.934,1550,1467,1367,1307,1375,1097,0,0,0,0,0,0
29.8944,1,1,,1725,1675,1637,1672,1722,1506,35.536,43.907,50.077,44.285,29.884,54.073,1550,1467,1367,1307,1375,1096,0,0,0,0,0,0
29.9304,1,1,,1655,1643,1540,1618,1834,1614,47.209,49.167,66.143,53.288,16.781,40.155,1550,1467,1367,1307,1375,1096,0,0,0,0,0,0
29.9624,1,1,,1693,1640,1564,1640,1829,1611,40.877,49.626,62.302,49.588,17.404,40.590,1550,1467,1367,1307,1375,1097,0,0,0,0,0,0
29.9944,1,1,,1597,1489,1412,1487,1802,1525,56.813,74.645,87.336,74.989,20.585,51.623,1550,1467,1367,1307,1375,1097,0,0,0,0,0,0
