t,seen,trust,why,tgt_pinky,tgt_ring,tgt_middle,tgt_index,tgt_thumb_bend,tgt_thumb_rot,curl_pinky,curl_ring,curl_middle,curl_index,thumb_flexion,opposition,ang_pinky,ang_ring,ang_middle,ang_index,ang_thumb_bend,ang_thumb_rot,cur_pinky,cur_ring,cur_middle,cur_index,cur_thumb_bend,cur_thumb_rot
0.0000,1,1,,1795,1651,1627,1743,1818,1759,24.007,47.901,51.884,32.652,18.715,21.666,1550,1467,1367,1307,1375,1097,0,0,0,0,0,0
0.1954,1,1,,1783,1633,1585,1679,1804,1744,26.024,50.820,58.683,43.197,20.261,23.495,1550,1467,1367,1307,1375,1097,0,0,0,0,0,0
0.2145,1,1,,1775,1637,1612,1689,1802,1717,27.288,50.093,54.367,41.602,20.584,26.951,1550,1467,1367,1307,1375,1097,0,0,0,0,0,0
0.2284,1,1,,1775,1636,1606,1677,1807,1740,27.293,50.246,55.254,43.616,19.984,23.989,1550,1467,1367,1307,1375,1097,0,0,0,0,0,0
0.2585,1,1,,1779,1651,1621,1674,1798,1728,26.597,47.780,52.814,44.003,20.987,25.539,1550,1467,1367,1307,1375,1096,0,0,0,0,0,0
0.2844,1,1,,1785,1652,1619,1669,1792,1746,25.649,47.739,53.189,44.848,21.738,23.245,1550,1467,1367,1307,1375,1097,0,0,0,0,0,0
0.3044,1,1,,1786,1654,1627,1672,1792,1743,25.575,47.388,51.758,44.376,21.652,23.716,1550,1467,1367,1307,1375,1097,0,0,0,0,0,0
0.3405,1,1,,1774,1642,1617,1667,1793,1757,27.514,49.346,53.456,45.138,21.546,21.872,1550,1467,1367,1307,1375,1097,0,0,0,0,0,0
0.3724,1,1,,1784,1650,1616,1663,1785,1747,25.861,47.966,53.586,45.882,22.525,23.140,1550,1467,1367,1307,1375,1097,0,0,0,0,0,0
0.4164,1,1,,1793,1659,1634,1665,1781,1753,24.344,46.455,50.595,45.577,22.970,22.412,1550,1467,1367,1307,1375,1097,0,0,0,0,0,0
0.4404,1,1,,1791,1651,1625,1661,1776,1735,24.736,47.848,52.215,46.149,23.584,24.636,1550,1467,1367,1307,1375,1097,0,0,0,0,0,0
0.4804,1,1,,1787,1644,1625,1664,1775,1724,25.417,48.962,52.137,45.635,23.633,26.113,1550,1467,1367,1307,1375,1097,0,0,0,0,0,0
0.5044,1,1,,1793,1635,1622,1651,1791,1726,24.365,50.416,52.575,47.896,21.813,25.841,1550,1467,1367,1307,1375,1097,0,0,0,0,0,0
0.5404,1,1,,1796,1638,1619,1652,1787,1719,23.846,49.972,53.179,47.714,22.332,26.781,1550,1467,1367,1307,1375,1097,0,0,0,0,0,0
0.5765,1,1,,1791,1632,1616,1653,1788,1724,24.705,51.017,53.562,47.563,22.119,26.042,1550,1467,1367,1307,1375,1096,0,0,0,0,0,0
0.6084,1,1,,1793,1643,1625,1668,1787,1728,24.294,49.224,52.105,44.972,22.252,25.625,1550,1467,1367,1307,1375,1097,0,0,0,0,0,0
0.6404,1,1,,1792,1645,1627,1674,1794,1732,24.577,48.788,51.775,44.072,21.447,25.027,1550,1467,1367,1307,1375,1097,0,0,0,0,0,0
0.6724,1,1,,1771,1627,1607,1662,1802,1722,27.926,51.882,55.175,46.023,20.579,26.410,1550,1467,1367,1307,1375,1097,0,0,0,0,0,0
0.7044,1,1,,1777,1639,1607,1676,1809,1724,26.941,49.813,55.188,43.623,19.718,26.119,1550,1467,1367,1307,1375,1097,0,0,0,0,0,0
0.7404,1,1,,1779,1645,1607,1681,1808,1725,26.611,48.777,55.155,42.918,19.837,25.987,1550,1467,1367,1307,1375,1097,0,0,0,0,0,0
0.7824,1,1,,1764,1645,1607,1677,1799,1726,29.067,48.809,55.161,43.544,20.922,25.828,1550,1467,1367,1307,1375,1097,0,0,0,0,0,0
0.8084,1,1,,1761,1632,1595,1673,1815,1723,29.717,50.947,57.133,44.231,19.018,26.230,1550,1467,1367,1307,1375,1097,0,0,0,0,0,0
0.8504,1,1,,1758,1631,1604,1672,1794,1757,30.175,51.172,55.588,44.412,21.413,21.827,1550,1467,1367,1307,1375,1097,0,0,0,0,0,0
0.8724,1,1,,1761,1631,1608,1660,1793,1748,29.709,51.079,54.946,46.396,21.548,23.043,1550,1467,1367,1307,1375,1097,0,0,0,0,0,0
0.9044,1,1,,1758,1642,1611,1672,1794,1745,30.089,49.314,54.409,44.407,21.479,23.422,1550,1467,1367,1307,1375,1097,0,0,0,0,0,0
0.9504,1,1,,1775,1651,1604,1673,1803,1681,27.373,47.800,55.698,44.262,20.459,31.641,1550,1467,1367,1307,1375,1097,0,0,0,0,0,0
0.9724,1,1,,1763,1625,1603,1682,1784,1588,29.255,52.123,55.825,42.630,22.623,43.471,1550,1467,1367,1307,1375,1097,0,0,0,0,0,0
1.0044,1,1,,1693,1560,1558,1698,1798,1585,40.955,62.859,63.212,40.064,21.049,43.863,1550,1467,1367,1307,1375,1097,0,0,0,0,0,0
1.0404,1,1,,1620,1483,1422,1579,1759,1592,52.990,75.642,85.672,59.792,25.568,43.040,1550,1467,1367,1307,1375,1097,0,0,0,0,0,0
1.0724,1,1,,1547,1380,1321,1500,1707,1635,64.993,92.720,102.476,72.814,31.544,37.463,1550,1467,1367,1307,1375,1097,0,0,0,0,0,0
1.1084,1,1,,1416,1279,1228,1379,1659,1566,86.790,109.381,117.803,92.859,37.213,46.363,1550,1467,1367,1307,1375,1097,0,0,0,0,0,0
1.1404,1,1,,1254,1121,1093,1183,1621,1386,113.443,135.522,140.119,125.226,41.604,69.392,1550,1467,1367,1307,1375,1097,0,0,0,0,0,0
1.1824,1,1,,1180,1048,1034,1086,1585,1453,125.830,147.646,152.791,141.260,45.792,60.852,1550,1467,1367,1307,1375,1097,0,0,0,0,0,0
1.2064,1,1,,1176,1034,1034,1113,1546,1489,126.400,150.244,152.759,136.803,50.390,56.210,1550,1467,1367,1307,1375,1097,0,0,0,0,0,0
1.2404,1,1,,1174,1034,1034,1118,1492,1503,126.673,154.089,152.972,136.048,56.592,54.373,1550,1467,1367,1307,1375,1097,0,0,0,0,0,0
1.2724,1,1,,1154,1034,1034,1096,1437,1538,130.015,157.003,156.275,139.733,63.019,49.899,1550,1467,1367,1308,1375,1097,0,0,0,0,0,0
1.3084,1,1,,1144,1034,1034,1120,1431,1521,131.669,157.163,157.226,135.668,63.717,52.054,1550,1467,1367,1307,1375,1097,0,0,0,0,0,0
1.3404,1,1,,1133,1034,1034,1095,1380,1556,133.540,159.038,158.327,139.841,69.606,47.692,1550,1467,1367,1307,1375,1097,0,0,0,0,0,0
1.3724,1,1,,1116,1034,1034,1150,1358,1606,136.392,159.789,157.148,130.787,72.248,41.277,1550,1467,1367,1307,1375,1097,0,0,0,0,0,0
1.4024,1,1,,1102,1034,1034,1111,1324,1632,138.717,163.089,161.675,137.116,76.157,37.941,1550,1467,1367,1307,1375,1097,0,0,0,0,0,0
1.4404,1,1,,1098,1034,1034,1243,1327,1633,139.358,161.364,159.611,115.417,75.867,37.807,1550,1467,1367,1307,1375,1097,0,0,0,0,0,0
1.4724,1,1,,1107,1034,1034,1215,1320,1720,137.867,160.222,157.431,119.995,76.603,26.663,1550,1467,1367,1307,1375,1097,0,0,0,0,0,0
1.5044,1,1,,1101,1034,1034,1102,1302,1727,138.869,159.651,160.284,138.626,78.760,25.710,1550,1467,1367,1307,1375,1097,0,0,0,0,0,0
1.5404,1,1,,1095,1034,1034,1034,1324,1766,139.867,161.622,162.394,152.899,76.201,20.743,1550,1467,1367,1307,1375,1097,0,0,0,0,0,0
1.5724,1,1,,1105,1034,1034,1048,1349,1724,138.124,160.101,160.898,147.571,73.299,26.138,1550,1467,1367,1307,1375,1097,0,0,0,0,0,0
1.6084,1,1,,1129,1034,1034,1034,1372,1720,134.162,157.031,157.941,151.020,70.617,26.641,1550,1467,1367,1307,1375,1097,0,0,0,0,0,0
1.6504,1,1,,1158,1034,1034,1034,1410,1711,129.423,152.756,155.974,151.638,66.165,27.772,1550,1467,1367,1307,1375,1097,0,0,0,0,0,0
1.6724,1,1,,1179,1038,1034,1086,1426,1757,125.935,149.189,150.730,141.303,64.298,21.895,1550,1467,1367,1307,1375,1097,0,0,0,0,0,0
1.7145,1,1,,1221,1107,1096,1201,1519,1827,118.950,137.888,139.712,122.343,53.424,12.888,1550,1467,1367,1307,1375,1097,0,0,0,0,0,0
1.7404,1,1,,1293,1189,1179,1356,1690,1847,107.050,124.198,125.878,96.574,33.529,10.377,1550,1467,1367,1307,1375,1097,0,0,0,0,0,0
1.7724,1,1,,1359,1235,1218,1424,1750,1695,96.206,116.731,119.510,85.395,26.640,29.845,1550,1467,1367,1307,1375,1097,0,0,0,0,0,0
1.8044,1,1,,1566,1467,1449,1574,1784,1610,61.863,78.237,81.231,60.600,22.583,40.741,1550,1467,1367,1307,1375,1097,0,0,0,0,0,0
1.8404,1,1,,1652,1563,1532,1666,1812,1688,47.631,62.465,67.517,45.317,19.341,30.728,1550,1467,1367,1307,1375,1097,0,0,0,0,0,0
1.8724,1,1,,1750,1629,1607,1705,1831,1738,31.501,51.538,55.133,38.899,17.195,24.330,1550,1467,1367,1307,1375,1096,0,0,0,0,0,0
1.9044,1,1,,1748,1634,1618,1688,1830,1747,31.738,50.631,53.240,41.720,17.289,23.151,1550,1467,1367,1307,1375,1097,0,0,0,0,0,0
1.9504,1,1,,1757,1628,1619,1696,1807,1735,30.313,51.618,53.071,40.455,19.988,24.619,1550,1467,1367,1307,1375,1097,0,0,0,0,0,0
1.9725,1,1,,1781,1620,1608,1684,1803,1721,26.316,53.029,54.919,42.313,20.438,26.488,1550,1467,1367,1307,1375,1097,0,0,0,0,0,0
2.0045,1,1,,1767,1624,1598,1687,1793,1751,28.715,52.262,56.608,41.950,21.563,22.638,1550,1467,1367,1307,1375,1097,0,0,0,0,0,0
2.0405,1,1,,1782,1635,1615,1691,1794,1772,26.212,50.432,53.837,41.160,21.422,19.973,1550,1467,1367,1308,1375,1097,0,0,0,0,0,0
2.0825,1,1,,1775,1624,1611,1694,1796,1789,27.244,52.233,54.488,40.801,21.250,17.711,1550,1467,1367,1307,1375,1097,0,0,0,0,0,0
2.1205,1,1,,1772,1628,1619,1702,1791,1798,27.790,51.578,53.145,39.415,21.761,16.553,1550,1467,1367,1307,1375,1097,0,0,0,0,0,0
2.1404,1,1,,1771,1633,1619,1691,1799,1808,28.019,50.762,53.113,41.206,20.883,15.312,1550,1467,1367,1307,1375,1097,0,0,0,0,0,0
2.1724,1,1,,1771,1634,1618,1691,1796,1809,27.911,50.630,53.288,41.199,21.212,15.166,1550,1467,1367,1307,1375,1097,0,0,0,0,0,0
2.2044,1,1,,1767,1631,1613,1678,1794,1815,28.585,51.206,54.175,43.410,21.456,14.407,1550,1467,1367,1307,1375,1097,0,0,0,0,0,0
2.2404,1,1,,1761,1632,1611,1681,1795,1813,29.657,50.982,54.438,42.941,21.396,14.623,1550,1467,1367,1307,1375,1097,0,0,0,0,0,0
2.2724,1,1,,1763,1629,1609,1677,1799,1823,29.351,51.509,54.735,43.563,20.921,13.407,1550,1467,1367,1307,1375,1097,0,0,0,0,0,0
2.3044,1,1,,1746,1616,1605,1677,1801,1819,32.188,53.561,55.482,43.536,20.701,13.875,1550,1467,1367,1307,1375,1097,0,0,0,0,0,0
2.3404,1,1,,1744,1606,1590,1673,1791,1818,32.474,55.329,57.873,44.264,21.804,14.057,1550,1467,1367,1307,1375,1097,0,0,0,0,0,0
2.3725,1,1,,1724,1602,1591,1677,1793,1813,35.750,55.941,57.780,43.480,21.584,14.704,1550,1467,1367,1307,1375,1097,0,0,0,0,0,0
2.4044,1,1,,1724,1597,1588,1675,1804,1813,35.841,56.760,58.240,43.849,20.270,14.725,1550,1467,1367,1307,1375,1097,0,0,0,0,0,0
2.4404,1,1,,1725,1603,1587,1672,1809,1783,35.615,55.793,58.374,44.445,19.770,18.465,1550,1467,1367,1307,1375,1097,0,0,0,0,0,0
2.4744,1,1,,1703,1599,1578,1674,1813,1801,39.277,56.393,59.941,44.112,19.197,16.281,1550,1467,1367,1307,1375,1097,0,0,0,0,0,0
2.5044,1,1,,1697,1604,1584,1688,1826,1794,40.285,55.688,58.943,41.710,17.794,17.126,1550,1467,1367,1307,1375,1097,0,0,0,0,0,0
2.5505,1,1,,1700,1606,1577,1689,1817,1788,39.798,55.303,60.072,41.514,18.755,17.864,1550,1467,1367,1307,1375,1097,0,0,0,0,0,0
2.5725,1,1,,1699,1608,1585,1690,1817,1781,39.871,55.034,58.800,41.400,18.808,18.835,1550,1467,1367,1307,1375,1097,0,0,0,0,0,0
2.6084,1,1,,1690,1601,1580,1687,1812,1779,41.342,56.186,59.594,41.928,19.420,19.027,1550,1467,1367,1307,1375,1097,0,0,0,0,0,0
2.6404,1,1,,1706,1610,1583,1690,1813,1777,38.672,54.651,59.120,41.410,19.237,19.239,1550,1467,1367,1307,1375,1097,0,0,0,0,0,0
2.6724,1,1,,1702,1610,1595,1703,1809,1784,39.343,54.691,57.110,39.218,19.759,18.444,1550,1467,1367,1307,1375,1097,0,0,0,0,0,0
2.7044,1,1,,1702,1618,1596,1703,1820,1791,39.437,53.294,56.875,39.235,18.468,17.437,1550,1467,1367,1307,1375,1097,0,0,0,0,0,0
2.7404,1,1,,1698,1623,1595,1704,1818,1807,40.052,52.438,57.137,39.145,18.649,15.418,1550,1467,1367,1307,1375,1097,0,0,0,0,0,0
2.7724,1,1,,1702,1625,1596,1703,1833,1818,39.337,52.093,56.933,39.281,16.932,14.084,1550,1467,1367,1307,1375,1097,0,0,0,0,0,0
2.8044,1,1,,1698,1628,1597,1688,1837,1803,40.079,51.621,56.848,41.710,16.467,15.912,1550,1467,1367,1307,1375,1097,0,0,0,0,0,0
2.8404,1,1,,1696,1624,1595,1691,1845,1793,40.409,52.387,57.058,41.226,15.551,17.272,1550,1467,1367,1307,1375,1097,0,0,0,0,0,0
2.8724,1,1,,1721,1618,1581,1694,1850,1817,36.285,53.233,59.404,40.790,13.289,14.229,1550,1467,1367,1307,1375,1097,0,0,0,0,0,0
2.9144,1,1,,1718,1617,1578,1680,1850,1807,36.828,53.464,59.840,43.001,14.211,15.487,1550,1467,1367,1307,1375,1097,0,0,0,0,0,0
2.9504,1,1,,1722,1621,1585,1683,1850,1795,36.170,52.877,58.773,42.485,14.116,16.955,1550,1467,1367,1307,1375,1097,0,0,0,0,0,0
2.9724,1,1,,1730,1618,1586,1676,1848,1789,34.819,53.381,58.646,43.760,15.202,17.706,1550,1467,1367,1307,1375,1097,0,0,0,0,0,0
3.0084,1,1,,1724,1616,1584,1677,1849,1789,35.725,53.587,59.004,43.576,15.099,17.776,1550,1467,1367,1307,1375,1097,0,0,0,0,0,0
3.0404,1,1,,1731,1617,1584,1675,1837,1807,34.681,53.533,58.980,43.909,16.497,15.435,1550,1467,1367,1307,1375,1097,0,0,0,0,0,0
3.0724,1,1,,1738,1623,1592,1689,1839,1782,33.375,52.522,57.572,41.533,16.229,18.714,1550,1467,1367,1307,1375,1097,0,0,0,0,0,0
3.1044,1,1,,1743,1622,1596,1701,1850,1774,32.572,52.699,57.012,39.511,14.018,19.635,1550,1467,1367,1307,1375,1097,0,0,0,0,0,0
3.1404,1,1,,1736,1626,1597,1707,1850,1779,33.788,52.012,56.726,38.572,14.228,18.993,1550,1467,1367,1307,1375,1097,0,0,0,0,0,0
3.1824,1,1,,1751,1625,1612,1708,1850,1795,31.301,52.110,54.306,38.377,14.706,16.981,1550,1467,1367,1307,1375,1097,0,0,0,0,0,0
3.2044,1,1,,1752,1624,1613,1720,1850,1808,31.113,52.296,54.148,36.376,14.766,15.350,1550,1467,1367,1307,1375,1096,0,0,0,0,0,0
3.2404,1,1,,1724,1621,1601,1735,1825,1739,35.744,52.792,56.108,33.971,17.799,24.118,1550,1467,1367,1307,1375,1097,0,0,0,0,0,0
3.2724,1,1,,1729,1610,1600,1737,1795,1719,34.901,54.677,56.241,33.606,21.379,26.709,1550,1467,1367,1307,1375,1097,0,0,0,0,0,0
3.3044,1,1,,1738,1614,1613,1732,1817,1782,33.459,54.002,54.155,34.358,18.789,18.715,1550,1467,1367,1307,1375,1097,0,0,0,0,0,0
3.3404,1,1,,1732,1614,1601,1737,1813,1775,34.388,54.038,56.137,33.616,19.213,19.493,1550,1467,1367,1307,1375,1097,0,0,0,0,0,0
3.3724,1,1,,1749,1629,1607,1744,1807,1771,31.567,51.532,55.061,32.431,19.926,20.035,1550,1467,1367,1307,1375,1097,0,0,0,0,0,0
3.4044,1,1,,1743,1640,1617,1747,1817,1770,32.677,49.626,53.388,31.890,18.797,20.240,1550,1467,1367,1307,1375,1097,0,0,0,0,0,0
3.4404,1,1,,1733,1642,1611,1748,1806,1727,34.245,49.381,54.446,31.861,20.031,25.656,1550,1467,1367,1307,1375,1097,0,0,0,0,0,0
3.4724,1,1,,1754,1658,1627,1764,1820,1720,30.868,46.611,51.739,29.071,18.415,26.568,1550,1467,1367,1307,1375,1097,0,0,0,0,0,0
3.5044,1,1,,1753,1674,1643,1774,1796,1702,31.007,44.066,49.163,27.440,21.251,28.872,1550,1467,1367,1307,1375,1097,0,0,0,0,0,0
3.5404,1,1,,1760,1665,1632,1770,1799,1700,29.825,45.445,50.944,28.120,20.931,29.160,1550,1467,1367,1307,1375,1097,0,0,0,0,0,0
3.5724,1,1,,1750,1667,1645,1779,1821,1714,31.388,45.172,48.887,26.587,18.280,27.323,1550,1467,1367,1307,1375,1097,0,0,0,0,0,0
3.6184,1,1,,1749,1658,1630,1793,1811,1694,31.645,46.759,51.355,24.266,19.479,29.890,1550,1467,1367,1307,1375,1097,0,0,0,0,0,0
3.6404,1,1,,1744,1662,1639,1808,1815,1708,32.409,46.102,49.880,21.809,18.989,28.157,1550,1467,1367,1307,1375,1097,0,0,0,0,0,0
3.6724,1,1,,1740,1662,1638,1797,1812,1695,33.061,45.942,49.925,23.696,19.327,29.783,1550,1467,1367,1307,1375,1097,0,0,0,0,0,0
3.7184,1,1,,1747,1660,1645,1793,1842,1708,31.956,46.328,48.783,24.421,15.817,28.143,1550,1467,1367,1307,1375,1097,0,0,0,0,0,0
3.7404,1,1,,1755,1652,1642,1785,1846,1708,30.680,47.660,49.406,25.618,15.401,28.095,1550,1467,1367,1307,1375,1097,0,0,0,0,0,0
3.7724,1,1,,1775,1658,1640,1810,1829,1740,27.311,46.753,49.684,21.616,17.387,24.040,1550,1467,1367,1307,1375,1097,0,0,0,0,0,0
3.8184,1,1,,1772,1632,1637,1762,1845,1698,27.881,50.902,50.236,29.425,15.577,29.463,1550,1467,1367,1307,1375,1097,0,0,0,0,0,0
3.8404,1,1,,1744,1614,1617,1706,1808,1673,32.485,53.976,53.466,38.664,19.788,32.591,1550,1467,1367,1307,1375,1097,0,0,0,0,0,0
3.8824,1,1,,1634,1534,1525,1642,1711,1616,50.699,67.164,68.660,49.369,31.110,39.975,1550,1467,1367,1307,1375,1097,0,0,0,0,0,0
3.9184,1,1,,1535,1492,1496,1598,1664,1563,67.024,74.137,73.501,56.689,36.572,46.745,1550,1467,1367,1307,1375,1097,0,0,0,0,0,0
3.9404,1,1,,1536,1468,1444,1567,1657,1656,66.918,78.094,82.029,61.760,37.449,34.746,1550,1467,1367,1307,1375,1097,0,0,0,0,0,0
3.9724,1,1,,1429,1327,1313,1438,1700,1534,84.523,101.496,103.749,83.059,32.423,50.410,1550,1467,1367,1307,1375,1097,0,0,0,0,0,0
4.0084,1,1,,1371,1227,1222,1341,1741,1345,94.185,118.067,118.822,99.059,27.649,74.693,1550,1467,1367,1307,1375,1097,0,0,0,0,0,0
4.0404,1,1,,1350,1198,1194,1259,1723,1311,97.704,122.825,123.499,112.619,29.759,79.001,1550,1467,1367,1307,1375,1097,0,0,0,0,0,0
4.0724,1,1,,1339,1186,1174,1196,1647,1333,99.501,124.806,126.682,123.138,38.586,76.222,1550,1467,1367,1307,1375,1097,0,0,0,0,0,0
4.1044,1,1,,1300,1148,1133,1168,1557,1457,105.941,131.107,133.596,127.713,49.104,60.293,1550,1467,1367,1307,1375,1097,0,0,0,0,0,0
4.1404,1,1,,1316,1144,1138,1168,1508,1525,103.341,131.769,132.661,127.733,54.765,51.647,1550,1467,1367,1307,1375,1097,0,0,0,0,0,0
4.1764,1,1,,1301,1133,1127,1175,1494,1584,105.751,133.545,134.476,126.541,56.390,43.989,1550,1467,1367,1307,1375,1097,0,0,0,0,0,0
4.2064,1,1,,1264,1103,1094,1171,1447,1579,111.945,138.539,139.994,127.314,61.830,44.731,1550,1467,1367,1307,1375,1097,0,0,0,0,0,0
4.2404,1,1,,1235,1087,1084,1176,1390,1589,116.670,141.194,141.712,126.474,68.517,43.408,1550,1467,1367,1307,1375,1097,0,0,0,0,0,0
4.2724,1,1,,1201,1060,1059,1157,1336,1618,122.329,145.680,145.845,129.529,74.754,39.626,1550,1467,1367,1307,1375,1097,0,0,0,0,0,0
4.3044,1,1,,1184,1053,1043,1144,1321,1600,125.038,146.809,148.414,131.716,76.486,42.012,1550,1467,1367,1307,1375,1097,0,0,0,0,0,0
4.3424,1,1,,1185,1063,1040,1099,1276,1659,124.907,145.068,148.886,139.149,81.725,34.436,1550,1467,1367,1307,1375,1097,0,0,0,0,0,0
4.3744,1,1,,1173,1055,1034,1080,1268,1705,126.876,146.446,150.323,142.306,82.756,28.475,1550,1467,1367,1307,1375,1097,0,0,0,0,0,0
4.4084,1,1,,1145,1034,1034,1054,1206,1747,131.601,152.197,154.543,146.604,89.937,23.186,1550,1467,1367,1307,1375,1097,0,0,0,0,0,0
4.4404,1,1,,1139,1034,1034,1074,1226,1718,132.525,151.976,153.624,143.258,87.606,26.834,1550,1467,1367,1307,1375,1096,0,0,0,0,0,0
4.4724,1,1,,1161,1040,1034,1103,1228,1765,128.859,148.881,150.388,138.546,87.340,20.835,1550,1467,1367,1307,1375,1097,0,0,0,0,0,0
4.5184,1,1,,1204,1074,1070,1143,1235,1822,121.787,143.234,143.890,131.836,86.566,13.560,1550,1467,1367,1307,1375,1097,0,0,0,0,0,0
4.5384,1,1,,1270,1145,1112,1170,1216,1850,110.836,131.570,137.054,127.380,88.742,5.920,1550,1467,1367,1307,1375,1097,0,0,0,0,0,0
4.5824,1,1,,1336,1206,1172,1197,1235,1850,99.988,121.506,127.134,122.922,86.494,2.121,1550,1467,1367,1307,1375,1097,0,0,0,0,0,0
4.6184,1,1,,1379,1236,1218,1278,1360,1833,92.820,116.505,119.517,109.510,71.980,12.154,1550,1467,1367,1307,1375,1096,0,0,0,0,0,0
4.6404,1,1,,1407,1304,1298,1410,1595,1832,88.142,105.311,106.216,87.709,44.677,12.277,1550,1467,1367,1307,1375,1097,0,0,0,0,0,0
4.6824,1,1,,1511,1525,1452,1456,1726,1636,71.084,68.638,80.716,80.115,29.360,37.429,1550,1467,1367,1307,1375,1097,0,0,0,0,0,0
4.7144,1,1,,1568,1590,1559,1635,1792,1564,61.503,57.947,63.115,50.465,21.665,46.652,1550,1467,1367,1307,1375,1096,0,0,0,0,0,0
4.7404,1,1,,1698,1666,1640,1716,1850,1701,40.064,45.391,49.611,37.128,13.098,29.021,1550,1467,1367,1307,1375,1097,0,0,0,0,0,0
4.7724,1,1,,1736,1681,1681,1767,1850,1688,33.802,42.954,42.802,28.665,11.555,30.659,1550,1467,1367,1307,1375,1097,0,0,0,0,0,0
4.8084,1,1,,1754,1673,1678,1773,1850,1716,30.795,44.212,43.404,27.604,14.803,27.122,1550,1467,1367,1307,1375,1097,0,0,0,0,0,0
4.8404,1,1,,1759,1667,1670,1781,1842,1747,29.958,45.132,44.618,26.309,15.869,23.078,1550,1467,1367,1307,1375,1097,0,0,0,0,0,0
4.8724,1,1,,1755,1657,1666,1779,1830,1772,30.703,46.831,45.341,26.633,17.277,19.947,1550,1467,1367,1307,1375,1097,0,0,0,0,0,0
4.9044,1,1,,1746,1658,1680,1782,1827,1783,32.136,46.630,43.122,26.237,17.658,18.537,1550,1467,1367,1307,1375,1097,0,0,0,0,0,0
4.9404,1,1,,1749,1655,1666,1797,1822,1791,31.585,47.223,45.342,23.659,18.213,17.455,1550,1467,1367,1307,1375,1096,0,0,0,0,0,0
4.9724,1,1,,1736,1662,1661,1786,1820,1778,33.759,45.954,46.223,25.528,18.399,19.207,1550,1467,1367,1307,1375,1097,0,0,0,0,0,0
5.0044,1,1,,1718,1667,1663,1770,1813,1785,36.813,45.229,45.905,28.173,19.277,18.234,1550,1467,1367,1307,1375,1097,0,0,0,0,0,0
5.0404,1,1,,1724,1668,1654,1761,1797,1811,35.712,45.103,47.388,29.569,21.113,14.890,1550,1467,1367,1307,1375,1096,0,0,0,0,0,0
5.0724,1,1,,1728,1660,1647,1754,1798,1805,35.134,46.300,48.489,30.816,20.978,15.700,1550,1467,1367,1307,1375,1097,0,0,0,0,0,0
5.1064,1,1,,1724,1660,1642,1758,1801,1803,35.742,46.413,49.350,30.211,20.626,16.010,1550,1467,1367,1307,1375,1097,0,0,0,0,0,0
5.1404,1,1,,1740,1660,1650,1746,1797,1825,33.034,46.414,48.086,32.097,21.119,13.181,1550,1467,1367,1307,1375,1097,0,0,0,0,0,0
5.1724,1,1,,1729,1655,1642,1739,1785,1827,34.997,47.260,49.270,33.236,22.457,12.945,1550,1467,1367,1307,1375,1096,0,0,0,0,0,0
5.2044,1,1,,1728,1647,1639,1751,1801,1825,35.145,48.540,49.887,31.341,20.669,13.185,1550,1467,1367,1307,1375,1097,0,0,0,0,0,0
5.2404,1,1,,1747,1651,1645,1753,1791,1831,31.991,47.774,48.850,30.982,21.808,12.385,1550,1467,1367,1307,1375,1097,0,0,0,0,0,0
5.2724,1,1,,1747,1652,1645,1761,1794,1818,32.037,47.609,48.856,29.617,21.413,14.012,1550,1467,1367,1307,1375,1097,0,0,0,0,0,0
5.3044,1,1,,1738,1646,1652,1776,1812,1816,33.488,48.630,47.686,27.168,19.396,14.321,1550,1467,1367,1307,1375,1097,0,0,0,0,0,0
5.3504,1,1,,1755,1642,1654,1782,1803,1801,30.716,49.318,47.332,26.163,20.376,16.281,1550,1467,1367,1307,1375,1097,0,0,0,0,0,0
5.3724,1,1,,1777,1659,1658,1798,1801,1754,26.976,46.499,46.652,23.456,20.626,22.225,1550,1467,1367,1307,1375,1097,0,0,0,0,0,0
5.4084,1,1,,1781,1676,1656,1809,1850,1670,26.264,43.785,47.027,21.747,14.577,33.026,1550,1467,1367,1307,1375,1097,0,0,0,0,0,0
5.4504,1,1,,1787,1642,1620,1814,1833,1654,25.357,49.407,52.966,20.914,16.875,35.067,1550,1467,1367,1307,1375,1097,0,0,0,0,0,0
5.4724,1,1,,1773,1638,1616,1792,1791,1603,27.695,49.911,53.701,24.539,21.868,41.622,1550,1467,1367,1307,1375,1097,0,0,0,0,0,0
5.5044,1,1,,1730,1607,1607,1739,1713,1579,34.709,55.130,55.097,33.332,30.893,44.663,1550,1467,1367,1307,1375,1097,0,0,0,0,0,0
5.5504,1,1,,1594,1540,1537,1640,1670,1504,57.280,66.155,66.732,49.694,35.951,54.337,1550,1467,1367,1307,1375,1097,0,0,0,0,0,0
5.5824,1,1,,1554,1485,1465,1588,1640,1501,63.869,75.302,78.531,58.243,39.368,54.646,1550,1467,1367,1307,1375,1097,0,0,0,0,0,0
5.6044,1,1,,1548,1472,1439,1582,1645,1476,64.905,77.374,82.926,59.310,38.754,57.946,1550,1467,1367,1307,1375,1097,0,0,0,0,0,0
5.6504,1,1,,1505,1385,1345,1476,1614,1475,71.912,91.833,98.519,76.850,42.426,58.002,1550,1467,1367,1307,1375,1097,0,0,0,0,0,0
5.6724,1,1,,1453,1325,1289,1444,1640,1435,80.565,101.698,107.786,82.135,39.376,63.170,1550,1467,1367,1308,1375,1097,0,0,0,0,0,0
5.7044,1,1,,1398,1264,1234,1348,1592,1421,89.625,111.876,116.853,97.956,44.923,64.976,1550,1467,1367,1307,1375,1097,0,0,0,0,0,0
5.7404,1,1,,1388,1243,1214,1294,1508,1448,91.332,115.328,120.070,106.965,54.766,61.525,1550,1467,1367,1307,1375,1097,0,0,0,0,0,0
5.7724,1,1,,1360,1212,1170,1247,1478,1512,95.964,120.549,127.407,114.644,58.262,53.255,1550,1467,1367,1307,1375,1097,0,0,0,0,0,0
5.8084,1,1,,1320,1184,1147,1188,1494,1479,102.587,125.148,131.162,124.469,56.445,57.478,1550,1467,1367,1307,1375,1097,0,0,0,0,0,0
5.8504,1,1,,1297,1162,1124,1180,1376,1565,106.383,128.733,135.097,125.715,70.072,46.443,1550,1467,1367,1307,1375,1097,0,0,0,0,0,0
5.8724,1,1,,1292,1153,1127,1227,1372,1619,107.231,130.234,134.604,118.066,70.598,39.606,1550,1467,1367,1307,1375,1096,0,0,0,0,0,0
5.9044,1,1,,1257,1109,1077,1189,1356,1595,113.002,137.524,142.748,124.205,72.457,42.566,1550,1467,1367,1307,1375,1097,0,0,0,0,0,0
5.9404,1,1,,1192,1052,1037,1137,1343,1644,123.814,146.959,149.394,132.844,73.963,36.407,1550,1467,1367,1307,1375,1097,0,0,0,0,0,0
5.9724,1,1,,1194,1046,1041,1152,1302,1719,123.409,148.011,148.703,130.377,78.723,26.689,1550,1467,1367,1307,1375,1097,0,0,0,0,0,0
6.0044,1,1,,1170,1034,1034,1139,1299,1721,127.396,151.674,151.248,132.520,79.126,26.442,1550,1467,1367,1307,1375,1097,0,0,0,0,0,0
6.0404,1,1,,1153,1034,1034,1145,1278,1721,130.147,154.530,151.131,131.601,81.576,26.496,1550,1467,1367,1307,1375,1097,0,0,0,0,0,0
6.0744,1,1,,1138,1034,1034,1124,1273,1700,132.730,157.964,153.847,134.986,82.168,29.107,1550,1467,1367,1307,1375,1097,0,0,0,0,0,0
6.1044,1,1,,1138,1034,1034,1106,1279,1679,132.783,152.145,153.386,137.954,81.410,31.904,1550,1467,1367,1307,1375,1097,0,0,0,0,0,0
6.1404,1,1,,1132,1034,1034,1085,1260,1658,133.626,151.580,154.307,141.554,83.632,34.600,1550,1467,1367,1307,1375,1097,0,0,0,0,0,0
6.1724,1,1,,1167,1044,1040,1118,1287,1649,127.931,148.302,148.852,135.945,80.491,35.767,1550,1467,1367,1307,1375,1097,0,0,0,0,0,0
6.2084,1,1,,1240,1111,1106,1202,1302,1667,115.810,137.232,138.042,122.048,78.720,33.437,1550,1467,1367,1307,1375,1097,0,0,0,0,0,0
6.2404,1,1,,1351,1185,1169,1206,1292,1836,97.414,124.984,127.614,121.493,79.906,11.667,1550,1467,1367,1307,1375,1097,0,0,0,0,0,0
6.2724,1,1,,1357,1212,1196,1367,1427,1850,96.490,120.386,123.168,94.843,64.203,9.200,1550,1467,1367,1307,1375,1096,0,0,0,0,0,0
6.3044,1,1,,1421,1299,1270,1408,1610,1850,85.943,106.112,110.920,88.058,42.911,9.935,1550,1467,1367,1307,1375,1097,0,0,0,0,0,0
6.3504,1,1,,1535,1554,1480,1541,1750,1567,67.080,63.816,76.176,66.098,26.583,46.210,1550,1467,1367,1307,1375,1097,0,0,0,0,0,0
6.3744,1,1,,1531,1586,1537,1639,1823,1547,67.725,58.540,66.744,49.876,18.095,48.815,1550,1467,1367,1307,1375,1097,0,0,0,0,0,0
6.4045,1,1,,1712,1673,1639,1705,1822,1631,37.706,44.172,49.871,38.896,18.160,38.027,1550,1467,1367,1307,1375,1097,0,0,0,0,0,0
6.4405,1,1,,1744,1695,1669,1746,1850,1620,32.416,40.588,44.906,32.144,12.929,39.483,1550,1467,1367,1307,1375,1097,0,0,0,0,0,0
6.4785,1,1,,1770,1665,1665,1765,1850,1692,28.201,45.489,45.448,29.045,13.185,30.137,1550,1467,1367,1307,1375,1097,0,0,0,0,0,0
6.5045,1,1,,1772,1670,1684,1783,1850,1689,27.874,44.758,42.417,25.966,14.184,30.621,1550,1467,1367,1307,1375,1096,0,0,0,0,0,0
6.5405,1,1,,1782,1668,1680,1787,1850,1724,26.197,45.055,42.983,25.413,14.623,26.067,1550,1467,1367,1307,1375,1097,0,0,0,0,0,0
6.5745,1,1,,1778,1672,1686,1786,1828,1742,26.791,44.399,42.104,25.481,17.458,23.843,1550,1467,1367,1307,1375,1097,0,0,0,0,0,0
6.6064,1,1,,1782,1666,1673,1793,1836,1740,26.151,45.372,44.174,24.384,16.594,23.998,1550,1467,1367,1307,1375,1097,0,0,0,0,0,0
6.6504,1,1,,1779,1671,1673,1781,1831,1760,26.629,44.469,44.177,26.299,17.175,21.518,1550,1467,1367,1307,1375,1097,0,0,0,0,0,0
6.6724,1,1,,1783,1664,1663,1779,1848,1769,26.073,45.762,45.793,26.621,15.168,20.381,1550,1467,1367,1307,1375,1097,0,0,0,0,0,0
6.7044,1,1,,1768,1665,1674,1780,1838,1762,28.560,45.484,44.047,26.538,16.332,21.218,1550,1467,1367,1307,1375,1097,0,0,0,0,0,0
6.7404,1,1,,1769,1667,1670,1773,1841,1791,28.309,45.218,44.697,27.591,16.005,17.513,1550,1467,1367,1307,1375,1097,0,0,0,0,0,0
6.7724,1,1,,1764,1666,1666,1789,1827,1769,29.187,45.379,45.381,24.968,17.627,20.369,1550,1467,1367,1307,1375,1097,0,0,0,0,0,0
6.8085,1,1,,1778,1658,1663,1792,1830,1758,26.822,46.762,45.788,24.520,17.282,21.755,1550,1467,1367,1307,1375,1097,0,0,0,0,0,0
6.8404,1,1,,1773,1655,1659,1783,1838,1787,27.665,47.244,46.542,26.032,16.385,18.064,1550,1467,1367,1307,1375,1097,0,0,0,0,0,0
6.8724,1,1,,1767,1660,1659,1794,1821,1779,28.678,46.350,46.450,24.160,18.296,19.101,1550,1467,1367,1307,1375,1097,0,0,0,0,0,0
6.9104,1,1,,1754,1657,1652,1780,1821,1787,30.824,46.877,47.708,26.571,18.267,18.025,1550,1467,1367,1307,1375,1097,0,0,0,0,0,0
6.9424,1,1,,1766,1665,1657,1779,1810,1800,28.794,45.552,46.781,26.640,19.541,16.378,1550,1467,1367,1307,1375,1097,0,0,0,0,0,0
6.9724,1,1,,1762,1655,1655,1749,1819,1802,29.412,47.185,47.236,31.628,18.575,16.119,1550,1467,1367,1307,1375,1097,0,0,0,0,0,0
7.0184,1,1,,1790,1652,1629,1741,1826,1850,24.834,47.598,51.458,32.885,17.697,8.137,1550,1467,1367,1308,1375,1097,0,0,0,0,0,0
7.0404,1,1,,1751,1621,1559,1664,1815,1850,31.257,52.748,62.984,45.625,18.997,9.030,1550,1467,1367,1307,1375,1097,0,0,0,0,0,0
7.0724,1,1,,1641,1504,1463,1619,1714,1781,49.469,72.238,79.013,53.135,30.790,18.783,1550,1467,1367,1307,1375,1097,0,0,0,0,0,0
7.1084,1,1,,1578,1513,1473,1541,1749,1622,59.953,70.683,77.348,65.986,26.731,39.132,1550,1467,1367,1307,1375,1097,0,0,0,0,0,0
7.1404,1,1,,1546,1488,1423,1503,1692,1701,65.168,74.870,85.485,72.346,33.372,29.026,1550,1467,1367,1307,1375,1097,0,0,0,0,0,0
7.1724,1,1,,1484,1351,1313,1439,1646,1712,75.527,97.453,103.772,82.990,38.722,27.686,1550,1467,1367,1307,1375,1097,0,0,0,0,0,0
7.2044,1,1,,1478,1316,1292,1379,1623,1711,76.501,103.345,107.285,92.858,41.396,27.780,1550,1467,1367,1307,1375,1097,0,0,0,0,0,0
7.2504,1,1,,1466,1277,1240,1301,1581,1669,78.368,109.758,115.827,105.768,46.235,33.085,1550,1467,1367,1307,1375,1097,0,0,0,0,0,0
7.2864,1,1,,1424,1235,1219,1262,1519,1796,85.437,116.673,119.386,112.270,53.468,16.884,1550,1467,1367,1307,1375,1097,0,0,0,0,0,0
7.3184,1,1,,1366,1195,1178,1180,1505,1680,94.975,123.212,126.122,125.811,55.132,31.764,1550,1467,1367,1307,1375,1097,0,0,0,0,0,0
7.3504,1,1,,1310,1153,1132,1143,1486,1586,104.326,130.299,133.728,131.861,57.349,43.823,1550,1467,1367,1307,1375,1097,0,0,0,0,0,0
7.3824,1,1,,1345,1161,1135,1150,1368,1758,98.514,128.880,133.226,130.731,71.112,21.689,1550,1467,1367,1307,1375,1097,0,0,0,0,0,0
7.4144,1,1,,1318,1158,1136,1163,1351,1707,102.971,129.459,133.044,128.543,73.050,28.296,1550,1467,1367,1307,1375,1097,0,0,0,0,0,0
7.4404,1,1,,1286,1113,1103,1148,1292,1693,108.177,136.793,138.426,131.028,79.917,30.021,1550,1467,1367,1307,1375,1097,0,0,0,0,0,0
7.4724,1,1,,1246,1086,1083,1146,1279,1672,114.810,141.271,141.827,131.354,81.428,32.779,1550,1467,1367,1307,1375,1097,0,0,0,0,0,0
7.5044,1,1,,1215,1056,1059,1137,1244,1673,119.958,146.329,145.751,132.820,85.522,32.596,1550,1467,1367,1307,1375,1097,0,0,0,0,0,0
7.5404,1,1,,1184,1034,1038,1110,1226,1718,125.046,151.265,149.322,137.366,87.589,26.880,1550,1467,1367,1307,1375,1097,0,0,0,0,0,0
7.5724,1,1,,1163,1034,1034,1071,1258,1622,128.496,154.147,151.465,143.812,83.843,39.200,1550,1467,1367,1308,1375,1097,0,0,0,0,0,0
7.6084,1,1,,1161,1034,1045,1077,1207,1693,128.856,153.978,148.067,142.726,89.783,30.032,1550,1467,1367,1307,1375,1097,0,0,0,0,0,0
7.6404,1,1,,1182,1034,1055,1107,1233,1651,125.474,151.828,146.479,137.787,86.738,35.395,1550,1467,1367,1307,1375,1096,0,0,0,0,0,0
7.6724,1,1,,1196,1039,1064,1124,1237,1719,123.094,149.144,144.885,134.986,86.268,26.686,1550,1467,1367,1307,1375,1097,0,0,0,0,0,0
7.7184,1,1,,1201,1060,1071,1112,1215,1743,122.300,145.538,143.835,136.947,88.895,23.618,1550,1467,1367,1307,1375,1097,0,0,0,0,0,0
7.7504,1,1,,1227,1066,1072,1113,1156,1850,117.990,144.630,143.679,136.876,95.794,8.748,1550,1467,1367,1307,1375,1097,0,0,0,0,0,0
7.7824,1,1,,1246,1127,1102,1141,1223,1850,114.861,134.562,138.726,132.247,87.908,3.480,1550,1467,1367,1307,1375,1097,0,0,0,0,0,0
7.8144,1,1,,1319,1172,1151,1174,1294,1834,102.695,127.087,130.624,126.710,79.678,11.938,1550,1467,1367,1307,1375,1097,0,0,0,0,0,0
7.8504,1,1,,1351,1174,1158,1207,1352,1834,97.518,126.763,129.430,121.322,72.867,11.931,1550,1467,1367,1307,1375,1097,0,0,0,0,0,0
7.8724,1,1,,1432,1272,1258,1362,1479,1850,84.112,110.541,112.939,95.702,58.192,8.194,1550,1467,1367,1307,1375,1097,0,0,0,0,0,0
7.9184,1,1,,1540,1512,1456,1498,1680,1771,66.159,70.839,80.056,73.090,34.688,20.118,1550,1467,1367,1307,1375,1097,0,0,0,0,0,0
7.9504,1,1,,1514,1556,1560,1643,1814,1557,70.489,63.616,62.877,49.218,19.137,47.440,1550,1467,1367,1307,1375,1096,0,0,0,0,0,0
7.9824,1,1,,1698,1651,1668,1725,1774,1604,40.095,47.906,45.010,35.546,23.767,41.428,1550,1467,1367,1307,1375,1097,0,0,0,0,0,0
8.0184,1,1,,1725,1690,1708,1740,1843,1528,35.642,41.308,38.358,33.099,15.718,51.177,1550,1467,1367,1307,1375,1097,0,0,0,0,0,0
8.0504,1,1,,1758,1672,1699,1766,1834,1604,30.179,44.307,39.901,28.894,16.821,41.471,1550,1467,1367,1307,1375,1097,0,0,0,0,0,0
8.0724,1,1,,1762,1675,1707,1784,1836,1651,29.450,43.882,38.545,25.849,16.524,35.441,1550,1467,1367,1307,1375,1097,0,0,0,0,0,0
8.1044,1,1,,1769,1671,1700,1774,1818,1676,28.306,44.497,39.794,27.425,18.687,32.282,1550,1467,1367,1307,1375,1097,0,0,0,0,0,0
8.1404,1,1,,1782,1667,1685,1776,1804,1707,26.168,45.254,42.199,27.113,20.253,28.240,1550,1467,1367,1307,1375,1096,0,0,0,0,0,0
8.1724,1,1,,1784,1669,1681,1768,1810,1738,25.888,44.921,42.841,28.503,19.576,24.278,1550,1467,1367,1307,1375,1097,0,0,0,0,0,0
8.2184,1,1,,1782,1662,1669,1763,1797,1757,26.170,45.947,44.781,29.255,21.107,21.865,1550,1467,1367,1307,1375,1097,0,0,0,0,0,0
8.2404,1,1,,1794,1666,1670,1765,1791,1752,24.226,45.276,44.680,29.004,21.855,22.533,1550,1467,1367,1307,1375,1097,0,0,0,0,0,0
8.2724,1,1,,1776,1647,1645,1748,1791,1752,27.113,48.493,48.891,31.770,21.774,22.554,1550,1467,1367,1307,1375,1097,0,0,0,0,0,0
8.3184,1,1,,1779,1651,1646,1753,1792,1740,26.603,47.775,48.679,31.029,21.741,24.036,1550,1467,1367,1307,1375,1097,0,0,0,0,0,0
8.3504,1,1,,1778,1650,1651,1750,1774,1771,26.778,47.953,47.905,31.411,23.735,20.074,1550,1467,1367,1307,1375,1097,0,0,0,0,0,0
8.3724,1,1,,1772,1647,1654,1749,1781,1760,27.873,48.447,47.345,31.672,22.975,21.470,1550,1467,1367,1307,1375,1096,0,0,0,0,0,0
8.4044,1,1,,1772,1654,1655,1753,1772,1753,27.829,47.369,47.185,31.001,24.006,22.385,1550,1467,1367,1307,1375,1097,0,0,0,0,0,0
8.4404,1,1,,1764,1643,1649,1761,1773,1761,29.094,49.193,48.246,29.692,23.878,21.287,1550,1467,1367,1307,1375,1097,0,0,0,0,0,0
8.4724,1,1,,1769,1656,1659,1759,1760,1740,28.259,46.954,46.510,30.020,25.422,23.990,1550,1467,1367,1307,1375,1097,0,0,0,0,0,0
8.5084,1,1,,1768,1653,1659,1762,1762,1725,28.471,47.527,46.514,29.407,25.136,25.982,1550,1467,1367,1307,1375,1097,0,0,0,0,0,0
8.5404,1,1,,1768,1655,1658,1761,1761,1717,28.532,47.214,46.609,29.590,25.359,27.012,1550,1467,1367,1307,1375,1097,0,0,0,0,0,0
8.5724,1,1,,1759,1670,1675,1760,1782,1664,29.955,44.701,43.870,29.737,22.912,33.784,1550,1467,1367,1307,1375,1097,0,0,0,0,0,0
8.6044,1,1,,1728,1679,1681,1772,1787,1590,35.059,43.221,42.931,27.808,22.316,43.284,1550,1467,1367,1307,1375,1097,0,0,0,0,0,0
8.6404,1,1,,1733,1704,1710,1795,1828,1486,34.347,39.047,38.079,23.986,17.502,56.641,1550,1467,1367,1307,1375,1097,0,0,0,0,0,0
8.6724,1,1,,1718,1741,1700,1797,1841,1341,36.824,33.022,39.682,23.763,15.963,75.184,1550,1467,1367,1307,1375,1097,0,0,0,0,0,0
8.7084,1,1,,1722,1785,1729,1780,1760,1237,36.123,25.609,34.949,26.474,25.453,88.508,1550,1467,1367,1307,1375,1097,0,0,0,0,0,0
8.7404,1,1,,1740,1800,1740,1786,1719,1226,33.076,23.268,33.050,25.521,30.188,100.416,1550,1467,1367,1307,1375,1097,0,0,0,0,0,0
8.7724,1,1,,1735,1791,1745,1809,1676,1226,34.001,24.750,32.281,21.712,35.189,92.738,1550,1467,1367,1307,1375,1097,0,0,0,0,0,0
8.8044,1,1,,1730,1792,1773,1816,1675,1226,34.821,24.502,27.624,20.616,35.365,95.425,1550,1467,1367,1307,1375,1097,0,0,0,0,0,0
8.8404,1,1,,1718,1791,1779,1791,1598,1226,36.822,24.702,26.649,24.714,44.290,97.559,1550,1467,1367,1307,1375,1097,0,0,0,0,0,0
8.8724,1,1,,1729,1780,1782,1817,1507,1226,35.008,26.521,26.150,20.361,54.895,107.340,1550,1467,1367,1307,1375,1097,0,0,0,0,0,0
8.9044,1,1,,1739,1755,1789,1850,1455,1226,33.354,30.582,24.974,14.878,60.969,113.845,1550,1467,1367,1307,1375,1097,0,0,0,0,0,0
8.9404,1,1,,1721,1743,1766,1834,1400,1226,36.190,32.563,28.783,17.620,67.368,112.843,1550,1467,1367,1307,1375,1097,0,0,0,0,0,0
8.9764,1,1,,1729,1733,1776,1841,1355,1226,34.884,34.298,27.182,16.378,72.569,113.795,1550,1467,1367,1307,1375,1097,0,0,0,0,0,0
9.0044,1,1,,1730,1736,1776,1848,1330,1226,34.737,33.806,27.093,15.306,75.425,114.752,1550,1467,1367,1307,1375,1097,0,0,0,0,0,0
9.0864,1,1,,1725,1734,1776,1837,1318,1226,35.545,34.125,27.168,17.148,76.850,117.213,1550,1467,1367,1307,1375,1097,0,0,0,0,0,0
9.1064,1,1,,1724,1738,1790,1846,1330,1226,35.774,33.489,24.893,15.605,75.441,116.209,1550,1467,1367,1307,1375,1097,0,0,0,0,0,0
9.1324,1,1,,1733,1744,1786,1841,1334,1226,34.276,32.455,25.529,16.359,74.978,116.326,1550,1467,1367,1307,1375,1096,0,0,0,0,0,0
9.1644,1,1,,1729,1754,1778,1837,1302,1226,34.962,30.856,26.776,16.997,78.768,116.875,1550,1467,1367,1307,1375,1096,0,0,0,0,0,0
9.1924,1,1,,1735,1755,1773,1835,1295,1226,33.878,30.581,27.676,17.428,79.556,115.286,1550,1467,1367,1307,1375,1097,0,0,0,0,0,0
9.2224,1,1,,1738,1750,1774,1837,1287,1226,33.420,31.501,27.552,17.086,80.541,112.933,1550,1467,1367,1307,1375,1097,0,0,0,0,0,0
9.2404,1,1,,1722,1733,1763,1838,1267,1226,36.141,34.207,29.298,16.852,82.767,111.711,1550,1467,1367,1307,1375,1097,0,0,0,0,0,0
9.2724,1,1,,1720,1739,1767,1842,1255,1226,36.404,33.336,28.632,16.216,84.203,111.997,1550,1467,1367,1307,1375,1097,0,0,0,0,0,0
9.3124,1,1,,1721,1745,1768,1845,1262,1226,36.203,32.342,28.542,15.714,83.382,113.203,1550,1467,1367,1307,1375,1097,0,0,0,0,0,0
9.3404,1,1,,1727,1751,1775,1846,1260,1226,35.346,31.252,27.287,15.611,83.580,114.939,1550,1467,1367,1307,1375,1097,0,0,0,0,0,0
9.3724,1,1,,1732,1749,1760,1835,1281,1226,34.448,31.612,29.808,17.360,81.173,114.886,1550,1467,1367,1307,1375,1097,0,0,0,0,0,0
9.4084,1,1,,1733,1753,1755,1817,1310,1226,34.332,31.018,30.665,20.371,77.804,113.292,1550,1467,1367,1307,1375,1097,0,0,0,0,0,0
9.4404,1,1,,1736,1754,1745,1812,1284,1226,33.827,30.866,32.211,21.203,80.884,111.954,1550,1467,1367,1307,1375,1097,0,0,0,0,0,0
9.4724,1,1,,1716,1767,1746,1802,1276,1226,37.052,28.626,32.169,22.902,81.766,110.361,1550,1467,1367,1307,1375,1097,0,0,0,0,0,0
9.5084,1,1,,1678,1733,1702,1775,1294,1226,43.450,34.244,39.327,27.367,79.679,104.880,1550,1467,1367,1307,1375,1097,0,0,0,0,0,0
9.5404,1,1,,1678,1738,1696,1781,1346,1226,43.366,33.437,40.446,26.319,73.661,96.787,1550,1467,1367,1307,1375,1097,0,0,0,0,0,0
9.5724,1,1,,1650,1751,1691,1754,1391,1226,48.009,31.373,41.220,30.871,68.387,91.838,1550,1467,1367,1307,1375,1097,0,0,0,0,0,0
9.6084,1,1,,1706,1731,1662,1752,1489,1352,38.719,34.597,46.103,31.066,56.912,73.758,1550,1467,1367,1307,1375,1097,0,0,0,0,0,0
9.6404,1,1,,1709,1749,1644,1750,1692,1344,38.220,31.639,48.930,31.478,33.347,74.780,1550,1467,1367,1307,1375,1097,0,0,0,0,0,0
9.6724,1,1,,1719,1737,1671,1785,1773,1346,36.654,33.567,44.463,25.667,23.954,74.582,1550,1467,1367,1307,1375,1097,0,0,0,0,0,0
9.7084,1,1,,1762,1699,1658,1799,1792,1408,29.404,39.915,46.701,23.321,21.645,66.597,1550,1467,1367,1307,1375,1097,0,0,0,0,0,0
9.7404,1,1,,1755,1710,1673,1813,1802,1531,30.679,38.088,44.263,21.002,20.588,50.897,1550,1467,1367,1307,1375,1097,0,0,0,0,0,0
9.7724,1,1,,1761,1680,1678,1809,1813,1583,29.689,43.012,43.432,21.766,19.255,44.153,1550,1467,1367,1307,1375,1097,0,0,0,0,0,0
9.8044,1,1,,1783,1696,1697,1819,1751,1683,25.941,40.369,40.197,20.058,26.417,31.331,1550,1467,1367,1307,1375,1097,0,0,0,0,0,0
9.8404,1,1,,1773,1670,1682,1796,1781,1672,27.662,44.737,42.647,23.880,22.942,32.694,1550,1467,1367,1307,1375,1097,0,0,0,0,0,0
9.8824,1,1,,1807,1681,1687,1792,1787,1734,21.980,42.886,41.893,24.577,22.269,24.760,1550,1467,1367,1307,1375,1097,0,0,0,0,0,0
9.9085,1,1,,1811,1689,1698,1796,1769,1759,21.382,41.562,40.001,23.806,24.423,21.559,1550,1467,1367,1307,1375,1097,0,0,0,0,0,0
9.9424,1,1,,1813,1687,1694,1788,1776,1762,21.107,41.911,40.666,25.166,23.601,21.214,1550,1467,1367,1307,1375,1097,0,0,0,0,0,0
9.9724,1,1,,1806,1680,1686,1773,1788,1756,22.219,43.064,42.017,27.690,22.149,21.938,1550,1467,1367,1307,1375,1097,0,0,0,0,0,0
10.0044,1,1,,1793,1662,1648,1745,1792,1789,24.377,46.075,48.304,32.293,21.704,17.818,1550,1467,1367,1307,1375,1097,0,0,0,0,0,0
10.0404,1,1,,1786,1660,1642,1747,1793,1763,25.462,46.285,49.355,31.925,21.522,21.129,1550,1467,1367,1307,1375,1097,0,0,0,0,0,0
10.0724,1,1,,1777,1651,1633,1745,1769,1811,27.001,47.882,50.800,32.304,24.315,14.973,1550,1467,1367,1308,1375,1096,0,0,0,0,0,0
10.1044,1,1,,1706,1574,1540,1629,1801,1845,38.758,60.531,66.235,51.508,20.619,10.523,1550,1467,1367,1307,1375,1097,0,0,0,0,0,0
10.1404,1,1,,1595,1481,1438,1535,1747,1760,57.093,76.031,83.039,67.049,26.944,21.511,1550,1467,1367,1307,1375,1097,0,0,0,0,0,0
10.1724,1,1,,1542,1459,1420,1502,1805,1675,65.814,79.588,86.005,72.532,20.188,32.433,1550,1467,1367,1307,1375,1097,0,0,0,0,0,0
10.2084,1,1,,1578,1456,1412,1499,1786,1681,59.926,80.018,87.320,73.038,22.342,31.547,1550,1467,1367,1307,1375,1097,0,0,0,0,0,0
10.2404,1,1,,1567,1475,1428,1536,1695,1763,61.709,76.985,84.735,66.911,32.940,21.054,1550,1467,1367,1307,1375,1097,0,0,0,0,0,0
10.2724,1,1,,1548,1406,1370,1492,1662,1775,64.953,88.319,94.411,74.118,36.813,19.505,1550,1467,1367,1307,1375,1097,0,0,0,0,0,0
10.3044,1,1,,1383,1290,1270,1391,1669,1674,92.182,107.573,110.818,90.925,35.962,32.476,1550,1467,1367,1307,1375,1097,0,0,0,0,0,0
10.3404,1,1,,1346,1211,1200,1310,1695,1478,98.315,120.617,122.505,104.209,33.010,57.587,1550,1467,1367,1307,1375,1097,0,0,0,0,0,0
10.3724,1,1,,1304,1158,1117,1236,1636,1390,105.177,129.361,136.185,116.556,39.879,68.918,1550,1467,1367,1307,1375,1097,0,0,0,0,0,0
10.4044,1,1,,1281,1128,1079,1173,1609,1379,108.973,134.290,142.481,126.961,42.985,70.355,1550,1467,1367,1307,1375,1097,0,0,0,0,0,0
10.4404,1,1,,1258,1121,1079,1153,1563,1501,112.899,135.450,142.553,130.260,48.402,54.685,1550,1467,1367,1307,1375,1097,0,0,0,0,0,0
10.4724,1,1,,1219,1085,1057,1142,1553,1565,119.316,141.479,146.109,131.974,49.462,46.426,1550,1467,1367,1307,1375,1097,0,0,0,0,0,0
10.5044,1,1,,1232,1088,1066,1194,1520,1629,117.144,140.977,144.553,123.405,53.399,38.288,1550,1467,1367,1307,1375,1097,0,0,0,0,0,0
10.5404,1,1,,1210,1066,1054,1253,1509,1532,120.722,144.597,146.541,113.744,54.677,50.644,1550,1467,1367,1307,1375,1097,0,0,0,0,0,0
10.5724,1,1,,1199,1072,1072,1293,1444,1608,122.642,143.598,143.623,107.045,62.162,41.002,1550,1467,1367,1307,1375,1097,0,0,0,0,0,0
10.6044,1,1,,1216,1055,1045,1192,1399,1669,119.740,146.514,148.080,123.807,67.450,33.121,1550,1467,1367,1307,1375,1097,0,0,0,0,0,0
10.6404,1,1,,1204,1061,1052,1240,1424,1637,121.790,145.443,146.894,115.819,64.496,37.280,1550,1467,1367,1307,1375,1096,0,0,0,0,0,0
10.6724,1,1,,1219,1071,1061,1230,1439,1678,119.385,143.836,145.409,117.571,62.827,32.011,1550,1467,1367,1307,1375,1097,0,0,0,0,0,0
10.7044,1,1,,1253,1095,1078,1137,1492,1698,113.624,139.840,142.711,132.849,56.603,29.459,1550,1467,1367,1307,1375,1097,0,0,0,0,0,0
10.7424,1,1,,1278,1108,1103,1153,1510,1707,109.485,137.693,138.424,130.223,54.556,28.256,1550,1467,1367,1307,1375,1097,0,0,0,0,0,0
10.7724,1,1,,1252,1149,1146,1255,1548,1820,113.853,130.882,131.344,113.395,50.077,13.741,1550,1467,1367,1307,1375,1097,0,0,0,0,0,0
10.8044,1,1,,1454,1344,1275,1410,1708,1631,80.483,98.695,110.129,87.767,31.521,38.033,1550,1467,1367,1307,1375,1097,0,0,0,0,0,0
10.8404,1,1,,1566,1475,1432,1527,1775,1528,61.955,76.949,84.004,68.338,23.616,51.169,1550,1467,1367,1307,1375,1097,0,0,0,0,0,0
10.8724,1,1,,1569,1506,1530,1625,1772,1586,61.420,71.779,67.795,52.214,24.070,43.724,1550,1467,1367,1307,1375,1097,0,0,0,0,0,0
10.9084,1,1,,1652,1608,1615,1674,1789,1581,47.695,54.927,53.861,44.092,22.062,44.384,1550,1467,1367,1307,1375,1096,0,0,0,0,0,0
10.9424,1,1,,1703,1636,1622,1688,1850,1649,39.233,50.288,52.603,41.771,14.588,35.691,1550,1467,1367,1307,1375,1097,0,0,0,0,0,0
10.9744,1,1,,1724,1652,1640,1688,1830,1707,35.762,47.736,49.677,41.706,17.316,28.249,1550,1467,1367,1307,1375,1097,0,0,0,0,0,0
11.0044,1,1,,1730,1650,1638,1696,1812,1732,34.852,47.958,49.937,40.390,19.421,25.030,1550,1467,1367,1307,1375,1097,0,0,0,0,0,0
11.0404,1,1,,1745,1650,1629,1703,1794,1747,32.301,47.957,51.484,39.192,21.439,23.107,1550,1467,1367,1307,1375,1097,0,0,0,0,0,0
11.0724,1,1,,1761,1650,1619,1699,1792,1753,29.660,48.038,53.053,39.930,21.640,22.332,1550,1467,1367,1307,1375,1097,0,0,0,0,0,0
11.1044,1,1,,1772,1666,1640,1717,1788,1766,27.894,45.367,49.725,36.857,22.148,20.652,1550,1467,1367,1307,1375,1097,0,0,0,0,0,0
11.1404,1,1,,1776,1669,1638,1720,1794,1773,27.197,44.933,49.998,36.358,21.443,19.797,1550,1467,1367,1307,1375,1097,0,0,0,0,0,0
11.1824,1,1,,1777,1663,1639,1725,1798,1777,27.052,45.894,49.842,35.621,20.971,19.277,1550,1467,1367,1307,1375,1097,0,0,0,0,0,0
11.2044,1,1,,1778,1668,1660,1738,1793,1767,26.753,45.008,46.304,33.368,21.574,20.548,1550,1467,1367,1307,1375,1097,0,0,0,0,0,0
11.2504,1,1,,1775,1666,1673,1748,1797,1774,27.350,45.371,44.253,31.808,21.164,19.684,1550,1467,1367,1307,1375,1097,0,0,0,0,0,0
11.2724,1,1,,1766,1663,1683,1763,1798,1749,28.806,45.797,42.510,29.373,21.031,22.898,1550,1467,1367,1307,1375,1097,0,0,0,0,0,0
11.3044,1,1,,1760,1657,1678,1758,1797,1717,29.811,46.798,43.418,30.217,21.123,26.946,1550,1467,1367,1307,1375,1097,0,0,0,0,0,0
11.3504,1,1,,1750,1641,1663,1748,1794,1746,31.443,49.478,45.784,31.767,21.504,23.319,1550,1467,1367,1307,1375,1097,0,0,0,0,0,0
11.3824,1,1,,1756,1650,1666,1757,1789,1738,30.399,48.066,45.348,30.255,22.085,24.250,1550,1467,1367,1307,1375,1097,0,0,0,0,0,0
11.4084,1,1,,1766,1654,1668,1756,1798,1741,28.861,47.328,45.021,30.538,20.957,23.967,1550,1467,1367,1307,1375,1097,0,0,0,0,0,0
11.4404,1,1,,1756,1648,1667,1758,1787,1757,30.414,48.281,45.255,30.106,22.232,21.833,1550,1467,1367,1307,1375,1097,0,0,0,0,0,0
11.4724,1,1,,1777,1659,1669,1755,1805,1740,26.992,46.467,44.872,30.657,20.173,24.085,1550,1467,1367,1307,1375,1097,0,0,0,0,0,0
11.5084,1,1,,1776,1671,1681,1759,1802,1721,27.092,44.457,42.888,29.910,20.488,26.502,1550,1467,1367,1307,1375,1097,0,0,0,0,0,0
11.5404,1,1,,1763,1671,1676,1741,1791,1751,29.301,44.565,43.703,32.914,21.808,22.583,1550,1467,1367,1307,1375,1097,0,0,0,0,0,0
11.5724,1,1,,1761,1669,1677,1728,1794,1728,29.666,44.923,43.554,35.119,21.438,25.634,1550,1467,1367,1307,1375,1097,0,0,0,0,0,0
11.6084,1,1,,1757,1666,1671,1720,1782,1707,30.272,45.363,44.560,36.485,22.854,28.245,1550,1467,1367,1307,1375,1097,0,0,0,0,0,0
11.6404,1,1,,1738,1662,1658,1711,1770,1632,33.524,46.088,46.731,37.996,24.295,37.868,1550,1467,1367,1307,1375,1096,0,0,0,0,0,0
11.6724,1,1,,1713,1597,1587,1647,1767,1679,37.577,56.811,58.369,48.540,24.566,31.861,1550,1467,1367,1307,1375,1097,0,0,0,0,0,0
11.7044,1,1,,1613,1518,1506,1569,1818,1658,54.099,69.896,71.874,61.423,18.654,34.564,1550,1467,1367,1307,1375,1097,0,0,0,0,0,0
11.7404,1,1,,1569,1465,1438,1516,1799,1607,61.410,78.678,83.113,70.250,20.842,41.102,1550,1467,1367,1307,1375,1097,0,0,0,0,0,0
11.7724,1,1,,1548,1436,1405,1475,1816,1651,64.914,83.368,88.546,77.026,18.918,35.389,1550,1467,1367,1307,1375,1097,0,0,0,0,0,0
11.8084,1,1,,1575,1430,1403,1491,1762,1782,60.346,84.378,88.874,74.373,25.232,18.667,1550,1467,1367,1307,1375,1097,0,0,0,0,0,0
11.8404,1,1,,1553,1411,1380,1500,1756,1779,64.036,87.504,92.706,72.779,25.916,19.030,1550,1467,1367,1307,1375,1097,0,0,0,0,0,0
11.8724,1,1,,1547,1413,1379,1491,1725,1806,64.994,87.242,92.839,74.372,29.480,15.517,1550,1467,1367,1307,1375,1097,0,0,0,0,0,0
11.9044,1,1,,1540,1401,1366,1473,1754,1749,66.228,89.151,95.046,77.370,26.110,22.894,1550,1467,1367,1307,1375,1097,0,0,0,0,0,0
11.9404,1,1,,1521,1400,1362,1470,1738,1826,69.319,89.381,95.693,77.846,27.938,12.950,1550,1467,1367,1307,1375,1097,0,0,0,0,0,0
11.9724,1,1,,1532,1405,1370,1485,1711,1844,67.570,88.467,94.387,75.367,31.181,10.657,1550,1467,1367,1307,1375,1096,0,0,0,0,0,0
12.0044,1,1,,1533,1419,1377,1485,1726,1850,67.436,86.273,93.188,75.299,29.342,5.968,1550,1467,1367,1307,1375,1097,0,0,0,0,0,0
12.0464,1,1,,1537,1411,1375,1487,1766,1850,66.684,87.603,93.541,74.997,24.680,6.953,1550,1467,1367,1307,1375,1097,0,0,0,0,0,0
12.0724,1,1,,1518,1429,1385,1482,1791,1832,69.911,84.635,91.844,75.859,21.809,12.279,1550,1467,1367,1307,1375,1097,0,0,0,0,0,0
12.1044,1,1,,1526,1418,1382,1481,1714,1850,68.585,86.323,92.328,76.039,30.761,5.023,1550,1467,1367,1307,1375,1097,0,0,0,0,0,0
12.1404,1,1,,1528,1394,1354,1460,1706,1806,68.112,90.380,96.982,79.430,31.652,15.531,1550,1467,1367,1307,1375,1097,0,0,0,0,0,0
12.1724,1,1,,1465,1335,1303,1411,1679,1634,78.571,100.083,105.343,87.552,34.880,37.599,1550,1467,1367,1307,1375,1097,0,0,0,0,0,0
12.2044,1,1,,1406,1253,1233,1327,1617,1487,88.324,113.604,117.072,101.511,42.084,56.523,1550,1467,1367,1307,1375,1097,0,0,0,0,0,0
12.2384,1,1,,1428,1235,1204,1266,1575,1471,84.738,116.706,121.850,111.454,46.988,58.547,1550,1467,1367,1307,1375,1097,0,0,0,0,0,0
12.2703,1,1,,1400,1196,1151,1215,1511,1529,89.392,123.080,130.523,119.940,54.433,51.126,1550,1467,1367,1307,1375,1097,0,0,0,0,0,0
12.3024,1,1,,1346,1166,1145,1173,1553,1495,98.309,128.092,131.504,126.884,49.481,55.500,1550,1467,1367,1307,1375,1097,0,0,0,0,0,0
12.3424,1,1,,1288,1126,1116,1172,1506,1439,107.826,134.625,136.390,127.113,54.986,62.686,1550,1467,1367,1308,1375,1097,0,0,0,0,0,0
12.3724,1,1,,1259,1113,1107,1236,1479,1467,112.708,136.825,137.789,116.443,58.095,59.102,1550,1467,1367,1307,1375,1097,0,0,0,0,0,0
12.4064,1,1,,1237,1067,1084,1226,1477,1410,116.408,144.516,141.711,118.217,58.352,66.384,1550,1467,1367,1307,1375,1097,0,0,0,0,0,0
12.4404,1,1,,1218,1042,1053,1246,1441,1339,119.450,148.609,146.721,114.912,62.517,75.449,1550,1467,1367,1307,1375,1097,0,0,0,0,0,0
12.4724,1,1,,1204,1036,1046,1249,1378,1466,121.834,149.577,147.900,114.429,69.865,59.109,1550,1467,1367,1307,1375,1097,0,0,0,0,0,0
12.5044,1,1,,1211,1034,1037,1161,1384,1423,120.693,150.134,149.418,128.827,69.182,64.637,1550,1467,1367,1307,1375,1097,0,0,0,0,0,0
12.5383,1,1,,1199,1034,1034,1222,1369,1448,122.570,150.471,150.108,118.819,70.884,61.435,1550,1467,1367,1307,1375,1097,0,0,0,0,0,0
12.5704,1,1,,1174,1034,1034,1193,1370,1498,126.749,153.322,150.539,123.595,70.867,55.055,1550,1467,1367,1307,1375,1097,0,0,0,0,0,0
12.6044,1,1,,1194,1066,1056,1240,1365,1588,123.419,144.695,146.334,115.837,71.437,43.554,1550,1467,1367,1307,1375,1097,0,0,0,0,0,0
12.6404,1,1,,1282,1121,1093,1126,1391,1658,108.949,135.597,140.172,134.647,68.349,34.611,1550,1467,1367,1307,1375,1097,0,0,0,0,0,0
12.6724,1,1,,1376,1205,1193,1268,1452,1809,93.289,121.564,123.679,111.189,61.288,15.208,1550,1467,1367,1307,1375,1096,0,0,0,0,0,0
12.7044,1,1,,1500,1383,1359,1394,1678,1850,72.746,92.261,96.205,90.287,34.911,6.156,1550,1467,1367,1307,1375,1097,0,0,0,0,0,0
12.7404,1,1,,1563,1505,1464,1530,1806,1595,62.405,72.032,78.764,67.863,20.058,42.691,1550,1467,1367,1307,1375,1097,0,0,0,0,0,0
12.7724,1,1,,1705,1659,1600,1633,1834,1628,38.967,46.540,56.240,50.848,16.844,38.416,1550,1467,1367,1308,1375,1097,0,0,0,0,0,0
12.8104,1,1,,1714,1720,1667,1726,1840,1625,37.484,36.420,45.234,35.478,16.157,38.814,1550,1467,1367,1307,1375,1097,0,0,0,0,0,0
12.8404,1,1,,1750,1708,1684,1737,1811,1579,31.391,38.395,42.427,33.639,19.475,44.623,1550,1467,1367,1307,1375,1097,0,0,0,0,0,0
12.8724,1,1,,1767,1698,1692,1755,1829,1580,28.571,39.992,41.076,30.681,17.420,44.493,1550,1467,1367,1307,1375,1097,0,0,0,0,0,0
12.9084,1,1,,1787,1693,1704,1757,1804,1643,25.361,40.957,39.021,30.384,20.320,36.476,1550,1467,1367,1307,1375,1097,0,0,0,0,0,0
12.9404,1,1,,1791,1693,1706,1755,1814,1638,24.654,40.827,38.822,30.700,19.101,37.156,1550,1467,1367,1307,1375,1097,0,0,0,0,0,0
12.9764,1,1,,1786,1685,1700,1755,1811,1659,25.494,42.292,39.705,30.595,19.429,34.443,1550,1467,1367,1307,1375,1097,0,0,0,0,0,0
13.0044,1,1,,1776,1689,1702,1759,1827,1635,27.143,41.480,39.380,29.956,17.580,37.561,1550,1467,1367,1307,1375,1097,0,0,0,0,0,0
13.0404,1,1,,1783,1694,1702,1768,1837,1625,26.078,40.758,39.333,28.553,16.472,38.845,1550,1467,1367,1307,1375,1097,0,0,0,0,0,0
13.0724,1,1,,1781,1691,1698,1772,1842,1616,26.360,41.192,40.050,27.800,15.860,39.915,1550,1467,1367,1307,1375,1097,0,0,0,0,0,0
13.1044,1,1,,1779,1688,1692,1766,1847,1596,26.721,41.669,41.006,28.771,15.270,42.444,1550,1467,1367,1307,1375,1097,0,0,0,0,0,0
13.1384,1,1,,1766,1683,1693,1764,1837,1594,28.782,42.625,40.911,29.188,16.506,42.801,1550,1467,1367,1307,1375,1097,0,0,0,0,0,0
13.1724,1,1,,1765,1684,1685,1773,1843,1612,28.973,42.451,42.184,27.619,15.768,40.462,1550,1467,1367,1307,1375,1097,0,0,0,0,0,0
13.2044,1,1,,1779,1687,1679,1764,1824,1591,26.646,41.866,43.128,29.183,18.010,43.134,1550,1467,1367,1307,1375,1096,0,0,0,0,0,0
13.2404,1,1,,1758,1683,1677,1763,1820,1586,30.064,42.612,43.465,29.349,18.392,43.826,1550,1467,1367,1307,1375,1097,0,0,0,0,0,0
13.2724,1,1,,1785,1686,1679,1765,1839,1596,25.688,41.978,43.197,28.989,16.189,42.506,1550,1467,1367,1307,1375,1096,0,0,0,0,0,0
13.3404,1,1,,1766,1692,1677,1761,1823,1593,28.840,41.096,43.606,29.569,18.027,42.900,1550,1467,1367,1307,1375,1096,0,0,0,0,0,0
13.3684,1,1,,1760,1691,1680,1763,1828,1573,29.758,41.154,43.044,29.229,17.462,45.472,1550,1467,1367,1307,1375,1097,0,0,0,0,0,0
13.3964,1,1,,1773,1690,1679,1768,1828,1604,27.689,41.378,43.233,28.545,17.526,41.492,1550,1467,1367,1307,1375,1097,0,0,0,0,0,0
13.4164,1,1,,1773,1689,1677,1754,1842,1590,27.725,41.513,43.582,30.840,15.918,43.234,1550,1467,1367,1307,1375,1097,0,0,0,0,0,0
13.4444,1,1,,1762,1695,1689,1747,1830,1597,29.455,40.506,41.501,31.947,17.225,42.366,1550,1467,1367,1307,1375,1097,0,0,0,0,0,0
13.4724,1,1,,1746,1692,1696,1745,1837,1571,32.092,41.112,40.415,32.212,16.401,45.674,1550,1467,1367,1307,1375,1097,0,0,0,0,0,0
13.5084,1,1,,1747,1683,1680,1747,1833,1592,31.929,42.558,42.960,31.909,16.976,42.988,1550,1467,1367,1307,1375,1096,0,0,0,0,0,0
13.5404,1,1,,1740,1696,1686,1748,1834,1564,33.094,40.397,42.008,31.734,16.772,46.662,1550,1467,1367,1307,1375,1097,0,0,0,0,0,0
13.5724,1,1,,1735,1691,1688,1748,1837,1581,34.025,41.288,41.655,31.833,16.409,44.482,1550,1467,1367,1307,1375,1097,0,0,0,0,0,0
13.6104,1,1,,1725,1680,1685,1740,1832,1584,35.549,43.003,42.151,33.169,17.028,44.006,1550,1467,1367,1307,1375,1096,0,0,0,0,0,0
13.6424,1,1,,1713,1690,1679,1738,1806,1590,37.559,41.445,43.175,33.404,20.078,43.328,1550,1467,1367,1307,1375,1097,0,0,0,0,0,0
13.6724,1,1,,1703,1679,1665,1727,1790,1574,39.297,43.283,45.597,35.231,21.952,45.298,1550,1467,1367,1307,1375,1097,0,0,0,0,0,0
13.7044,1,1,,1679,1668,1654,1718,1769,1561,43.220,44.949,47.278,36.741,24.345,46.957,1550,1467,1367,1307,1375,1097,0,0,0,0,0,0
13.7404,1,1,,1673,1661,1664,1717,1783,1548,44.118,46.153,45.712,36.891,22.796,48.639,1550,1467,1367,1307,1375,1097,0,0,0,0,0,0
13.7724,1,1,,1666,1647,1635,1675,1821,1543,45.362,48.565,50.521,43.936,18.328,49.326,1550,1467,1367,1307,1375,1097,0,0,0,0,0,0
13.8084,1,1,,1577,1575,1554,1596,1850,1473,60.164,60.377,63.963,57.002,13.689,58.302,1550,1467,1367,1307,1375,1097,0,0,0,0,0,0
13.8404,1,1,,1542,1493,1457,1539,1745,1532,65.955,74.053,80.014,66.329,27.134,50.740,1550,1467,1367,1307,1375,1097,0,0,0,0,0,0
13.8724,1,1,,1535,1407,1336,1482,1673,1539,67.072,88.242,99.882,75.749,35.559,49.784,1550,1467,1367,1307,1375,1097,0,0,0,0,0,0
13.9184,1,1,,1465,1295,1259,1397,1600,1403,78.556,106.667,112.673,89.789,44.030,67.191,1550,1467,1367,1307,1375,1097,0,0,0,0,0,0
13.9404,1,1,,1418,1219,1173,1276,1575,1268,86.422,119.312,126.975,109.931,47.008,84.577,1550,1467,1367,1307,1375,1097,0,0,0,0,0,0
13.9724,1,1,,1355,1180,1143,1254,1571,1226,96.880,125.804,131.910,113.440,47.474,90.927,1550,1467,1367,1307,1375,1097,0,0,0,0,0,0
14.0084,1,1,,1297,1145,1104,1274,1511,1261,106.374,131.505,138.313,110.166,54.422,85.479,1550,1467,1367,1307,1375,1097,0,0,0,0,0,0
14.0404,1,1,,1270,1106,1078,1202,1484,1261,110.853,137.988,142.572,122.126,57.507,85.404,1550,1467,1367,1307,1375,1097,0,0,0,0,0,0
14.0724,1,1,,1243,1054,1038,1136,1469,1238,115.366,146.550,149.199,133.015,59.248,88.455,1550,1467,1367,1307,1375,1097,0,0,0,0,0,0
14.1064,1,1,,1220,1034,1034,1158,1454,1237,119.098,151.230,150.850,129.437,61.011,88.485,1550,1467,1367,1307,1375,1097,0,0,0,0,0,0
14.1383,1,1,,1192,1034,1034,1135,1429,1281,123.726,152.744,154.057,133.204,64.009,82.899,1550,1467,1367,1307,1375,1096,0,0,0,0,0,0
14.1724,1,1,,1173,1034,1034,1140,1410,1316,126.856,153.217,154.299,132.382,66.225,78.391,1550,1467,1367,1307,1375,1096,0,0,0,0,0,0
14.2044,1,1,,1161,1034,1034,1144,1381,1319,128.862,153.901,152.872,131.718,69.508,77.994,1550,1467,1367,1307,1375,1096,0,0,0,0,0,0
14.2404,1,1,,1142,1034,1034,1201,1364,1289,132.028,153.546,155.625,122.368,71.502,81.827,1550,1467,1367,1307,1375,1096,0,0,0,0,0,0
14.2824,1,1,,1239,1097,1070,1251,1399,1368,116.066,139.528,143.993,114.070,67.503,71.759,1550,1467,1367,1307,1375,1097,0,0,0,0,0,0
14.3044,1,1,,1270,1109,1102,1168,1398,1581,110.832,137.566,138.597,127.779,67.539,44.422,1550,1467,1367,1307,1375,1097,0,0,0,0,0,0
14.3404,1,1,,1425,1258,1233,1368,1527,1794,85.197,112.900,117.071,94.619,52.594,17.150,1550,1467,1367,1307,1375,1097,0,0,0,0,0,0
14.3724,1,1,,1485,1355,1301,1409,1653,1850,75.362,96.756,105.664,87.814,37.917,9.266,1550,1467,1367,1307,1375,1097,0,0,0,0,0,0
14.4044,1,1,,1592,1532,1479,1555,1785,1519,57.625,67.485,76.298,63.671,22.555,52.426,1550,1467,1367,1307,1375,1097,0,0,0,0,0,0
14.4504,1,1,,1634,1581,1533,1620,1850,1517,50.678,59.493,67.381,52.908,14.897,52.598,1550,1467,1367,1307,1375,1097,0,0,0,0,0,0
14.4724,1,1,,1735,1641,1600,1680,1839,1621,34.010,49.504,56.216,42.967,16.245,39.253,1550,1467,1367,1307,1375,1097,0,0,0,0,0,0
14.5044,1,1,,1737,1708,1642,1711,1801,1614,33.590,38.370,49.389,37.935,20.650,40.144,1550,1467,1367,1307,1375,1097,0,0,0,0,0,0
14.5404,1,1,,1739,1725,1678,1758,1804,1615,33.321,35.611,43.373,30.117,20.284,40.081,1550,1467,1367,1307,1375,1096,0,0,0,0,0,0
14.5724,1,1,,1728,1698,1714,1784,1807,1580,35.127,40.099,37.480,25.865,19.942,44.490,1550,1467,1367,1307,1375,1097,0,0,0,0,0,0
14.6084,1,1,,1726,1682,1707,1801,1834,1592,35.510,42.735,38.634,23.103,16.798,42.989,1550,1467,1367,1307,1375,1096,0,0,0,0,0,0
14.6404,1,1,,1736,1687,1710,1805,1819,1591,33.736,41.816,38.023,22.294,18.585,43.110,1550,1467,1367,1307,1375,1097,0,0,0,0,0,0
14.6724,1,1,,1719,1686,1712,1806,1811,1596,36.526,42.102,37.816,22.117,19.469,42.504,1550,1467,1367,1307,1375,1097,0,0,0,0,0,0
14.7084,1,1,,1745,1682,1709,1827,1816,1628,32.259,42.692,38.253,18.647,18.915,38.455,1550,1467,1367,1307,1375,1097,0,0,0,0,0,0
14.7404,1,1,,1748,1677,1707,1830,1815,1628,31.855,43.471,38.555,18.253,18.991,38.343,1550,1467,1367,1307,1375,1097,0,0,0,0,0,0
14.7724,1,1,,1748,1676,1689,1822,1830,1620,31.758,43.749,41.600,19.570,17.247,39.375,1550,1467,1367,1307,1375,1097,0,0,0,0,0,0
14.8084,1,1,,1773,1685,1687,1810,1820,1615,27.589,42.269,41.960,21.503,18.385,40.066,1550,1467,1367,1307,1375,1096,0,0,0,0,0,0
14.8404,1,1,,1777,1678,1683,1806,1820,1624,27.041,43.385,42.624,22.197,18.457,38.907,1550,1467,1367,1307,1375,1097,0,0,0,0,0,0
14.8724,1,1,,1773,1676,1684,1808,1812,1609,27.662,43.750,42.346,21.791,19.308,40.840,1550,1467,1367,1307,1375,1097,0,0,0,0,0,0
14.9144,1,1,,1790,1682,1684,1804,1807,1621,24.786,42.633,42.323,22.595,19.978,39.254,1550,1467,1367,1307,1375,1096,0,0,0,0,0,0
14.9404,1,1,,1790,1686,1684,1801,1818,1626,24.799,42.021,42.439,22.986,18.716,38.592,1550,1467,1367,1307,1375,1097,0,0,0,0,0,0
14.9724,1,1,,1791,1676,1681,1792,1826,1641,24.663,43.634,42.940,24.462,17.724,36.669,1550,1467,1367,1307,1375,1097,0,0,0,0,0,0
15.0184,1,1,,1778,1693,1702,1798,1805,1612,26.894,40.884,39.413,23.502,20.229,40.408,1550,1467,1367,1307,1375,1097,0,0,0,0,0,0
15.0404,1,1,,1779,1689,1695,1798,1817,1628,26.659,41.481,40.516,23.566,18.759,38.442,1550,1467,1367,1307,1375,1097,0,0,0,0,0,0
15.0724,1,1,,1779,1686,1692,1792,1826,1602,26.702,42.035,41.065,24.521,17.746,41.772,1550,1467,1367,1307,1375,1097,0,0,0,0,0,0
15.1084,1,1,,1772,1694,1698,1793,1836,1593,27.872,40.785,40.023,24.390,16.534,42.888,1550,1467,1367,1307,1375,1097,0,0,0,0,0,0
15.1404,1,1,,1774,1697,1693,1791,1830,1606,27.504,40.279,40.952,24.704,17.235,41.177,1550,1467,1367,1307,1375,1097,0,0,0,0,0,0
15.1724,1,1,,1768,1681,1686,1784,1827,1605,28.496,42.876,42.131,25.918,17.590,41.283,1550,1467,1367,1307,1375,1097,0,0,0,0,0,0
15.2084,1,1,,1784,1678,1685,1778,1818,1614,25.822,43.371,42.253,26.758,18.668,40.197,1550,1467,1367,1307,1375,1097,0,0,0,0,0,0
15.2404,1,1,,1777,1680,1688,1780,1832,1605,27.014,43.007,41.715,26.419,16.996,41.294,1550,1467,1367,1307,1375,1097,0,0,0,0,0,0
15.2764,1,1,,1787,1671,1678,1775,1836,1615,25.370,44.481,43.400,27.402,16.616,40.084,1550,1467,1367,1307,1375,1097,0,0,0,0,0,0
15.3104,1,1,,1778,1677,1677,1772,1822,1595,26.750,43.569,43.490,27.823,18.233,42.597,1550,1467,1367,1307,1375,1097,0,0,0,0,0,0
15.3404,1,1,,1766,1685,1684,1776,1845,1589,28.893,42.225,42.454,27.180,15.476,43.390,1550,1467,1367,1307,1375,1097,0,0,0,0,0,0
15.3724,1,1,,1769,1677,1667,1758,1846,1575,28.353,43.524,45.256,30.137,15.429,45.195,1550,1467,1367,1307,1375,1097,0,0,0,0,0,0
15.4084,1,1,,1755,1675,1665,1764,1840,1573,30.580,43.933,45.501,29.100,16.154,45.465,1550,1467,1367,1307,1375,1097,0,0,0,0,0,0
15.4504,1,1,,1746,1687,1667,1766,1835,1576,32.175,41.890,45.204,28.761,16.657,45.086,1550,1467,1367,1307,1375,1097,0,0,0,0,0,0
15.4724,1,1,,1738,1677,1666,1758,1841,1564,33.463,43.571,45.352,30.192,15.933,46.610,1550,1467,1367,1307,1375,1097,0,0,0,0,0,0
15.5084,1,1,,1731,1673,1676,1756,1827,1586,34.548,44.133,43.750,30.404,17.581,43.836,1550,1467,1367,1307,1375,1097,0,0,0,0,0,0
15.5404,1,1,,1738,1678,1679,1756,1827,1582,33.421,43.384,43.261,30.509,17.603,44.278,1550,1467,1367,1307,1375,1097,0,0,0,0,0,0
15.5724,1,1,,1735,1679,1677,1760,1804,1582,34.013,43.264,43.525,29.874,20.355,44.268,1550,1467,1367,1307,1375,1096,0,0,0,0,0,0
15.6044,1,1,,1733,1679,1677,1755,1813,1578,34.354,43.151,43.557,30.700,19.249,44.846,1550,1467,1367,1307,1375,1097,0,0,0,0,0,0
15.6404,1,1,,1714,1680,1684,1755,1796,1563,37.339,42.989,42.381,30.672,21.275,46.759,1550,1467,1367,1307,1375,1097,0,0,0,0,0,0
15.6724,1,1,,1703,1679,1683,1749,1807,1539,39.252,43.161,42.620,31.643,19.937,49.749,1550,1467,1367,1307,1375,1097,0,0,0,0,0,0
15.7044,1,1,,1698,1683,1686,1741,1819,1532,40.100,42.610,42.067,32.942,18.567,50.745,1550,1467,1367,1307,1375,1097,0,0,0,0,0,0
15.7404,1,1,,1700,1689,1690,1732,1817,1515,39.664,41.573,41.381,34.447,18.822,52.881,1550,1467,1367,1307,1375,1097,0,0,0,0,0,0
15.7724,1,1,,1708,1690,1681,1735,1812,1496,38.366,41.444,42.943,33.968,19.350,55.337,1550,1467,1367,1307,1375,1097,0,0,0,0,0,0
15.8044,1,1,,1704,1694,1681,1726,1809,1498,39.043,40.673,42.889,35.409,19.671,55.105,1550,1467,1367,1307,1375,1097,0,0,0,0,0,0
15.8504,1,1,,1674,1676,1690,1732,1772,1460,44.116,43.719,41.387,34.452,23.981,59.925,1550,1467,1367,1307,1375,1097,0,0,0,0,0,0
15.8724,1,1,,1641,1603,1614,1688,1806,1419,49.458,55.816,53.972,41.640,20.115,65.164,1550,1467,1367,1307,1375,1097,0,0,0,0,0,0
15.9184,1,1,,1609,1530,1518,1631,1759,1513,54.730,67.879,69.876,51.139,25.500,53.181,1550,1467,1367,1307,1375,1097,0,0,0,0,0,0
15.9504,1,1,,1568,1499,1491,1632,1753,1494,61.517,72.964,74.386,50.974,26.222,55.640,1550,1467,1367,1307,1375,1097,0,0,0,0,0,0
15.9724,1,1,,1539,1451,1425,1599,1696,1593,66.340,80.937,85.263,56.396,32.850,42.871,1550,1467,1367,1307,1375,1097,0,0,0,0,0,0
16.0044,1,1,,1514,1404,1366,1511,1708,1499,70.497,88.697,94.982,71.001,31.422,54.888,1550,1467,1367,1307,1375,1097,0,0,0,0,0,0
16.0404,1,1,,1436,1334,1311,1417,1627,1574,83.438,100.333,104.078,86.572,40.849,45.269,1550,1467,1367,1307,1375,1097,0,0,0,0,0,0
16.0724,1,1,,1394,1231,1215,1365,1605,1350,90.417,117.379,119.984,95.122,43.499,74.057,1550,1467,1367,1307,1375,1097,0,0,0,0,0,0
16.1044,1,1,,1342,1177,1153,1287,1601,1273,99.021,126.237,130.298,107.981,43.982,83.951,1550,1467,1367,1307,1375,1097,0,0,0,0,0,0
16.1404,1,1,,1334,1167,1120,1248,1575,1300,100.233,127.937,135.650,114.552,46.901,80.491,1550,1467,1367,1307,1375,1097,0,0,0,0,0,0
16.1724,1,1,,1266,1122,1076,1170,1525,1356,111.479,135.412,143.009,127.396,52.752,73.314,1550,1467,1367,1307,1375,1097,0,0,0,0,0,0
16.2084,1,1,,1243,1095,1065,1142,1540,1387,115.309,139.830,144.789,132.084,51.006,69.330,1550,1467,1367,1307,1375,1097,0,0,0,0,0,0
16.2404,1,1,,1224,1067,1058,1146,1567,1345,118.502,144.434,145.936,131.400,47.873,74.715,1550,1467,1367,1307,1375,1097,0,0,0,0,0,0
16.2724,1,1,,1205,1034,1037,1143,1572,1321,121.658,152.281,149.437,131.811,47.316,77.814,1550,1467,1367,1307,1375,1097,0,0,0,0,0,0
16.3504,1,1,,1197,1034,1034,1132,1529,1378,122.923,155.285,152.192,133.745,52.270,70.450,1550,1467,1367,1307,1375,1097,0,0,0,0,0,0
16.3684,1,1,,1178,1034,1034,1128,1471,1474,126.116,155.796,153.549,134.304,59.106,58.139,1550,1467,1367,1307,1375,1097,0,0,0,0,0,0
16.3964,1,1,,1179,1034,1034,1123,1449,1529,125.913,155.673,155.224,135.247,61.651,51.150,1550,1467,1367,1307,1375,1097,0,0,0,0,0,0
16.4204,1,1,,1195,1034,1034,1145,1462,1627,123.305,153.728,152.491,131.510,60.118,38.523,1550,1467,1367,1307,1375,1097,0,0,0,0,0,0
16.4524,1,1,,1187,1034,1034,1163,1451,1640,124.626,153.579,152.029,128.500,61.416,36.836,1550,1467,1367,1307,1375,1097,0,0,0,0,0,0
16.4764,1,1,,1183,1034,1034,1142,1452,1660,125.335,153.873,152.668,131.999,61.252,34.286,1550,1467,1367,1307,1375,1097,0,0,0,0,0,0
16.5044,1,1,,1174,1034,1034,1142,1406,1688,126.729,152.837,154.229,131.972,66.643,30.720,1550,1467,1367,1307,1375,1097,0,0,0,0,0,0
16.5404,1,1,,1166,1034,1034,1114,1402,1764,128.116,156.497,155.156,136.715,67.052,20.970,1550,1467,1367,1307,1375,1097,0,0,0,0,0,0
16.5784,1,1,,1141,1034,1034,1172,1473,1446,132.185,157.297,156.722,127.050,58.883,61.760,1550,1467,1367,1307,1375,1097,0,0,0,0,0,0
16.6044,1,1,,1162,1034,1034,1110,1462,1460,128.679,156.875,156.100,137.292,60.169,59.989,1550,1467,1367,1307,1375,1097,0,0,0,0,0,0
16.6444,1,1,,1186,1034,1034,1177,1486,1498,124.710,149.892,151.684,126.318,57.312,55.106,1550,1467,1367,1307,1375,1097,0,0,0,0,0,0
16.6724,1,1,,1188,1048,1035,1170,1527,1511,124.422,147.627,149.815,127.417,52.582,53.388,1550,1467,1367,1307,1375,1097,0,0,0,0,0,0
16.7044,1,1,,1235,1078,1054,1115,1529,1510,116.693,142.582,146.585,136.502,52.369,53.528,1550,1467,1367,1307,1375,1097,0,0,0,0,0,0
16.7404,1,1,,1278,1106,1110,1189,1522,1591,109.630,137.998,137.364,124.197,53.186,43.170,1550,1467,1367,1307,1375,1097,0,0,0,0,0,0
16.7724,1,1,,1323,1170,1173,1313,1565,1850,102.165,127.351,126.906,103.805,48.146,4.122,1550,1467,1367,1307,1375,1097,0,0,0,0,0,0
16.8084,1,1,,1405,1265,1253,1409,1723,1850,88.596,111.722,113.701,87.852,29.690,7.730,1550,1467,1367,1307,1375,1097,0,0,0,0,0,0
16.8404,1,1,,1549,1464,1406,1519,1794,1529,64.652,78.712,88.318,69.629,21.429,51.141,1550,1467,1367,1307,1375,1097,0,0,0,0,0,0
16.8724,1,1,,1610,1514,1463,1578,1828,1532,54.601,70.471,78.962,59.968,17.483,50.752,1550,1467,1367,1307,1375,1097,0,0,0,0,0,0
16.9044,1,1,,1636,1590,1567,1661,1781,1544,50.293,57.999,61.676,46.230,23.006,49.169,1550,1467,1367,1307,1375,1097,0,0,0,0,0,0
16.9404,1,1,,1684,1638,1621,1702,1792,1563,42.367,49.964,52.808,39.331,21.665,46.780,1550,1467,1367,1307,1375,1096,0,0,0,0,0,0
16.9724,1,1,,1694,1648,1644,1709,1797,1596,40.800,48.295,48.978,38.257,21.119,42.446,1550,1467,1367,1307,1375,1096,0,0,0,0,0,0
17.0044,1,1,,1699,1663,1664,1723,1808,1588,39.968,45.848,45.663,35.952,19.782,43.541,1550,1467,1367,1307,1375,1097,0,0,0,0,0,0
17.0404,1,1,,1698,1675,1673,1720,1823,1553,39.983,43.938,44.169,36.389,18.055,48.063,1550,1467,1367,1307,1375,1097,0,0,0,0,0,0
17.0724,1,1,,1701,1680,1678,1720,1815,1537,39.581,43.018,43.455,36.453,19.059,50.095,1550,1467,1367,1307,1375,1097,0,0,0,0,0,0
17.1044,1,1,,1702,1681,1681,1725,1824,1539,39.459,42.847,42.941,35.660,17.919,49.750,1550,1467,1367,1307,1375,1097,0,0,0,0,0,0
17.1404,1,1,,1708,1679,1672,1716,1844,1535,38.349,43.224,44.317,37.067,15.681,50.305,1550,1467,1367,1307,1375,1097,0,0,0,0,0,0
17.1724,1,1,,1707,1676,1664,1714,1822,1542,38.560,43.736,45.762,37.337,18.217,49.475,1550,1467,1367,1307,1375,1097,0,0,0,0,0,0
17.2064,1,1,,1706,1687,1672,1717,1839,1496,38.806,41.930,44.303,36.872,16.249,55.313,1550,1467,1367,1307,1375,1097,0,0,0,0,0,0
17.2504,1,1,,1709,1678,1662,1714,1791,1525,38.271,43.448,46.015,37.441,21.761,51.638,1550,1467,1367,1307,1375,1097,0,0,0,0,0,0
17.2724,1,1,,1713,1683,1665,1710,1803,1505,37.620,42.616,45.575,38.009,20.457,54.117,1550,1467,1367,1307,1375,1097,0,0,0,0,0,0
17.3044,1,1,,1715,1694,1666,1713,1815,1491,37.266,40.786,45.390,37.556,19.034,55.948,1550,1467,1367,1307,1375,1097,0,0,0,0,0,0
17.3404,1,1,,1718,1696,1666,1712,1813,1496,36.688,40.464,45.351,37.818,19.273,55.374,1550,1467,1367,1307,1375,1097,0,0,0,0,0,0
17.3724,1,1,,1715,1688,1665,1719,1799,1548,37.267,41.638,45.454,36.539,20.885,48.656,1550,1467,1367,1307,1375,1097,0,0,0,0,0,0
17.4184,1,1,,1713,1686,1659,1710,1797,1520,37.552,42.039,46.469,38.020,21.080,52.227,1550,1467,1367,1307,1375,1097,0,0,0,0,0,0
17.4504,1,1,,1710,1688,1654,1705,1792,1537,38.097,41.709,47.397,38.917,21.744,50.048,1550,1467,1367,1307,1375,1097,0,0,0,0,0,0
17.4824,1,1,,1702,1684,1652,1701,1803,1541,39.472,42.365,47.737,39.549,20.384,49.579,1550,1467,1367,1307,1375,1097,0,0,0,0,0,0
17.5044,1,1,,1711,1687,1647,1696,1789,1560,37.867,41.923,48.553,40.313,22.057,47.122,1550,1467,1367,1307,1375,1097,0,0,0,0,0,0
17.5404,1,1,,1691,1683,1645,1689,1783,1544,41.176,42.467,48.783,41.598,22.699,49.213,1550,1467,1367,1307,1375,1097,0,0,0,0,0,0
17.5724,1,1,,1682,1663,1640,1671,1800,1529,42.757,45.798,49.658,44.457,20.760,51.075,1550,1467,1367,1307,1375,1096,0,0,0,0,0,0
17.6044,1,1,,1683,1662,1632,1658,1795,1516,42.475,46.065,50.942,46.743,21.396,52.743,1550,1467,1367,1307,1375,1097,0,0,0,0,0,0
17.6404,1,1,,1679,1651,1615,1648,1794,1494,43.201,47.858,53.741,48.349,21.435,55.566,1550,1467,1367,1307,1375,1097,0,0,0,0,0,0
17.6724,1,1,,1685,1634,1610,1648,1806,1515,42.218,50.635,54.587,48.360,20.083,52.897,1550,1467,1367,1307,1375,1097,0,0,0,0,0,0
17.7044,1,1,,1670,1621,1603,1641,1815,1531,44.668,52.747,55.756,49.456,19.053,50.783,1550,1467,1367,1307,1375,1096,0,0,0,0,0,0
17.7404,1,1,,1670,1635,1606,1643,1804,1509,44.617,50.535,55.319,49.217,20.333,53.652,1550,1467,1367,1307,1375,1097,0,0,0,0,0,0
17.7724,1,1,,1658,1620,1596,1641,1813,1513,46.703,52.951,56.882,49.510,19.294,53.155,1550,1467,1367,1307,1375,1097,0,0,0,0,0,0
17.8084,1,1,,1650,1615,1601,1644,1814,1517,48.082,53.756,56.091,49.003,19.159,52.604,1550,1467,1367,1307,1375,1096,0,0,0,0,0,0
17.8404,1,1,,1641,1612,1606,1638,1824,1505,49.562,54.220,55.314,50.007,17.991,54.127,1550,1467,1367,1307,1375,1097,0,0,0,0,0,0
17.8724,1,1,,1638,1607,1598,1634,1825,1504,50.033,55.071,56.576,50.589,17.891,54.280,1550,1467,1367,1307,1375,1097,0,0,0,0,0,0
17.9044,1,1,,1640,1616,1593,1631,1821,1492,49.619,53.630,57.367,51.218,18.315,55.868,1550,1467,1367,1307,1375,1096,0,0,0,0,0,0
17.9404,1,1,,1625,1605,1587,1626,1813,1506,52.206,55.400,58.424,51.991,19.228,54.054,1550,1467,1367,1307,1375,1096,0,0,0,0,0,0
17.9724,1,1,,1622,1588,1577,1633,1817,1523,52.599,58.288,60.132,50.841,18.774,51.874,1550,1467,1367,1307,1375,1096,0,0,0,0,0,0
18.0044,1,1,,1605,1566,1560,1615,1801,1540,55.398,61.887,62.946,53.740,20.671,49.665,1550,1467,1367,1307,1375,1097,0,0,0,0,0,0
18.0404,1,1,,1612,1549,1491,1555,1787,1538,54.268,64.704,74.353,63.726,22.313,49.952,1550,1467,1367,1307,1375,1096,0,0,0,0,0,0
18.0724,1,1,,1532,1471,1419,1531,1756,1571,67.557,77.551,86.219,67.721,25.903,45.682,1550,1467,1367,1307,1375,1097,0,0,0,0,0,0
18.1044,1,1,,1547,1410,1348,1473,1701,1555,64.976,87.698,97.913,77.267,32.342,47.802,1550,1467,1367,1307,1375,1097,0,0,0,0,0,0
18.1404,1,1,,1452,1343,1289,1441,1692,1508,80.806,98.840,107.668,82.552,33.352,53.724,1550,1467,1367,1307,1375,1097,0,0,0,0,0,0
18.1724,1,1,,1427,1253,1210,1335,1592,1406,84.825,113.686,120.810,100.042,44.998,66.888,1550,1467,1367,1307,1375,1097,0,0,0,0,0,0
18.2084,1,1,,1413,1205,1158,1223,1577,1352,87.209,121.597,129.475,118.636,46.716,73.843,1550,1467,1367,1307,1375,1097,0,0,0,0,0,0
18.2404,1,1,,1327,1165,1129,1177,1544,1333,101.367,128.247,134.251,126.266,50.551,76.223,1550,1467,1367,1307,1375,1097,0,0,0,0,0,0
18.2724,1,1,,1280,1130,1106,1260,1502,1344,109.237,133.967,138.004,112.562,55.420,74.788,1550,1467,1367,1307,1375,1096,0,0,0,0,0,0
18.3044,1,1,,1273,1115,1093,1233,1459,1386,110.329,136.576,140.123,117.046,60.469,69.468,1550,1467,1367,1307,1375,1097,0,0,0,0,0,0
18.3404,1,1,,1230,1055,1045,1151,1406,1352,117.479,146.480,148.025,130.567,66.633,73.832,1550,1467,1367,1307,1375,1097,0,0,0,0,0,0
18.3724,1,1,,1206,1044,1034,1153,1414,1360,121.494,148.257,150.418,130.297,65.723,72.808,1550,1467,1367,1307,1375,1097,0,0,0,0,0,0
18.4184,1,1,,1194,1034,1034,1155,1435,1340,123.457,151.227,150.305,129.948,63.215,75.364,1550,1467,1367,1307,1375,1097,0,0,0,0,0,0
18.4504,1,1,,1184,1034,1034,1123,1415,1380,125.171,154.285,152.484,135.241,65.539,70.187,1550,1467,1367,1307,1375,1097,0,0,0,0,0,0
18.4824,1,1,,1173,1034,1034,1123,1396,1449,126.917,155.161,154.337,135.134,67.781,61.290,1550,1467,1367,1307,1375,1097,0,0,0,0,0,0
18.5184,1,1,,1163,1034,1034,1102,1360,1503,128.595,158.761,156.377,138.634,71.946,54.397,1550,1467,1367,1307,1375,1097,0,0,0,0,0,0
18.5404,1,1,,1137,1034,1034,1116,1320,1534,132.860,158.285,154.824,136.298,76.653,50.464,1550,1467,1367,1307,1375,1097,0,0,0,0,0,0
18.5824,1,1,,1124,1034,1034,1129,1361,1459,134.971,158.299,156.459,134.215,71.847,60.060,1550,1467,1367,1307,1375,1097,0,0,0,0,0,0
18.6044,1,1,,1101,1034,1034,1107,1356,1498,138.772,162.915,157.788,137.802,72.428,55.043,1550,1467,1367,1307,1375,1096,0,0,0,0,0,0
18.6404,1,1,,1106,1034,1034,1120,1367,1474,138.028,161.879,155.613,135.767,71.194,58.127,1550,1467,1367,1307,1375,1097,0,0,0,0,0,0
18.6724,1,1,,1124,1034,1034,1109,1388,1466,135.071,161.857,155.954,137.541,68.701,59.164,1550,1467,1367,1307,1375,1097,0,0,0,0,0,0
18.7044,1,1,,1158,1034,1034,1123,1334,1515,129.430,156.829,152.997,135.185,75.062,52.895,1550,1467,1367,1307,1375,1097,0,0,0,0,0,0
18.7404,1,1,,1170,1034,1034,1155,1323,1579,127.422,157.395,151.325,129.911,76.337,44.642,1550,1467,1367,1307,1375,1097,0,0,0,0,0,0
18.7724,1,1,,1184,1034,1037,1183,1328,1620,125.061,150.451,149.410,125.248,75.708,39.374,1550,1467,1367,1307,1375,1097,0,0,0,0,0,0
18.8184,1,1,,1213,1086,1076,1291,1354,1609,120.333,141.316,142.961,107.479,72.683,40.849,1550,1467,1367,1307,1375,1097,0,0,0,0,0,0
18.8504,1,1,,1233,1083,1067,1119,1374,1639,116.988,141.825,144.500,135.912,70.411,37.041,1550,1467,1367,1307,1375,1097,0,0,0,0,0,0
18.8724,1,1,,1349,1147,1146,1263,1419,1782,97.877,131.255,131.409,112.039,65.130,18.644,1550,1467,1367,1307,1375,1096,0,0,0,0,0,0
18.9144,1,1,,1378,1212,1182,1350,1461,1762,93.045,120.412,125.441,97.629,60.254,21.272,1550,1467,1367,1307,1375,1097,0,0,0,0,0,0
18.9404,1,1,,1410,1258,1240,1400,1545,1726,87.713,112.911,115.794,89.299,50.473,25.821,1550,1467,1367,1307,1375,1097,0,0,0,0,0,0
18.9724,1,1,,1472,1366,1314,1437,1585,1686,77.411,94.971,103.632,83.295,45.796,30.949,1550,1467,1367,1307,1375,1096,0,0,0,0,0,0
19.0044,1,1,,1494,1372,1314,1448,1597,1611,73.826,94.073,103.613,81.368,44.425,40.568,1550,1467,1367,1307,1375,1097,0,0,0,0,0,0
19.0404,1,1,,1556,1396,1333,1471,1577,1606,63.517,89.974,100.400,77.605,46.677,41.210,1550,1467,1367,1307,1375,1097,0,0,0,0,0,0
19.0724,1,1,,1580,1497,1444,1569,1624,1454,59.637,73.367,82.020,61.462,41.248,60.752,1550,1467,1367,1307,1375,1097,0,0,0,0,0,0
19.1084,1,1,,1620,1556,1518,1616,1719,1458,52.959,63.494,69.791,53.687,30.229,60.136,1550,1467,1367,1307,1375,1097,0,0,0,0,0,0
19.1504,1,1,,1759,1676,1659,1712,1731,1429,29.939,43.728,46.589,37.737,28.752,63.935,1550,1467,1367,1307,1375,1096,0,0,0,0,0,0
19.1824,1,1,,1706,1699,1678,1752,1751,1451,38.816,39.922,43.412,31.113,26.413,61.101,1550,1467,1367,1307,1375,1097,0,0,0,0,0,0
19.2144,1,1,,1740,1718,1698,1774,1805,1452,33.086,36.745,40.045,27.511,20.228,60.950,1550,1467,1367,1307,1375,1097,0,0,0,0,0,0
19.2404,1,1,,1741,1737,1692,1781,1839,1464,32.936,33.608,41.014,26.345,16.240,59.368,1550,1467,1367,1307,1375,1097,0,0,0,0,0,0
19.2724,1,1,,1725,1730,1698,1785,1838,1481,35.621,34.761,40.065,25.592,16.285,57.278,1550,1467,1367,1307,1375,1097,0,0,0,0,0,0
19.3084,1,1,,1745,1722,1694,1782,1823,1547,32.333,36.163,40.789,26.179,18.036,48.810,1550,1467,1367,1307,1375,1097,0,0,0,0,0,0
19.3504,1,1,,1760,1708,1693,1786,1817,1598,29.797,38.426,40.906,25.531,18.781,42.193,1550,1467,1367,1307,1375,1097,0,0,0,0,0,0
19.3724,1,1,,1761,1698,1694,1780,1817,1646,29.711,40.009,40.765,26.456,18.733,36.046,1550,1467,1367,1307,1375,1097,0,0,0,0,0,0
19.4044,1,1,,1783,1694,1690,1788,1796,1665,26.008,40.678,41.459,25.219,21.181,33.622,1550,1467,1367,1307,1375,1097,0,0,0,0,0,0
19.4504,1,1,,1769,1680,1672,1784,1819,1694,28.286,43.099,44.378,25.820,18.597,29.914,1550,1467,1367,1307,1375,1097,0,0,0,0,0,0
19.4724,1,1,,1762,1674,1676,1786,1825,1721,29.452,44.077,43.634,25.522,17.872,26.450,1550,1467,1367,1307,1375,1097,0,0,0,0,0,0
19.5084,1,1,,1751,1672,1668,1785,1828,1722,31.320,44.385,45.008,25.626,17.530,26.287,1550,1467,1367,1307,1375,1097,0,0,0,0,0,0
19.5504,1,1,,1738,1662,1663,1785,1840,1736,33.443,45.980,45.833,25.662,16.088,24.534,1550,1467,1367,1307,1375,1097,0,0,0,0,0,0
19.5724,1,1,,1755,1670,1672,1791,1821,1769,30.710,44.661,44.374,24.646,18.281,20.332,1550,1467,1367,1307,1375,1097,0,0,0,0,0,0
19.6084,1,1,,1751,1666,1672,1788,1830,1765,31.262,45.376,44.333,25.146,17.213,20.840,1550,1467,1367,1307,1375,1097,0,0,0,0,0,0
19.6404,1,1,,1749,1661,1668,1791,1832,1773,31.629,46.181,45.024,24.655,17.064,19.747,1550,1467,1367,1307,1375,1097,0,0,0,0,0,0
19.6724,1,1,,1749,1667,1671,1788,1827,1789,31.595,45.151,44.510,25.200,17.667,17.738,1550,1467,1367,1307,1375,1097,0,0,0,0,0,0
19.7184,1,1,,1748,1665,1671,1798,1830,1776,31.762,45.449,44.589,23.511,17.228,19.400,1550,1467,1367,1307,1375,1097,0,0,0,0,0,0
19.7404,1,1,,1748,1665,1671,1798,1826,1767,31.769,45.519,44.467,23.517,17.704,20.617,1550,1467,1367,1307,1375,1097,0,0,0,0,0,0
19.7724,1,1,,1744,1670,1669,1803,1821,1761,32.460,44.664,44.809,22.719,18.360,21.285,1550,1467,1367,1307,1375,1097,0,0,0,0,0,0
19.8084,1,1,,1728,1662,1663,1797,1846,1748,35.068,46.005,45.778,23.662,15.426,22.974,1550,1467,1367,1307,1375,1096,0,0,0,0,0,0
19.8504,1,1,,1740,1674,1667,1794,1829,1750,33.086,43.980,45.199,24.229,17.418,22.753,1550,1467,1367,1307,1375,1097,0,0,0,0,0,0
19.8724,1,1,,1739,1677,1670,1793,1827,1734,33.345,43.462,44.691,24.410,17.585,24.776,1550,1467,1367,1307,1375,1097,0,0,0,0,0,0
19.9184,1,1,,1740,1679,1672,1798,1830,1728,33.143,43.174,44.374,23.594,17.277,25.561,1550,1467,1367,1307,1375,1097,0,0,0,0,0,0
19.9504,1,1,,1736,1679,1672,1785,1833,1711,33.752,43.140,44.407,25.650,16.907,27.805,1550,1467,1367,1307,1375,1097,0,0,0,0,0,0
19.9724,1,1,,1735,1680,1681,1766,1827,1706,33.899,42.966,42.838,28.861,17.645,28.408,1550,1467,1367,1307,1375,1097,0,0,0,0,0,0
20.0084,1,1,,1741,1695,1678,1753,1833,1689,32.949,40.486,43.326,30.906,16.921,30.547,1550,1467,1367,1307,1375,1097,0,0,0,0,0,0
20.0504,1,1,,1732,1692,1671,1739,1829,1637,34.469,41.117,44.450,33.242,17.431,37.281,1550,1467,1367,1307,1375,1097,0,0,0,0,0,0
20.0724,1,1,,1707,1646,1652,1719,1802,1584,38.644,48.621,47.648,36.626,20.499,44.024,1550,1467,1367,1307,1375,1097,0,0,0,0,0,0
20.1184,1,1,,1696,1642,1641,1689,1792,1574,40.437,49.291,49.515,41.511,21.747,45.288,1550,1467,1367,1307,1375,1097,0,0,0,0,0,0
20.1504,1,1,,1656,1609,1651,1672,1804,1553,46.982,54.752,47.760,44.307,20.319,48.022,1550,1467,1367,1307,1375,1097,0,0,0,0,0,0
20.1724,1,1,,1658,1562,1579,1598,1755,1591,46.689,62.492,59.803,56.659,25.949,43.142,1550,1467,1367,1307,1375,1097,0,0,0,0,0,0
20.2184,1,1,,1596,1545,1560,1568,1739,1546,57.003,65.415,62.919,61.496,27.839,48.887,1550,1467,1367,1307,1375,1097,0,0,0,0,0,0
20.2504,1,1,,1625,1543,1521,1567,1760,1496,52.092,65.674,69.425,61.812,25.468,55.333,1550,1467,1367,1307,1375,1097,0,0,0,0,0,0
20.2724,1,1,,1591,1520,1516,1557,1731,1454,57.749,69.558,70.175,63.361,28.843,60.718,1550,1467,1367,1307,1375,1097,0,0,0,0,0,0
20.3184,1,1,,1578,1474,1446,1508,1708,1473,59.922,77.067,81.814,71.437,31.467,58.206,1550,1467,1367,1307,1375,1097,0,0,0,0,0,0
20.3404,1,1,,1466,1350,1340,1451,1729,1449,78.519,97.657,99.211,80.870,29.011,61.297,1550,1467,1367,1307,1375,1097,0,0,0,0,0,0
20.3724,1,1,,1410,1301,1321,1422,1747,1475,87.767,105.682,102.478,85.697,26.920,58.025,1550,1467,1367,1307,1375,1096,0,0,0,0,0,0
20.4184,1,1,,1431,1288,1298,1374,1767,1418,84.237,107.890,106.221,93.622,24.600,65.382,1550,1467,1367,1307,1375,1097,0,0,0,0,0,0
20.4404,1,1,,1396,1271,1294,1339,1727,1323,90.022,110.745,106.855,99.423,29.223,77.490,1550,1467,1367,1307,1375,1097,0,0,0,0,0,0
20.4824,1,1,,1394,1239,1253,1266,1720,1268,90.369,115.976,113.677,111.540,30.095,84.581,1550,1467,1367,1307,1375,1097,0,0,0,0,0,0
20.5044,1,1,,1345,1195,1205,1209,1677,1276,98.417,123.334,121.657,120.952,35.123,83.483,1550,1467,1367,1307,1375,1097,0,0,0,0,0,0
20.5404,1,1,,1334,1180,1185,1169,1625,1337,100.322,125.705,124.902,127.638,41.130,75.757,1550,1467,1367,1307,1375,1097,0,0,0,0,0,0
20.5724,1,1,,1326,1167,1168,1158,1600,1333,101.628,127.920,127.799,129.410,44.013,76.166,1550,1467,1367,1307,1375,1096,0,0,0,0,0,0
20.6184,1,1,,1311,1168,1169,1177,1540,1380,104.065,127.711,127.508,126.216,51.068,70.247,1550,1467,1367,1307,1375,1097,0,0,0,0,0,0
20.6404,1,1,,1296,1144,1149,1190,1539,1328,106.540,131.675,130.833,124.148,51.198,76.836,1550,1467,1367,1307,1375,1097,0,0,0,0,0,0
20.6724,1,1,,1284,1126,1129,1188,1504,1353,108.558,134.709,134.128,124.503,55.209,73.593,1550,1467,1367,1307,1375,1097,0,0,0,0,0,0
20.7084,1,1,,1255,1096,1102,1165,1458,1393,113.304,139.657,138.666,128.247,60.533,68.528,1550,1467,1367,1307,1375,1097,0,0,0,0,0,0
20.7404,1,1,,1237,1078,1075,1111,1443,1436,116.333,142.674,143.165,137.255,62.362,63.039,1550,1467,1367,1307,1375,1097,0,0,0,0,0,0
20.7724,1,1,,1221,1061,1043,1080,1420,1487,118.937,145.399,148.417,142.347,64.948,56.444,1550,1467,1367,1307,1375,1097,0,0,0,0,0,0
20.8084,1,1,,1201,1047,1034,1070,1416,1509,122.325,147.774,150.722,143.931,65.483,53.705,1550,1467,1367,1307,1375,1097,0,0,0,0,0,0
20.8444,1,1,,1197,1041,1034,1064,1402,1477,123.019,148.701,151.086,144.941,67.045,57.788,1550,1467,1367,1307,1375,1097,0,0,0,0,0,0
20.8824,1,1,,1175,1034,1034,1075,1372,1585,126.558,151.310,151.921,143.083,70.567,43.955,1550,1467,1367,1307,1375,1096,0,0,0,0,0,0
20.9084,1,1,,1178,1034,1034,1073,1376,1582,126.140,150.884,151.136,143.497,70.076,44.353,1550,1467,1367,1307,1375,1097,0,0,0,0,0,0
20.9404,1,1,,1170,1035,1034,1079,1371,1593,127.345,149.733,150.809,142.461,70.724,42.916,1550,1467,1367,1307,1375,1097,0,0,0,0,0,0
20.9724,1,1,,1179,1042,1034,1088,1363,1636,125.914,148.661,150.014,140.929,71.607,37.368,1550,1467,1367,1307,1375,1097,0,0,0,0,0,0
21.0084,1,1,,1186,1039,1043,1103,1313,1734,124.810,149.069,148.399,138.485,77.474,24.755,1550,1467,1367,1307,1375,1097,0,0,0,0,0,0
21.0404,1,1,,1210,1057,1060,1138,1335,1673,120.844,146.182,145.669,132.641,74.852,32.611,1550,1467,1367,1307,1375,1097,0,0,0,0,0,0
21.0724,1,1,,1249,1113,1113,1236,1390,1686,114.390,136.774,136.842,116.536,68.480,30.936,1550,1467,1367,1307,1375,1096,0,0,0,0,0,0
21.1184,1,1,,1278,1132,1124,1154,1447,1595,109.492,133.644,135.079,130.019,61.913,42.566,1550,1467,1367,1307,1375,1097,0,0,0,0,0,0
21.1404,1,1,,1314,1172,1170,1279,1454,1680,103.673,127.162,127.405,109.334,61.086,31.793,1550,1467,1367,1307,1375,1096,0,0,0,0,0,0
21.1724,1,1,,1365,1232,1214,1343,1503,1740,95.110,117.120,120.074,98.767,55.319,24.049,1550,1467,1367,1307,1375,1097,0,0,0,0,0,0
21.2084,1,1,,1393,1275,1230,1393,1642,1732,90.521,110.092,117.486,90.566,39.165,25.001,1550,1467,1367,1307,1375,1097,0,0,0,0,0,0
21.2504,1,1,,1506,1382,1327,1420,1705,1750,71.879,92.349,101.480,86.031,31.831,22.728,1550,1467,1367,1307,1375,1097,0,0,0,0,0,0
21.2724,1,1,,1573,1460,1409,1545,1763,1778,60.737,79.391,87.865,65.454,25.115,19.164,1550,1467,1367,1307,1375,1097,0,0,0,0,0,0
21.3184,1,1,,1543,1523,1453,1583,1807,1483,65.715,69.078,80.621,59.083,19.960,56.992,1550,1467,1367,1307,1375,1097,0,0,0,0,0,0
21.3504,1,1,,1612,1557,1496,1625,1805,1491,54.212,63.361,73.434,52.162,20.133,56.021,1550,1467,1367,1307,1375,1097,0,0,0,0,0,0
21.3724,1,1,,1727,1642,1591,1686,1801,1542,35.263,49.307,57.751,42.007,20.596,49.436,1550,1467,1367,1307,1375,1096,0,0,0,0,0,0
21.4084,1,1,,1716,1695,1655,1718,1811,1591,37.127,40.583,47.119,36.794,19.438,43.197,1550,1467,1367,1307,1375,1097,0,0,0,0,0,0
21.4404,1,1,,1742,1706,1678,1734,1824,1535,32.744,38.787,43.304,34.156,17.927,50.367,1550,1467,1367,1307,1375,1097,0,0,0,0,0,0
21.4724,1,1,,1747,1702,1693,1764,1823,1565,31.905,39.330,40.840,29.168,18.131,46.431,1550,1467,1367,1307,1375,1097,0,0,0,0,0,0
21.5184,1,1,,1728,1684,1699,1768,1830,1607,35.046,42.425,39.977,28.514,17.283,41.098,1550,1467,1367,1307,1375,1097,0,0,0,0,0,0
21.5504,1,1,,1738,1678,1702,1770,1820,1638,33.475,43.319,39.438,28.086,18.402,37.112,1550,1467,1367,1307,1375,1097,0,0,0,0,0,0
21.5724,1,1,,1758,1676,1693,1773,1827,1667,30.131,43.699,40.922,27.598,17.616,33.437,1550,1467,1367,1307,1375,1097,0,0,0,0,0,0
21.6084,1,1,,1752,1670,1695,1769,1820,1704,31.193,44.652,40.478,28.341,18.429,28.628,1550,1467,1367,1307,1375,1097,0,0,0,0,0,0
21.6504,1,1,,1746,1662,1689,1772,1831,1720,32.203,46.069,41.632,27.761,17.150,26.567,1550,1467,1367,1307,1375,1097,0,0,0,0,0,0
21.6724,1,1,,1762,1663,1685,1769,1826,1730,29.516,45.837,42.183,28.382,17.739,25.349,1550,1467,1367,1307,1375,1096,0,0,0,0,0,0
21.7184,1,1,,1763,1656,1679,1769,1830,1744,29.376,46.989,43.257,28.333,17.261,23.470,1550,1467,1367,1307,1375,1097,0,0,0,0,0,0
21.7404,1,1,,1763,1657,1676,1763,1838,1755,29.331,46.866,43.643,29.274,16.313,22.174,1550,1467,1367,1307,1375,1096,0,0,0,0,0,0
21.7724,1,1,,1770,1661,1675,1779,1821,1769,28.117,46.136,43.832,26.743,18.273,20.348,1550,1467,1367,1307,1375,1097,0,0,0,0,0,0
21.8184,1,1,,1767,1656,1671,1775,1822,1781,28.691,47.078,44.569,27.407,18.242,18.753,1550,1467,1367,1307,1375,1097,0,0,0,0,0,0
21.8384,1,1,,1772,1655,1667,1781,1832,1785,27.825,47.147,45.253,26.304,17.010,18.298,1550,1467,1367,1307,1375,1097,0,0,0,0,0,0
21.8724,1,1,,1776,1658,1668,1778,1842,1793,27.183,46.697,45.073,26.774,15.894,17.268,1550,1467,1367,1307,1375,1097,0,0,0,0,0,0
21.9084,1,1,,1771,1659,1663,1784,1844,1798,27.980,46.492,45.819,25.829,15.636,16.620,1550,1467,1367,1307,1375,1096,0,0,0,0,0,0
21.9404,1,1,,1753,1643,1657,1784,1838,1794,30.932,49.118,46.811,25.790,16.379,17.154,1550,1467,1367,1307,1375,1097,0,0,0,0,0,0
21.9724,1,1,,1755,1654,1661,1776,1849,1767,30.567,47.425,46.247,27.197,15.080,20.543,1550,1467,1367,1307,1375,1097,0,0,0,0,0,0
22.0084,1,1,,1753,1649,1663,1778,1834,1783,30.916,48.164,45.804,26.811,16.857,18.485,1550,1467,1367,1307,1375,1096,0,0,0,0,0,0
22.0404,1,1,,1751,1654,1666,1779,1846,1777,31.277,47.300,45.300,26.592,15.420,19.271,1550,1467,1367,1307,1375,1097,0,0,0,0,0,0
22.0724,1,1,,1751,1652,1664,1779,1844,1776,31.300,47.659,45.608,26.605,15.595,19.416,1550,1467,1367,1307,1375,1097,0,0,0,0,0,0
22.1044,1,1,,1755,1661,1664,1776,1850,1755,30.565,46.175,45.749,27.112,14.659,22.124,1550,1467,1367,1307,1375,1097,0,0,0,0,0,0
22.1504,1,1,,1759,1675,1662,1773,1850,1748,30.011,43.862,46.045,27.626,14.345,23.068,1550,1467,1367,1307,1375,1097,0,0,0,0,0,0
22.1724,1,1,,1756,1687,1668,1767,1836,1687,30.437,41.844,45.048,28.691,16.552,30.797,1550,1467,1367,1307,1375,1097,0,0,0,0,0,0
22.2084,1,1,,1745,1676,1656,1742,1765,1628,32.340,43.716,47.079,32.847,24.804,38.450,1550,1467,1367,1307,1375,1097,0,0,0,0,0,0
22.2504,1,1,,1703,1628,1601,1684,1780,1606,39.190,51.568,56.183,42.388,23.107,41.175,1550,1467,1367,1307,1375,1097,0,0,0,0,0,0
22.2724,1,1,,1627,1563,1520,1601,1763,1578,51.781,62.330,69.539,56.147,25.058,44.805,1550,1467,1367,1307,1375,1097,0,0,0,0,0,0
22.3084,1,1,,1580,1499,1455,1527,1763,1643,59.547,72.918,80.221,68.299,25.061,36.426,1550,1467,1367,1307,1375,1097,0,0,0,0,0,0
22.3504,1,1,,1575,1426,1346,1459,1710,1627,60.442,85.125,98.255,79.562,31.224,38.508,1550,1467,1367,1307,1375,1097,0,0,0,0,0,0
22.3824,1,1,,1476,1328,1270,1368,1721,1561,76.783,101.283,110.912,94.597,29.939,47.048,1550,1467,1367,1307,1375,1097,0,0,0,0,0,0
22.4184,1,1,,1429,1259,1225,1253,1679,1295,84.632,112.675,118.241,113.728,34.826,81.101,1550,1467,1367,1307,1375,1097,0,0,0,0,0,0
22.4404,1,1,,1363,1200,1177,1203,1591,1345,95.421,122.458,126.190,121.929,45.074,74.659,1550,1467,1367,1307,1375,1097,0,0,0,0,0,0
22.4724,1,1,,1312,1158,1134,1159,1568,1309,103.984,129.431,133.345,129.278,47.780,79.322,1550,1467,1367,1307,1375,1097,0,0,0,0,0,0
22.5184,1,1,,1290,1146,1131,1222,1525,1336,107.561,131.367,133.856,118.741,52.747,75.851,1550,1467,1367,1307,1375,1097,0,0,0,0,0,0
22.5404,1,1,,1298,1139,1113,1161,1452,1410,106.223,132.606,136.775,128.941,61.299,66.380,1550,1467,1367,1307,1375,1097,0,0,0,0,0,0
22.5724,1,1,,1249,1092,1074,1177,1437,1354,114.398,140.401,143.227,126.248,63.037,73.588,1550,1467,1367,1307,1375,1097,0,0,0,0,0,0
22.6084,1,1,,1228,1073,1051,1127,1383,1447,117.789,143.530,147.076,134.585,69.354,61.625,1550,1467,1367,1307,1375,1097,0,0,0,0,0,0
22.6404,1,1,,1197,1041,1034,1121,1358,1493,122.887,148.774,149.978,135.540,72.188,55.720,1550,1467,1367,1307,1375,1097,0,0,0,0,0,0
22.6723,1,1,,1171,1034,1034,1099,1356,1445,127.315,151.636,153.111,139.098,72.413,61.808,1550,1467,1367,1307,1375,1097,0,0,0,0,0,0
22.7043,1,1,,1162,1034,1034,1113,1347,1454,128.660,151.566,153.605,136.770,73.500,60.724,1550,1467,1367,1307,1375,1097,0,0,0,0,0,0
22.7383,1,1,,1164,1034,1034,1073,1350,1470,128.457,150.875,154.147,143.400,73.197,58.680,1550,1467,1367,1307,1375,1097,0,0,0,0,0,0
22.7703,1,1,,1168,1034,1034,1075,1337,1522,127.722,152.562,152.987,143.118,74.615,51.937,1550,1467,1367,1307,1375,1097,0,0,0,0,0,0
22.8023,1,1,,1168,1035,1034,1105,1317,1544,127.675,149.816,150.984,138.149,77.050,49.216,1550,1467,1367,1307,1375,1097,0,0,0,0,0,0
22.8383,1,1,,1178,1034,1043,1108,1295,1617,126.038,151.166,148.497,137.613,79.607,39.869,1550,1467,1367,1307,1375,1097,0,0,0,0,0,0
22.8703,1,1,,1182,1034,1047,1093,1290,1635,125.481,152.212,147.763,140.119,80.165,37.451,1550,1467,1367,1307,1375,1097,0,0,0,0,0,0
22.9084,1,1,,1188,1043,1048,1077,1306,1557,124.374,148.352,147.651,142.785,78.267,47.510,1550,1467,1367,1307,1375,1097,0,0,0,0,0,0
22.9404,1,1,,1228,1088,1075,1118,1304,1626,117.846,140.939,143.143,136.034,78.558,38.670,1550,1467,1367,1307,1375,1097,0,0,0,0,0,0
22.9724,1,1,,1259,1117,1095,1130,1316,1705,112.684,136.117,139.778,134.057,77.106,28.505,1550,1467,1367,1307,1375,1097,0,0,0,0,0,0
23.0044,1,1,,1332,1136,1133,1136,1361,1747,100.547,132.983,133.497,132.996,71.876,23.098,1550,1467,1367,1307,1375,1097,0,0,0,0,0,0
23.0404,1,1,,1386,1192,1181,1263,1450,1793,91.685,123.822,125.567,112.075,61.552,17.305,1550,1467,1367,1307,1375,1097,0,0,0,0,0,0
23.0724,1,1,,1415,1294,1270,1392,1685,1773,86.885,106.938,110.830,90.696,34.107,19.764,1550,1467,1367,1307,1375,1097,0,0,0,0,0,0
23.1044,1,1,,1513,1423,1380,1443,1691,1768,70.593,85.573,92.706,82.260,33.460,20.481,1550,1467,1367,1307,1375,1097,0,0,0,0,0,0
23.1404,1,1,,1558,1475,1415,1501,1774,1633,63.303,77.033,86.856,72.649,23.821,37.772,1550,1467,1367,1307,1375,1097,0,0,0,0,0,0
23.1724,1,1,,1564,1476,1422,1546,1797,1499,62.211,76.797,85.784,65.228,21.112,54.993,1550,1467,1367,1307,1375,1097,0,0,0,0,0,0
23.2044,1,1,,1598,1509,1417,1545,1850,1540,56.540,71.376,86.505,65.391,14.641,49.719,1550,1467,1367,1307,1375,1097,0,0,0,0,0,0
23.2404,1,1,,1619,1563,1525,1613,1813,1509,53.067,62.323,68.677,54.165,19.277,53.669,1550,1467,1367,1307,1375,1097,0,0,0,0,0,0
23.2744,1,1,,1705,1641,1600,1667,1825,1492,38.979,49.554,56.342,45.238,17.888,55.867,1550,1467,1367,1307,1375,1097,0,0,0,0,0,0
23.3184,1,1,,1685,1678,1655,1717,1810,1609,42.193,43.298,47.190,36.952,19.571,40.831,1550,1467,1367,1307,1375,1097,0,0,0,0,0,0
23.3404,1,1,,1693,1687,1678,1717,1798,1632,40.954,41.839,43.421,36.954,20.987,37.878,1550,1467,1367,1307,1375,1097,0,0,0,0,0,0
23.3724,1,1,,1684,1666,1696,1727,1797,1660,42.345,45.288,40.431,35.327,21.086,34.233,1550,1467,1367,1307,1375,1097,0,0,0,0,0,0
23.4084,1,1,,1702,1673,1705,1759,1792,1654,39.348,44.226,38.860,30.042,21.743,35.073,1550,1467,1367,1307,1375,1097,0,0,0,0,0,0
23.4505,1,1,,1713,1677,1713,1770,1793,1628,37.601,43.458,37.569,28.199,21.566,38.341,1550,1467,1367,1307,1375,1097,0,0,0,0,0,0
23.4724,1,1,,1721,1684,1716,1784,1793,1639,36.291,42.355,37.131,25.831,21.577,36.923,1550,1467,1367,1307,1375,1097,0,0,0,0,0,0
23.5184,1,1,,1740,1688,1717,1786,1785,1656,33.041,41.662,36.913,25.547,22.536,34.769,1550,1467,1367,1307,1375,1096,0,0,0,0,0,0
23.5404,1,1,,1756,1679,1713,1791,1788,1689,30.549,43.247,37.617,24.743,22.200,30.599,1550,1467,1367,1307,1375,1097,0,0,0,0,0,0
23.5725,1,1,,1762,1685,1715,1791,1803,1697,29.420,42.282,37.331,24.741,20.360,29.500,1550,1467,1367,1307,1375,1097,0,0,0,0,0,0
23.6185,1,1,,1776,1683,1714,1787,1797,1719,27.211,42.510,37.337,25.333,21.077,26.745,1550,1467,1367,1307,1375,1097,0,0,0,0,0,0
23.6505,1,1,,1784,1682,1709,1788,1796,1715,25.757,42.683,38.308,25.206,21.217,27.193,1550,1467,1367,1307,1375,1097,0,0,0,0,0,0
23.6846,1,1,,1793,1679,1706,1789,1797,1737,24.409,43.220,38.672,24.948,21.061,24.393,1550,1467,1367,1307,1375,1097,0,0,0,0,0,0
23.7206,1,1,,1796,1676,1707,1800,1800,1773,23.908,43.721,38.582,23.265,20.729,19.838,1550,1467,1367,1307,1375,1097,0,0,0,0,0,0
23.7526,1,1,,1815,1684,1693,1795,1795,1807,20.776,42.446,40.894,23.951,21.395,15.447,1550,1467,1367,1307,1375,1097,0,0,0,0,0,0
23.7746,1,1,,1813,1681,1687,1787,1794,1797,20.961,42.802,41.910,25.406,21.412,16.746,1550,1467,1367,1307,1375,1097,0,0,0,0,0,0
23.8045,1,1,,1794,1678,1682,1777,1792,1812,24.110,43.345,42.786,27.059,21.718,14.820,1550,1467,1367,1307,1375,1096,0,0,0,0,0,0
23.8406,1,1,,1781,1676,1675,1780,1783,1815,26.350,43.694,43.947,26.542,22.691,14.379,1550,1467,1367,1307,1375,1097,0,0,0,0,0,0
23.8725,1,1,,1771,1668,1660,1774,1791,1824,27.911,45.058,46.357,27.487,21.786,13.318,1550,1467,1367,1307,1375,1097,0,0,0,0,0,0
23.9085,1,1,,1772,1677,1664,1775,1789,1824,27.827,43.524,45.730,27.325,22.048,13.272,1550,1467,1367,1307,1375,1097,0,0,0,0,0,0
23.9405,1,1,,1765,1678,1664,1775,1789,1820,29.038,43.369,45.657,27.391,22.082,13.739,1550,1467,1367,1307,1375,1096,0,0,0,0,0,0
23.9725,1,1,,1757,1668,1660,1773,1803,1821,30.370,45.074,46.403,27.714,20.377,13.697,1550,1467,1367,1307,1375,1096,0,0,0,0,0,0
24.0044,1,1,,1753,1668,1661,1775,1795,1810,30.891,45.048,46.125,27.327,21.360,15.092,1550,1467,1367,1307,1375,1097,0,0,0,0,0,0
24.0404,1,1,,1756,1668,1664,1778,1800,1802,30.462,44.969,45.620,26.797,20.785,16.109,1550,1467,1367,1307,1375,1097,0,0,0,0,0,0
24.0724,1,1,,1763,1669,1663,1777,1806,1794,29.310,44.929,45.929,26.945,20.041,17.172,1550,1467,1367,1307,1375,1096,0,0,0,0,0,0
24.1145,1,1,,1762,1673,1664,1767,1809,1775,29.483,44.148,45.707,28.615,19.704,19.600,1550,1467,1367,1307,1375,1096,0,0,0,0,0,0
24.1405,1,1,,1767,1678,1672,1765,1806,1766,28.647,43.397,44.362,29.048,20.064,20.687,1550,1467,1367,1307,1375,1097,0,0,0,0,0,0
24.1724,1,1,,1766,1671,1655,1741,1803,1741,28.891,44.470,47.239,32.957,20.376,23.915,1550,1467,1367,1307,1375,1097,0,0,0,0,0,0
24.2044,1,1,,1739,1664,1629,1700,1808,1692,33.239,45.767,51.541,39.677,19.811,30.160,1550,1467,1367,1307,1375,1097,0,0,0,0,0,0
24.2404,1,1,,1708,1619,1573,1652,1793,1710,38.423,53.066,60.783,47.650,21.522,27.910,1550,1467,1367,1307,1375,1097,0,0,0,0,0,0
24.2724,1,1,,1682,1520,1490,1595,1831,1666,42.635,69.541,74.449,57.110,17.199,33.579,1550,1467,1367,1308,1375,1097,0,0,0,0,0,0
24.3484,1,1,,1683,1507,1460,1550,1731,1599,42.605,71.686,79.357,64.506,28.791,42.103,1550,1467,1367,1307,1375,1097,0,0,0,0,0,0
24.3684,1,1,,1641,1463,1416,1512,1690,1630,49.513,79.006,86.772,70.821,33.528,38.108,1550,1467,1367,1307,1375,1097,0,0,0,0,0,0
24.3964,1,1,,1546,1399,1364,1470,1723,1564,65.194,89.475,95.322,77.859,29.746,46.588,1550,1467,1367,1307,1375,1096,0,0,0,0,0,0
24.4304,1,1,,1517,1369,1335,1429,1653,1592,69.943,94.505,100.147,84.607,37.881,42.994,1550,1467,1367,1307,1375,1097,0,0,0,0,0,0
24.4544,1,1,,1424,1279,1285,1402,1668,1494,85.365,109.356,108.364,88.969,36.134,55.635,1550,1467,1367,1307,1375,1097,0,0,0,0,0,0
24.4784,1,1,,1341,1206,1222,1302,1756,1284,99.056,121.463,118.736,105.515,25.862,82.460,1550,1467,1367,1307,1375,1097,0,0,0,0,0,0
24.5064,1,1,,1364,1197,1190,1247,1765,1259,95.351,122.923,124.054,114.668,24.865,85.720,1550,1467,1367,1307,1375,1097,0,0,0,0,0,0
24.5404,1,1,,1299,1139,1133,1180,1688,1293,106.030,132.555,133.617,125.732,33.860,81.404,1550,1467,1367,1307,1375,1097,0,0,0,0,0,0
24.5724,1,1,,1287,1143,1132,1179,1632,1304,108.071,131.870,133.709,125.984,40.322,79.946,1550,1467,1367,1307,1375,1097,0,0,0,0,0,0
24.6084,1,1,,1259,1111,1108,1199,1558,1305,112.629,137.102,137.754,122.623,48.980,79.800,1550,1467,1367,1307,1375,1097,0,0,0,0,0,0
24.6404,1,1,,1242,1091,1093,1249,1528,1289,115.515,140.527,140.157,114.360,52.448,81.798,1550,1467,1367,1307,1375,1097,0,0,0,0,0,0
24.6724,1,1,,1233,1067,1070,1191,1458,1372,117.002,144.498,144.036,124.004,60.563,71.222,1550,1467,1367,1307,1375,1097,0,0,0,0,0,0
24.7044,1,1,,1244,1065,1063,1134,1448,1396,115.247,144.726,145.087,133.305,61.749,68.183,1550,1467,1367,1307,1375,1097,0,0,0,0,0,0
24.7504,1,1,,1225,1066,1052,1121,1416,1469,118.289,144.694,146.989,135.577,65.462,58.837,1550,1467,1367,1307,1375,1097,0,0,0,0,0,0
24.7744,1,1,,1185,1034,1042,1126,1387,1463,124.864,150.521,148.537,134.759,68.815,59.541,1550,1467,1367,1307,1375,1097,0,0,0,0,0,0
24.8084,1,1,,1160,1034,1034,1104,1383,1490,129.067,154.937,152.516,138.296,69.338,56.075,1550,1467,1367,1307,1375,1097,0,0,0,0,0,0
24.8404,1,1,,1098,1034,1034,1284,1393,1418,139.271,153.868,151.438,108.637,68.198,65.368,1550,1467,1367,1307,1375,1096,0,0,0,0,0,0
24.8824,1,1,,1106,1034,1034,1149,1424,1356,138.085,158.226,155.237,130.814,64.540,73.293,1550,1467,1367,1307,1375,1097,0,0,0,0,0,0
24.9084,1,1,,1127,1034,1034,1133,1424,1359,134.551,156.989,153.878,133.599,64.577,72.918,1550,1467,1367,1307,1375,1097,0,0,0,0,0,0
24.9404,1,1,,1117,1034,1034,1119,1435,1341,136.158,157.361,154.682,135.869,63.279,75.193,1550,1467,1367,1307,1375,1097,0,0,0,0,0,0
24.9724,1,1,,1129,1034,1034,1196,1429,1274,134.242,158.590,151.810,123.086,63.977,83.769,1550,1467,1367,1307,1375,1097,0,0,0,0,0,0
25.0084,1,1,,1186,1034,1050,1133,1434,1324,124.755,152.558,147.229,133.535,63.360,77.325,1550,1467,1367,1307,1375,1097,0,0,0,0,0,0
25.0404,1,1,,1201,1058,1073,1266,1480,1280,122.208,145.968,143.389,111.489,58.036,83.013,1550,1467,1367,1307,1375,1097,0,0,0,0,0,0
25.0724,1,1,,1195,1068,1069,1367,1462,1291,123.358,144.310,144.090,94.753,60.137,81.539,1550,1467,1367,1307,1375,1097,0,0,0,0,0,0
25.1184,1,1,,1258,1120,1090,1116,1537,1461,112.865,135.628,140.586,136.403,51.415,59.762,1550,1467,1367,1307,1375,1097,0,0,0,0,0,0
25.1404,1,1,,1371,1232,1218,1335,1648,1763,94.124,117.228,119.553,100.063,38.421,21.072,1550,1467,1367,1307,1375,1097,0,0,0,0,0,0
25.1724,1,1,,1450,1333,1310,1409,1694,1783,81.130,100.434,104.320,87.893,33.051,18.580,1550,1467,1367,1307,1375,1097,0,0,0,0,0,0
25.2084,1,1,,1566,1471,1432,1565,1824,1714,61.841,77.579,84.031,62.148,17.966,27.386,1550,1467,1367,1307,1375,1097,0,0,0,0,0,0
25.2504,1,1,,1562,1520,1450,1603,1826,1537,62.507,69.448,81.143,55.784,17.785,50.037,1550,1467,1367,1307,1375,1096,0,0,0,0,0,0
25.2724,1,1,,1627,1614,1574,1683,1828,1557,51.740,54.017,60.572,42.588,17.474,47.492,1550,1467,1367,1307,1375,1097,0,0,0,0,0,0
25.3084,1,1,,1721,1683,1641,1718,1840,1647,36.223,42.576,49.530,36.680,16.157,35.994,1550,1467,1367,1307,1375,1097,0,0,0,0,0,0
25.3404,1,1,,1743,1725,1680,1746,1850,1621,32.606,35.632,43.068,32.111,14.830,39.326,1550,1467,1367,1307,1375,1096,0,0,0,0,0,0
25.3724,1,1,,1766,1708,1693,1753,1827,1644,28.833,38.473,40.924,30.999,17.584,36.364,1550,1467,1367,1307,1375,1097,0,0,0,0,0,0
25.4184,1,1,,1759,1688,1712,1780,1827,1644,30.050,41.651,37.741,26.452,17.645,36.384,1550,1467,1367,1307,1375,1097,0,0,0,0,0,0
25.4404,1,1,,1775,1683,1702,1785,1836,1716,27.329,42.613,39.341,25.644,16.630,27.088,1550,1467,1367,1307,1375,1097,0,0,0,0,0,0
25.4724,1,1,,1768,1686,1697,1791,1814,1708,28.552,41.973,40.206,24.649,19.121,28.099,1550,1467,1367,1307,1375,1097,0,0,0,0,0,0
25.5084,1,1,,1765,1686,1707,1792,1816,1719,28.920,42.010,38.611,24.486,18.915,26.772,1550,1467,1367,1307,1375,1097,0,0,0,0,0,0
25.5404,1,1,,1760,1688,1702,1791,1822,1697,29.755,41.773,39.397,24.640,18.208,29.580,1550,1467,1367,1307,1375,1097,0,0,0,0,0,0
25.5724,1,1,,1774,1685,1696,1789,1824,1698,27.499,42.173,40.441,25.073,17.997,29.418,1550,1467,1367,1307,1375,1097,0,0,0,0,0,0
25.6084,1,1,,1765,1683,1700,1787,1821,1715,28.930,42.523,39.792,25.319,18.281,27.274,1550,1467,1367,1307,1375,1097,0,0,0,0,0,0
25.6405,1,1,,1774,1687,1702,1785,1812,1703,27.438,41.807,39.444,25.590,19.420,28.741,1550,1467,1367,1307,1375,1096,0,0,0,0,0,0
25.6725,1,1,,1789,1684,1693,1792,1790,1733,25.031,42.377,40.812,24.594,21.961,24.974,1550,1467,1367,1307,1375,1097,0,0,0,0,0,0
25.7084,1,1,,1782,1689,1701,1786,1803,1708,26.233,41.528,39.556,25.534,20.467,28.175,1550,1467,1367,1307,1375,1097,0,0,0,0,0,0
25.7404,1,1,,1772,1685,1694,1786,1804,1711,27.828,42.275,40.662,25.444,20.303,27.814,1550,1467,1367,1307,1375,1097,0,0,0,0,0,0
25.7724,1,1,,1765,1681,1696,1785,1809,1704,28.897,42.875,40.453,25.638,19.698,28.668,1550,1467,1367,1307,1375,1097,0,0,0,0,0,0
25.8044,1,1,,1772,1692,1697,1782,1802,1703,27.761,41.076,40.234,26.121,20.502,28.742,1550,1467,1367,1307,1375,1096,0,0,0,0,0,0
25.8764,1,1,,1767,1681,1696,1780,1806,1711,28.604,42.899,40.327,26.546,20.085,27.764,1550,1467,1367,1307,1375,1097,0,0,0,0,0,0
25.9044,1,1,,1780,1681,1685,1780,1809,1708,26.498,42.914,42.253,26.453,19.758,28.111,1550,1467,1367,1307,1375,1097,0,0,0,0,0,0
25.9324,1,1,,1778,1680,1681,1775,1809,1690,26.895,42.970,42.919,27.251,19.679,30.414,1550,1467,1367,1307,1375,1097,0,0,0,0,0,0
25.9664,1,1,,1774,1676,1684,1758,1816,1728,27.532,43.634,42.407,30.193,18.848,25.561,1550,1467,1367,1307,1375,1096,0,0,0,0,0,0
25.9904,1,1,,1765,1675,1678,1739,1818,1642,28.933,43.903,43.366,33.259,18.676,36.564,1550,1467,1367,1307,1375,1097,0,0,0,0,0,0
26.0124,1,1,,1766,1651,1655,1731,1804,1634,28.827,47.892,47.259,34.599,20.242,37.585,1550,1467,1367,1307,1375,1096,0,0,0,0,0,0
26.0424,1,1,,1740,1646,1651,1726,1762,1647,33.156,48.605,47.792,35.439,25.223,36.018,1550,1467,1367,1307,1375,1097,0,0,0,0,0,0
26.0724,1,1,,1739,1654,1649,1698,1788,1557,33.236,47.388,48.220,40.069,22.218,47.539,1550,1467,1367,1307,1375,1097,0,0,0,0,0,0
26.1085,1,1,,1729,1673,1656,1720,1784,1471,35.000,44.135,47.024,36.491,22.672,58.574,1550,1467,1367,1307,1375,1097,0,0,0,0,0,0
26.1505,1,1,,1774,1703,1670,1739,1722,1401,27.569,39.243,44.636,33.253,29.879,67.533,1550,1467,1367,1307,1375,1096,0,0,0,0,0,0
26.1724,1,1,,1773,1741,1693,1760,1708,1303,27.621,32.914,40.900,29.781,31.447,80.047,1550,1467,1367,1307,1375,1097,0,0,0,0,0,0
26.2205,1,1,,1739,1761,1672,1750,1673,1226,33.228,29.682,44.290,31.450,35.578,90.287,1550,1467,1367,1307,1375,1097,0,0,0,0,0,0
26.2505,1,1,,1715,1733,1680,1730,1579,1226,37.330,34.289,43.073,34.840,46.503,96.943,1550,1467,1367,1307,1375,1097,0,0,0,0,0,0
26.2766,1,1,,1744,1705,1693,1756,1468,1226,32.381,38.829,40.972,30.464,59.373,111.357,1550,1467,1367,1307,1375,1097,0,0,0,0,0,0
26.3066,1,1,,1748,1720,1710,1775,1465,1226,31.765,36.411,38.019,27.390,59.808,119.892,1550,1467,1367,1307,1375,1097,0,0,0,0,0,0
26.3406,1,1,,1751,1726,1719,1786,1429,1226,31.328,35.470,36.546,25.509,63.913,121.347,1550,1467,1367,1307,1375,1097,0,0,0,0,0,0
26.3725,1,1,,1745,1735,1717,1788,1409,1226,32.352,33.989,36.912,25.113,66.335,121.432,1550,1467,1367,1307,1375,1097,0,0,0,0,0,0
26.4084,1,1,,1739,1727,1709,1785,1403,1226,33.278,35.272,38.281,25.635,67.028,119.186,1550,1467,1367,1307,1375,1096,0,0,0,0,0,0
26.4504,1,1,,1746,1729,1709,1768,1393,1226,32.204,34.899,38.214,28.418,68.119,120.180,1550,1467,1367,1307,1375,1097,0,0,0,0,0,0
26.4724,1,1,,1728,1724,1707,1785,1354,1226,35.136,35.832,38.526,25.651,72.691,120.487,1550,1467,1367,1308,1375,1097,0,0,0,0,0,0
26.5084,1,1,,1731,1729,1707,1796,1365,1226,34.580,34.983,38.498,23.902,71.371,118.582,1550,1467,1367,1307,1375,1097,0,0,0,0,0,0
26.5404,1,1,,1735,1741,1709,1789,1419,1226,34.014,32.976,38.313,24.984,65.073,117.968,1550,1467,1367,1307,1375,1096,0,0,0,0,0,0
26.5724,1,1,,1738,1742,1704,1782,1414,1226,33.528,32.775,39.105,26.186,65.694,118.577,1550,1467,1367,1307,1375,1096,0,0,0,0,0,0
26.6084,1,1,,1736,1739,1704,1786,1384,1226,33.769,33.201,39.055,25.488,69.144,118.201,1550,1467,1367,1307,1375,1097,0,0,0,0,0,0
26.6404,1,1,,1732,1734,1712,1787,1318,1226,34.431,34.145,37.706,25.314,76.839,120.309,1550,1467,1367,1307,1375,1097,0,0,0,0,0,0
26.6724,1,1,,1727,1733,1702,1770,1326,1226,35.228,34.348,39.350,28.187,75.951,118.741,1550,1467,1367,1308,1375,1097,0,0,0,0,0,0
26.7044,1,1,,1712,1733,1715,1763,1327,1226,37.690,34.201,37.181,29.301,75.784,116.687,1550,1467,1367,1307,1375,1097,0,0,0,0,0,0
26.7404,1,1,,1712,1721,1710,1776,1318,1226,37.786,36.282,38.157,27.185,76.831,111.981,1550,1467,1367,1307,1375,1097,0,0,0,0,0,0
26.7764,1,1,,1716,1734,1706,1773,1357,1226,37.097,34.077,38.754,27.712,72.280,110.520,1550,1467,1367,1307,1375,1096,0,0,0,0,0,0
26.8084,1,1,,1738,1750,1720,1776,1462,1226,33.485,31.488,36.424,27.133,60.116,109.043,1550,1467,1367,1307,1375,1097,0,0,0,0,0,0
26.8404,1,1,,1749,1770,1726,1771,1530,1226,31.577,28.097,35.488,28.016,52.221,97.724,1550,1467,1367,1307,1375,1096,0,0,0,0,0,0
26.8724,1,1,,1716,1764,1680,1763,1584,1226,37.037,29.187,43.052,29.282,45.967,90.397,1550,1467,1367,1307,1375,1097,0,0,0,0,0,0
26.9184,1,1,,1722,1781,1637,1741,1650,1265,36.013,26.388,50.178,32.942,38.268,84.909,1550,1467,1367,1307,1375,1097,0,0,0,0,0,0
26.9404,1,1,,1737,1791,1641,1767,1773,1267,33.539,24.715,49.491,28.647,23.852,84.713,1550,1467,1367,1307,1375,1097,0,0,0,0,0,0
26.9724,1,1,,1791,1795,1658,1783,1729,1319,24.746,24.082,46.669,26.071,28.993,78.002,1550,1467,1367,1307,1375,1097,0,0,0,0,0,0
27.0084,1,1,,1817,1754,1668,1796,1761,1377,20.331,30.841,45.004,23.848,25.343,70.575,1550,1467,1367,1307,1375,1097,0,0,0,0,0,0
27.0404,1,1,,1794,1699,1671,1802,1757,1486,24.238,39.848,44.575,22.854,25.789,56.664,1550,1467,1367,1307,1375,1096,0,0,0,0,0,0
27.0724,1,1,,1800,1703,1675,1817,1711,1566,23.185,39.182,43.910,20.307,31.162,46.312,1550,1467,1367,1307,1375,1096,0,0,0,0,0,0
27.1184,1,1,,1778,1705,1662,1803,1740,1603,26.839,38.924,45.974,22.657,27.765,41.620,1550,1467,1367,1307,1375,1097,0,0,0,0,0,0
27.1504,1,1,,1775,1696,1676,1798,1762,1632,27.301,40.440,43.627,23.444,25.178,37.887,1550,1467,1367,1307,1375,1097,0,0,0,0,0,0
27.1724,1,1,,1773,1705,1684,1790,1806,1643,27.661,38.972,42.345,24.870,20.078,36.524,1550,1467,1367,1307,1375,1097,0,0,0,0,0,0
27.2084,1,1,,1780,1700,1684,1792,1794,1663,26.425,39.689,42.324,24.458,21.456,33.857,1550,1467,1367,1307,1375,1097,0,0,0,0,0,0
27.2404,1,1,,1782,1703,1685,1803,1789,1666,26.242,39.235,42.240,22.738,22.083,33.495,1550,1467,1367,1307,1375,1097,0,0,0,0,0,0
27.2724,1,1,,1789,1705,1691,1806,1784,1715,24.961,38.837,41.245,22.117,22.676,27.265,1550,1467,1367,1307,1375,1097,0,0,0,0,0,0
27.3084,1,1,,1796,1704,1693,1798,1784,1718,23.905,39.105,40.905,23.495,22.656,26.826,1550,1467,1367,1307,1375,1097,0,0,0,0,0,0
27.3504,1,1,,1789,1699,1694,1796,1778,1695,25.011,39.938,40.712,23.875,23.309,29.747,1550,1467,1367,1307,1375,1097,0,0,0,0,0,0
27.3824,1,1,,1782,1696,1699,1790,1771,1717,26.169,40.395,39.933,24.775,24.093,26.964,1550,1467,1367,1307,1375,1097,0,0,0,0,0,0
27.4084,1,1,,1776,1697,1690,1798,1756,1695,27.111,40.236,41.315,23.480,25.936,29.820,1550,1467,1367,1307,1375,1097,0,0,0,0,0,0
27.4504,1,1,,1784,1704,1691,1802,1769,1715,25.899,38.990,41.236,22.782,24.398,27.192,1550,1467,1367,1307,1375,1097,0,0,0,0,0,0
27.4724,1,1,,1782,1710,1690,1804,1786,1685,26.226,38.151,41.435,22.525,22.378,31.062,1550,1467,1367,1307,1375,1097,0,0,0,0,0,0
27.5084,1,1,,1778,1713,1688,1805,1776,1663,26.906,37.515,41.663,22.348,23.554,33.849,1550,1467,1367,1307,1375,1097,0,0,0,0,0,0
27.5404,1,1,,1774,1719,1691,1818,1761,1661,27.469,36.659,41.247,20.184,25.297,34.114,1550,1467,1367,1307,1375,1097,0,0,0,0,0,0
27.5724,1,1,,1755,1719,1683,1813,1740,1608,30.714,36.527,42.489,20.993,27.764,41.007,1550,1467,1367,1307,1375,1097,0,0,0,0,0,0
27.6084,1,1,,1761,1731,1685,1822,1764,1578,29.654,34.647,42.181,19.605,24.977,44.786,1550,1467,1367,1307,1375,1097,0,0,0,0,0,0
27.6404,1,1,,1755,1742,1649,1809,1761,1485,30.707,32.799,48.165,21.712,25.263,56.716,1550,1467,1367,1307,1375,1097,0,0,0,0,0,0
27.6724,1,1,,1776,1739,1653,1810,1760,1455,27.123,33.330,47.553,21.531,25.454,60.604,1550,1467,1367,1307,1375,1097,0,0,0,0,0,0
27.7084,1,1,,1755,1731,1652,1787,1715,1435,30.692,34.594,47.661,25.266,30.662,63.198,1550,1467,1367,1307,1375,1097,0,0,0,0,0,0
27.7404,1,1,,1747,1733,1624,1761,1648,1434,31.912,34.274,52.297,29.592,38.478,63.217,1550,1467,1367,1307,1375,1097,0,0,0,0,0,0
27.7724,1,1,,1723,1732,1600,1718,1597,1424,35.858,34.504,56.257,36.749,44.390,64.579,1550,1467,1367,1307,1375,1097,0,0,0,0,0,0
27.8084,1,1,,1752,1749,1615,1749,1568,1449,31.081,31.700,53.833,31.620,47.719,61.320,1550,1467,1367,1307,1375,1097,0,0,0,0,0,0
27.8404,1,1,,1720,1706,1580,1708,1599,1406,36.368,38.705,59.592,38.491,44.112,66.821,1550,1467,1367,1307,1375,1097,0,0,0,0,0,0
27.8724,1,1,,1716,1679,1560,1662,1640,1350,37.158,43.244,62.975,46.100,39.394,74.087,1550,1467,1367,1307,1375,1097,0,0,0,0,0,0
27.9084,1,1,,1664,1616,1512,1566,1633,1341,45.639,53.620,70.806,61.967,40.226,75.134,1550,1467,1367,1307,1375,1097,0,0,0,0,0,0
27.9404,1,1,,1611,1544,1457,1484,1631,1351,54.489,65.533,79.971,75.518,40.489,73.923,1550,1467,1367,1307,1375,1097,0,0,0,0,0,0
27.9724,1,1,,1562,1422,1348,1432,1609,1233,62.542,85.774,97.946,84.124,42.950,89.009,1550,1467,1367,1307,1375,1096,0,0,0,0,0,0
28.0084,1,1,,1526,1378,1341,1420,1516,1271,68.533,92.959,99.117,85.991,53.868,84.155,1550,1467,1367,1307,1375,1097,0,0,0,0,0,0
28.0404,1,1,,1507,1334,1306,1418,1507,1397,71.698,100.344,104.946,86.378,54.924,68.052,1550,1467,1367,1307,1375,1097,0,0,0,0,0,0
28.0724,1,1,,1474,1293,1246,1326,1442,1554,77.153,107.012,114.786,101.651,62.424,47.912,1550,1467,1367,1307,1375,1097,0,0,0,0,0,0
28.1184,1,1,,1458,1268,1218,1270,1410,1636,79.828,111.255,119.452,110.880,66.142,37.323,1550,1467,1367,1307,1375,1097,0,0,0,0,0,0
28.1404,1,1,,1394,1216,1181,1261,1437,1502,90.320,119.733,125.542,112.434,63.082,54.529,1550,1467,1367,1307,1375,1097,0,0,0,0,0,0
28.1724,1,1,,1383,1210,1164,1242,1419,1544,92.241,120.800,128.408,115.498,65.166,49.133,1550,1467,1367,1307,1375,1096,0,0,0,0,0,0
28.2184,1,1,,1317,1173,1149,1288,1385,1569,103.020,126.890,130.829,107.940,69.110,45.938,1550,1467,1367,1307,1375,1096,0,0,0,0,0,0
28.2404,1,1,,1313,1168,1138,1234,1387,1524,103.793,127.674,132.647,116.891,68.897,51.784,1550,1467,1367,1307,1375,1097,0,0,0,0,0,0
28.2724,1,1,,1297,1138,1114,1189,1355,1575,106.357,132.699,136.746,124.295,72.549,45.130,1550,1467,1367,1307,1375,1097,0,0,0,0,0,0
28.3084,1,1,,1270,1124,1094,1162,1324,1641,110.793,135.056,139.939,128.720,76.204,36.754,1550,1467,1367,1307,1375,1097,0,0,0,0,0,0
28.3404,1,1,,1235,1109,1075,1138,1274,1820,116.651,137.575,143.161,132.670,82.031,13.805,1550,1467,1367,1307,1375,1096,0,0,0,0,0,0
28.3724,1,1,,1220,1091,1051,1111,1224,1849,119.084,140.527,147.125,137.109,87.815,10.067,1550,1467,1367,1307,1375,1097,0,0,0,0,0,0
28.4084,1,1,,1206,1100,1058,1134,1254,1732,121.441,139.016,145.948,133.438,84.360,25.059,1550,1467,1367,1307,1375,1097,0,0,0,0,0,0
28.4404,1,1,,1199,1088,1055,1119,1231,1837,122.561,140.918,146.364,135.927,86.982,11.653,1550,1467,1367,1307,1375,1097,0,0,0,0,0,0
28.4724,1,1,,1205,1082,1059,1125,1215,1825,121.674,142.034,145.779,134.842,88.834,13.187,1550,1467,1367,1307,1375,1097,0,0,0,0,0,0
28.5084,1,1,,1204,1078,1049,1110,1228,1834,121.731,142.641,147.509,137.352,87.413,11.930,1550,1467,1367,1307,1375,1096,0,0,0,0,0,0
28.5404,1,1,,1260,1126,1078,1150,1259,1823,112.585,134.678,142.607,130.705,83.788,13.345,1550,1467,1367,1307,1375,1097,0,0,0,0,0,0
28.5724,1,1,,1270,1147,1112,1216,1378,1487,110.953,131.233,137.083,119.786,69.950,56.500,1550,1467,1367,1307,1375,1097,0,0,0,0,0,0
28.6184,1,1,,1321,1148,1143,1180,1427,1503,102.356,130.995,131.944,125.844,64.190,54.458,1550,1467,1367,1307,1375,1097,0,0,0,0,0,0
28.6404,1,1,,1406,1210,1189,1262,1439,1594,88.392,120.833,124.255,112.138,62.792,42.754,1550,1467,1367,1307,1375,1097,0,0,0,0,0,0
28.6724,1,1,,1465,1306,1253,1383,1446,1713,78.534,104.926,113.666,92.224,61.944,27.466,1550,1467,1367,1307,1375,1097,0,0,0,0,0,0
28.7084,1,1,,1512,1370,1315,1416,1504,1743,70.764,94.369,103.389,86.783,55.185,23.697,1550,1467,1367,1307,1375,1097,0,0,0,0,0,0
28.7404,1,1,,1546,1465,1404,1473,1628,1633,65.173,78.628,88.708,77.281,40.829,37.748,1550,1467,1367,1307,1375,1097,0,0,0,0,0,0
28.7724,1,1,,1554,1529,1451,1530,1676,1535,63.880,67.996,80.853,67.867,35.221,50.306,1550,1467,1367,1307,1375,1097,0,0,0,0,0,0
28.8084,1,1,,1566,1566,1488,1580,1733,1481,61.822,61.953,74.757,59.648,28.594,57.294,1550,1467,1367,1307,1375,1097,0,0,0,0,0,0
28.8504,1,1,,1656,1622,1560,1640,1749,1459,47.072,52.622,62.937,49.610,26.721,60.081,1550,1467,1367,1307,1375,1097,0,0,0,0,0,0
28.8724,1,1,,1701,1670,1603,1672,1730,1499,39.644,44.672,55.784,44.307,28.855,54.876,1550,1467,1367,1307,1375,1097,0,0,0,0,0,0
28.9084,1,1,,1718,1726,1672,1712,1713,1488,36.716,35.473,44.295,37.761,30.911,56.307,1550,1467,1367,1307,1375,1097,0,0,0,0,0,0
28.9404,1,1,,1748,1737,1678,1759,1727,1493,31.806,33.689,43.439,29.988,29.315,55.751,1550,1467,1367,1307,1375,1097,0,0,0,0,0,0
28.9724,1,1,,1793,1732,1699,1792,1758,1537,24.426,34.416,39.841,24.523,25.604,50.021,1550,1467,1367,1307,1375,1097,0,0,0,0,0,0
29.0084,1,1,,1777,1735,1705,1810,1771,1552,26.940,33.905,38.871,21.524,24.110,48.197,1550,1467,1367,1307,1375,1097,0,0,0,0,0,0
29.0404,1,1,,1793,1718,1704,1803,1793,1574,24.389,36.795,39.064,22.770,21.614,45.327,1550,1467,1367,1307,1375,1097,0,0,0,0,0,0
29.0724,1,1,,1783,1707,1695,1809,1805,1610,25.960,38.600,40.521,21.679,20.154,40.699,1550,1467,1367,1307,1375,1097,0,0,0,0,0,0
29.1084,1,1,,1789,1692,1691,1795,1823,1632,25.013,41.005,41.209,24.024,18.035,37.870,1550,1467,1367,1307,1375,1097,0,0,0,0,0,0
29.1404,1,1,,1772,1706,1701,1797,1849,1640,27.860,38.813,39.612,23.722,15.032,36.832,1550,1467,1367,1307,1375,1097,0,0,0,0,0,0
29.1724,1,1,,1785,1705,1701,1806,1840,1699,25.715,38.868,39.503,22.167,16.164,29.282,1550,1467,1367,1307,1375,1097,0,0,0,0,0,0
29.2084,1,1,,1780,1693,1692,1803,1811,1736,26.471,40.834,41.043,22.670,19.520,24.564,1550,1467,1367,1307,1375,1097,0,0,0,0,0,0
29.2504,1,1,,1770,1688,1693,1793,1798,1776,28.150,41.775,40.969,24.354,20.978,19.369,1550,1467,1367,1307,1375,1097,0,0,0,0,0,0
29.2724,1,1,,1769,1690,1691,1792,1789,1794,28.293,41.434,41.192,24.533,21.994,17.176,1550,1467,1367,1307,1375,1097,0,0,0,0,0,0
29.3084,1,1,,1760,1697,1689,1795,1790,1779,29.841,40.260,41.529,24.007,21.895,19.081,1550,1467,1367,1307,1375,1097,0,0,0,0,0,0
29.3504,1,1,,1762,1689,1686,1787,1793,1800,29.417,41.588,41.983,25.398,21.580,16.383,1550,1467,1367,1307,1375,1097,0,0,0,0,0,0
29.3724,1,1,,1760,1690,1683,1785,1781,1798,29.869,41.373,42.589,25.627,23.032,16.585,1550,1467,1367,1307,1375,1096,0,0,0,0,0,0
29.4084,1,1,,1754,1688,1682,1791,1799,1792,30.832,41.714,42.719,24.619,20.834,17.391,1550,1467,1367,1307,1375,1096,0,0,0,0,0,0
29.4404,1,1,,1750,1690,1679,1789,1788,1789,31.469,41.393,43.151,25.028,22.136,17.791,1550,1467,1367,1307,1375,1097,0,0,0,0,0,0
29.4724,1,1,,1746,1692,1674,1776,1796,1794,32.149,41.088,44.096,27.152,21.213,17.164,1550,1467,1367,1307,1375,1096,0,0,0,0,0,0
29.5084,1,1,,1744,1689,1671,1769,1796,1779,32.444,41.475,44.454,28.261,21.241,18.989,1550,1467,1367,1307,1375,1097,0,0,0,0,0,0
29.5404,1,1,,1742,1694,1675,1765,1813,1778,32.864,40.797,43.913,29.007,19.224,19.167,1550,1467,1367,1307,1375,1097,0,0,0,0,0,0
29.5724,1,1,,1741,1699,1675,1751,1810,1771,32.928,39.844,43.926,31.225,19.638,20.101,1550,1467,1367,1307,1375,1097,0,0,0,0,0,0
29.6084,1,1,,1747,1688,1659,1730,1801,1727,31.939,41.644,46.489,34.810,20.603,25.666,1550,1467,1367,1307,1375,1097,0,0,0,0,0,0
29.6404,1,1,,1707,1666,1617,1696,1809,1632,38.528,45.366,53.407,40.316,19.767,37.861,1550,1467,1367,1307,1375,1097,0,0,0,0,0,0
29.6724,1,1,,1685,1623,1572,1618,1781,1542,42.170,52.497,60.913,53.304,22.980,49.453,1550,1467,1367,1307,1375,1097,0,0,0,0,0,0
29.7084,1,1,,1717,1533,1462,1559,1751,1491,36.929,67.399,79.102,63.024,26.411,55.960,1550,1467,1367,1307,1375,1097,0,0,0,0,0,0
29.7404,1,1,,1652,1475,1402,1524,1706,1456,47.623,77.024,88.974,68.814,31.666,60.428,1550,1467,1367,1307,1375,1097,0,0,0,0,0,0
29.7724,1,1,,1582,1433,1370,1507,1669,1431,59.267,83.869,94.375,71.656,35.964,63.651,1550,1467,1367,1307,1375,1097,0,0,0,0,0,0
29.8084,1,1,,1494,1361,1328,1449,1678,1423,73.758,95.893,101.210,81.222,35.017,64.677,1550,1467,1367,1307,1375,1097,0,0,0,0,0,0
29.8404,1,1,,1372,1268,1257,1349,1719,1410,94.066,111.171,113.052,97.768,30.137,66.345,1550,1467,1367,1307,1375,1097,0,0,0,0,0,0
29.8724,1,1,,1336,1203,1213,1259,1680,1378,100.013,121.973,120.288,112.723,34.740,70.469,1550,1467,1367,1307,1375,1097,0,0,0,0,0,0
29.9205,1,1,,1268,1109,1113,1150,1635,1358,111.225,137.546,136.863,130.793,39.945,72.950,1550,1467,1367,1307,1375,1097,0,0,0,0,0,0
29.9404,1,1,,1223,1078,1071,1108,1601,1339,118.689,142.605,143.748,137.717,43.928,75.426,1550,1467,1367,1307,1375,1097,0,0,0,0,0,0
29.9724,1,1,,1241,1082,1088,1107,1566,1366,115.752,141.962,141.057,137.875,48.032,71.963,1550,1467,1367,1307,1375,1097,0,0,0,0,0,0
