t,seen,trust,why,tgt_pinky,tgt_ring,tgt_middle,tgt_index,tgt_thumb_bend,tgt_thumb_rot,curl_pinky,curl_ring,curl_middle,curl_index,thumb_flexion,opposition,ang_pinky,ang_ring,ang_middle,ang_index,ang_thumb_bend,ang_thumb_rot,cur_pinky,cur_ring,cur_middle,cur_index,cur_thumb_bend,cur_thumb_rot,sta_pinky,sta_ring,sta_middle,sta_index,sta_thumb_bend,sta_thumb_rot,gain_pinky,gain_ring,gain_middle,gain_index,gain_thumb_bend,gain_thumb_rot,sent_pinky,sent_ring,sent_middle,sent_index,sent_thumb_bend,sent_thumb_rot,sent,mode,applying
1786107514.849116,1,0,handedness unsure,1387.0000,1478.0000,1499.0000,1490.0000,1246.0000,1276.0000,102.156,83.838,79.719,81.452,56.524,113.161,1630,1757,1746,1739,1267,1693,0,0,0,0,0,0,1,1,1,1,1,1,4.9908,4.9908,4.9908,4.9908,2.9084,4.5916,,,,,,,0,on,1
1786107514.868637,1,1,,1635.0000,1728.0000,1531.0000,1447.0000,1240.0000,1476.0000,52.390,33.713,73.271,90.062,58.508,69.564,1630,1757,1746,1739,1267,1693,0,0,0,0,0,0,1,1,1,1,1,1,4.9908,4.9908,4.9908,4.9908,2.9084,4.5916,1438.5746,1530.3143,1500.2077,1487.9292,1240.0000,1476.0000,0,on,1
1786107514.887664,1,1,,1628.0000,1758.0000,1586.0000,1482.0000,1239.0000,1487.0000,53.703,27.777,62.226,82.997,58.714,67.204,1630,1757,1746,1739,1267,1693,0,0,0,0,0,0,1,1,1,1,1,1,4.9908,4.9908,4.9908,4.9908,2.9084,4.5916,1489.4887,1596.2718,1509.0553,1487.9292,1240.0000,1476.0000,0,on,1
1786107514.919667,1,1,,1638.0000,1728.0000,1584.0000,1487.0000,1247.0000,1480.0000,51.713,33.751,62.597,82.047,56.194,68.851,1630,1757,1746,1739,1267,1693,0,0,0,0,0,0,1,1,1,1,1,1,4.9908,4.9908,4.9908,4.9908,2.9084,4.5916,1542.5020,1644.0507,1522.3998,1487.9292,1240.0000,1476.0000,0,on,1
1786107514.955721,1,1,,1629.0000,1743.0000,1577.0000,1447.0000,1243.0000,1493.0000,53.609,30.693,63.967,89.995,57.425,65.946,1630,1757,1746,1739,1267,1693,0,0,0,0,0,0,1,1,1,1,1,1,4.9908,4.9908,4.9908,4.9908,2.9084,4.5916,1569.8622,1676.5701,1532.0600,1487.9292,1240.0000,1476.0000,0,on,1
1786107514.987318,1,1,,1648.0000,1756.0000,1556.0000,1500.0000,1271.0000,1503.0000,49.864,28.085,68.255,79.414,47.785,63.706,1630,1757,1746,1739,1267,1693,0,0,0,0,0,0,1,1,1,1,1,1,4.9908,4.9908,4.9908,4.9908,2.9084,4.5916,1589.6467,1697.3357,1532.0600,1487.9292,1240.0000,1476.0000,0,on,1
1786107515.022025,1,1,,1640.0000,1769.0000,1573.0000,1524.0000,1283.0000,1477.0000,51.425,25.533,64.901,74.628,43.513,69.491,1630,1757,1746,1739,1267,1693,0,0,0,0,0,0,1,1,1,1,1,1,4.9908,4.9908,4.9908,4.9908,2.9084,4.5916,1600.5903,1714.6114,1539.8361,1487.9292,1245.5622,1476.0000,0,on,1
1786107515.055614,1,1,,1653.0000,1740.0000,1598.0000,1536.0000,1289.0000,1497.0000,48.778,31.297,59.762,72.223,41.617,65.052,1630,1757,1746,1739,1267,1693,0,0,0,0,0,0,1,1,1,1,1,1,4.9908,4.9908,4.9908,4.9908,2.9084,4.5916,1610.2487,1714.6114,1548.0404,1487.9292,1250.1902,1476.0000,0,on,1
1786107515.087360,1,1,,1662.0000,1758.0000,1570.0000,1511.0000,1287.0000,1490.0000,46.991,27.731,65.330,77.186,42.127,66.641,1630,1757,1746,1739,1267,1693,0,0,0,0,0,0,1,1,1,1,1,1,4.9908,4.9908,4.9908,4.9908,2.9084,4.5916,1618.7061,1724.6007,1548.0404,1487.9292,1250.1902,1476.0000,0,on,1
1786107515.124792,1,1,,1677.0000,1775.0000,1590.0000,1547.0000,1314.0000,1468.0000,43.900,24.316,61.310,70.051,33.001,71.480,1630,1757,1746,1739,1267,1693,0,0,0,0,0,0,1,1,1,1,1,1,4.9908,4.9908,4.9908,4.9908,2.9084,4.5916,1628.9485,1732.4557,1548.0404,1499.7550,1262.7448,1476.0000,0,on,1
1786107515.155293,1,1,,1663.0000,1778.0000,1551.0000,1521.0000,1302.0000,1496.0000,46.717,23.706,69.294,75.229,37.045,65.301,1630,1757,1746,1739,1267,1693,0,0,0,0,0,0,1,1,1,1,1,1,4.9908,4.9908,4.9908,4.9908,2.9084,4.5916,1628.9485,1732.4557,1548.0404,1499.7550,1267.4314,1476.0000,0,on,1
1786107515.187644,1,1,,1684.0000,1766.0000,1559.0000,1516.0000,1330.0000,1473.0000,42.535,26.108,67.671,76.287,27.553,70.196,1630,1757,1746,1739,1267,1693,0,0,0,0,0,0,1,1,1,1,1,1,4.9908,4.9908,4.9908,4.9908,2.9084,4.5916,1640.4589,1741.6568,1548.0404,1499.7550,1276.6146,1476.0000,0,on,1
1786107515.219584,1,1,,1672.0000,1757.0000,1560.0000,1521.0000,1319.0000,1499.0000,44.980,28.034,67.453,75.212,31.361,64.599,1630,1757,1746,1739,1267,1693,0,0,0,0,0,0,1,1,1,1,1,1,4.9908,4.9908,4.9908,4.9908,2.9084,4.5916,1640.4589,1741.6568,1548.0404,1499.7550,1282.3968,1476.0000,0,on,1
1786107515.255566,1,1,,1667.0000,1772.0000,1566.0000,1524.0000,1308.0000,1483.0000,45.965,24.880,66.288,74.632,35.234,68.164,1630,1757,1746,1739,1267,1693,0,0,0,0,0,0,1,1,1,1,1,1,4.9908,4.9908,4.9908,4.9908,2.9084,4.5916,1640.4589,1741.6568,1555.8055,1499.7550,1282.3968,1476.0000,0,on,1
1786107515.287317,1,1,,1666.0000,1764.0000,1553.0000,1517.0000,1299.0000,1496.0000,46.210,26.452,68.719,75.936,38.288,65.326,1630,1757,1746,1739,1267,1693,0,0,0,0,0,0,1,1,1,1,1,1,4.9908,4.9908,4.9908,4.9908,2.9084,4.5916,1648.3302,1741.6568,1555.8055,1499.7550,1282.3968,1476.0000,0,on,1
1786107515.319658,1,1,,1660.0000,1768.0000,1543.0000,1500.0000,1312.0000,1467.0000,47.288,25.640,70.770,79.493,33.769,71.534,1630,1757,1746,1739,1267,1693,0,0,0,0,0,0,1,1,1,1,1,1,4.9908,4.9908,4.9908,4.9908,2.9084,4.5916,1648.3302,1741.6568,1555.8055,1499.7550,1288.7265,1476.0000,0,on,1
1786107515.355585,1,1,,1665.0000,1774.0000,1555.0000,1508.0000,1315.0000,1481.0000,46.454,24.438,68.493,77.791,32.819,68.622,1630,1757,1746,1739,1267,1693,0,0,0,0,0,0,1,1,1,1,1,1,4.9908,4.9908,4.9908,4.9908,2.9084,4.5916,1648.3302,1750.8212,1555.8055,1499.7550,1288.7265,1476.0000,0,on,1
1786107515.387572,1,1,,1637.0000,1768.0000,1552.0000,1496.0000,1274.0000,1505.0000,51.945,25.795,69.033,80.244,46.771,63.286,1630,1757,1746,1739,1267,1693,0,0,0,0,0,0,1,1,1,1,1,1,4.9908,4.9908,4.9908,4.9908,2.9084,4.5916,1648.3302,1750.8212,1555.8055,1499.7550,1288.7265,1476.0000,0,on,1
1786107515.419655,1,1,,1636.0000,1773.0000,1558.0000,1526.0000,1283.0000,1502.0000,52.136,24.711,67.843,74.153,43.768,63.966,1630,1757,1746,1739,1267,1693,0,0,0,0,0,0,1,1,1,1,1,1,4.9908,4.9908,4.9908,4.9908,2.9084,4.5916,1648.3302,1750.8212,1555.8055,1499.7550,1288.7265,1483.2932,0,on,1
1786107515.455612,1,1,,1644.0000,1780.0000,1565.0000,1502.0000,1299.0000,1469.0000,50.675,23.241,66.387,78.984,38.113,71.138,1630,1757,1746,1739,1267,1693,0,0,0,0,0,0,1,1,1,1,1,1,4.9908,4.9908,4.9908,4.9908,2.9084,4.5916,1648.3302,1750.8212,1555.8055,1499.7550,1288.7265,1483.2932,0,on,1
1786107515.487576,1,1,,1631.0000,1766.0000,1546.0000,1499.0000,1288.0000,1502.0000,53.143,26.205,70.230,79.616,41.983,63.881,1630,1757,1746,1739,1267,1693,0,0,0,0,0,0,1,1,1,1,1,1,4.9908,4.9908,4.9908,4.9908,2.9084,4.5916,1648.3302,1750.8212,1555.8055,1499.7550,1288.7265,1483.2932,0,on,1
1786107515.519628,1,1,,1644.0000,1777.0000,1547.0000,1504.0000,1312.0000,1495.0000,50.505,23.871,69.986,78.617,33.582,65.416,1630,1757,1746,1739,1267,1693,0,0,0,0,0,0,1,1,1,1,1,1,4.9908,4.9908,4.9908,4.9908,2.9084,4.5916,1648.3302,1750.8212,1555.8055,1499.7550,1288.7265,1483.2932,0,on,1
1786107515.555534,1,1,,1661.0000,1776.0000,1544.0000,1512.0000,1318.0000,1495.0000,47.207,24.193,70.678,76.968,31.686,65.610,1630,1757,1746,1739,1267,1693,0,0,0,0,0,0,1,1,1,1,1,1,4.9908,4.9908,4.9908,4.9908,2.9084,4.5916,1648.3302,1758.8106,1555.8055,1499.7550,1293.2325,1483.2932,0,on,1
1786107515.587598,1,1,,1645.0000,1766.0000,1521.0000,1471.0000,1321.0000,1495.0000,50.469,26.155,75.202,85.286,30.764,65.590,1630,1757,1746,1739,1267,1693,0,0,0,0,0,0,1,1,1,1,1,1,4.9908,4.9908,4.9908,4.9908,2.9084,4.5916,1648.3302,1758.8106,1555.8055,1499.7550,1293.2325,1483.2932,0,on,1
1786107515.619568,1,1,,1670.0000,1764.0000,1513.0000,1484.0000,1347.0000,1466.0000,45.416,26.447,76.884,82.578,21.621,71.910,1630,1757,1746,1739,1267,1693,0,0,0,0,0,0,1,1,1,1,1,1,4.9908,4.9908,4.9908,4.9908,2.9084,4.5916,1648.3302,1758.8106,1555.8055,1499.7550,1300.7719,1483.2932,0,on,1
1786107515.655241,1,1,,1645.0000,1750.0000,1500.0000,1469.0000,1323.0000,1481.0000,50.363,29.307,79.507,85.674,29.874,68.482,1630,1757,1746,1739,1267,1693,0,0,0,0,0,0,1,1,1,1,1,1,4.9908,4.9908,4.9908,4.9908,2.9084,4.5916,1648.3302,1758.8106,1543.1931,1499.7550,1300.7719,1483.2932,0,on,1
1786107515.687352,1,1,,1654.0000,1768.0000,1504.0000,1463.0000,1351.0000,1452.0000,48.592,25.694,78.611,86.866,20.431,74.835,1630,1757,1746,1739,1267,1693,0,0,0,0,0,0,1,1,1,1,1,1,4.9908,4.9908,4.9908,4.9908,2.9084,4.5916,1648.3302,1758.8106,1543.1931,1499.7550,1308.3343,1483.2932,0,on,1
1786107515.719321,1,1,,1634.0000,1758.0000,1516.0000,1463.0000,1333.0000,1475.0000,52.659,27.809,76.209,86.940,26.482,69.778,1630,1757,1746,1739,1267,1693,0,0,0,0,0,0,1,1,1,1,1,1,4.9908,4.9908,4.9908,4.9908,2.9084,4.5916,1648.3302,1758.8106,1543.1931,1499.7550,1308.3343,1483.2932,0,on,1
1786107515.755668,1,1,,1656.0000,1768.0000,1499.0000,1451.0000,1348.0000,1444.0000,48.243,25.812,79.707,89.253,21.259,76.525,1630,1757,1746,1739,1267,1693,0,0,0,0,0,0,1,1,1,1,1,1,4.9908,4.9908,4.9908,4.9908,2.9084,4.5916,1648.3302,1758.8106,1532.3887,1488.4248,1314.9149,1483.2932,0,on,1
1786107515.787542,1,1,,1644.0000,1758.0000,1501.0000,1461.0000,1332.0000,1471.0000,50.531,27.803,79.233,87.278,26.812,70.791,1630,1757,1746,1739,1267,1693,0,0,0,0,0,0,1,1,1,1,1,1,4.9908,4.9908,4.9908,4.9908,2.9084,4.5916,1648.3302,1758.8106,1532.3887,1488.4248,1314.9149,1483.2932,0,on,1
1786107515.819491,1,1,,1641.0000,1766.0000,1529.0000,1487.0000,1344.0000,1456.0000,51.093,26.062,73.639,81.936,22.637,74.095,1630,1757,1746,1739,1267,1693,0,0,0,0,0,0,1,1,1,1,1,1,4.9908,4.9908,4.9908,4.9908,2.9084,4.5916,1648.3302,1758.8106,1532.3887,1488.4248,1314.9149,1483.2932,0,on,1
1786107515.855458,1,1,,1655.0000,1764.0000,1489.0000,1436.0000,1336.0000,1436.0000,48.318,26.534,81.570,92.278,25.326,78.261,1630,1757,1746,1739,1267,1693,0,0,0,0,0,0,1,1,1,1,1,1,4.9908,4.9908,4.9908,4.9908,2.9084,4.5916,1648.3302,1758.8106,1532.3887,1480.6165,1320.0504,1473.1880,0,on,1
1786107515.887537,1,1,,1644.0000,1768.0000,1506.0000,1460.0000,1338.0000,1456.0000,50.655,25.632,78.261,87.426,24.669,74.077,1630,1757,1746,1739,1267,1693,0,0,0,0,0,0,1,1,1,1,1,1,4.9908,4.9908,4.9908,4.9908,2.9084,4.5916,1648.3302,1758.8106,1523.9786,1480.6165,1320.0504,1473.1880,0,on,1
1786107515.922007,1,1,,1647.0000,1764.0000,1511.0000,1460.0000,1345.0000,1450.0000,50.009,26.624,77.290,87.428,22.340,75.382,1630,1757,1746,1739,1267,1693,0,0,0,0,0,0,1,1,1,1,1,1,4.9908,4.9908,4.9908,4.9908,2.9084,4.5916,1648.3302,1758.8106,1523.9786,1480.6165,1320.0504,1473.1880,0,on,1
1786107515.955579,1,1,,1647.0000,1766.0000,1542.0000,1455.0000,1347.0000,1449.0000,49.954,26.202,71.017,88.379,21.681,75.501,1630,1757,1746,1739,1267,1693,0,0,0,0,0,0,1,1,1,1,1,1,4.9908,4.9908,4.9908,4.9908,2.9084,4.5916,1648.3302,1758.8106,1523.9786,1480.6165,1324.8626,1473.1880,0,on,1
1786107515.987588,1,1,,1643.0000,1767.0000,1531.0000,1446.0000,1344.0000,1454.0000,50.791,25.939,73.249,90.288,22.834,74.526,1630,1757,1746,1739,1267,1693,0,0,0,0,0,0,1,1,1,1,1,1,4.9908,4.9908,4.9908,4.9908,2.9084,4.5916,1648.3302,1758.8106,1523.9786,1480.6165,1324.8626,1473.1880,0,on,1
1786107516.019653,1,1,,1657.0000,1757.0000,1527.0000,1464.0000,1343.0000,1449.0000,47.917,27.946,73.985,86.720,23.108,75.594,1630,1757,1746,1739,1267,1693,0,0,0,0,0,0,1,1,1,1,1,1,4.9908,4.9908,4.9908,4.9908,2.9084,4.5916,1648.3302,1758.8106,1523.9786,1472.6947,1324.8626,1473.1880,0,on,1
1786107516.055588,1,1,,1651.0000,1740.0000,1554.0000,1499.0000,1305.0000,1450.0000,49.255,31.269,68.671,79.653,36.001,75.354,1630,1757,1746,1739,1267,1693,0,0,0,0,0,0,1,1,1,1,1,1,4.9908,4.9908,4.9908,4.9908,2.9084,4.5916,1648.3302,1758.8106,1523.9786,1472.6947,1324.8626,1465.4316,0,on,1
1786107516.087665,1,1,,1653.0000,1734.0000,1548.0000,1492.0000,1294.0000,1446.0000,48.762,32.557,69.711,80.932,39.945,76.139,1630,1757,1746,1739,1267,1693,0,0,0,0,0,0,1,1,1,1,1,1,4.9908,4.9908,4.9908,4.9908,2.9084,4.5916,1648.3302,1758.8106,1523.9786,1472.6947,1324.8626,1465.4316,0,on,1
1786107516.119634,1,1,,1650.0000,1754.0000,1559.0000,1501.0000,1294.0000,1465.0000,49.313,28.441,67.609,79.233,39.829,72.117,1630,1757,1746,1739,1267,1693,0,0,0,0,0,0,1,1,1,1,1,1,4.9908,4.9908,4.9908,4.9908,2.9084,4.5916,1648.3302,1758.8106,1523.9786,1472.6947,1324.8626,1465.4316,0,on,1
1786107516.155401,1,1,,1648.0000,1751.0000,1541.0000,1481.0000,1317.0000,1446.0000,49.839,29.228,71.154,83.330,31.971,76.141,1630,1757,1746,1739,1267,1693,0,0,0,0,0,0,1,1,1,1,1,1,4.9908,4.9908,4.9908,4.9908,2.9084,4.5916,1648.3302,1758.8106,1523.9786,1472.6947,1324.8626,1465.4316,0,on,1
1786107516.187860,1,1,,1643.0000,1751.0000,1564.0000,1510.0000,1306.0000,1450.0000,50.791,29.160,66.566,77.473,35.647,75.368,1630,1757,1746,1739,1267,1693,0,0,0,0,0,0,1,1,1,1,1,1,4.9908,4.9908,4.9908,4.9908,2.9084,4.5916,1648.3302,1758.8106,1532.9269,1472.6947,1324.8626,1465.4316,0,on,1
1786107516.219437,1,1,,1632.0000,1759.0000,1567.0000,1505.0000,1325.0000,1463.0000,52.980,27.588,66.069,78.360,29.194,72.562,1630,1757,1746,1739,1267,1693,0,0,0,0,0,0,1,1,1,1,1,1,4.9908,4.9908,4.9908,4.9908,2.9084,4.5916,1648.3302,1758.8106,1532.9269,1480.3265,1324.8626,1465.4316,0,on,1
1786107516.255612,1,1,,1619.0000,1771.0000,1568.0000,1514.0000,1319.0000,1483.0000,55.649,25.168,65.818,76.697,31.248,68.211,1630,1757,1746,1739,1267,1693,0,0,0,0,0,0,1,1,1,1,1,1,4.9908,4.9908,4.9908,4.9908,2.9084,4.5916,1648.3302,1758.8106,1532.9269,1480.3265,1324.8626,1465.4316,1,on,1
1786107516.287369,1,1,,1617.0000,1774.0000,1581.0000,1521.0000,1322.0000,1473.0000,55.909,24.489,63.167,75.310,30.352,70.315,1630,1757,1746,1739,1267,1693,0,0,0,0,0,0,0,0,1,1,0,1,4.9908,4.9908,4.9908,4.9908,2.9084,4.5916,1648.3302,1758.8106,1543.6820,1480.3265,1324.8626,1465.4316,1,on,1
1786107516.319645,1,1,,1619.0000,1771.0000,1556.0000,1502.0000,1330.0000,1478.0000,55.651,25.070,68.256,79.092,27.513,69.243,1630,1757,1746,1735,1267,1693,0,0,107,75,26,80,0,0,1,1,0,1,4.9908,4.9908,4.9908,4.9908,2.9084,4.5916,1648.3302,1758.8106,1543.6820,1488.4006,1324.8626,1465.4316,1,on,1
1786107516.355381,1,1,,1625.0000,1777.0000,1535.0000,1486.0000,1328.0000,1476.0000,54.426,23.915,72.373,82.237,28.156,69.650,1630,1757,1730,1716,1269,1671,14,0,129,88,41,141,0,0,1,1,0,1,4.9908,4.9908,4.9908,4.9908,2.9084,4.5916,1648.3302,1758.8106,1543.6820,1488.4006,1324.8626,1465.4316,0,on,1
1786107516.387614,1,1,,1632.0000,1769.0000,1554.0000,1499.0000,1333.0000,1469.0000,53.010,25.506,68.598,79.685,26.311,71.073,1630,1757,1702,1692,1274,1634,18,0,82,82,37,112,0,0,1,1,0,1,4.9908,4.9908,4.9908,4.9908,2.9084,4.5916,1640.3806,1758.8106,1543.6820,1488.4006,1324.8626,1465.4316,1,on,1
1786107516.419405,1,1,,1621.0000,1765.0000,1570.0000,1502.0000,1315.0000,1478.0000,55.096,26.263,65.475,79.004,32.490,69.122,1631,1757,1683,1672,1276,1611,0,0,81,79,37,95,0,0,1,1,0,1,4.9908,4.9908,4.9908,4.9908,2.9084,4.5916,1640.3806,1758.8106,1543.6820,1488.4006,1324.8626,1465.4316,0,on,1
1786107516.455382,1,1,,1645.0000,1761.0000,1545.0000,1473.0000,1243.0000,1435.0000,50.472,27.109,70.398,84.786,57.303,78.591,1631,1757,1659,1650,1280,1576,0,0,94,71,37,84,0,0,1,1,0,1,4.9908,4.9908,4.9908,4.9908,2.9084,4.5916,1640.3806,1758.8106,1543.6820,1488.4006,1313.2571,1465.4316,1,on,1
1786107516.487613,1,1,,1668.0000,1697.0000,1556.0000,1560.0000,1218.0000,1312.0000,45.841,39.919,68.202,67.462,65.901,105.257,1631,1757,1638,1629,1284,1548,0,0,88,60,42,76,0,0,1,1,0,1,4.9908,4.9908,4.9908,4.9908,2.9084,4.5916,1640.3806,1758.8106,1543.6820,1496.0959,1297.2443,1435.0467,1,on,1
1786107516.519433,1,1,,1698.0000,1616.0000,1636.0000,1573.0000,1297.0000,1850.0000,39.848,56.218,52.267,64.710,38.982,-121.434,1632,1757,1615,1610,1288,1519,32,0,66,70,29,73,0,0,1,1,0,1,4.9908,4.9908,4.9908,4.9908,2.9084,4.5916,1640.3806,1727.4841,1558.1570,1507.3538,1297.2443,1566.6985,1,on,1
1786107516.555597,1,0,handedness unsure,1587.0000,1648.0000,1709.0000,1588.0000,1293.0000,1850.0000,61.976,49.785,37.640,61.789,40.116,-65.050,1634,1757,1598,1591,1291,1494,0,16,76,48,32,16,0,1,1,1,0,0,4.9908,4.9908,4.9908,4.9908,2.9084,4.5916,1640.3806,1710.4585,1594.7818,1522.3352,1297.2443,1566.6985,1,on,1
1786107516.587330,1,1,,1717.0000,1655.0000,1632.0000,1591.0000,1310.0000,1850.0000,35.967,48.367,53.054,61.160,34.209,-169.675,1634,1757,1579,1572,1293,1491,0,19,70,54,0,93,0,1,0,1,0,0,4.9908,4.9908,4.9908,4.9908,2.9084,4.5916,1650.1114,1700.6528,1594.7818,1534.3225,1297.2443,1679.0398,1,on,1
1786107516.619406,1,1,,1575.0000,1614.0000,1547.0000,1629.0000,1217.0000,1532.0000,64.358,56.657,69.959,53.510,66.478,57.553,1634,1752,1569,1560,1293,1509,51,108,17,56,20,106,0,1,0,1,0,0,4.9908,4.9908,4.9908,4.9908,2.9084,4.5916,1650.1114,1683.5330,1594.7818,1553.5974,1287.5221,1658.0975,1,on,1
1786107516.655560,1,0,hand looks flipped,1538.0000,1533.0000,1603.0000,1615.0000,1335.0000,1850.0000,71.861,72.838,58.718,56.403,25.814,-28.951,1641,1733,1565,1544,1294,1549,38,96,13,0,11,118,0,1,0,0,1,0,4.9908,4.9908,4.9908,4.9908,2.9084,4.5916,1627.1136,1642.4032,1594.7818,1565.8071,1287.5221,1658.0975,1,on,1
1786107516.687408,1,1,,1508.0000,1349.0000,1380.0000,1452.0000,1217.0000,1531.0000,77.858,109.645,103.429,89.131,66.217,57.749,1647,1712,1565,1540,1296,1587,0,89,0,36,0,90,1,1,0,0,1,0,4.9908,4.9908,4.9908,4.9908,2.9084,4.5916,1601.6934,1532.5870,1548.2035,1565.8071,1276.5828,1646.3871,1,on,1
1786107516.719439,1,1,,1370.0000,1211.0000,1212.0000,1252.0000,1269.0000,1528.0000,105.549,137.393,137.097,129.102,48.360,58.343,1646,1687,1565,1549,1296,1617,0,98,14,17,33,129,1,1,1,0,1,0,4.9908,4.9908,4.9908,4.9908,2.9084,4.5916,1526.5188,1390.8217,1416.5217,1462.1861,1276.5828,1624.4921,1,on,1
1786107516.755575,1,1,,1282.0000,1270.0000,1285.0000,1284.0000,1364.0000,1443.0000,123.206,125.534,122.552,122.713,15.639,76.748,1643,1667,1565,1554,1293,1634,97,89,39,0,64,0,1,1,1,1,1,1,4.9908,4.9908,4.9908,4.9908,2.9084,4.5916,1429.7473,1343.1293,1368.0983,1399.1688,1282.3042,1571.6326,1,on,1
1786107516.787558,0,1,,,,,,,,,,,,,,1620,1645,1552,1549,1288,1634,132,85,74,74,55,17,1,1,1,1,1,1,4.9908,4.9908,4.9908,4.9908,2.9084,4.5916,,,,,,,0,on,1
1786107516.833430,1,0,hand looks flipped,1425.0000,1329.0000,1336.0000,1330.0000,1314.0000,1850.0000,94.492,113.709,112.192,113.446,33.021,-89.631,1587,1616,1528,1517,1286,1618,111,78,88,45,0,103,1,1,1,1,1,1,4.9908,4.9908,4.9908,4.9908,2.9084,4.5916,1429.7473,1343.1293,1357.7447,1375.3751,1282.3042,1571.6326,1,on,1
1786107516.855673,1,0,hand looks flipped,1469.0000,1381.0000,1349.0000,1343.0000,1329.0000,1850.0000,85.603,103.213,109.610,110.951,27.793,-52.350,1572,1601,1514,1505,1285,1600,109,70,93,59,36,74,1,1,1,1,1,1,4.9908,4.9908,4.9908,4.9908,2.9084,4.5916,1429.7473,1343.1293,1357.7447,1375.3751,1282.3042,1571.6326,0,on,1
1786107516.887403,1,0,hand looks flipped,1531.0000,1405.0000,1413.0000,1425.0000,1321.0000,1850.0000,73.153,98.483,96.873,94.479,30.654,-65.428,1556,1592,1502,1491,1284,1586,93,89,85,65,21,0,1,1,1,1,1,1,4.9908,4.9908,4.9908,4.9908,2.9084,4.5916,1440.3690,1343.1293,1357.7447,1375.3751,1282.3042,1571.6326,1,on,1
1786107516.919412,1,0,hand looks flipped,1591.0000,1462.0000,1449.0000,1448.0000,1331.0000,1850.0000,61.199,87.023,89.572,89.795,27.173,-64.523,1534,1572,1482,1471,1283,1583,91,78,77,56,0,24,1,1,1,1,1,1,4.9908,4.9908,4.9908,4.9908,2.9084,4.5916,1472.9906,1364.0628,1368.5524,1375.3751,1282.3042,1571.6326,1,on,1
1786107516.955583,1,0,hand looks flipped,1611.0000,1535.0000,1522.0000,1514.0000,1312.0000,1850.0000,57.103,72.430,75.060,76.543,33.539,-54.867,1515,1555,1463,1453,1283,1577,75,76,77,58,0,19,1,1,1,1,1,1,4.9908,4.9908,4.9908,4.9908,2.9084,4.5916,1510.6660,1411.1489,1405.2190,1407.6047,1282.3042,1571.6326,1,on,1
1786107516.988090,1,0,hand looks flipped,1601.0000,1524.0000,1508.0000,1496.0000,1308.0000,1850.0000,59.105,74.629,77.762,80.215,35.187,-52.045,1498,1536,1446,1436,1283,1574,89,74,82,65,0,0,0,1,1,1,1,1,4.9908,4.9908,4.9908,4.9908,2.9084,4.5916,1532.4572,1440.5330,1429.2451,1425.7439,1282.3042,1571.6326,1,on,1
1786107517.019373,1,0,hand looks flipped,1622.0000,1530.0000,1506.0000,1499.0000,1303.0000,1850.0000,55.019,73.402,78.169,79.659,36.677,-47.672,1496,1526,1436,1425,1283,1574,44,85,70,69,0,0,0,1,1,1,1,1,4.9908,4.9908,4.9908,4.9908,2.9084,4.5916,1553.0909,1462.1044,1445.7920,1440.1471,1282.3042,1571.6326,1,on,1
1786107517.055408,1,0,hand looks flipped,1640.0000,1489.0000,1473.0000,1468.0000,1294.0000,1850.0000,51.394,81.612,84.920,85.813,39.963,-47.128,1503,1509,1427,1415,1283,1574,78,76,0,60,0,0,0,1,0,0,1,1,4.9908,4.9908,4.9908,4.9908,2.9084,4.5916,1573.9663,1462.1044,1445.7920,1440.1471,1282.3042,1571.6326,1,on,1
1786107517.087672,1,0,hand looks flipped,1654.0000,1515.0000,1489.0000,1471.0000,1283.0000,1850.0000,48.485,76.495,81.719,85.218,43.523,-49.823,1579,1481,1445,1441,1283,1574,27,0,21,10,0,0,0,1,0,0,1,1,4.9908,4.9908,4.9908,4.9908,2.9084,4.5916,1591.1509,1474.8600,1455.9561,1447.8787,1282.3042,1571.6326,1,on,1
1786107517.220050,1,0,hand looks flipped,1662.0000,1517.0000,1473.0000,1436.0000,1294.0000,1850.0000,46.945,76.015,84.878,92.197,39.986,-61.044,1579,1483,1447,1441,1283,1574,30,0,21,10,0,0,0,1,0,0,1,1,4.9908,4.9908,4.9908,4.9908,2.9084,4.5916,1609.9883,1483.0452,1455.9561,1447.8787,1282.3042,1571.6326,1,on,1
1786107517.235522,1,0,hand looks flipped,1640.0000,1490.0000,1398.0000,1286.0000,1345.0000,1850.0000,51.392,81.403,99.927,122.387,22.292,-71.125,1582,1483,1450,1443,1283,1574,27,18,17,0,0,0,0,1,0,0,1,1,4.9908,4.9908,4.9908,4.9908,2.9084,4.5916,1609.9883,1483.0452,1455.9561,1427.8758,1282.3042,1571.6326,1,on,1
1786107517.245830,1,0,hand looks flipped,1642.0000,1476.0000,1338.0000,1162.0000,1351.0000,1850.0000,51.053,84.295,111.923,147.145,20.208,-77.365,1585,1483,1452,1443,1283,1574,18,19,13,0,0,0,0,1,0,0,1,1,4.9908,4.9908,4.9908,4.9908,2.9084,4.5916,1609.9883,1483.0452,1446.3214,1375.8528,1282.3042,1571.6326,1,on,1
1786107517.257939,1,0,hand looks flipped,1683.0000,1598.0000,1473.0000,1288.0000,1364.0000,1850.0000,42.853,59.763,84.763,121.898,15.901,-91.636,1585,1483,1452,1443,1283,1574,19,0,12,0,0,0,0,1,1,1,1,1,4.9908,4.9908,4.9908,4.9908,2.9084,4.5916,1621.1780,1494.0517,1446.3214,1356.4015,1282.3042,1571.6326,1,on,1
1786107517.268239,1,1,,1412.0000,1423.0000,1518.0000,1722.0000,1275.0000,1527.0000,97.132,94.845,75.724,34.847,46.343,58.468,,,,,,,,,,,,,,,,,,,4.9908,4.9908,4.9908,4.9908,2.9084,4.5916,1608.2914,1494.0517,1446.3214,1373.7577,1282.3042,1571.6326,1,on,
1786107517.287370,1,0,handedness unsure,1696.0000,1685.0000,1698.0000,1739.0000,1309.0000,1536.0000,40.074,42.446,39.792,31.477,34.567,56.674,1586,1483,1452,1443,1283,1574,47,0,0,0,0,0,0,1,1,1,1,1,4.9908,4.9908,4.9908,4.9908,2.9084,4.5916,1608.2914,1528.3578,1500.5821,1484.8377,1282.3042,1571.6326,1,on,1
1786107517.319549,1,0,handedness unsure,1660.0000,1748.0000,1761.0000,1783.0000,1276.0000,1641.0000,47.405,29.774,27.110,22.803,45.946,33.679,1601,1485,1453,1441,1283,1574,84,57,8,30,0,0,0,0,0,0,1,1,4.9908,4.9908,4.9908,4.9908,2.9084,4.5916,1608.2914,1604.1699,1599.8576,1620.0485,1282.3042,1571.6326,1,on,1
1786107517.355551,0,1,,,,,,,,,,,,,,1606,1500,1453,1438,1283,1574,0,71,43,0,0,0,0,0,0,0,1,1,4.9908,4.9908,4.9908,4.9908,2.9084,4.5916,,,,,,,0,on,1
1786107517.396259,1,0,handedness unsure,1681.0000,1716.0000,1744.0000,1781.0000,1278.0000,1691.0000,43.086,36.212,30.509,23.117,45.343,22.717,1606,1518,1464,1441,1283,1574,0,69,95,54,0,0,0,0,0,0,1,1,4.9908,4.9908,4.9908,4.9908,2.9084,4.5916,1625.8083,1647.7583,1662.5962,1699.2364,1282.3042,1571.6326,1,on,1
1786107517.419715,1,1,,1716.0000,1731.0000,1774.0000,1728.0000,1298.0000,1732.0000,36.163,33.096,24.475,33.674,38.580,13.802,1606,1532,1480,1458,1283,1574,0,66,68,40,0,0,0,0,0,0,1,1,4.9908,4.9908,4.9908,4.9908,2.9084,4.5916,1637.9657,1664.0066,1688.6238,1699.2364,1282.3042,1571.6326,1,on,1
1786107517.455426,1,1,,1705.0000,1729.0000,1771.0000,1730.0000,1301.0000,1741.0000,38.390,33.615,25.086,33.401,37.581,12.030,1606,1552,1501,1480,1283,1574,59,76,81,50,0,0,0,0,0,0,1,1,4.9908,4.9908,4.9908,4.9908,2.9084,4.5916,1650.4970,1678.8694,1710.9728,1709.9557,1282.3042,1608.5668,1,on,1
1786107517.487425,1,1,,1703.0000,1734.0000,1785.0000,1736.0000,1295.0000,1736.0000,38.704,32.632,22.293,32.051,39.567,13.005,1614,1574,1523,1501,1283,1574,40,56,71,65,0,0,0,0,0,0,1,0,4.9908,4.9908,4.9908,4.9908,2.9084,4.5916,1658.9608,1689.1392,1727.7498,1709.9557,1282.3042,1639.6249,1,on,1
1786107517.519437,1,1,,1688.0000,1723.0000,1780.0000,1735.0000,1301.0000,1731.0000,41.751,34.819,23.292,32.366,37.600,14.108,1627,1592,1544,1523,1283,1574,75,57,52,38,8,67,0,0,0,0,1,0,4.9908,4.9908,4.9908,4.9908,2.9084,4.5916,1658.9608,1689.1392,1737.8672,1709.9557,1282.3042,1661.3080,1,on,1
1786107517.555428,1,1,,1704.0000,1726.0000,1781.0000,1736.0000,1300.0000,1751.0000,38.608,34.095,23.189,32.136,37.717,9.805,1644,1611,1563,1541,1283,1591,31,66,62,48,0,115,0,0,0,0,1,0,4.9908,4.9908,4.9908,4.9908,2.9084,4.5916,1668.3606,1698.6107,1745.3967,1717.9390,1282.3042,1683.1985,1,on,1
1786107517.587357,1,1,,1683.0000,1729.0000,1767.0000,1741.0000,1301.0000,1750.0000,42.733,33.520,26.029,31.127,37.631,9.980,1647,1630,1582,1561,1283,1629,36,69,58,50,0,74,0,0,0,0,1,0,4.9908,4.9908,4.9908,4.9908,2.9084,4.5916,1668.3606,1698.6107,1745.3967,1717.9390,1286.9861,1696.8481,1,on,1
1786107517.619570,1,1,,1682.0000,1735.0000,1774.0000,1737.0000,1292.0000,1739.0000,42.972,32.259,24.595,31.988,40.503,12.454,1654,1642,1596,1572,1283,1649,40,61,61,61,0,115,0,0,0,0,0,0,4.9908,4.9908,4.9908,4.9908,2.9084,4.5916,1668.3606,1698.6107,1745.3967,1717.9390,1286.9861,1704.0756,1,on,1
1786107517.655631,1,1,,1645.0000,1725.0000,1748.0000,1759.0000,1291.0000,1732.0000,50.327,34.249,29.795,27.471,40.784,13.906,1661,1669,1619,1597,1283,1687,19,63,62,45,21,94,0,0,0,0,0,0,4.9908,4.9908,4.9908,4.9908,2.9084,4.5916,1668.3606,1707.3894,1745.3967,1717.9390,1286.9861,1704.0756,1,on,1
1786107517.687573,1,1,,1650.0000,1715.0000,1747.0000,1755.0000,1293.0000,1737.0000,49.382,36.279,29.866,28.405,40.209,12.704,1662,1682,1632,1609,1284,1691,22,63,55,50,18,9,0,0,0,0,0,0,4.9908,4.9908,4.9908,4.9908,2.9084,4.5916,1668.3606,1707.3894,1745.3967,1727.5526,1286.9861,1711.3779,1,on,1
1786107517.719626,1,1,,1663.0000,1725.0000,1759.0000,1763.0000,1290.0000,1734.0000,46.838,34.441,27.539,26.772,41.149,13.481,1666,1697,1650,1627,1286,1696,16,18,59,41,0,74,0,0,0,0,1,0,4.9908,4.9908,4.9908,4.9908,2.9084,4.5916,1668.3606,1707.3894,1745.3967,1727.5526,1286.9861,1711.3779,0,on,1
1786107517.755541,1,1,,1657.0000,1722.0000,1761.0000,1750.0000,1287.0000,1729.0000,47.888,34.850,27.043,29.271,42.437,14.537,1668,1699,1671,1647,1286,1700,0,28,46,39,0,41,1,0,0,0,1,0,4.9908,4.9908,4.9908,4.9908,2.9084,4.5916,1668.3606,1707.3894,1745.3967,1727.5526,1286.9861,1711.3779,0,on,1
1786107517.787393,1,1,,1656.0000,1722.0000,1763.0000,1761.0000,1288.0000,1711.0000,48.106,34.961,26.711,27.053,41.915,18.387,1668,1705,1689,1667,1286,1705,0,13,55,31,0,52,1,0,0,0,1,0,4.9908,4.9908,4.9908,4.9908,2.9084,4.5916,1668.3606,1707.3894,1745.3967,1735.1378,1286.9861,1711.3779,1,on,1
1786107517.819278,1,1,,1688.0000,1744.0000,1783.0000,1752.0000,1286.0000,1717.0000,41.787,30.636,22.808,29.022,42.709,17.153,1668,1705,1701,1675,1286,1709,0,0,57,47,0,25,1,0,0,0,1,0,4.9908,4.9908,4.9908,4.9908,2.9084,4.5916,1668.3606,1707.3894,1753.7318,1735.1378,1286.9861,1711.3779,1,on,1
1786107517.855612,1,1,,1686.0000,1750.0000,1787.0000,1754.0000,1286.0000,1722.0000,42.213,29.350,21.985,28.583,42.708,16.145,1668,1705,1721,1696,1286,1710,0,0,60,58,0,25,1,0,0,0,1,0,4.9908,4.9908,4.9908,4.9908,2.9084,4.5916,1668.3606,1716.5053,1753.7318,1735.1378,1286.9861,1711.3779,1,on,1
1786107517.887580,1,1,,1689.0000,1748.0000,1792.0000,1762.0000,1284.0000,1712.0000,41.490,29.706,20.867,27.001,43.199,18.142,1668,1705,1740,1715,1286,1710,0,0,13,60,0,27,1,0,0,0,1,0,4.9908,4.9908,4.9908,4.9908,2.9084,4.5916,1668.3606,1716.5053,1753.7318,1735.1378,1286.9861,1711.3779,0,on,1
1786107517.919551,1,1,,1701.0000,1743.0000,1785.0000,1759.0000,1282.0000,1720.0000,39.162,30.666,22.246,27.562,44.088,16.548,1668,1706,1745,1729,1286,1711,0,33,15,0,0,28,1,0,0,0,1,0,4.9908,4.9908,4.9908,4.9908,2.9084,4.5916,1668.3606,1716.5053,1762.1426,1735.1378,1286.9861,1711.3779,1,on,1
1786107517.955688,1,1,,1682.0000,1741.0000,1777.0000,1759.0000,1282.0000,1713.0000,43.009,31.238,23.932,27.533,44.092,18.123,1668,1712,1751,1729,1286,1711,0,23,38,0,0,27,1,0,0,0,1,0,4.9908,4.9908,4.9908,4.9908,2.9084,4.5916,1668.3606,1716.5053,1762.1426,1735.1378,1286.9861,1711.3779,0,on,1
1786107517.987672,1,1,,1693.0000,1742.0000,1785.0000,1759.0000,1286.0000,1715.0000,40.771,30.872,22.351,27.563,42.760,17.693,1668,1715,1760,1733,1286,1712,0,13,0,0,0,0,1,0,0,0,1,1,4.9908,4.9908,4.9908,4.9908,2.9084,4.5916,1668.3606,1724.3903,1762.1426,1743.1196,1286.9861,1711.3779,1,on,1
1786107518.020484,1,1,,1685.0000,1738.0000,1783.0000,1755.0000,1279.0000,1716.0000,42.400,31.714,22.736,28.349,45.012,17.419,1668,1716,1760,1733,1286,1712,0,0,0,12,0,0,1,0,0,0,1,1,4.9908,4.9908,4.9908,4.9908,2.9084,4.5916,1668.3606,1724.3903,1762.1426,1743.1196,1286.9861,1711.3779,0,on,1
1786107518.055476,1,1,,1677.0000,1732.0000,1769.0000,1757.0000,1282.0000,1724.0000,43.919,32.945,25.576,28.007,43.886,15.556,1668,1718,1760,1736,1286,1712,0,19,0,18,0,0,1,0,0,0,1,1,4.9908,4.9908,4.9908,4.9908,2.9084,4.5916,1668.3606,1724.3903,1762.1426,1743.1196,1286.9861,1711.3779,0,on,1
1786107518.087651,1,1,,1677.0000,1725.0000,1766.0000,1761.0000,1285.0000,1721.0000,44.024,34.345,26.111,27.180,42.904,16.180,1668,1721,1760,1744,1286,1712,0,17,0,0,0,0,1,0,0,0,1,1,4.9908,4.9908,4.9908,4.9908,2.9084,4.5916,1668.3606,1724.3903,1762.1426,1743.1196,1286.9861,1711.3779,0,on,1
1786107518.119604,1,1,,1667.0000,1725.0000,1765.0000,1763.0000,1281.0000,1740.0000,45.939,34.269,26.269,26.650,44.189,12.190,1668,1724,1760,1744,1286,1712,0,9,0,0,0,0,1,0,0,0,1,1,4.9908,4.9908,4.9908,4.9908,2.9084,4.5916,1668.3606,1724.3903,1762.1426,1743.1196,1286.9861,1711.3779,0,on,1
1786107518.155434,1,1,,1656.0000,1725.0000,1766.0000,1757.0000,1287.0000,1746.0000,48.208,34.281,26.050,27.988,42.120,10.939,1668,1724,1760,1744,1286,1712,0,0,0,0,0,0,1,0,0,0,1,1,4.9908,4.9908,4.9908,4.9908,2.9084,4.5916,1668.3606,1724.3903,1762.1426,1743.1196,1286.9861,1718.8317,1,on,1
1786107518.187429,1,1,,1675.0000,1737.0000,1776.0000,1760.0000,1287.0000,1731.0000,44.437,31.971,24.183,27.267,42.255,14.034,1668,1724,1760,1744,1286,1712,0,0,0,0,0,0,1,0,0,0,1,0,4.9908,4.9908,4.9908,4.9908,2.9084,4.5916,1668.3606,1724.3903,1762.1426,1743.1196,1286.9861,1718.8317,0,on,1
1786107518.219443,1,1,,1669.0000,1727.0000,1773.0000,1755.0000,1287.0000,1743.0000,45.636,33.944,24.672,28.254,42.438,11.410,1668,1724,1762,1744,1286,1712,0,0,13,0,0,0,1,0,0,0,1,0,4.9908,4.9908,4.9908,4.9908,2.9084,4.5916,1668.3606,1724.3903,1762.1426,1743.1196,1286.9861,1718.8317,0,on,1
1786107518.255386,1,1,,1677.0000,1723.0000,1786.0000,1777.0000,1287.0000,1747.0000,43.992,34.818,22.058,24.010,42.352,10.658,1668,1724,1762,1744,1286,1712,0,0,11,0,0,0,1,0,0,0,1,0,4.9908,4.9908,4.9908,4.9908,2.9084,4.5916,1668.3606,1724.3903,1762.1426,1743.1196,1286.9861,1718.8317,0,on,1
1786107518.287445,1,1,,1675.0000,1721.0000,1790.0000,1769.0000,1283.0000,1748.0000,44.421,35.100,21.410,25.627,43.571,10.437,1668,1724,1764,1744,1286,1712,0,0,0,0,0,0,1,0,1,0,1,0,4.9908,4.9908,4.9908,4.9908,2.9084,4.5916,1668.3606,1724.3903,1762.1426,1751.1248,1286.9861,1718.8317,1,on,1
1786107518.319645,1,1,,1667.0000,1720.0000,1793.0000,1756.0000,1275.0000,1741.0000,45.971,35.343,20.811,28.097,46.479,11.940,1668,1724,1764,1744,1286,1712,0,0,0,20,0,32,1,0,1,0,1,0,4.9908,4.9908,4.9908,4.9908,2.9084,4.5916,1668.3606,1724.3903,1770.4821,1751.1248,1286.9861,1726.1062,1,on,1
1786107518.355639,1,1,,1654.0000,1722.0000,1790.0000,1758.0000,1274.0000,1730.0000,48.625,34.981,21.319,27.774,46.707,14.360,1668,1724,1764,1747,1286,1712,0,0,0,19,0,0,1,0,0,0,1,0,4.9908,4.9908,4.9908,4.9908,2.9084,4.5916,1668.3606,1724.3903,1770.4821,1751.1248,1286.9861,1726.1062,0,on,1
1786107518.387588,1,1,,1682.0000,1730.0000,1794.0000,1763.0000,1283.0000,1727.0000,43.036,33.266,20.615,26.776,43.513,15.034,1668,1725,1766,1752,1286,1718,0,18,16,0,0,50,1,0,0,0,1,0,4.9908,4.9908,4.9908,4.9908,2.9084,4.5916,1668.3606,1724.3903,1770.4821,1751.1248,1286.9861,1726.1062,0,on,1
1786107518.419462,1,1,,1695.0000,1749.0000,1786.0000,1776.0000,1274.0000,1731.0000,40.412,29.621,22.207,24.117,46.814,14.172,1668,1726,1768,1752,1286,1720,0,0,15,0,0,25,1,1,0,0,1,0,4.9908,4.9908,4.9908,4.9908,2.9084,4.5916,1668.3606,1724.3903,1770.4821,1751.1248,1286.9861,1726.1062,0,on,1
1786107518.455609,1,1,,1739.0000,1770.0000,1795.0000,1777.0000,1287.0000,1740.0000,31.632,25.282,20.246,24.005,42.431,12.141,1668,1726,1770,1752,1286,1721,0,0,0,9,0,36,1,1,0,0,1,0,4.9908,4.9908,4.9908,4.9908,2.9084,4.5916,1681.2187,1724.3903,1770.4821,1751.1248,1286.9861,1726.1062,1,on,1
1786107518.487438,1,0,handedness unsure,1755.0000,1764.0000,1792.0000,1780.0000,1290.0000,1765.0000,28.415,26.497,21.005,23.258,41.257,6.803,1668,1726,1770,1752,1286,1722,0,0,0,0,0,38,0,1,0,0,1,0,4.9908,4.9908,4.9908,4.9908,2.9084,4.5916,1691.8622,1733.3796,1770.4821,1751.1248,1286.9861,1726.1062,1,on,1
1786107518.519419,1,0,handedness unsure,1759.0000,1765.0000,1795.0000,1784.0000,1296.0000,1734.0000,27.481,26.350,20.240,22.586,39.025,13.403,1670,1726,1770,1752,1286,1723,34,0,0,0,0,44,0,0,0,0,1,0,4.9908,4.9908,4.9908,4.9908,2.9084,4.5916,1702.6939,1733.3796,1770.4821,1759.0479,1286.9861,1726.1062,1,on,1
1786107518.555405,1,0,handedness unsure,1754.0000,1766.0000,1808.0000,1786.0000,1297.0000,1743.0000,28.493,26.128,17.799,22.081,38.694,11.578,1676,1726,1770,1752,1286,1725,21,0,0,0,0,31,0,0,0,0,1,0,4.9908,4.9908,4.9908,4.9908,2.9084,4.5916,1711.0867,1733.3796,1780.1744,1759.0479,1286.9861,1726.1062,1,on,1
1786107518.587631,1,0,handedness unsure,1744.0000,1787.0000,1808.0000,1775.0000,1294.0000,1743.0000,30.604,21.892,17.711,24.350,40.033,11.393,1683,1728,1770,1753,1286,1727,32,25,15,26,0,0,0,0,0,0,1,1,4.9908,4.9908,4.9908,4.9908,2.9084,4.5916,1711.0867,1744.6539,1780.1744,1759.0479,1286.9861,1726.1062,1,on,1
1786107518.619617,1,0,handedness unsure,1754.0000,1793.0000,1804.0000,1756.0000,1299.0000,1731.0000,28.463,20.642,18.525,28.127,38.279,14.139,1695,1732,1775,1759,1286,1727,33,0,30,9,0,0,0,0,0,0,1,1,4.9908,4.9908,4.9908,4.9908,2.9084,4.5916,1720.0643,1744.6539,1780.1744,1759.0479,1286.9861,1726.1062,1,on,1
1786107518.655630,1,1,,1733.0000,1767.0000,1770.0000,1759.0000,1296.0000,1734.0000,32.805,25.985,25.337,27.482,39.346,13.517,1700,1735,1781,1760,1286,1727,14,35,22,18,0,0,0,0,0,0,1,1,4.9908,4.9908,4.9908,4.9908,2.9084,4.5916,1720.0643,1752.3209,1780.1744,1759.0479,1286.9861,1726.1062,1,on,1
1786107518.687419,1,1,,1703.0000,1753.0000,1760.0000,1758.0000,1284.0000,1748.0000,38.745,28.756,27.265,27.720,43.322,10.331,1703,1739,1782,1760,1286,1727,16,21,15,0,0,0,0,0,1,0,1,1,4.9908,4.9908,4.9908,4.9908,2.9084,4.5916,1720.0643,1752.3209,1780.1744,1759.0479,1286.9861,1726.1062,0,on,1
1786107518.719417,1,1,,1674.0000,1729.0000,1749.0000,1766.0000,1277.0000,1715.0000,44.487,33.643,29.553,26.062,45.864,17.677,1704,1743,1784,1760,1286,1728,17,32,0,0,0,0,0,0,1,0,1,1,4.9908,4.9908,4.9908,4.9908,2.9084,4.5916,1720.0643,1752.3209,1780.1744,1759.0479,1286.9861,1726.1062,0,on,1
1786107518.755584,1,1,,1673.0000,1708.0000,1736.0000,1771.0000,1281.0000,1699.0000,44.829,37.705,32.094,25.110,44.377,21.116,1705,1748,1783,1761,1286,1727,16,30,0,0,0,0,0,0,1,1,1,1,4.9908,4.9908,4.9908,4.9908,2.9084,4.5916,1720.0643,1752.3209,1780.1744,1759.0479,1286.9861,1726.1062,0,on,1
1786107518.787434,1,1,,1668.0000,1720.0000,1742.0000,1761.0000,1276.0000,1703.0000,45.738,35.274,30.941,27.231,46.167,20.102,1706,1754,1784,1761,1286,1727,18,0,0,0,0,0,0,1,1,1,1,1,4.9908,4.9908,4.9908,4.9908,2.9084,4.5916,1708.5547,1752.3209,1780.1744,1759.0479,1286.9861,1726.1062,1,on,1
1786107518.819473,1,1,,1692.0000,1713.0000,1746.0000,1740.0000,1284.0000,1701.0000,40.872,36.774,30.111,31.355,43.460,20.706,1706,1754,1784,1761,1286,1727,22,0,0,0,0,0,0,1,1,1,1,1,4.9908,4.9908,4.9908,4.9908,2.9084,4.5916,1708.5547,1743.5606,1770.3203,1759.0479,1286.9861,1726.1062,1,on,1
1786107518.855353,1,1,,1712.0000,1710.0000,1756.0000,1737.0000,1291.0000,1709.0000,36.887,37.284,28.222,31.969,40.783,18.861,1706,1754,1783,1761,1286,1727,36,0,0,0,0,0,0,1,1,1,1,1,4.9908,4.9908,4.9908,4.9908,2.9084,4.5916,1708.5547,1743.5606,1770.3203,1759.0479,1286.9861,1726.1062,0,on,1
1786107518.887569,1,1,,1721.0000,1724.0000,1752.0000,1734.0000,1290.0000,1697.0000,35.116,34.496,28.956,32.498,41.321,21.494,1703,1754,1784,1761,1286,1727,20,0,39,0,0,0,0,1,1,1,1,1,4.9908,4.9908,4.9908,4.9908,2.9084,4.5916,1708.5547,1743.5606,1770.3203,1759.0479,1286.9861,1726.1062,0,on,1
1786107518.923621,1,1,,1738.0000,1731.0000,1749.0000,1733.0000,1291.0000,1699.0000,31.773,33.187,29.538,32.647,40.868,20.977,1700,1754,1780,1761,1286,1727,0,26,18,0,0,0,0,1,1,1,1,1,4.9908,4.9908,4.9908,4.9908,2.9084,4.5916,1708.5547,1743.5606,1770.3203,1759.0479,1286.9861,1719.1761,1,on,1
1786107518.955622,1,1,,1753.0000,1727.0000,1743.0000,1740.0000,1295.0000,1694.0000,28.642,33.872,30.787,31.306,39.574,22.110,1700,1754,1778,1761,1286,1727,0,22,24,0,0,0,0,1,1,1,1,1,4.9908,4.9908,4.9908,4.9908,2.9084,4.5916,1708.5547,1743.5606,1770.3203,1759.0479,1286.9861,1719.1761,0,on,1
1786107518.987622,1,1,,1735.0000,1710.0000,1745.0000,1736.0000,1290.0000,1701.0000,32.400,37.401,30.336,32.177,41.217,20.736,1700,1750,1777,1761,1286,1727,17,20,29,0,0,0,0,1,1,1,1,1,4.9908,4.9908,4.9908,4.9908,2.9084,4.5916,1708.5547,1735.9518,1770.3203,1759.0479,1286.9861,1719.1761,1,on,1
1786107519.020228,1,1,,1720.0000,1687.0000,1729.0000,1723.0000,1302.0000,1701.0000,35.392,42.020,33.607,34.652,37.052,20.561,1700,1749,1777,1761,1286,1728,21,38,31,0,0,0,0,1,1,1,1,1,4.9908,4.9908,4.9908,4.9908,2.9084,4.5916,1708.5547,1735.9518,1760.6405,1751.4380,1286.9861,1719.1761,1,on,1
1786107519.055582,1,1,,1695.0000,1675.0000,1716.0000,1726.0000,1302.0000,1711.0000,40.438,44.440,36.242,34.054,37.073,18.547,1700,1742,1776,1761,1286,1727,14,32,47,0,0,14,0,1,1,1,1,1,4.9908,4.9908,4.9908,4.9908,2.9084,4.5916,1708.5547,1723.4660,1760.6405,1751.4380,1286.9861,1719.1761,1,on,1
1786107519.087430,1,1,,1702.0000,1643.0000,1675.0000,1696.0000,1307.0000,1720.0000,38.887,50.726,44.449,40.180,35.410,16.421,1703,1738,1771,1761,1286,1728,21,0,35,0,0,18,0,1,1,1,1,1,4.9908,4.9908,4.9908,4.9908,2.9084,4.5916,1708.5547,1710.4064,1743.3455,1743.3363,1286.9861,1719.1761,1,on,1
1786107519.119404,1,1,,1517.0000,1500.0000,1523.0000,1562.0000,1331.0000,1671.0000,75.976,79.451,74.807,66.944,27.098,27.228,1706,1736,1762,1761,1286,1728,21,43,37,54,0,9,0,1,1,1,1,1,4.9908,4.9908,4.9908,4.9908,2.9084,4.5916,1669.2626,1649.5601,1678.9277,1698.5375,1292.0332,1711.9484,1,on,1
1786107519.155585,1,1,,1434.0000,1419.0000,1429.0000,1512.0000,1311.0000,1692.0000,92.725,95.597,93.733,77.091,34.116,22.494,1707,1729,1759,1752,1286,1728,14,25,39,0,0,23,1,1,1,1,0,1,4.9908,4.9908,4.9908,4.9908,2.9084,4.5916,1587.4628,1563.8709,1582.8781,1638.1274,1292.0332,1711.9484,1,on,1
1786107519.187420,1,1,,1338.0000,1259.0000,1249.0000,1336.0000,1262.0000,1662.0000,111.844,127.773,129.729,112.253,50.917,29.223,1707,1718,1746,1748,1286,1719,46,67,81,81,0,35,1,1,1,1,0,1,4.9908,4.9908,4.9908,4.9908,2.9084,4.5916,1492.6254,1436.3245,1437.0184,1517.9553,1292.0332,1711.9484,1,on,1
1786107519.219409,1,1,,1253.0000,1134.0000,1156.0000,1210.0000,1255.0000,1625.0000,128.879,152.757,148.435,137.634,53.215,37.236,1696,1707,1736,1735,1286,1713,112,83,101,61,14,10,1,1,1,1,0,1,4.9908,4.9908,4.9908,4.9908,2.9084,4.5916,1395.4974,1299.3483,1309.5582,1380.7521,1292.0332,1693.2818,1,on,1
1786107519.255355,1,1,,1197.0000,1124.0000,1114.0000,1115.0000,1199.0000,1671.0000,140.063,154.771,156.692,156.506,72.582,27.178,1669,1678,1700,1703,1287,1712,120,89,95,93,8,0,1,1,1,1,0,1,4.9908,4.9908,4.9908,4.9908,2.9084,4.5916,1313.5077,1223.8639,1223.4354,1256.6603,1276.6886,1693.2818,1,on,1
1786107519.287378,1,1,,1193.0000,1117.0000,1107.0000,1097.0000,1160.0000,1647.0000,141.018,156.244,158.160,160.251,85.856,32.313,1654,1662,1682,1687,1288,1712,107,80,75,59,0,0,1,1,1,1,1,1,4.9908,4.9908,4.9908,4.9908,2.9084,4.5916,1272.2463,1186.9692,1181.8271,1193.1492,1252.7961,1685.2351,1,on,1
1786107519.319427,1,1,,1176.0000,1110.0000,1118.0000,1115.0000,1155.0000,1644.0000,144.274,157.547,155.919,156.511,87.838,33.001,1626,1640,1658,1665,1288,1712,94,87,86,68,18,30,1,1,1,1,1,1,4.9908,4.9908,4.9908,4.9908,2.9084,4.5916,1243.3989,1164.7955,1163.5197,1167.7970,1231.1484,1685.2351,1,on,1
1786107519.355418,1,1,,1201.0000,1113.0000,1121.0000,1155.0000,1148.0000,1647.0000,139.241,157.053,155.343,148.588,90.188,32.360,1604,1619,1638,1643,1288,1706,88,96,81,66,64,14,1,1,1,1,1,1,4.9908,4.9908,4.9908,4.9908,2.9084,4.5916,1233.0961,1152.2017,1153.5583,1167.7970,1212.1054,1676.2427,1,on,1
1786107519.387785,1,1,,1195.0000,1117.0000,1131.0000,1162.0000,1140.0000,1691.0000,140.555,156.110,153.382,147.233,93.099,22.780,1570,1586,1604,1611,1280,1701,88,69,74,58,62,32,1,1,1,1,1,1,4.9908,4.9908,4.9908,4.9908,2.9084,4.5916,1233.0961,1152.2017,1153.5583,1167.7970,1197.5240,1676.2427,1,on,1
1786107519.419778,1,1,,1207.0000,1128.0000,1143.0000,1169.0000,1155.0000,1677.0000,138.108,153.988,151.030,145.760,87.601,25.767,1564,1580,1598,1606,1278,1698,84,74,73,76,61,28,1,1,1,1,1,1,4.9908,4.9908,4.9908,4.9908,2.9084,4.5916,1223.7667,1143.7055,1153.5583,1167.7970,1190.3510,1676.2427,1,on,1
1786107519.455384,1,1,,1208.0000,1142.0000,1149.0000,1181.0000,1174.0000,1683.0000,138.017,151.148,149.830,143.346,81.048,24.573,1545,1560,1580,1584,1274,1693,79,71,68,47,55,0,1,1,1,1,1,1,4.9908,4.9908,4.9908,4.9908,2.9084,4.5916,1223.7667,1143.7055,1153.5583,1167.7970,1190.3510,1676.2427,0,on,1
1786107519.487615,1,1,,1259.0000,1184.0000,1167.0000,1240.0000,1156.0000,1688.0000,127.752,142.769,146.237,131.438,87.419,23.484,1533,1548,1568,1574,1271,1692,74,66,78,69,42,41,1,1,1,1,1,1,4.9908,4.9908,4.9908,4.9908,2.9084,4.5916,1223.7667,1143.7055,1153.5583,1167.7970,1184.6724,1676.2427,1,on,1
1786107519.519419,1,1,,1282.0000,1213.0000,1188.0000,1253.0000,1140.0000,1676.0000,123.172,137.034,141.911,128.876,92.775,26.038,1516,1532,1550,1556,1267,1686,71,71,78,61,44,24,1,1,1,1,1,1,4.9908,4.9908,4.9908,4.9908,2.9084,4.5916,1223.7667,1151.5698,1153.5583,1184.3395,1179.3621,1676.2427,1,on,1
1786107519.555608,1,1,,1300.0000,1243.0000,1208.0000,1310.0000,1150.0000,1666.0000,119.482,130.987,137.912,117.508,89.226,28.169,1499,1514,1535,1536,1264,1682,83,70,81,40,40,17,1,1,1,1,1,1,4.9908,4.9908,4.9908,4.9908,2.9084,4.5916,1238.0201,1167.4470,1153.5583,1213.1462,1179.3621,1676.2427,1,on,1
1786107519.587611,1,1,,1286.0000,1246.0000,1205.0000,1253.0000,1140.0000,1679.0000,122.220,130.350,138.450,128.945,95.379,25.353,1482,1498,1516,1521,1261,1680,85,88,71,42,51,0,1,1,1,1,1,1,4.9908,4.9908,4.9908,4.9908,2.9084,4.5916,1238.0201,1181.4795,1163.4555,1213.1462,1172.1778,1676.2427,1,on,1
1786107519.619397,1,1,,1287.0000,1260.0000,1227.0000,1289.0000,1140.0000,1708.0000,122.075,127.576,134.107,121.618,95.724,19.077,1473,1486,1504,1510,1258,1680,79,77,79,46,45,0,1,1,1,1,1,1,4.9908,4.9908,4.9908,4.9908,2.9084,4.5916,1249.9609,1196.3725,1172.4953,1232.1518,1172.1778,1676.2427,1,on,1
1786107519.655619,1,1,,1290.0000,1270.0000,1241.0000,1258.0000,1140.0000,1709.0000,121.563,125.479,131.304,127.819,100.144,18.793,1456,1471,1487,1492,1255,1680,92,67,72,64,48,0,1,1,1,1,1,1,4.9908,4.9908,4.9908,4.9908,2.9084,4.5916,1249.9609,1211.3456,1184.2400,1232.1518,1165.8403,1676.2427,1,on,1
1786107519.687630,1,1,,1264.0000,1208.0000,1190.0000,1219.0000,1143.0000,1679.0000,126.725,137.892,141.511,135.740,91.803,25.475,1440,1455,1470,1476,1252,1680,96,92,71,53,46,0,1,1,1,1,1,1,4.9908,4.9908,4.9908,4.9908,2.9084,4.5916,1249.9609,1211.3456,1184.2400,1232.1518,1165.8403,1676.2427,0,on,1
1786107519.719381,1,1,,1239.0000,1134.0000,1143.0000,1163.0000,1159.0000,1656.0000,131.788,152.830,150.900,146.875,86.447,30.376,1424,1436,1453,1459,1248,1681,98,83,68,69,37,0,1,1,1,1,1,1,4.9908,4.9908,4.9908,4.9908,2.9084,4.5916,1249.9609,1211.3456,1184.2400,1232.1518,1165.8403,1676.2427,0,on,1
1786107519.755388,1,1,,1204.0000,1117.0000,1129.0000,1160.0000,1169.0000,1666.0000,138.814,156.201,153.820,147.476,83.019,28.341,1406,1420,1438,1443,1246,1681,86,82,84,70,40,0,1,1,1,1,1,1,4.9908,4.9908,4.9908,4.9908,2.9084,4.5916,1249.9609,1193.8261,1184.2400,1220.1574,1165.8403,1676.2427,1,on,1
1786107519.787588,1,1,,1183.0000,1100.0000,1118.0000,1149.0000,1166.0000,1661.0000,143.044,159.639,155.994,149.697,83.867,29.381,1384,1399,1417,1423,1242,1680,80,82,81,45,52,0,1,1,1,1,1,1,4.9908,4.9908,4.9908,4.9908,2.9084,4.5916,1249.9609,1176.8232,1172.1290,1209.1998,1165.8403,1676.2427,1,on,1
1786107519.819760,1,1,,1167.0000,1088.0000,1107.0000,1140.0000,1155.0000,1674.0000,146.197,161.926,158.102,151.629,87.640,26.448,1374,1388,1405,1410,1241,1680,99,86,73,70,52,0,1,1,1,1,1,1,4.9908,4.9908,4.9908,4.9908,2.9084,4.5916,1231.3828,1158.9709,1162.5647,1197.5577,1165.8403,1676.2427,1,on,1
1786107519.855382,1,1,,1167.0000,1088.0000,1102.0000,1128.0000,1147.0000,1681.0000,146.151,161.953,159.103,154.007,90.316,24.985,1364,1376,1394,1400,1237,1681,77,80,82,67,43,0,1,1,1,1,1,1,4.9908,4.9908,4.9908,4.9908,2.9084,4.5916,1220.1650,1144.4353,1152.6510,1184.7041,1165.8403,1676.2427,1,on,1
1786107519.887264,1,1,,1173.0000,1092.0000,1109.0000,1163.0000,1141.0000,1674.0000,144.909,161.275,157.867,146.969,92.605,26.557,1349,1360,1380,1382,1234,1680,101,89,94,62,49,0,1,1,1,1,1,1,4.9908,4.9908,4.9908,4.9908,2.9084,4.5916,1220.1650,1135.4893,1152.6510,1184.7041,1165.8403,1676.2427,1,on,1
1786107519.919239,1,1,,1150.0000,1073.0000,1090.0000,1122.0000,1141.0000,1663.0000,149.519,165.004,161.583,155.127,92.459,28.883,1330,1345,1362,1365,1231,1681,94,87,83,48,41,17,1,1,1,1,1,1,4.9908,4.9908,4.9908,4.9908,2.9084,4.5916,1203.0409,1124.8010,1138.1583,1173.1961,1160.3924,1676.2427,1,on,1
1786107519.955236,1,1,,1166.0000,1084.0000,1099.0000,1126.0000,1141.0000,1664.0000,146.266,162.843,159.704,154.466,92.329,28.681,1316,1327,1344,1349,1227,1678,112,84,77,60,34,16,1,1,1,1,1,1,4.9908,4.9908,4.9908,4.9908,2.9084,4.5916,1203.0409,1124.8010,1138.1583,1173.1961,1160.3924,1676.2427,0,on,1
1786107519.987298,1,1,,1168.0000,1086.0000,1095.0000,1122.0000,1140.0000,1652.0000,145.876,162.373,160.618,155.117,95.193,31.382,1298,1310,1328,1334,1225,1677,112,83,75,74,48,0,1,1,1,1,1,1,4.9908,4.9908,4.9908,4.9908,2.9084,4.5916,1194.1417,1114.3008,1127.9681,1160.2501,1160.3924,1676.2427,1,on,1
1786107520.019537,1,1,,1165.0000,1080.0000,1105.0000,1142.0000,1140.0000,1682.0000,146.452,163.594,158.666,151.248,94.198,24.838,1288,1302,1318,1321,1222,1677,92,90,81,61,43,0,1,1,1,1,1,1,4.9908,4.9908,4.9908,4.9908,2.9084,4.5916,1194.1417,1114.3008,1127.9681,1160.2501,1160.3924,1676.2427,0,on,1
1786107520.055220,1,1,,1176.0000,1098.0000,1106.0000,1149.0000,1140.0000,1649.0000,144.351,160.000,158.335,149.750,95.856,31.970,1270,1283,1302,1306,1219,1677,95,94,88,72,47,0,1,1,1,1,1,1,4.9908,4.9908,4.9908,4.9908,2.9084,4.5916,1194.1417,1114.3008,1127.9681,1160.2501,1155.6631,1676.2427,1,on,1
1786107520.087441,1,1,,1182.0000,1103.0000,1118.0000,1165.0000,1140.0000,1657.0000,143.131,158.915,156.001,146.603,95.477,30.302,1252,1266,1284,1290,1216,1677,98,91,79,74,39,0,1,1,1,1,1,1,4.9908,4.9908,4.9908,4.9908,2.9084,4.5916,1194.1417,1114.3008,1127.9681,1160.2501,1155.6631,1676.2427,0,on,1
1786107520.119420,1,1,,1189.0000,1108.0000,1124.0000,1176.0000,1140.0000,1656.0000,141.680,157.911,154.746,144.433,96.068,30.461,1236,1249,1268,1274,1213,1677,110,88,86,73,50,0,1,1,1,1,1,1,4.9908,4.9908,4.9908,4.9908,2.9084,4.5916,1194.1417,1114.3008,1127.9681,1160.2501,1155.6631,1676.2427,0,on,1
1786107520.155372,1,1,,1192.0000,1109.0000,1126.0000,1181.0000,1140.0000,1661.0000,141.103,157.829,154.298,143.440,97.784,29.268,1219,1233,1252,1258,1209,1677,101,89,88,68,38,0,1,1,1,1,1,1,4.9908,4.9908,4.9908,4.9908,2.9084,4.5916,1194.1417,1114.3008,1127.9681,1160.2501,1155.6631,1676.2427,0,on,1
1786107520.187567,1,1,,1199.0000,1119.0000,1125.0000,1203.0000,1140.0000,1650.0000,139.714,155.791,154.530,139.017,98.185,31.726,1207,1218,1235,1238,1207,1677,0,97,90,54,48,0,1,1,1,1,1,1,4.9908,4.9908,4.9908,4.9908,2.9084,4.5916,1194.1417,1114.3008,1127.9681,1160.2501,1155.6631,1676.2427,0,on,1
1786107520.219439,1,1,,1194.0000,1110.0000,1126.0000,1200.0000,1140.0000,1656.0000,140.672,157.555,154.401,139.572,94.125,30.394,1207,1202,1224,1228,1206,1677,45,82,89,81,59,0,1,1,1,1,1,1,4.9908,4.9908,4.9908,4.9908,2.9084,4.5916,1194.1417,1114.3008,1127.9681,1160.2501,1155.6631,1676.2427,0,on,1
1786107520.255357,1,1,,1199.0000,1122.0000,1127.0000,1188.0000,1140.0000,1609.0000,139.696,155.141,154.241,142.034,97.098,40.608,1204,1187,1205,1211,1202,1677,22,102,95,74,50,0,1,1,1,1,1,1,4.9908,4.9908,4.9908,4.9908,2.9084,4.5916,1194.1417,1114.3008,1127.9681,1168.5156,1151.2717,1662.5287,1,on,1
1786107520.287402,1,1,,1207.0000,1124.0000,1134.0000,1213.0000,1140.0000,1612.0000,138.077,154.805,152.720,136.867,95.297,40.019,1204,1169,1189,1194,1198,1677,50,110,103,69,42,0,1,1,1,1,1,1,4.9908,4.9908,4.9908,4.9908,2.9084,4.5916,1194.1417,1114.3008,1127.9681,1168.5156,1151.2717,1662.5287,0,on,1
1786107520.319428,1,1,,1211.0000,1132.0000,1137.0000,1235.0000,1140.0000,1613.0000,137.394,153.097,152.093,132.519,98.557,39.745,1203,1150,1171,1180,1195,1674,13,103,95,0,42,42,1,1,1,1,1,1,4.9908,4.9908,4.9908,4.9908,2.9084,4.5916,1194.1417,1114.3008,1127.9681,1181.4798,1151.2717,1650.9126,1,on,1
1786107520.355610,1,1,,1214.0000,1134.0000,1134.0000,1189.0000,1140.0000,1639.0000,136.690,152.699,152.783,141.770,97.259,34.073,1203,1133,1151,1179,1191,1665,46,127,93,11,41,0,1,1,1,0,1,1,4.9908,4.9908,4.9908,4.9908,2.9084,4.5916,1194.1417,1114.3008,1127.9681,1181.4798,1151.2717,1650.9126,0,on,1
1786107520.387595,1,1,,1216.0000,1136.0000,1143.0000,1215.0000,1140.0000,1634.0000,136.360,152.372,150.881,136.547,98.782,35.162,1200,1126,1142,1179,1190,1664,37,25,0,16,48,31,1,1,1,0,1,1,4.9908,4.9908,4.9908,4.9908,2.9084,4.5916,1194.1417,1114.3008,1127.9681,1181.4798,1151.2717,1650.9126,0,on,1
1786107520.419587,1,1,,1217.0000,1134.0000,1132.0000,1202.0000,1140.0000,1623.0000,136.094,152.833,153.206,139.199,97.737,37.580,1198,1125,1139,1179,1187,1657,35,51,37,18,50,17,1,1,1,0,1,1,4.9908,4.9908,4.9908,4.9908,2.9084,4.5916,1194.1417,1114.3008,1127.9681,1181.4798,1151.2717,1650.9126,0,on,1
1786107520.455592,1,1,,1203.0000,1127.0000,1130.0000,1203.0000,1140.0000,1635.0000,139.018,154.146,153.603,138.950,97.313,34.919,1198,1125,1137,1179,1184,1656,39,52,0,19,46,0,1,1,1,0,1,1,4.9908,4.9908,4.9908,4.9908,2.9084,4.5916,1194.1417,1114.3008,1127.9681,1181.4798,1151.2717,1650.9126,0,on,1
1786107520.487578,1,1,,1208.0000,1122.0000,1123.0000,1187.0000,1140.0000,1628.0000,137.955,155.246,154.889,142.087,96.917,36.507,1198,1123,1137,1178,1180,1656,45,22,44,14,47,0,1,1,1,0,1,1,4.9908,4.9908,4.9908,4.9908,2.9084,4.5916,1194.1417,1114.3008,1127.9681,1181.4798,1151.2717,1650.9126,0,on,1
1786107520.519611,1,1,,1203.0000,1122.0000,1113.0000,1161.0000,1141.0000,1600.0000,138.845,155.258,157.066,147.315,92.551,42.563,1197,1122,1133,1178,1178,1656,37,42,45,10,51,0,1,1,1,0,1,1,4.9908,4.9908,4.9908,4.9908,2.9084,4.5916,1194.1417,1114.3008,1127.9681,1181.4798,1151.2717,1640.5445,1,on,1
1786107520.555565,1,1,,1207.0000,1115.0000,1125.0000,1193.0000,1140.0000,1664.0000,138.185,156.532,154.593,141.004,96.974,28.676,1196,1119,1132,1178,1175,1656,0,45,23,0,51,30,1,1,1,0,1,1,4.9908,4.9908,4.9908,4.9908,2.9084,4.5916,1194.1417,1114.3008,1127.9681,1181.4798,1151.2717,1640.5445,0,on,1
1786107520.587375,1,1,,1210.0000,1128.0000,1119.0000,1190.0000,1143.0000,1623.0000,137.599,153.949,155.767,141.600,91.655,37.656,1197,1117,1132,1178,1172,1651,0,40,29,0,47,29,1,1,1,0,1,1,4.9908,4.9908,4.9908,4.9908,2.9084,4.5916,1194.1417,1114.3008,1127.9681,1181.4798,1151.2717,1640.5445,0,on,1
1786107520.619395,1,1,,1213.0000,1117.0000,1116.0000,1170.0000,1140.0000,1643.0000,136.977,156.164,156.357,145.614,95.937,33.294,1197,1116,1132,1178,1169,1645,0,39,32,0,52,10,1,1,1,0,1,1,4.9908,4.9908,4.9908,4.9908,2.9084,4.5916,1194.1417,1114.3008,1127.9681,1181.4798,1151.2717,1640.5445,0,on,1
1786107520.655498,1,1,,1219.0000,1139.0000,1135.0000,1228.0000,1140.0000,1638.0000,135.682,151.725,152.494,133.994,94.078,34.460,1197,1116,1132,1178,1166,1645,0,0,37,0,48,0,1,1,1,0,1,1,4.9908,4.9908,4.9908,4.9908,2.9084,4.5916,1194.1417,1114.3008,1127.9681,1181.4798,1151.2717,1640.5445,0,on,1
1786107520.687550,1,1,,1209.0000,1136.0000,1132.0000,1206.0000,1140.0000,1644.0000,137.675,152.415,153.227,138.312,94.636,33.040,1197,1116,1131,1178,1162,1645,0,0,30,0,45,0,1,1,1,0,1,1,4.9908,4.9908,4.9908,4.9908,2.9084,4.5916,1194.1417,1114.3008,1127.9681,1189.8791,1151.2717,1640.5445,1,on,1
1786107520.719281,1,1,,1216.0000,1136.0000,1124.0000,1196.0000,1145.0000,1623.0000,136.410,152.338,154.726,140.379,91.185,37.700,1197,1116,1130,1178,1159,1645,0,0,30,16,44,0,1,1,1,0,1,1,4.9908,4.9908,4.9908,4.9908,2.9084,4.5916,1194.1417,1114.3008,1127.9681,1189.8791,1151.2717,1640.5445,0,on,1
1786107520.755542,1,1,,1214.0000,1132.0000,1132.0000,1216.0000,1140.0000,1659.0000,136.720,153.148,153.243,136.283,95.850,29.681,1197,1116,1129,1184,1157,1645,0,0,0,16,55,0,1,1,1,0,1,1,4.9908,4.9908,4.9908,4.9908,2.9084,4.5916,1202.0604,1114.3008,1127.9681,1189.8791,1146.7117,1640.5445,1,on,1
1786107520.787249,1,1,,1224.0000,1140.0000,1138.0000,1207.0000,1140.0000,1658.0000,134.806,151.470,151.982,138.234,98.551,30.080,1197,1116,1128,1187,1155,1645,0,0,0,0,0,9,0,1,1,0,1,1,4.9908,4.9908,4.9908,4.9908,2.9084,4.5916,1202.0604,1114.3008,1127.9681,1189.8791,1146.7117,1640.5445,0,on,1
1786107520.819511,1,1,,1203.0000,1120.0000,1128.0000,1201.0000,1140.0000,1664.0000,138.852,155.618,153.996,139.409,93.086,28.717,1197,1116,1128,1188,1153,1644,0,0,0,0,0,18,0,1,1,0,1,1,4.9908,4.9908,4.9908,4.9908,2.9084,4.5916,1202.0604,1114.3008,1127.9681,1189.8791,1146.7117,1640.5445,0,on,1
1786107520.855246,1,1,,1231.0000,1128.0000,1135.0000,1196.0000,1140.0000,1642.0000,133.329,154.017,152.519,140.436,98.639,33.511,1197,1116,1128,1188,1153,1641,28,0,0,0,40,14,0,1,1,0,1,1,4.9908,4.9908,4.9908,4.9908,2.9084,4.5916,1202.0604,1121.9215,1127.9681,1189.8791,1146.7117,1640.5445,1,on,1
1786107520.887315,1,1,,1223.0000,1130.0000,1124.0000,1174.0000,1143.0000,1629.0000,134.831,153.509,154.715,144.844,91.683,36.387,1199,1116,1129,1188,1151,1641,14,0,0,0,34,0,0,0,1,0,1,1,4.9908,4.9908,4.9908,4.9908,2.9084,4.5916,1202.0604,1121.9215,1127.9681,1189.8791,1146.7117,1640.5445,0,on,1
1786107520.919235,1,1,,1235.0000,1127.0000,1137.0000,1198.0000,1140.0000,1647.0000,132.539,154.256,152.107,139.991,100.279,32.391,1202,1116,1128,1188,1150,1641,0,0,0,0,25,0,0,0,1,0,1,1,4.9908,4.9908,4.9908,4.9908,2.9084,4.5916,1202.0604,1121.9215,1127.9681,1189.8791,1146.7117,1640.5445,0,on,1
1786107520.955228,1,1,,1210.0000,1129.0000,1121.0000,1172.0000,1144.0000,1638.0000,137.585,153.765,155.410,145.248,91.537,34.443,1202,1116,1128,1188,1149,1641,0,0,0,0,0,0,0,0,1,0,1,1,4.9908,4.9908,4.9908,4.9908,2.9084,4.5916,1202.0604,1121.9215,1127.9681,1189.8791,1146.7117,1640.5445,0,on,1
1786107520.987351,1,1,,1240.0000,1146.0000,1143.0000,1189.0000,1140.0000,1640.0000,131.468,150.414,150.959,141.670,97.869,33.945,1202,1116,1128,1188,1149,1641,0,21,0,0,39,0,0,0,1,0,1,1,4.9908,4.9908,4.9908,4.9908,2.9084,4.5916,1210.6510,1121.9215,1127.9681,1189.8791,1146.7117,1640.5445,1,on,1
1786107521.019524,1,1,,1245.0000,1171.0000,1169.0000,1242.0000,1140.0000,1658.0000,130.591,145.309,145.780,131.099,95.042,29.921,1202,1116,1128,1188,1148,1641,0,9,0,0,0,0,0,0,1,0,1,1,4.9908,4.9908,4.9908,4.9908,2.9084,4.5916,1210.6510,1121.9215,1127.9681,1189.8791,1146.7117,1640.5445,0,on,1
1786107521.055246,1,1,,1230.0000,1157.0000,1167.0000,1196.0000,1145.0000,1668.0000,133.515,148.084,146.213,140.379,91.047,27.751,1204,1116,1128,1188,1148,1641,28,13,0,0,34,0,0,0,1,0,1,1,4.9908,4.9908,4.9908,4.9908,2.9084,4.5916,1210.6510,1130.8551,1127.9681,1189.8791,1146.7117,1640.5445,1,on,1
1786107521.087256,1,1,,1225.0000,1156.0000,1151.0000,1173.0000,1152.0000,1653.0000,134.564,148.437,149.320,144.850,88.873,31.143,1208,1120,1128,1188,1147,1641,15,9,0,0,30,0,0,0,1,0,1,1,4.9908,4.9908,4.9908,4.9908,2.9084,4.5916,1210.6510,1130.8551,1127.9681,1189.8791,1146.7117,1640.5445,0,on,1
1786107521.119450,1,1,,1241.0000,1163.0000,1161.0000,1196.0000,1143.0000,1647.0000,131.343,146.938,147.413,140.390,91.634,32.413,1209,1124,1129,1188,1146,1641,0,22,0,0,30,0,0,0,1,0,1,1,4.9908,4.9908,4.9908,4.9908,2.9084,4.5916,1210.6510,1130.8551,1137.2361,1189.8791,1146.7117,1640.5445,1,on,1
1786107521.155623,1,1,,1233.0000,1144.0000,1148.0000,1181.0000,1140.0000,1637.0000,132.992,150.693,149.937,143.258,94.287,34.575,1209,1128,1128,1188,1145,1641,0,16,11,0,25,0,0,0,0,0,1,1,4.9908,4.9908,4.9908,4.9908,2.9084,4.5916,1218.3214,1130.8551,1137.2361,1189.8791,1146.7117,1640.5445,1,on,1
1786107521.187433,1,1,,1211.0000,1137.0000,1148.0000,1178.0000,1140.0000,1655.0000,137.379,152.176,149.954,143.938,95.955,30.656,1209,1132,1128,1188,1145,1641,0,0,24,0,26,0,0,1,0,0,1,1,4.9908,4.9908,4.9908,4.9908,2.9084,4.5916,1218.3214,1130.8551,1137.2361,1189.8791,1146.7117,1640.5445,0,on,1
1786107521.219640,1,1,,1241.0000,1153.0000,1147.0000,1176.0000,1140.0000,1629.0000,131.365,148.859,150.079,144.255,96.302,36.316,1209,1132,1137,1188,1145,1641,28,0,15,0,0,0,0,1,0,0,1,1,4.9908,4.9908,4.9908,4.9908,2.9084,4.5916,1218.3214,1130.8551,1137.2361,1189.8791,1146.7117,1640.5445,0,on,1
1786107521.255615,1,1,,1210.0000,1133.0000,1143.0000,1194.0000,1140.0000,1669.0000,137.540,152.992,151.012,140.796,95.765,27.532,1216,1133,1138,1188,1145,1641,0,0,0,0,0,0,0,1,1,0,1,1,4.9908,4.9908,4.9908,4.9908,2.9084,4.5916,1218.3214,1130.8551,1137.2361,1189.8791,1146.7117,1640.5445,0,on,1
1786107521.287383,1,1,,1233.0000,1141.0000,1141.0000,1171.0000,1140.0000,1634.0000,132.901,151.421,151.281,145.349,97.213,35.193,1216,1133,1138,1189,1145,1641,0,0,0,0,0,0,0,1,1,0,1,1,4.9908,4.9908,4.9908,4.9908,2.9084,4.5916,1218.3214,1130.8551,1137.2361,1189.8791,1146.7117,1640.5445,0,on,1
1786107521.319405,1,1,,1209.0000,1133.0000,1139.0000,1181.0000,1140.0000,1658.0000,137.707,152.978,151.808,143.270,94.403,30.016,1216,1133,1138,1190,1145,1641,0,0,0,0,0,0,0,1,1,0,1,1,4.9908,4.9908,4.9908,4.9908,2.9084,4.5916,1218.3214,1130.8551,1137.2361,1189.8791,1146.7117,1640.5445,0,on,1
1786107521.355393,1,1,,1231.0000,1134.0000,1133.0000,1167.0000,1140.0000,1635.0000,133.404,152.793,153.053,146.115,95.613,35.065,1216,1133,1138,1190,1145,1641,0,0,0,0,0,0,0,1,1,0,1,1,4.9908,4.9908,4.9908,4.9908,2.9084,4.5916,1218.3214,1130.8551,1137.2361,1189.8791,1146.7117,1640.5445,0,on,1
1786107521.387619,1,1,,1215.0000,1125.0000,1133.0000,1166.0000,1140.0000,1635.0000,136.501,154.539,152.866,146.402,96.327,35.101,1216,1133,1138,1190,1145,1641,0,0,0,0,0,0,0,1,1,0,1,1,4.9908,4.9908,4.9908,4.9908,2.9084,4.5916,1218.3214,1130.8551,1137.2361,1189.8791,1146.7117,1640.5445,0,on,1
1786107521.419611,1,1,,1220.0000,1134.0000,1139.0000,1162.0000,1140.0000,1638.0000,135.453,152.846,151.810,147.067,98.651,34.465,1216,1133,1138,1190,1145,1641,0,0,0,0,0,0,0,1,1,0,1,1,4.9908,4.9908,4.9908,4.9908,2.9084,4.5916,1218.3214,1130.8551,1137.2361,1189.8791,1146.7117,1640.5445,0,on,1
1786107521.455398,1,1,,1218.0000,1132.0000,1137.0000,1173.0000,1140.0000,1654.0000,135.972,153.172,152.102,144.937,97.614,30.922,1216,1133,1138,1190,1145,1641,0,0,0,0,0,0,0,1,1,0,1,1,4.9908,4.9908,4.9908,4.9908,2.9084,4.5916,1218.3214,1130.8551,1137.2361,1189.8791,1146.7117,1640.5445,0,on,1
1786107521.487386,1,1,,1223.0000,1141.0000,1143.0000,1177.0000,1140.0000,1638.0000,134.919,151.394,151.058,144.081,97.495,34.436,1216,1133,1138,1190,1145,1641,18,0,0,0,0,0,0,1,1,0,1,1,4.9908,4.9908,4.9908,4.9908,2.9084,4.5916,1218.3214,1130.8551,1137.2361,1189.8791,1146.7117,1640.5445,0,on,1
1786107521.519445,1,1,,1204.0000,1117.0000,1140.0000,1184.0000,1140.0000,1682.0000,138.822,156.227,151.462,142.772,96.705,24.787,1217,1133,1138,1190,1145,1641,18,0,0,0,0,0,0,1,1,0,1,1,4.9908,4.9908,4.9908,4.9908,2.9084,4.5916,1218.3214,1130.8551,1137.2361,1189.8791,1146.7117,1640.5445,0,on,1
1786107521.555370,1,1,,1222.0000,1136.0000,1136.0000,1191.0000,1140.0000,1652.0000,135.094,152.445,152.357,141.296,97.364,31.233,1219,1133,1138,1190,1145,1641,14,0,0,0,0,0,0,1,1,0,1,1,4.9908,4.9908,4.9908,4.9908,2.9084,4.5916,1218.3214,1130.8551,1137.2361,1189.8791,1146.7117,1640.5445,0,on,1
1786107521.587422,1,1,,1207.0000,1126.0000,1142.0000,1192.0000,1140.0000,1700.0000,138.160,154.401,151.109,141.129,98.895,20.790,1221,1133,1138,1190,1145,1641,0,0,0,0,0,0,1,1,1,0,1,1,4.9908,4.9908,4.9908,4.9908,2.9084,4.5916,1218.3214,1130.8551,1137.2361,1189.8791,1146.7117,1651.9798,1,on,1
1786107521.619626,1,1,,1226.0000,1140.0000,1144.0000,1165.0000,1140.0000,1639.0000,134.358,151.615,150.739,146.493,98.554,34.136,1221,1133,1138,1190,1145,1641,0,0,0,0,0,0,1,1,1,0,1,0,4.9908,4.9908,4.9908,4.9908,2.9084,4.5916,1218.3214,1130.8551,1137.2361,1189.8791,1146.7117,1651.9798,0,on,1
1786107521.655467,1,1,,1193.0000,1113.0000,1123.0000,1186.0000,1140.0000,1701.0000,140.952,156.961,154.998,142.347,98.388,20.596,1221,1133,1138,1190,1145,1641,0,0,0,0,0,34,1,1,1,0,1,0,4.9908,4.9908,4.9908,4.9908,2.9084,4.5916,1218.3214,1130.8551,1137.2361,1189.8791,1146.7117,1651.9798,0,on,1
1786107521.687308,1,1,,1219.0000,1131.0000,1134.0000,1165.0000,1140.0000,1635.0000,135.677,153.346,152.817,146.526,96.088,34.970,1221,1133,1138,1190,1145,1641,0,0,0,0,0,30,1,1,1,0,1,0,4.9908,4.9908,4.9908,4.9908,2.9084,4.5916,1218.3214,1130.8551,1137.2361,1189.8791,1146.7117,1651.9798,0,on,1
1786107521.719536,1,1,,1202.0000,1124.0000,1126.0000,1155.0000,1140.0000,1641.0000,139.084,154.841,154.347,148.612,93.571,33.749,1221,1133,1138,1190,1145,1646,0,0,0,0,0,30,1,1,1,0,1,0,4.9908,4.9908,4.9908,4.9908,2.9084,4.5916,1218.3214,1130.8551,1137.2361,1181.7200,1146.7117,1651.9798,1,on,1
1786107521.756247,1,1,,1215.0000,1138.0000,1138.0000,1173.0000,1140.0000,1652.0000,136.600,152.057,151.871,145.037,93.245,31.257,1221,1133,1138,1190,1145,1649,0,0,0,0,0,26,1,1,1,1,1,0,4.9908,4.9908,4.9908,4.9908,2.9084,4.5916,1218.3214,1130.8551,1137.2361,1181.7200,1146.7117,1651.9798,0,on,1
1786107521.787510,1,1,,1213.0000,1135.0000,1146.0000,1190.0000,1140.0000,1692.0000,136.960,152.536,150.443,141.560,99.036,22.609,1221,1133,1138,1190,1145,1650,0,0,0,33,0,23,1,1,1,1,1,0,4.9908,4.9908,4.9908,4.9908,2.9084,4.5916,1218.3214,1130.8551,1137.2361,1181.7200,1146.7117,1651.9798,0,on,1
1786107521.819578,1,1,,1215.0000,1134.0000,1142.0000,1182.0000,1140.0000,1650.0000,136.541,152.669,151.197,143.218,94.600,31.795,1221,1133,1138,1188,1145,1651,0,0,0,0,0,20,1,1,1,1,1,0,4.9908,4.9908,4.9908,4.9908,2.9084,4.5916,1218.3214,1130.8551,1137.2361,1181.7200,1146.7117,1651.9798,0,on,1
1786107521.855265,1,1,,1216.0000,1133.0000,1139.0000,1169.0000,1140.0000,1639.0000,136.368,152.992,151.834,145.798,94.455,34.144,1221,1133,1138,1187,1145,1651,0,0,0,9,0,21,1,1,1,1,1,0,4.9908,4.9908,4.9908,4.9908,2.9084,4.5916,1218.3214,1130.8551,1137.2361,1181.7200,1146.7117,1651.9798,0,on,1
1786107521.887534,1,1,,1210.0000,1134.0000,1142.0000,1165.0000,1140.0000,1646.0000,137.488,152.713,151.132,146.560,94.746,32.663,1221,1133,1138,1187,1145,1651,0,0,0,13,0,22,1,1,1,1,1,0,4.9908,4.9908,4.9908,4.9908,2.9084,4.5916,1218.3214,1130.8551,1137.2361,1181.7200,1146.7117,1651.9798,0,on,1
1786107521.919276,1,1,,1218.0000,1142.0000,1149.0000,1198.0000,1140.0000,1665.0000,135.895,151.229,149.833,139.979,93.896,28.426,1221,1133,1138,1186,1145,1651,0,10,0,24,0,0,1,1,1,1,1,0,4.9908,4.9908,4.9908,4.9908,2.9084,4.5916,1218.3214,1130.8551,1137.2361,1181.7200,1146.7117,1651.9798,0,on,1
1786107521.955327,1,1,,1214.0000,1135.0000,1145.0000,1187.0000,1140.0000,1664.0000,136.783,152.541,150.634,142.157,94.333,28.690,1221,1133,1138,1186,1145,1651,0,11,0,14,0,0,1,1,1,1,1,0,4.9908,4.9908,4.9908,4.9908,2.9084,4.5916,1218.3214,1130.8551,1137.2361,1181.7200,1146.7117,1651.9798,0,on,1
1786107521.987253,1,1,,1225.0000,1149.0000,1150.0000,1189.0000,1140.0000,1647.0000,134.437,149.719,149.566,141.783,99.292,32.319,1221,1133,1138,1186,1145,1651,0,14,0,22,0,0,1,1,1,1,1,0,4.9908,4.9908,4.9908,4.9908,2.9084,4.5916,1218.3214,1130.8551,1137.2361,1181.7200,1146.7117,1651.9798,0,on,1
1786107522.019256,1,1,,1210.0000,1140.0000,1144.0000,1192.0000,1140.0000,1654.0000,137.489,151.594,150.840,141.236,96.430,30.848,1221,1133,1138,1186,1145,1651,0,24,0,24,0,0,1,1,1,1,1,0,4.9908,4.9908,4.9908,4.9908,2.9084,4.5916,1218.3214,1130.8551,1137.2361,1181.7200,1146.7117,1651.9798,0,on,1
1786107522.055285,1,1,,1233.0000,1153.0000,1148.0000,1181.0000,1140.0000,1637.0000,132.995,148.994,150.017,143.251,100.144,34.602,1221,1133,1138,1184,1145,1651,0,0,0,19,0,0,1,1,1,1,1,0,4.9908,4.9908,4.9908,4.9908,2.9084,4.5916,1218.3214,1130.8551,1137.2361,1181.7200,1146.7117,1651.9798,0,on,1
1786107522.087300,1,1,,1216.0000,1136.0000,1146.0000,1194.0000,1140.0000,1677.0000,136.429,152.265,150.343,140.651,99.459,25.790,1221,1133,1138,1184,1145,1651,0,0,0,0,0,0,1,1,1,1,1,0,4.9908,4.9908,4.9908,4.9908,2.9084,4.5916,1218.3214,1130.8551,1137.2361,1181.7200,1146.7117,1651.9798,0,on,1
1786107522.119534,1,1,,1207.0000,1130.0000,1135.0000,1147.0000,1140.0000,1630.0000,138.177,153.532,152.588,150.171,100.167,36.004,1221,1133,1138,1184,1145,1651,0,24,0,0,0,0,1,1,1,1,1,0,4.9908,4.9908,4.9908,4.9908,2.9084,4.5916,1218.3214,1130.8551,1137.2361,1181.7200,1146.7117,1651.9798,0,on,1
1786107522.155481,1,1,,1199.0000,1131.0000,1141.0000,1194.0000,1140.0000,1689.0000,139.641,153.279,151.455,140.840,99.014,23.351,1221,1133,1138,1184,1145,1651,0,29,0,0,0,0,1,1,1,1,1,0,4.9908,4.9908,4.9908,4.9908,2.9084,4.5916,1218.3214,1130.8551,1137.2361,1181.7200,1146.7117,1651.9798,0,on,1
1786107522.187268,1,1,,1231.0000,1150.0000,1149.0000,1189.0000,1140.0000,1643.0000,133.329,149.464,149.690,141.656,100.134,33.223,1221,1133,1138,1184,1145,1651,0,24,0,0,0,0,1,1,1,1,1,0,4.9908,4.9908,4.9908,4.9908,2.9084,4.5916,1218.3214,1130.8551,1137.2361,1181.7200,1146.7117,1651.9798,0,on,1
1786107522.219546,1,1,,1216.0000,1147.0000,1146.0000,1218.0000,1140.0000,1642.0000,136.318,150.081,150.345,135.863,96.358,33.531,1221,1132,1138,1184,1145,1651,0,24,0,0,0,0,1,1,1,1,1,0,4.9908,4.9908,4.9908,4.9908,2.9084,4.5916,1218.3214,1130.8551,1137.2361,1181.7200,1146.7117,1651.9798,0,on,1
1786107522.255552,1,1,,1248.0000,1163.0000,1162.0000,1226.0000,1140.0000,1631.0000,129.942,147.038,147.209,134.241,97.214,35.801,1221,1132,1138,1184,1145,1651,0,24,0,0,0,0,1,1,1,1,1,0,4.9908,4.9908,4.9908,4.9908,2.9084,4.5916,1218.3214,1130.8551,1137.2361,1181.7200,1146.7117,1651.9798,0,on,1
1786107522.287288,1,1,,1215.0000,1140.0000,1151.0000,1195.0000,1140.0000,1668.0000,136.550,151.637,149.285,140.495,95.159,27.846,1221,1132,1138,1184,1145,1651,0,25,0,0,0,0,1,1,1,1,1,0,4.9908,4.9908,4.9908,4.9908,2.9084,4.5916,1218.3214,1130.8551,1137.2361,1181.7200,1146.7117,1651.9798,0,on,1
1786107522.319330,1,1,,1235.0000,1156.0000,1158.0000,1210.0000,1140.0000,1635.0000,132.548,148.402,147.994,137.501,95.394,35.050,1221,1132,1138,1184,1145,1651,0,0,0,0,0,0,1,1,1,1,1,0,4.9908,4.9908,4.9908,4.9908,2.9084,4.5916,1218.3214,1139.0045,1137.2361,1189.3476,1146.7117,1651.9798,1,on,1
1786107522.355534,1,1,,1213.0000,1145.0000,1145.0000,1195.0000,1140.0000,1670.0000,136.907,150.640,150.651,140.563,94.946,27.314,1221,1132,1138,1184,1145,1651,0,0,0,0,0,0,1,0,1,0,1,0,4.9908,4.9908,4.9908,4.9908,2.9084,4.5916,1218.3214,1139.0045,1137.2361,1189.3476,1146.7117,1651.9798,0,on,1
1786107522.387514,1,1,,1232.0000,1151.0000,1151.0000,1193.0000,1140.0000,1648.0000,133.209,149.449,149.309,140.879,99.302,32.176,1221,1132,1138,1184,1145,1651,0,29,0,31,0,0,1,0,1,0,1,0,4.9908,4.9908,4.9908,4.9908,2.9084,4.5916,1218.3214,1139.0045,1137.2361,1189.3476,1146.7117,1651.9798,0,on,1
1786107522.419543,1,1,,1213.0000,1137.0000,1143.0000,1191.0000,1140.0000,1654.0000,136.989,152.063,150.923,141.372,94.911,30.976,1221,1133,1138,1190,1145,1651,0,23,0,0,0,0,1,0,1,0,1,0,4.9908,4.9908,4.9908,4.9908,2.9084,4.5916,1218.3214,1139.0045,1137.2361,1189.3476,1146.7117,1651.9798,0,on,1
1786107522.455511,1,1,,1242.0000,1163.0000,1162.0000,1229.0000,1140.0000,1617.0000,131.223,146.895,147.132,133.726,96.209,38.882,1221,1140,1138,1192,1145,1651,0,0,0,0,0,0,1,1,1,1,1,0,4.9908,4.9908,4.9908,4.9908,2.9084,4.5916,1218.3214,1139.0045,1137.2361,1189.3476,1146.7117,1651.9798,0,on,1
1786107522.487568,1,1,,1226.0000,1156.0000,1152.0000,1219.0000,1140.0000,1637.0000,134.258,148.409,149.121,135.815,93.162,34.604,1221,1140,1138,1192,1145,1651,0,0,0,0,0,0,1,1,1,1,1,0,4.9908,4.9908,4.9908,4.9908,2.9084,4.5916,1218.3214,1139.0045,1137.2361,1189.3476,1142.3173,1651.9798,1,on,1
1786107522.519531,1,1,,1221.0000,1155.0000,1158.0000,1211.0000,1140.0000,1676.0000,135.287,148.524,147.983,137.316,97.110,26.012,1221,1140,1138,1192,1145,1651,0,0,0,0,0,0,1,1,1,1,1,0,4.9908,4.9908,4.9908,4.9908,2.9084,4.5916,1218.3214,1139.0045,1137.2361,1189.3476,1142.3173,1651.9798,0,on,1
1786107522.555399,1,1,,1211.0000,1140.0000,1144.0000,1210.0000,1140.0000,1663.0000,137.308,151.609,150.826,137.507,94.542,28.908,1221,1140,1138,1192,1145,1651,0,0,0,0,0,0,1,1,1,1,1,0,4.9908,4.9908,4.9908,4.9908,2.9084,4.5916,1218.3214,1139.0045,1137.2361,1189.3476,1142.3173,1651.9798,0,on,1
1786107522.587518,1,1,,1228.0000,1152.0000,1159.0000,1213.0000,1140.0000,1638.0000,133.859,149.129,147.716,136.884,96.407,34.438,1221,1140,1138,1192,1145,1651,0,0,0,0,0,0,1,1,1,1,1,0,4.9908,4.9908,4.9908,4.9908,2.9084,4.5916,1218.3214,1139.0045,1145.2179,1197.6296,1142.3173,1651.9798,1,on,1
1786107522.619440,1,1,,1238.0000,1168.0000,1165.0000,1251.0000,1140.0000,1654.0000,131.866,145.908,146.538,129.333,97.484,30.936,1221,1140,1138,1192,1145,1651,0,0,16,0,0,0,1,1,0,0,1,0,4.9908,4.9908,4.9908,4.9908,2.9084,4.5916,1218.3214,1139.0045,1145.2179,1197.6296,1142.3173,1651.9798,0,on,1
1786107522.655381,1,1,,1230.0000,1159.0000,1161.0000,1267.0000,1140.0000,1682.0000,133.607,147.734,147.402,126.144,98.649,24.827,1221,1140,1142,1196,1145,1651,0,0,12,0,0,0,1,1,0,0,1,0,4.9908,4.9908,4.9908,4.9908,2.9084,4.5916,1218.3214,1139.0045,1145.2179,1212.2302,1142.3173,1651.9798,1,on,1
1786107522.687621,1,1,,1246.0000,1179.0000,1170.0000,1295.0000,1140.0000,1662.0000,130.363,143.726,145.515,120.539,104.437,29.053,1221,1147,1147,1223,1145,1652,0,0,0,0,0,0,1,1,1,0,1,1,4.9908,4.9908,4.9908,4.9908,2.9084,4.5916,1218.3214,1147.4953,1145.2179,1226.2524,1142.3173,1651.9798,1,on,1
1786107522.819996,1,1,,1246.0000,1177.0000,1174.0000,1309.0000,1140.0000,1647.0000,130.420,144.164,144.814,117.723,100.525,32.488,1221,1149,1147,1223,1145,1651,0,0,0,0,0,0,1,1,1,0,1,0,4.9908,4.9908,4.9908,4.9908,2.9084,4.5916,1218.3214,1147.4953,1145.2179,1246.8850,1142.3173,1651.9798,1,on,1
1786107522.830182,1,1,,1251.0000,1179.0000,1173.0000,1285.0000,1140.0000,1659.0000,129.262,143.784,144.946,122.419,99.722,29.732,1221,1149,1147,1223,1145,1651,0,0,0,0,0,0,1,1,1,0,1,0,4.9908,4.9908,4.9908,4.9908,2.9084,4.5916,1218.3214,1147.4953,1145.2179,1246.8850,1142.3173,1651.9798,0,on,1
1786107522.846102,1,1,,1244.0000,1178.0000,1175.0000,1282.0000,1140.0000,1652.0000,130.769,143.978,144.601,123.131,99.777,31.360,1221,1149,1147,1223,1145,1651,0,0,0,0,0,0,1,1,1,0,1,0,4.9908,4.9908,4.9908,4.9908,2.9084,4.5916,1226.6431,1147.4953,1152.9119,1246.8850,1142.3173,1651.9798,1,on,1
1786107522.858118,1,1,,1258.0000,1193.0000,1190.0000,1368.0000,1140.0000,1641.0000,127.952,140.861,141.636,105.831,94.763,33.666,1221,1149,1147,1223,1145,1652,0,0,0,21,0,0,0,1,0,0,1,1,4.9908,4.9908,4.9908,4.9908,2.9084,4.5916,1226.6431,1155.9984,1152.9119,1267.0419,1142.3173,1651.9798,1,on,1
1786107522.870124,1,1,,1262.0000,1196.0000,1178.0000,1336.0000,1140.0000,1649.0000,127.058,140.343,143.940,112.279,95.725,32.015,1221,1149,1147,1224,1145,1651,0,0,0,47,0,0,0,1,0,0,1,0,4.9908,4.9908,4.9908,4.9908,2.9084,4.5916,1226.6431,1155.9984,1152.9119,1276.7019,1142.3173,1651.9798,1,on,1
1786107522.887782,1,1,,1256.0000,1186.0000,1178.0000,1357.0000,1140.0000,1644.0000,128.318,142.423,143.936,108.094,94.558,32.979,1221,1149,1147,1227,1145,1651,0,0,0,28,0,0,0,0,0,0,1,0,4.9908,4.9908,4.9908,4.9908,2.9084,4.5916,1226.6431,1155.9984,1152.9119,1292.5129,1142.3173,1651.9798,1,on,1
1786107522.919236,1,1,,1254.0000,1187.0000,1172.0000,1345.0000,1140.0000,1655.0000,128.739,142.143,145.134,110.493,96.276,30.712,1221,1150,1147,1244,1145,1651,0,20,0,46,0,0,0,0,0,0,1,0,4.9908,4.9908,4.9908,4.9908,2.9084,4.5916,1234.9878,1164.9829,1152.9119,1305.2698,1142.3173,1651.9798,1,on,1
1786107522.955639,1,1,,1256.0000,1192.0000,1173.0000,1368.0000,1140.0000,1642.0000,128.266,141.197,144.935,105.830,97.944,33.532,1224,1154,1147,1263,1145,1651,43,32,16,49,0,0,0,0,0,0,1,0,4.9908,4.9908,4.9908,4.9908,2.9084,4.5916,1234.9878,1164.9829,1160.6168,1319.5103,1142.3173,1651.9798,1,on,1
1786107522.987592,1,1,,1255.0000,1184.0000,1173.0000,1320.0000,1140.0000,1656.0000,128.536,142.787,144.935,115.451,98.432,30.463,1233,1166,1151,1282,1145,1651,23,12,13,63,0,0,0,1,0,0,1,0,4.9908,4.9908,4.9908,4.9908,2.9084,4.5916,1234.9878,1164.9829,1160.6168,1319.5103,1142.3173,1651.9798,0,on,1
1786107523.019659,1,1,,1256.0000,1186.0000,1179.0000,1360.0000,1140.0000,1648.0000,128.269,142.273,143.719,107.541,98.065,32.110,1235,1166,1154,1294,1145,1651,0,0,18,52,0,0,1,1,0,0,1,0,4.9908,4.9908,4.9908,4.9908,2.9084,4.5916,1234.9878,1164.9829,1160.6168,1319.5103,1142.3173,1651.9798,0,on,1
1786107523.055403,1,1,,1259.0000,1189.0000,1189.0000,1389.0000,1140.0000,1654.0000,127.809,141.726,141.834,101.612,95.845,30.845,1236,1166,1161,1313,1145,1652,0,0,0,0,0,0,1,1,0,0,1,1,4.9908,4.9908,4.9908,4.9908,2.9084,4.5916,1234.9878,1164.9829,1160.6168,1334.7041,1142.3173,1651.9798,1,on,1
1786107523.087469,1,1,,1268.0000,1191.0000,1181.0000,1359.0000,1140.0000,1651.0000,125.961,141.293,143.256,107.625,94.686,31.526,1236,1166,1162,1316,1145,1651,0,0,0,0,0,0,1,1,1,0,1,0,4.9908,4.9908,4.9908,4.9908,2.9084,4.5916,1243.1959,1173.3437,1160.6168,1334.7041,1142.3173,1651.9798,1,on,1
1786107523.119668,1,1,,1263.0000,1188.0000,1189.0000,1225.0000,1140.0000,1668.0000,126.966,142.020,141.837,134.513,93.690,27.791,1236,1166,1162,1316,1145,1651,8,0,0,29,0,0,0,0,1,0,1,0,4.9908,4.9908,4.9908,4.9908,2.9084,4.5916,1243.1959,1173.3437,1160.6168,1327.1581,1142.3173,1651.9798,1,on,1
1786107523.155438,1,1,,1267.0000,1230.0000,1235.0000,1273.0000,1154.0000,1724.0000,126.066,133.557,132.491,124.913,88.143,15.594,1239,1169,1162,1321,1145,1651,29,23,0,0,0,0,0,0,1,0,1,0,4.9908,4.9908,4.9908,4.9908,2.9084,4.5916,1243.1959,1173.3437,1176.1053,1327.1581,1142.3173,1661.0571,1,on,1
1786107523.187430,1,1,,1321.0000,1307.0000,1281.0000,1364.0000,1167.0000,1720.0000,115.227,118.025,123.259,106.757,83.481,16.492,1246,1174,1162,1323,1145,1651,0,15,0,0,0,0,1,0,0,0,1,0,4.9908,4.9908,4.9908,4.9908,2.9084,4.5916,1256.1209,1205.2771,1195.4360,1327.1581,1142.3173,1668.7703,1,on,1
1786107523.219450,1,1,,1329.0000,1264.0000,1291.0000,1469.0000,1256.0000,1709.0000,113.730,126.617,121.263,85.653,52.789,18.852,1246,1175,1162,1324,1145,1651,0,19,33,0,0,86,0,0,0,0,1,0,4.9908,4.9908,4.9908,4.9908,2.9084,4.5916,1267.7619,1215.9480,1215.3747,1347.1058,1161.3933,1668.7703,1,on,1
1786107523.255391,1,1,,1615.0000,1601.0000,1602.0000,1675.0000,1270.0000,1775.0000,56.424,59.141,58.907,44.386,48.242,4.473,1246,1179,1170,1324,1145,1658,22,55,55,39,0,32,0,0,0,0,0,0,4.9908,4.9908,4.9908,4.9908,2.9084,4.5916,1402.6464,1375.8794,1379.4552,1472.6944,1185.1647,1693.5087,1,on,1
1786107523.287371,1,0,handedness unsure,1687.0000,1693.0000,1698.0000,1687.0000,1295.0000,1807.0000,42.047,40.805,39.815,42.024,39.544,-2.364,1248,1196,1186,1332,1145,1662,34,33,61,22,20,37,0,0,0,0,0,0,4.9908,4.9908,4.9908,4.9908,2.9084,4.5916,1521.2815,1516.7110,1522.4077,1553.9504,1185.1647,1693.5087,1,on,1
1786107523.319423,1,0,handedness unsure,1672.0000,1724.0000,1749.0000,1710.0000,1289.0000,1777.0000,44.993,34.481,29.618,37.350,41.622,4.129,1261,1213,1206,1344,1145,1672,68,61,74,46,60,45,0,0,0,0,0,0,4.9908,4.9908,4.9908,4.9908,2.9084,4.5916,1578.5679,1604.7650,1621.2712,1610.1110,1185.1647,1693.5087,1,on,1
1786107523.355610,1,0,handedness unsure,1698.0000,1780.0000,1790.0000,1743.0000,1286.0000,1776.0000,39.820,23.253,21.222,30.730,42.495,4.261,1277,1230,1229,1361,1151,1677,87,72,53,44,51,0,0,0,0,0,0,0,4.9908,4.9908,4.9908,4.9908,2.9084,4.5916,1620.7797,1677.1781,1691.6459,1656.5220,1185.1647,1693.5087,1,on,1
1786107523.387441,1,0,handedness unsure,1695.0000,1780.0000,1794.0000,1753.0000,1282.0000,1748.0000,40.351,23.323,20.586,28.655,43.979,10.504,1298,1250,1249,1378,1156,1682,61,65,52,66,44,43,0,0,0,0,0,0,4.9908,4.9908,4.9908,4.9908,2.9084,4.5916,1641.0296,1711.0920,1725.6279,1684.1566,1185.1647,1693.5087,1,on,1
1786107523.419384,1,0,handedness unsure,1677.0000,1796.0000,1780.0000,1740.0000,1288.0000,1745.0000,43.979,20.174,23.296,31.371,41.942,10.962,1312,1264,1262,1394,1158,1684,90,73,60,63,37,19,0,0,0,0,0,0,4.9908,4.9908,4.9908,4.9908,2.9084,4.5916,1648.5345,1735.2306,1739.9380,1697.2422,1185.1647,1693.5087,1,on,1
1786107523.455367,1,0,handedness unsure,1680.0000,1791.0000,1780.0000,1732.0000,1288.0000,1754.0000,43.362,21.115,23.390,32.944,42.023,9.034,1336,1288,1283,1415,1164,1686,61,70,65,62,33,39,0,0,0,0,0,0,4.9908,4.9908,4.9908,4.9908,2.9084,4.5916,1648.5345,1748.8635,1748.6141,1697.2422,1185.1647,1693.5087,1,on,1
1786107523.487401,1,0,handedness unsure,1688.0000,1797.0000,1780.0000,1730.0000,1289.0000,1754.0000,41.772,19.999,23.240,33.433,41.627,9.197,1350,1300,1295,1428,1166,1687,63,57,59,47,36,42,0,0,0,0,0,0,4.9908,4.9908,4.9908,4.9908,2.9084,4.5916,1658.5241,1757.9123,1748.6141,1707.4973,1185.1647,1693.5087,1,on,1
1786107523.519444,1,0,handedness unsure,1684.0000,1794.0000,1776.0000,1719.0000,1292.0000,1763.0000,42.558,20.569,24.124,35.628,40.491,7.095,1366,1316,1311,1444,1169,1690,63,64,54,52,33,22,0,0,0,0,0,0,4.9908,4.9908,4.9908,4.9908,2.9084,4.5916,1658.5241,1757.9123,1756.2437,1707.4973,1185.1647,1693.5087,1,on,1
1786107523.555583,1,0,handedness unsure,1716.0000,1776.0000,1761.0000,1693.0000,1280.0000,1768.0000,36.067,24.160,27.180,40.847,44.563,6.021,1383,1333,1329,1461,1173,1690,63,59,55,61,28,25,0,0,0,0,0,0,4.9908,4.9908,4.9908,4.9908,2.9084,4.5916,1668.9731,1757.9123,1756.2437,1707.4973,1185.1647,1693.5087,1,on,1
1786107523.587632,1,0,handedness unsure,1711.0000,1781.0000,1764.0000,1689.0000,1277.0000,1783.0000,37.055,23.087,26.589,41.538,45.634,2.806,1411,1361,1357,1490,1177,1690,61,55,49,42,36,32,0,0,0,0,0,0,4.9908,4.9908,4.9908,4.9908,2.9084,4.5916,1668.9731,1766.3160,1756.2437,1707.4973,1185.1647,1693.5087,1,on,1
1786107523.620202,1,0,handedness unsure,1702.0000,1794.0000,1762.0000,1696.0000,1281.0000,1782.0000,38.906,20.541,27.031,40.183,44.222,2.924,1416,1366,1362,1496,1179,1690,62,62,56,40,29,35,0,0,0,0,0,0,4.9908,4.9908,4.9908,4.9908,2.9084,4.5916,1677.2799,1766.3160,1756.2437,1707.4973,1185.1647,1693.5087,1,on,1
1786107523.655337,1,0,handedness unsure,1693.0000,1758.0000,1734.0000,1688.0000,1273.0000,1803.0000,40.682,27.709,32.589,41.755,47.162,-1.637,1431,1382,1380,1512,1181,1691,57,63,44,34,0,30,0,0,0,0,0,0,4.9908,4.9908,4.9908,4.9908,2.9084,4.5916,1677.2799,1766.3160,1756.2437,1707.4973,1185.1647,1693.5087,0,on,1
1786107523.687543,1,0,handedness unsure,1682.0000,1719.0000,1712.0000,1685.0000,1267.0000,1789.0000,42.904,35.529,36.921,42.284,49.147,1.516,1442,1392,1388,1522,1181,1692,69,59,64,42,0,30,0,0,0,0,0,0,4.9908,4.9908,4.9908,4.9908,2.9084,4.5916,1677.2799,1766.3160,1756.2437,1707.4973,1185.1647,1693.5087,0,on,1
1786107523.719502,1,0,handedness unsure,1641.0000,1702.0000,1711.0000,1667.0000,1261.0000,1787.0000,51.110,38.884,37.054,45.879,51.062,1.862,1457,1407,1403,1538,1182,1693,65,63,58,55,19,31,0,0,0,0,0,0,4.9908,4.9908,4.9908,4.9908,2.9084,4.5916,1677.2799,1758.1906,1756.2437,1707.4973,1185.1647,1693.5087,1,on,1
1786107523.755285,1,1,,1619.0000,1688.0000,1695.0000,1666.0000,1261.0000,1789.0000,55.638,41.673,40.364,46.094,51.336,1.387,1475,1425,1420,1558,1184,1693,57,70,54,45,13,35,0,0,0,0,0,0,4.9908,4.9908,4.9908,4.9908,2.9084,4.5916,1677.2799,1747.2334,1742.2135,1698.2513,1201.0517,1714.0376,1,on,1
1786107523.787267,1,1,,1608.0000,1677.0000,1695.0000,1660.0000,1263.0000,1775.0000,57.850,43.884,40.360,47.364,50.500,4.521,1490,1441,1437,1575,1184,1693,71,57,51,44,0,36,0,0,0,0,0,0,4.9908,4.9908,4.9908,4.9908,2.9084,4.5916,1663.3079,1735.7992,1742.2135,1698.2513,1212.3273,1725.2560,1,on,1
1786107523.819277,1,1,,1610.0000,1672.0000,1690.0000,1664.0000,1262.0000,1771.0000,57.445,44.986,41.446,46.616,50.735,5.443,1508,1457,1453,1594,1185,1698,63,76,54,45,24,87,0,0,0,0,0,0,4.9908,4.9908,4.9908,4.9908,2.9084,4.5916,1663.3079,1725.0909,1730.2289,1698.2513,1220.5188,1732.6767,1,on,1
1786107523.855593,1,1,,1601.0000,1679.0000,1692.0000,1675.0000,1257.0000,1776.0000,59.258,43.623,40.902,44.354,52.498,4.379,1524,1474,1469,1609,1187,1710,72,64,56,63,43,64,0,0,0,0,0,0,4.9908,4.9908,4.9908,4.9908,2.9084,4.5916,1647.3430,1717.5964,1730.2289,1689.9168,1226.0118,1732.6767,1,on,1
1786107523.887535,1,1,,1599.0000,1679.0000,1692.0000,1681.0000,1259.0000,1777.0000,59.654,43.487,40.981,43.133,51.977,4.196,1542,1491,1486,1629,1191,1718,65,66,55,44,46,46,0,0,0,0,0,0,4.9908,4.9908,4.9908,4.9908,2.9084,4.5916,1647.3430,1717.5964,1721.5170,1689.9168,1226.0118,1744.2714,1,on,1
1786107523.919283,1,1,,1594.0000,1676.0000,1692.0000,1677.0000,1259.0000,1767.0000,60.626,44.238,40.924,44.001,51.885,6.231,1553,1502,1497,1643,1194,1720,72,63,54,49,36,98,0,0,0,0,0,0,4.9908,4.9908,4.9908,4.9908,2.9084,4.5916,1634.2193,1707.9913,1721.5170,1689.9168,1233.1130,1744.2714,1,on,1
1786107523.955286,1,1,,1604.0000,1675.0000,1690.0000,1670.0000,1258.0000,1767.0000,58.663,44.336,41.422,45.420,52.232,6.214,1570,1519,1513,1661,1197,1736,73,64,55,54,30,31,0,0,0,0,0,0,4.9908,4.9908,4.9908,4.9908,2.9084,4.5916,1634.2193,1707.9913,1721.5170,1689.9168,1233.1130,1744.2714,0,on,1
1786107523.987298,1,1,,1618.0000,1674.0000,1685.0000,1659.0000,1259.0000,1781.0000,55.741,44.483,42.369,47.632,51.826,3.158,1588,1535,1529,1679,1201,1737,70,60,55,0,37,39,0,0,0,0,0,0,4.9908,4.9908,4.9908,4.9908,2.9084,4.5916,1634.2193,1707.9913,1712.6343,1689.9168,1237.6621,1751.6044,1,on,1
1786107524.019226,1,1,,1613.0000,1674.0000,1686.0000,1662.0000,1261.0000,1778.0000,56.800,44.466,42.100,46.981,51.247,3.940,1606,1553,1547,1681,1205,1742,74,55,61,0,34,41,0,0,0,0,0,0,4.9908,4.9908,4.9908,4.9908,2.9084,4.5916,1634.2193,1698.3451,1712.6343,1689.9168,1237.6621,1751.6044,1,on,1
1786107524.055321,1,1,,1615.0000,1677.0000,1687.0000,1658.0000,1266.0000,1784.0000,56.436,43.992,41.939,47.741,49.659,2.607,1622,1571,1565,1686,1207,1746,0,57,57,10,43,40,0,0,0,0,0,0,4.9908,4.9908,4.9908,4.9908,2.9084,4.5916,1634.2193,1698.3451,1712.6343,1681.5890,1237.6621,1751.6044,1,on,1
1786107524.087550,1,1,,1616.0000,1679.0000,1693.0000,1657.0000,1261.0000,1782.0000,56.138,43.463,40.669,47.909,51.369,2.948,1624,1590,1583,1690,1212,1748,32,50,58,0,27,40,0,0,0,1,0,0,4.9908,4.9908,4.9908,4.9908,2.9084,4.5916,1626.6632,1698.3451,1712.6343,1681.5890,1243.3214,1759.0322,1,on,1
1786107524.119294,1,1,,1635.0000,1687.0000,1701.0000,1656.0000,1263.0000,1791.0000,52.386,42.044,39.229,48.104,50.427,0.934,1628,1599,1596,1690,1214,1749,0,73,71,16,37,40,1,0,0,1,0,0,4.9908,4.9908,4.9908,4.9908,2.9084,4.5916,1626.6632,1698.3451,1712.6343,1681.5890,1243.3214,1759.0322,0,on,1
1786107524.155823,1,1,,1627.0000,1696.0000,1704.0000,1659.0000,1268.0000,1777.0000,54.050,40.210,38.541,47.519,48.938,4.138,1628,1624,1618,1684,1219,1755,0,69,60,13,23,38,1,0,0,1,0,0,4.9908,4.9908,4.9908,4.9908,2.9084,4.5916,1626.6632,1698.3451,1712.6343,1681.5890,1243.3214,1759.0322,0,on,1
1786107524.187452,1,1,,1638.0000,1707.0000,1707.0000,1653.0000,1268.0000,1785.0000,51.853,37.890,37.967,48.747,48.853,2.239,1628,1636,1632,1683,1220,1756,0,69,61,0,32,37,1,0,0,1,0,0,4.9908,4.9908,4.9908,4.9908,2.9084,4.5916,1626.6632,1698.3451,1712.6343,1681.5890,1248.0505,1759.0322,1,on,1
1786107524.219487,1,1,,1650.0000,1698.0000,1707.0000,1644.0000,1270.0000,1799.0000,49.290,39.851,37.917,50.516,48.268,-0.787,1628,1654,1650,1683,1223,1758,14,78,65,0,28,27,1,0,0,1,0,0,4.9908,4.9908,4.9908,4.9908,2.9084,4.5916,1626.6632,1698.3451,1712.6343,1672.1498,1248.0505,1767.7271,1,on,1
1786107524.255633,1,1,,1652.0000,1695.0000,1703.0000,1650.0000,1269.0000,1787.0000,48.910,40.390,38.771,49.417,48.555,1.843,1628,1675,1672,1683,1225,1758,15,63,41,0,38,25,1,0,0,1,0,0,4.9908,4.9908,4.9908,4.9908,2.9084,4.5916,1626.6632,1698.3451,1712.6343,1672.1498,1248.0505,1767.7271,0,on,1
1786107524.287424,1,1,,1656.0000,1684.0000,1695.0000,1644.0000,1260.0000,1790.0000,48.136,42.567,40.329,50.648,51.443,1.252,1628,1689,1690,1677,1230,1760,22,0,55,18,28,43,1,0,0,1,0,0,4.9908,4.9908,4.9908,4.9908,2.9084,4.5916,1626.6632,1698.3451,1712.6343,1672.1498,1248.0505,1767.7271,0,on,1
1786107524.319637,1,1,,1647.0000,1689.0000,1698.0000,1660.0000,1264.0000,1785.0000,50.062,41.483,39.788,47.406,50.034,2.277,1626,1690,1702,1673,1233,1764,20,29,22,0,27,33,1,0,0,1,0,0,4.9908,4.9908,4.9908,4.9908,2.9084,4.5916,1626.6632,1698.3451,1712.6343,1672.1498,1248.0505,1767.7271,0,on,1
1786107524.355394,1,1,,1654.0000,1692.0000,1694.0000,1666.0000,1262.0000,1781.0000,48.576,40.872,40.647,46.203,50.810,3.227,1626,1695,1707,1673,1235,1765,0,18,18,0,41,33,1,0,0,1,0,0,4.9908,4.9908,4.9908,4.9908,2.9084,4.5916,1626.6632,1698.3451,1712.6343,1672.1498,1252.6571,1767.7271,1,on,1
1786107524.387641,1,1,,1650.0000,1679.0000,1687.0000,1658.0000,1265.0000,1793.0000,49.295,43.555,41.973,47.802,49.944,0.704,1626,1697,1712,1673,1240,1765,0,0,11,0,27,34,0,0,1,1,0,0,4.9908,4.9908,4.9908,4.9908,2.9084,4.5916,1635.0582,1698.3451,1704.5771,1672.1498,1252.6571,1767.7271,1,on,1
1786107524.420427,1,1,,1652.0000,1677.0000,1688.0000,1653.0000,1268.0000,1793.0000,48.979,43.918,41.693,48.851,48.686,0.622,1626,1697,1712,1673,1241,1765,0,0,0,0,30,38,0,0,1,1,0,0,4.9908,4.9908,4.9908,4.9908,2.9084,4.5916,1635.0582,1698.3451,1704.5771,1672.1498,1252.6571,1774.7074,1,on,1
1786107524.455622,1,1,,1662.0000,1680.0000,1688.0000,1657.0000,1268.0000,1802.0000,47.063,43.398,41.857,47.884,48.739,-1.460,1626,1697,1712,1673,1244,1765,33,0,19,0,36,39,0,0,1,1,0,0,4.9908,4.9908,4.9908,4.9908,2.9084,4.5916,1635.0582,1698.3451,1704.5771,1672.1498,1252.6571,1774.7074,0,on,1
1786107524.487467,1,1,,1661.0000,1671.0000,1685.0000,1647.0000,1267.0000,1802.0000,47.172,45.068,42.444,49.876,49.245,-1.439,1629,1697,1710,1673,1247,1770,13,0,28,0,37,37,0,0,1,1,0,0,4.9908,4.9908,4.9908,4.9908,2.9084,4.5916,1635.0582,1698.3451,1704.5771,1672.1498,1252.6571,1774.7074,0,on,1
1786107524.519409,1,1,,1657.0000,1671.0000,1684.0000,1654.0000,1271.0000,1804.0000,48.039,45.183,42.554,48.670,47.772,-1.767,1630,1698,1708,1673,1249,1772,17,0,0,0,18,32,0,0,1,1,0,0,4.9908,4.9908,4.9908,4.9908,2.9084,4.5916,1635.0582,1689.9637,1704.5771,1664.6443,1252.6571,1774.7074,1,on,1
1786107524.555385,1,1,,1660.0000,1667.0000,1681.0000,1657.0000,1270.0000,1808.0000,47.342,46.043,43.185,47.958,47.972,-2.629,1630,1698,1708,1673,1250,1772,10,0,0,0,0,32,0,1,1,1,0,0,4.9908,4.9908,4.9908,4.9908,2.9084,4.5916,1635.0582,1689.9637,1704.5771,1664.6443,1252.6571,1783.1132,1,on,1
1786107524.589973,1,1,,1664.0000,1666.0000,1679.0000,1644.0000,1269.0000,1797.0000,46.551,46.207,43.587,50.630,48.542,-0.313,1630,1697,1708,1671,1250,1772,23,19,0,21,0,36,0,1,1,1,0,0,4.9908,4.9908,4.9908,4.9908,2.9084,4.5916,1643.7275,1689.9637,1704.5771,1664.6443,1257.4486,1783.1132,1,on,1
1786107524.619637,1,1,,1667.0000,1659.0000,1665.0000,1636.0000,1269.0000,1805.0000,46.013,47.564,46.414,52.130,48.440,-2.062,1632,1697,1708,1669,1250,1773,18,29,0,21,0,65,0,1,1,1,0,0,4.9908,4.9908,4.9908,4.9908,2.9084,4.5916,1643.7275,1689.9637,1695.4916,1664.6443,1257.4486,1783.1132,1,on,1
1786107524.655385,1,1,,1666.0000,1671.0000,1671.0000,1669.0000,1269.0000,1808.0000,46.097,45.204,45.216,45.647,48.552,-2.594,1635,1692,1708,1666,1250,1780,24,26,0,0,0,46,0,1,1,1,0,0,4.9908,4.9908,4.9908,4.9908,2.9084,4.5916,1643.7275,1689.9637,1695.4916,1664.6443,1257.4486,1783.1132,0,on,1
1786107524.687436,1,1,,1652.0000,1672.0000,1670.0000,1677.0000,1261.0000,1804.0000,48.907,45.000,45.457,44.056,51.167,-1.758,1640,1690,1703,1666,1252,1784,16,0,30,0,12,0,0,1,1,1,0,1,4.9908,4.9908,4.9908,4.9908,2.9084,4.5916,1643.7275,1689.9637,1695.4916,1664.6443,1257.4486,1783.1132,0,on,1
1786107524.719302,1,1,,1634.0000,1667.0000,1668.0000,1680.0000,1262.0000,1795.0000,52.538,46.028,45.858,43.421,50.739,0.066,1641,1690,1698,1666,1252,1784,0,0,17,0,9,0,0,1,1,1,0,1,4.9908,4.9908,4.9908,4.9908,2.9084,4.5916,1643.7275,1682.1200,1695.4916,1664.6443,1257.4486,1783.1132,1,on,1
1786107524.755500,1,1,,1635.0000,1683.0000,1674.0000,1682.0000,1261.0000,1797.0000,52.325,42.860,44.474,42.972,51.284,-0.335,1641,1690,1696,1666,1253,1784,0,0,0,0,0,0,0,1,1,1,0,1,4.9908,4.9908,4.9908,4.9908,2.9084,4.5916,1643.7275,1682.1200,1695.4916,1664.6443,1257.4486,1783.1132,0,on,1
1786107524.787421,1,1,,1636.0000,1685.0000,1675.0000,1680.0000,1262.0000,1791.0000,52.197,42.290,44.338,43.362,51.020,1.113,1641,1690,1696,1666,1253,1784,0,0,0,0,0,0,0,1,1,1,0,1,4.9908,4.9908,4.9908,4.9908,2.9084,4.5916,1643.7275,1682.1200,1687.7867,1664.6443,1257.4486,1783.1132,1,on,1
1786107524.819294,1,1,,1635.0000,1685.0000,1677.0000,1678.0000,1261.0000,1793.0000,52.346,42.354,44.007,43.862,51.307,0.640,1641,1690,1696,1666,1253,1784,0,0,0,10,0,0,0,1,1,1,0,1,4.9908,4.9908,4.9908,4.9908,2.9084,4.5916,1643.7275,1682.1200,1687.7867,1664.6443,1257.4486,1783.1132,0,on,1
1786107524.855474,1,1,,1635.0000,1680.0000,1671.0000,1676.0000,1256.0000,1794.0000,52.307,43.310,45.265,44.143,52.899,0.450,1641,1689,1696,1666,1253,1784,0,22,0,0,0,0,0,1,1,1,0,1,4.9908,4.9908,4.9908,4.9908,2.9084,4.5916,1643.7275,1682.1200,1687.7867,1664.6443,1257.4486,1783.1132,0,on,1
1786107524.887529,1,1,,1632.0000,1685.0000,1678.0000,1694.0000,1261.0000,1790.0000,52.976,42.424,43.699,40.581,51.319,1.345,1641,1686,1694,1666,1253,1784,8,17,20,8,0,0,0,1,1,1,0,1,4.9908,4.9908,4.9908,4.9908,2.9084,4.5916,1643.7275,1682.1200,1687.7867,1664.6443,1257.4486,1783.1132,0,on,1
1786107524.919282,1,1,,1641.0000,1687.0000,1676.0000,1679.0000,1265.0000,1786.0000,51.215,41.924,44.230,43.471,49.886,2.088,1641,1686,1692,1666,1253,1784,9,0,17,9,0,0,0,1,1,1,0,1,4.9908,4.9908,4.9908,4.9908,2.9084,4.5916,1643.7275,1682.1200,1687.7867,1664.6443,1257.4486,1783.1132,0,on,1
1786107524.955652,1,1,,1641.0000,1690.0000,1675.0000,1683.0000,1264.0000,1784.0000,51.100,41.391,44.389,42.801,50.023,2.532,1641,1685,1690,1664,1253,1784,23,0,0,0,0,0,0,1,1,1,0,1,4.9908,4.9908,4.9908,4.9908,2.9084,4.5916,1643.7275,1682.1200,1687.7867,1664.6443,1257.4486,1783.1132,0,on,1
1786107524.987247,1,1,,1651.0000,1685.0000,1669.0000,1674.0000,1261.0000,1785.0000,49.109,42.279,45.545,44.478,51.387,2.336,1642,1685,1690,1664,1253,1784,0,0,0,0,0,0,1,1,1,1,0,1,4.9908,4.9908,4.9908,4.9908,2.9084,4.5916,1643.7275,1682.1200,1687.7867,1664.6443,1257.4486,1783.1132,0,on,1
1786107525.019566,1,1,,1649.0000,1679.0000,1667.0000,1676.0000,1260.0000,1781.0000,49.631,43.564,46.005,44.260,51.694,3.147,1643,1685,1690,1664,1253,1784,0,0,0,0,0,0,1,1,1,1,0,1,4.9908,4.9908,4.9908,4.9908,2.9084,4.5916,1643.7275,1682.1200,1687.7867,1664.6443,1257.4486,1783.1132,0,on,1
1786107525.055301,1,1,,1647.0000,1679.0000,1673.0000,1672.0000,1266.0000,1780.0000,49.908,43.500,44.711,44.987,49.520,3.337,1643,1685,1690,1664,1253,1784,0,0,0,0,0,0,1,1,1,1,0,1,4.9908,4.9908,4.9908,4.9908,2.9084,4.5916,1643.7275,1682.1200,1687.7867,1664.6443,1257.4486,1783.1132,0,on,1
1786107525.087247,1,1,,1640.0000,1682.0000,1671.0000,1682.0000,1266.0000,1775.0000,51.293,42.963,45.102,42.987,49.339,4.579,1643,1685,1690,1664,1253,1784,0,0,0,0,0,0,1,1,1,1,0,1,4.9908,4.9908,4.9908,4.9908,2.9084,4.5916,1643.7275,1682.1200,1687.7867,1664.6443,1257.4486,1783.1132,0,on,1
1786107525.119525,1,1,,1653.0000,1673.0000,1669.0000,1677.0000,1267.0000,1794.0000,48.701,44.704,45.570,44.055,49.085,0.399,1643,1685,1690,1664,1253,1784,0,0,0,0,8,0,1,1,1,1,0,1,4.9908,4.9908,4.9908,4.9908,2.9084,4.5916,1643.7275,1682.1200,1687.7867,1664.6443,1257.4486,1783.1132,0,on,1
1786107525.155667,1,1,,1650.0000,1676.0000,1671.0000,1672.0000,1265.0000,1790.0000,49.462,44.067,45.250,45.026,49.924,1.216,1643,1685,1690,1664,1253,1784,0,0,0,0,0,0,1,1,1,1,0,1,4.9908,4.9908,4.9908,4.9908,2.9084,4.5916,1643.7275,1682.1200,1687.7867,1664.6443,1257.4486,1783.1132,0,on,1
1786107525.187631,1,1,,1639.0000,1676.0000,1669.0000,1683.0000,1260.0000,1782.0000,51.512,44.214,45.561,42.742,51.484,2.926,1643,1685,1690,1664,1253,1784,0,0,0,0,0,0,1,1,1,1,0,1,4.9908,4.9908,4.9908,4.9908,2.9084,4.5916,1643.7275,1682.1200,1687.7867,1664.6443,1257.4486,1783.1132,0,on,1
1786107525.219493,1,1,,1648.0000,1662.0000,1660.0000,1685.0000,1258.0000,1791.0000,49.691,46.936,47.461,42.427,52.305,1.094,1643,1685,1690,1664,1253,1784,0,0,0,0,24,0,1,1,1,1,0,1,4.9908,4.9908,4.9908,4.9908,2.9084,4.5916,1643.7275,1682.1200,1679.4527,1664.6443,1257.4486,1783.1132,1,on,1
1786107525.255387,1,1,,1643.0000,1663.0000,1663.0000,1682.0000,1259.0000,1791.0000,50.679,46.719,46.867,42.977,51.881,1.134,1643,1685,1690,1664,1255,1784,0,0,0,0,19,0,1,1,1,1,0,1,4.9908,4.9908,4.9908,4.9908,2.9084,4.5916,1643.7275,1682.1200,1679.4527,1664.6443,1257.4486,1783.1132,0,on,1
1786107525.287429,1,1,,1641.0000,1663.0000,1662.0000,1684.0000,1258.0000,1781.0000,51.194,46.780,46.873,42.529,52.375,3.170,1643,1685,1687,1664,1256,1784,0,0,26,0,17,0,1,1,1,1,0,1,4.9908,4.9908,4.9908,4.9908,2.9084,4.5916,1643.7275,1682.1200,1679.4527,1672.4186,1257.4486,1783.1132,1,on,1
1786107525.319643,1,1,,1652.0000,1668.0000,1665.0000,1687.0000,1260.0000,1781.0000,49.059,45.844,46.313,41.922,51.426,3.212,1643,1685,1682,1664,1256,1784,0,0,22,0,0,0,1,1,1,0,0,1,4.9908,4.9908,4.9908,4.9908,2.9084,4.5916,1643.7275,1682.1200,1679.4527,1672.4186,1257.4486,1783.1132,0,on,1
1786107525.355390,1,1,,1644.0000,1666.0000,1661.0000,1685.0000,1258.0000,1780.0000,50.494,46.237,47.115,42.449,52.226,3.442,1643,1685,1681,1664,1256,1784,0,0,12,25,0,0,1,1,1,0,0,1,4.9908,4.9908,4.9908,4.9908,2.9084,4.5916,1643.7275,1682.1200,1679.4527,1672.4186,1257.4486,1783.1132,0,on,1
1786107525.387647,1,1,,1640.0000,1668.0000,1660.0000,1682.0000,1258.0000,1784.0000,51.306,45.729,47.380,43.030,52.349,2.658,1643,1685,1680,1670,1256,1784,0,0,0,8,0,0,1,1,1,0,0,1,4.9908,4.9908,4.9908,4.9908,2.9084,4.5916,1643.7275,1682.1200,1679.4527,1672.4186,1257.4486,1783.1132,0,on,1
1786107525.419641,1,1,,1638.0000,1666.0000,1661.0000,1667.0000,1255.0000,1777.0000,51.742,46.220,47.098,45.964,53.369,4.078,1643,1685,1680,1670,1256,1784,0,0,0,0,0,0,1,1,1,0,0,1,4.9908,4.9908,4.9908,4.9908,2.9084,4.5916,1643.7275,1682.1200,1679.4527,1672.4186,1257.4486,1783.1132,0,on,1
1786107525.455446,1,1,,1639.0000,1669.0000,1663.0000,1669.0000,1252.0000,1782.0000,51.644,45.595,46.697,45.638,54.431,3.050,1643,1685,1681,1670,1256,1784,0,0,0,0,0,0,1,1,1,0,0,1,4.9908,4.9908,4.9908,4.9908,2.9084,4.5916,1643.7275,1682.1200,1679.4527,1672.4186,1257.4486,1783.1132,0,on,1
1786107525.487393,1,1,,1650.0000,1665.0000,1660.0000,1663.0000,1257.0000,1787.0000,49.414,46.424,47.273,46.740,52.525,1.912,1643,1685,1680,1670,1256,1784,0,0,0,0,0,0,1,1,1,0,0,1,4.9908,4.9908,4.9908,4.9908,2.9084,4.5916,1643.7275,1682.1200,1679.4527,1672.4186,1257.4486,1783.1132,0,on,1
1786107525.519632,1,1,,1655.0000,1669.0000,1660.0000,1664.0000,1265.0000,1790.0000,48.380,45.500,47.336,46.651,49.958,1.333,1643,1685,1680,1670,1256,1784,0,0,0,0,0,0,1,1,1,0,0,1,4.9908,4.9908,4.9908,4.9908,2.9084,4.5916,1643.7275,1682.1200,1679.4527,1672.4186,1257.4486,1783.1132,0,on,1
1786107525.555225,1,1,,1666.0000,1668.0000,1658.0000,1666.0000,1265.0000,1790.0000,46.200,45.702,47.703,46.205,49.931,1.319,1643,1685,1681,1671,1256,1784,0,0,0,14,0,0,1,1,1,0,0,1,4.9908,4.9908,4.9908,4.9908,2.9084,4.5916,1643.7275,1682.1200,1671.6726,1672.4186,1257.4486,1783.1132,1,on,1
1786107525.587386,1,1,,1670.0000,1669.0000,1657.0000,1675.0000,1268.0000,1781.0000,45.271,45.530,48.048,44.291,48.950,3.308,1643,1685,1680,1672,1256,1784,0,0,0,0,0,0,1,1,1,1,0,1,4.9908,4.9908,4.9908,4.9908,2.9084,4.5916,1643.7275,1682.1200,1671.6726,1672.4186,1257.4486,1783.1132,0,on,1
1786107525.619347,1,1,,1668.0000,1663.0000,1654.0000,1670.0000,1264.0000,1793.0000,45.817,46.729,48.648,45.371,50.024,0.690,1643,1685,1680,1672,1256,1784,0,0,0,0,0,0,1,1,1,1,0,1,4.9908,4.9908,4.9908,4.9908,2.9084,4.5916,1643.7275,1682.1200,1671.6726,1672.4186,1257.4486,1783.1132,0,on,1
1786107525.655707,1,1,,1660.0000,1655.0000,1655.0000,1673.0000,1264.0000,1792.0000,47.359,48.297,48.418,44.669,50.022,0.732,1643,1685,1676,1672,1256,1784,0,0,19,0,0,0,1,1,1,1,0,1,4.9908,4.9908,4.9908,4.9908,2.9084,4.5916,1643.7275,1673.7648,1671.6726,1672.4186,1257.4486,1783.1132,1,on,1
1786107525.687473,1,1,,1657.0000,1653.0000,1652.0000,1674.0000,1264.0000,1796.0000,48.045,48.800,48.968,44.604,50.306,0.052,1643,1685,1674,1672,1256,1784,0,0,18,0,0,0,1,1,1,1,0,1,4.9908,4.9908,4.9908,4.9908,2.9084,4.5916,1643.7275,1673.7648,1671.6726,1672.4186,1257.4486,1783.1132,0,on,1
1786107525.719410,1,1,,1658.0000,1653.0000,1651.0000,1679.0000,1262.0000,1803.0000,47.743,48.738,49.082,43.601,50.809,-1.495,1643,1682,1673,1673,1256,1784,0,52,20,0,0,0,1,1,1,1,0,1,4.9908,4.9908,4.9908,4.9908,2.9084,4.5916,1643.7275,1673.7648,1671.6726,1672.4186,1257.4486,1783.1132,0,on,1
1786107525.755628,1,1,,1667.0000,1650.0000,1647.0000,1680.0000,1260.0000,1804.0000,46.056,49.346,50.064,43.390,51.561,-1.855,1643,1673,1672,1673,1256,1784,0,15,0,0,0,0,1,1,1,1,0,1,4.9908,4.9908,4.9908,4.9908,2.9084,4.5916,1643.7275,1673.7648,1671.6726,1672.4186,1257.4486,1783.1132,0,on,1
1786107525.787623,1,1,,1665.0000,1656.0000,1648.0000,1685.0000,1259.0000,1797.0000,46.328,48.119,49.812,42.451,51.851,-0.368,1643,1673,1672,1673,1256,1784,0,0,0,0,0,0,0,1,1,1,0,1,4.9908,4.9908,4.9908,4.9908,2.9084,4.5916,1651.6064,1673.7648,1671.6726,1672.4186,1257.4486,1783.1132,1,on,1
1786107525.820522,1,1,,1665.0000,1653.0000,1646.0000,1682.0000,1260.0000,1808.0000,46.409,48.760,50.113,42.872,51.549,-2.609,1643,1673,1672,1673,1256,1784,0,0,0,0,0,0,0,1,1,1,0,1,4.9908,4.9908,4.9908,4.9908,2.9084,4.5916,1651.6064,1673.7648,1663.5620,1672.4186,1257.4486,1790.1667,1,on,1
1786107525.855541,1,1,,1669.0000,1656.0000,1648.0000,1693.0000,1261.0000,1799.0000,45.655,48.181,49.711,40.709,51.073,-0.599,1643,1673,1672,1673,1256,1784,0,0,0,0,0,0,0,1,1,1,0,0,4.9908,4.9908,4.9908,4.9908,2.9084,4.5916,1651.6064,1673.7648,1663.5620,1672.4186,1257.4486,1790.1667,0,on,1
1786107525.887224,1,1,,1666.0000,1661.0000,1652.0000,1701.0000,1264.0000,1795.0000,46.185,47.084,49.007,39.215,50.300,0.129,1644,1673,1672,1673,1256,1784,28,0,0,0,0,0,0,1,1,1,0,0,4.9908,4.9908,4.9908,4.9908,2.9084,4.5916,1651.6064,1673.7648,1663.5620,1672.4186,1257.4486,1790.1667,0,on,1
1786107525.919326,1,1,,1673.0000,1659.0000,1650.0000,1699.0000,1264.0000,1798.0000,44.708,47.604,49.467,39.635,50.204,-0.450,1647,1673,1671,1673,1256,1784,18,0,24,0,0,0,0,1,1,1,0,0,4.9908,4.9908,4.9908,4.9908,2.9084,4.5916,1651.6064,1673.7648,1663.5620,1672.4186,1257.4486,1790.1667,0,on,1
1786107525.955212,1,1,,1653.0000,1663.0000,1656.0000,1712.0000,1263.0000,1791.0000,48.772,46.689,48.268,37.028,50.668,1.125,1648,1673,1666,1673,1256,1784,0,0,15,0,0,23,0,1,1,1,0,0,4.9908,4.9908,4.9908,4.9908,2.9084,4.5916,1651.6064,1673.7648,1663.5620,1681.1709,1257.4486,1790.1667,1,on,1
1786107525.987283,1,1,,1664.0000,1662.0000,1657.0000,1698.0000,1266.0000,1785.0000,46.507,47.016,48.003,39.671,49.508,2.318,1648,1673,1666,1673,1256,1784,0,0,0,0,0,38,0,1,1,0,0,0,4.9908,4.9908,4.9908,4.9908,2.9084,4.5916,1651.6064,1673.7648,1663.5620,1681.1709,1257.4486,1790.1667,0,on,1
1786107526.019308,1,1,,1669.0000,1666.0000,1657.0000,1692.0000,1266.0000,1782.0000,45.515,46.113,47.910,41.022,49.586,2.981,1648,1673,1666,1673,1256,1784,0,0,0,21,0,0,0,1,1,0,0,0,4.9908,4.9908,4.9908,4.9908,2.9084,4.5916,1651.6064,1673.7648,1663.5620,1681.1709,1257.4486,1790.1667,0,on,1
1786107526.055239,1,1,,1682.0000,1669.0000,1655.0000,1695.0000,1266.0000,1777.0000,43.034,45.580,48.406,40.420,49.541,4.058,1648,1673,1665,1680,1256,1784,0,0,0,12,0,30,0,1,1,0,0,0,4.9908,4.9908,4.9908,4.9908,2.9084,4.5916,1651.6064,1673.7648,1663.5620,1681.1709,1257.4486,1790.1667,0,on,1
1786107526.087505,1,1,,1676.0000,1674.0000,1656.0000,1694.0000,1266.0000,1778.0000,44.235,44.471,48.219,40.461,49.567,3.913,1648,1673,1666,1681,1256,1784,0,0,0,0,0,48,0,1,1,1,0,0,4.9908,4.9908,4.9908,4.9908,2.9084,4.5916,1651.6064,1673.7648,1663.5620,1681.1709,1257.4486,1790.1667,0,on,1
1786107526.119277,1,1,,1672.0000,1678.0000,1660.0000,1708.0000,1263.0000,1778.0000,44.954,43.856,47.390,37.718,50.463,3.849,1648,1673,1666,1681,1256,1787,0,0,0,0,0,41,0,1,1,1,0,0,4.9908,4.9908,4.9908,4.9908,2.9084,4.5916,1659.3748,1673.7648,1663.5620,1681.1709,1257.4486,1790.1667,1,on,1
1786107526.155708,1,1,,1662.0000,1665.0000,1653.0000,1711.0000,1258.0000,1781.0000,46.931,46.274,48.747,37.107,52.097,3.313,1648,1673,1666,1681,1256,1790,26,0,0,0,0,29,0,1,1,1,0,1,4.9908,4.9908,4.9908,4.9908,2.9084,4.5916,1659.3748,1673.7648,1663.5620,1681.1709,1257.4486,1790.1667,0,on,1
1786107526.187511,1,1,,1666.0000,1666.0000,1659.0000,1716.0000,1261.0000,1800.0000,46.205,46.082,47.615,36.160,51.388,-0.934,1655,1673,1666,1681,1256,1790,16,0,0,0,0,34,0,1,1,0,0,1,4.9908,4.9908,4.9908,4.9908,2.9084,4.5916,1659.3748,1673.7648,1663.5620,1689.6788,1257.4486,1790.1667,1,on,1
1786107526.220533,1,1,,1673.0000,1671.0000,1660.0000,1704.0000,1260.0000,1794.0000,44.808,45.220,47.469,38.572,51.553,0.428,1657,1673,1666,1681,1256,1790,17,0,0,8,0,34,0,1,1,0,0,1,4.9908,4.9908,4.9908,4.9908,2.9084,4.5916,1659.3748,1673.7648,1663.5620,1689.6788,1257.4486,1790.1667,0,on,1
1786107526.255684,1,1,,1677.0000,1666.0000,1657.0000,1704.0000,1257.0000,1806.0000,44.045,46.256,48.027,38.653,52.438,-2.136,1659,1673,1666,1685,1256,1790,17,0,0,20,0,0,1,1,1,0,0,1,4.9908,4.9908,4.9908,4.9908,2.9084,4.5916,1659.3748,1673.7648,1663.5620,1689.6788,1257.4486,1790.1667,0,on,1
1786107526.287307,1,1,,1673.0000,1666.0000,1655.0000,1702.0000,1255.0000,1803.0000,44.745,46.139,48.358,38.980,53.128,-1.483,1659,1673,1666,1690,1256,1790,0,0,0,0,0,0,1,1,1,1,0,1,4.9908,4.9908,4.9908,4.9908,2.9084,4.5916,1659.3748,1673.7648,1663.5620,1689.6788,1257.4486,1790.1667,0,on,1
1786107526.319542,1,1,,1668.0000,1668.0000,1658.0000,1709.0000,1259.0000,1797.0000,45.845,45.755,47.743,37.607,51.757,-0.346,1659,1673,1666,1690,1256,1790,0,0,0,0,0,0,1,1,1,1,0,1,4.9908,4.9908,4.9908,4.9908,2.9084,4.5916,1659.3748,1673.7648,1663.5620,1689.6788,1257.4486,1790.1667,0,on,1
1786107526.355441,1,1,,1670.0000,1658.0000,1653.0000,1699.0000,1257.0000,1801.0000,45.338,47.722,48.841,39.594,52.732,-1.080,1659,1673,1666,1690,1256,1790,0,0,0,0,0,0,1,1,1,1,0,1,4.9908,4.9908,4.9908,4.9908,2.9084,4.5916,1659.3748,1673.7648,1663.5620,1689.6788,1257.4486,1790.1667,0,on,1
1786107526.387305,1,1,,1668.0000,1656.0000,1648.0000,1705.0000,1255.0000,1804.0000,45.721,48.073,49.693,38.410,53.159,-1.828,1659,1673,1666,1690,1256,1790,0,0,0,0,0,0,1,1,1,1,0,1,4.9908,4.9908,4.9908,4.9908,2.9084,4.5916,1659.3748,1673.7648,1663.5620,1689.6788,1257.4486,1790.1667,0,on,1
1786107526.419566,1,1,,1672.0000,1659.0000,1650.0000,1706.0000,1260.0000,1797.0000,44.946,47.599,49.439,38.185,51.663,-0.169,1659,1673,1666,1690,1256,1790,0,0,0,0,0,0,1,1,1,1,0,1,4.9908,4.9908,4.9908,4.9908,2.9084,4.5916,1659.3748,1673.7648,1663.5620,1689.6788,1257.4486,1790.1667,0,on,1
1786107526.455472,1,1,,1674.0000,1663.0000,1652.0000,1697.0000,1262.0000,1798.0000,44.659,46.859,49.016,39.932,50.985,-0.486,1659,1673,1666,1690,1256,1790,0,0,8,0,0,0,1,1,1,1,0,1,4.9908,4.9908,4.9908,4.9908,2.9084,4.5916,1659.3748,1666.1989,1663.5620,1689.6788,1257.4486,1790.1667,1,on,1
1786107526.487314,1,1,,1666.0000,1667.0000,1654.0000,1710.0000,1257.0000,1795.0000,46.108,46.037,48.620,37.272,52.730,0.193,1659,1673,1666,1691,1256,1790,0,0,0,0,0,0,1,1,1,1,0,1,4.9908,4.9908,4.9908,4.9908,2.9084,4.5916,1659.3748,1666.1989,1663.5620,1689.6788,1257.4486,1790.1667,0,on,1
1786107526.519475,1,1,,1671.0000,1659.0000,1654.0000,1705.0000,1256.0000,1803.0000,45.195,47.653,48.655,38.306,52.864,-1.566,1659,1673,1666,1691,1256,1790,0,0,0,0,0,0,1,1,1,1,0,1,4.9908,4.9908,4.9908,4.9908,2.9084,4.5916,1659.3748,1666.1989,1663.5620,1689.6788,1257.4486,1790.1667,0,on,1
1786107526.555275,1,1,,1675.0000,1657.0000,1648.0000,1694.0000,1255.0000,1804.0000,44.430,48.062,49.810,40.592,53.203,-1.711,1659,1673,1666,1690,1256,1790,0,0,0,0,0,0,1,1,1,1,0,1,4.9908,4.9908,4.9908,4.9908,2.9084,4.5916,1659.3748,1666.1989,1663.5620,1689.6788,1257.4486,1790.1667,0,on,1
1786107526.587328,1,1,,1669.0000,1659.0000,1651.0000,1703.0000,1257.0000,1799.0000,45.644,47.660,49.263,38.767,52.669,-0.593,1659,1673,1666,1690,1256,1790,0,22,18,0,0,0,1,1,1,1,0,1,4.9908,4.9908,4.9908,4.9908,2.9084,4.5916,1659.3748,1666.1989,1663.5620,1689.6788,1257.4486,1790.1667,0,on,1
1786107526.619293,1,1,,1665.0000,1656.0000,1648.0000,1703.0000,1258.0000,1793.0000,46.368,48.124,49.823,38.782,52.095,0.520,1659,1670,1663,1691,1256,1790,0,20,0,0,0,0,1,1,1,1,0,1,4.9908,4.9908,4.9908,4.9908,2.9084,4.5916,1659.3748,1666.1989,1663.5620,1689.6788,1257.4486,1790.1667,0,on,1
1786107526.655535,1,1,,1667.0000,1657.0000,1647.0000,1706.0000,1258.0000,1794.0000,45.971,48.066,49.887,38.248,52.381,0.450,1659,1669,1663,1690,1256,1790,0,15,0,0,8,0,1,1,1,1,0,1,4.9908,4.9908,4.9908,4.9908,2.9084,4.5916,1659.3748,1666.1989,1663.5620,1689.6788,1257.4486,1790.1667,0,on,1
1786107526.687756,1,1,,1668.0000,1652.0000,1642.0000,1703.0000,1258.0000,1800.0000,45.726,48.938,51.073,38.691,52.230,-0.849,1659,1668,1663,1690,1256,1790,0,0,0,0,23,0,1,1,1,1,0,1,4.9908,4.9908,4.9908,4.9908,2.9084,4.5916,1659.3748,1666.1989,1663.5620,1689.6788,1257.4486,1790.1667,0,on,1
1786107526.719643,1,1,,1670.0000,1651.0000,1644.0000,1702.0000,1257.0000,1812.0000,45.297,49.216,50.546,39.025,52.492,-3.583,1659,1668,1663,1690,1257,1790,0,0,0,0,0,0,1,1,1,1,1,1,4.9908,4.9908,4.9908,4.9908,2.9084,4.5916,1659.3748,1666.1989,1656.0103,1689.6788,1257.4486,1790.1667,1,on,1
1786107526.755651,1,1,,1666.0000,1655.0000,1647.0000,1696.0000,1256.0000,1806.0000,46.096,48.317,50.060,40.109,52.827,-2.326,1659,1668,1663,1690,1257,1790,0,0,0,0,0,0,1,1,1,1,1,1,4.9908,4.9908,4.9908,4.9908,2.9084,4.5916,1659.3748,1666.1989,1656.0103,1689.6788,1257.4486,1790.1667,0,on,1
1786107526.787695,1,1,,1661.0000,1649.0000,1644.0000,1697.0000,1258.0000,1803.0000,47.215,49.589,50.564,39.983,52.357,-1.664,1659,1668,1663,1690,1257,1790,0,0,0,0,0,0,1,1,1,1,1,1,4.9908,4.9908,4.9908,4.9908,2.9084,4.5916,1659.3748,1666.1989,1656.0103,1689.6788,1257.4486,1790.1667,0,on,1
1786107526.819648,1,1,,1664.0000,1648.0000,1642.0000,1686.0000,1261.0000,1807.0000,46.544,49.781,51.032,42.101,51.357,-2.530,1659,1668,1663,1690,1257,1790,0,0,26,0,0,0,1,1,1,1,1,1,4.9908,4.9908,4.9908,4.9908,2.9084,4.5916,1659.3748,1666.1989,1656.0103,1689.6788,1257.4486,1790.1667,0,on,1
1786107526.855642,1,1,,1657.0000,1640.0000,1635.0000,1688.0000,1254.0000,1797.0000,47.873,51.320,52.420,41.837,53.753,-0.335,1659,1668,1661,1690,1257,1790,0,0,21,0,0,0,1,1,1,1,1,1,4.9908,4.9908,4.9908,4.9908,2.9084,4.5916,1659.3748,1666.1989,1656.0103,1689.6788,1257.4486,1790.1667,0,on,1
1786107526.887527,1,1,,1662.0000,1639.0000,1637.0000,1685.0000,1255.0000,1791.0000,47.037,51.528,52.047,42.290,53.166,1.005,1659,1668,1659,1690,1257,1790,0,0,17,0,0,0,1,1,1,1,1,1,4.9908,4.9908,4.9908,4.9908,2.9084,4.5916,1659.3748,1666.1989,1656.0103,1689.6788,1257.4486,1790.1667,0,on,1
1786107526.919660,1,1,,1679.0000,1642.0000,1642.0000,1678.0000,1263.0000,1792.0000,43.538,50.880,50.877,43.749,50.463,0.794,1659,1668,1659,1690,1257,1790,0,0,15,0,0,0,1,1,1,1,1,1,4.9908,4.9908,4.9908,4.9908,2.9084,4.5916,1659.3748,1658.1753,1656.0103,1689.6788,1257.4486,1790.1667,1,on,1
1786107526.955657,1,1,,1677.0000,1633.0000,1636.0000,1676.0000,1257.0000,1808.0000,43.988,52.734,52.254,44.112,52.556,-2.657,1659,1668,1658,1690,1257,1790,0,22,0,0,0,0,1,1,1,1,1,1,4.9908,4.9908,4.9908,4.9908,2.9084,4.5916,1659.3748,1658.1753,1656.0103,1689.6788,1257.4486,1790.1667,0,on,1
1786107526.987653,1,1,,1672.0000,1637.0000,1639.0000,1674.0000,1256.0000,1802.0000,45.047,52.048,51.656,44.548,52.968,-1.407,1659,1664,1658,1690,1257,1790,0,30,0,0,0,0,1,1,1,1,1,1,4.9908,4.9908,4.9908,4.9908,2.9084,4.5916,1659.3748,1658.1753,1656.0103,1689.6788,1257.4486,1790.1667,0,on,1
1786107527.019515,1,1,,1661.0000,1633.0000,1636.0000,1683.0000,1256.0000,1793.0000,47.082,52.847,52.110,42.777,52.855,0.578,1659,1659,1658,1690,1257,1790,0,10,0,0,0,0,1,1,1,1,1,1,4.9908,4.9908,4.9908,4.9908,2.9084,4.5916,1659.3748,1658.1753,1656.0103,1689.6788,1257.4486,1790.1667,0,on,1
1786107527.055634,1,1,,1661.0000,1634.0000,1636.0000,1679.0000,1256.0000,1792.0000,47.117,52.481,52.165,43.628,52.853,0.738,1659,1659,1658,1691,1257,1790,0,0,0,0,0,0,1,1,1,1,1,1,4.9908,4.9908,4.9908,4.9908,2.9084,4.5916,1659.3748,1658.1753,1656.0103,1689.6788,1257.4486,1790.1667,0,on,1
1786107527.087659,1,1,,1666.0000,1630.0000,1637.0000,1678.0000,1254.0000,1796.0000,46.140,53.315,52.013,43.718,53.511,0.022,1659,1653,1649,1691,1257,1790,0,21,12,0,0,0,1,1,1,1,1,1,4.9908,4.9908,4.9908,4.9908,2.9084,4.5916,1659.3748,1650.4939,1648.4470,1689.6788,1257.4486,1790.1667,1,on,1
1786107527.225665,1,1,,1663.0000,1627.0000,1629.0000,1676.0000,1253.0000,1797.0000,46.863,53.922,53.530,44.248,54.084,-0.218,1659,1651,1648,1690,1257,1790,0,18,0,0,0,0,1,1,1,1,1,1,4.9908,4.9908,4.9908,4.9908,2.9084,4.5916,1659.3748,1650.4939,1648.4470,1689.6788,1257.4486,1790.1667,0,on,1
1786107527.237660,1,1,,1668.0000,1630.0000,1630.0000,1669.0000,1257.0000,1793.0000,45.797,53.403,53.379,45.606,52.750,0.523,1659,1651,1648,1690,1257,1790,0,19,0,0,0,0,1,1,1,1,1,1,4.9908,4.9908,4.9908,4.9908,2.9084,4.5916,1659.3748,1650.4939,1648.4470,1689.6788,1257.4486,1790.1667,0,on,1
1786107527.250612,1,1,,1678.0000,1629.0000,1627.0000,1664.0000,1255.0000,1794.0000,43.705,53.672,54.036,46.626,53.281,0.289,1659,1650,1648,1690,1257,1790,0,17,0,0,0,0,1,1,1,1,1,1,4.9908,4.9908,4.9908,4.9908,2.9084,4.5916,1659.3748,1650.4939,1648.4470,1689.6788,1257.4486,1790.1667,0,on,1
1786107527.259461,1,1,,1679.0000,1615.0000,1616.0000,1654.0000,1246.0000,1786.0000,43.469,56.385,56.114,48.650,56.333,2.217,1659,1650,1648,1690,1257,1790,0,0,0,0,0,0,1,1,1,1,1,1,4.9908,4.9908,4.9908,4.9908,2.9084,4.5916,1659.3748,1650.4939,1648.4470,1689.6788,1257.4486,1790.1667,0,on,1
1786107527.269588,1,1,,1675.0000,1608.0000,1622.0000,1648.0000,1237.0000,1774.0000,44.350,57.704,54.922,49.781,59.561,4.765,1659,1650,1648,1690,1257,1790,0,0,0,0,0,0,1,1,1,1,1,1,4.9908,4.9908,4.9908,4.9908,2.9084,4.5916,1659.3748,1650.4939,1648.4470,1689.6788,1257.4486,1790.1667,0,on,1
1786107527.292591,1,1,,1674.0000,1618.0000,1623.0000,1656.0000,1239.0000,1769.0000,44.570,55.787,54.789,48.227,58.790,5.749,1659,1650,1648,1690,1257,1790,0,0,0,0,0,0,1,1,1,1,1,1,4.9908,4.9908,4.9908,4.9908,2.9084,4.5916,1659.3748,1640.6201,1648.4470,1681.0655,1257.4486,1790.1667,1,on,1
1786107527.322516,1,1,,1662.0000,1619.0000,1606.0000,1659.0000,1221.0000,1771.0000,47.024,55.591,58.177,47.581,64.812,5.485,1659,1650,1648,1690,1257,1790,0,0,0,0,0,0,1,1,1,1,1,1,4.9908,4.9908,4.9908,4.9908,2.9084,4.5916,1659.3748,1640.6201,1637.7638,1681.0655,1257.4486,1790.1667,1,on,1
1786107527.355200,1,1,,1642.0000,1582.0000,1587.0000,1633.0000,1217.0000,1764.0000,50.888,62.961,62.013,52.708,66.417,6.985,1659,1650,1648,1691,1257,1790,0,26,19,23,0,0,1,1,1,1,1,1,4.9908,4.9908,4.9908,4.9908,2.9084,4.5916,1659.3748,1630.5708,1637.7638,1672.6997,1249.9238,1790.1667,1,on,1
1786107527.387549,1,1,,1640.0000,1582.0000,1578.0000,1631.0000,1219.0000,1758.0000,51.467,63.072,63.824,53.174,65.672,8.202,1659,1647,1645,1688,1257,1790,0,26,23,0,0,0,1,1,1,1,1,1,4.9908,4.9908,4.9908,4.9908,2.9084,4.5916,1659.3748,1630.5708,1623.6806,1672.6997,1249.9238,1790.1667,1,on,1
1786107527.419251,1,1,,1616.0000,1574.0000,1579.0000,1647.0000,1223.0000,1755.0000,56.116,64.612,63.526,49.956,64.163,8.968,1659,1639,1640,1684,1257,1790,0,51,28,27,0,0,1,1,1,1,1,1,4.9908,4.9908,4.9908,4.9908,2.9084,4.5916,1659.3748,1616.9838,1623.6806,1672.6997,1244.6741,1790.1667,1,on,1
1786107527.455479,1,1,,1620.0000,1568.0000,1579.0000,1630.0000,1216.0000,1759.0000,55.471,65.798,63.523,53.362,66.730,8.050,1659,1631,1636,1677,1257,1790,0,18,19,0,31,0,1,1,1,1,1,1,4.9908,4.9908,4.9908,4.9908,2.9084,4.5916,1659.3748,1616.9838,1612.4600,1661.4839,1244.6741,1781.2836,1,on,1
1786107527.487262,1,1,,1608.0000,1568.0000,1572.0000,1620.0000,1218.0000,1736.0000,57.837,65.834,65.057,55.385,66.011,12.944,1659,1628,1635,1677,1254,1790,0,0,48,0,63,0,1,1,1,1,1,1,4.9908,4.9908,4.9908,4.9908,2.9084,4.5916,1649.5778,1604.3177,1612.4600,1661.4839,1239.9190,1781.2836,1,on,1
1786107527.519335,1,1,,1604.0000,1564.0000,1567.0000,1605.0000,1213.0000,1745.0000,58.590,66.555,65.905,58.380,67.657,11.146,1659,1622,1621,1677,1249,1790,0,66,45,0,51,0,1,1,1,1,1,1,4.9908,4.9908,4.9908,4.9908,2.9084,4.5916,1649.5778,1604.3177,1602.6647,1650.3086,1239.9190,1773.2515,1,on,1
1786107527.555533,1,1,,1610.0000,1562.0000,1567.0000,1561.0000,1208.0000,1755.0000,57.369,66.936,66.091,67.119,69.574,8.934,1659,1610,1617,1676,1245,1790,44,42,28,40,51,35,1,1,1,1,1,1,4.9908,4.9908,4.9908,4.9908,2.9084,4.5916,1639.7528,1594.5044,1602.6647,1633.8774,1234.8337,1773.2515,1,on,1
1786107527.587509,1,1,,1605.0000,1562.0000,1569.0000,1557.0000,1212.0000,1753.0000,58.451,66.968,65.549,67.967,68.194,9.255,1656,1607,1614,1670,1243,1790,25,15,36,28,0,40,1,1,1,1,1,1,4.9908,4.9908,4.9908,4.9908,2.9084,4.5916,1639.7528,1594.5044,1602.6647,1619.8846,1234.8337,1773.2515,1,on,1
1786107527.619304,1,1,,1604.0000,1548.0000,1553.0000,1555.0000,1195.0000,1758.0000,58.687,69.872,68.709,68.346,73.815,8.259,1655,1605,1610,1659,1243,1782,34,0,34,67,0,41,1,1,1,1,1,1,4.9908,4.9908,4.9908,4.9908,2.9084,4.5916,1639.7528,1585.9846,1590.5274,1608.2734,1229.3566,1773.2515,1,on,1
1786107527.655509,1,1,,1553.0000,1554.0000,1546.0000,1600.0000,1196.0000,1728.0000,68.843,68.521,70.136,59.410,73.556,14.748,1654,1600,1606,1640,1241,1780,30,32,14,57,39,14,1,1,1,1,1,1,4.9908,4.9908,4.9908,4.9908,2.9084,4.5916,1619.7100,1585.9846,1590.5274,1608.2734,1229.3566,1765.4682,1,on,1
1786107527.687572,1,1,,1546.0000,1554.0000,1550.0000,1582.0000,1195.0000,1727.0000,70.256,68.577,69.342,63.020,74.046,15.072,1652,1596,1605,1622,1238,1778,47,66,18,37,53,0,1,1,1,1,1,1,4.9908,4.9908,4.9908,4.9908,2.9084,4.5916,1607.2739,1585.9846,1580.9196,1608.2734,1222.8743,1765.4682,1,on,1
1786107527.719660,1,1,,1556.0000,1554.0000,1537.0000,1572.0000,1205.0000,1729.0000,68.300,68.611,71.995,64.947,70.313,14.590,1641,1591,1603,1616,1234,1776,91,23,46,0,53,31,1,1,1,1,1,1,4.9908,4.9908,4.9908,4.9908,2.9084,4.5916,1599.1290,1577.1628,1580.9196,1608.2734,1222.8743,1758.3589,1,on,1
1786107527.755444,1,1,,1550.0000,1561.0000,1542.0000,1571.0000,1214.0000,1716.0000,69.418,67.289,71.087,65.256,67.519,17.427,1626,1588,1596,1614,1230,1770,87,0,33,23,52,40,1,1,1,1,1,1,4.9908,4.9908,4.9908,4.9908,2.9084,4.5916,1591.3096,1577.1628,1571.6648,1598.1908,1222.8743,1758.3589,1,on,1
1786107527.787508,1,1,,1546.0000,1565.0000,1546.0000,1575.0000,1229.0000,1708.0000,70.244,66.497,70.262,64.468,62.247,19.036,1616,1586,1591,1613,1227,1762,45,28,0,0,0,20,1,1,1,1,1,1,4.9908,4.9908,4.9908,4.9908,2.9084,4.5916,1591.3096,1577.1628,1571.6648,1598.1908,1222.8743,1747.9810,1,on,1
1786107527.819507,1,1,,1551.0000,1562.0000,1537.0000,1561.0000,1229.0000,1709.0000,69.260,67.099,71.941,67.237,62.266,18.797,1606,1582,1590,1613,1226,1758,58,23,26,12,0,0,1,1,1,1,1,1,4.9908,4.9908,4.9908,4.9908,2.9084,4.5916,1580.7767,1577.1628,1571.6648,1598.1908,1222.8743,1747.9810,1,on,1
1786107527.855653,1,1,,1524.0000,1550.0000,1538.0000,1550.0000,1228.0000,1718.0000,74.699,69.472,71.803,69.471,62.416,16.895,1600,1579,1587,1611,1225,1756,34,18,24,28,34,21,1,1,1,1,1,1,4.9908,4.9908,4.9908,4.9908,2.9084,4.5916,1572.3552,1577.1628,1563.1944,1587.8036,1222.8743,1740.6227,1,on,1
1786107527.887487,1,1,,1524.0000,1556.0000,1554.0000,1541.0000,1247.0000,1712.0000,74.599,68.202,68.650,71.239,56.024,18.350,1597,1578,1583,1609,1224,1751,31,16,15,0,0,15,1,1,1,1,1,1,4.9908,4.9908,4.9908,4.9908,2.9084,4.5916,1572.3552,1577.1628,1563.1944,1587.8036,1222.8743,1740.6227,0,on,1
1786107527.919650,1,1,,1496.0000,1549.0000,1532.0000,1531.0000,1243.0000,1701.0000,80.298,69.709,73.039,73.187,57.397,20.699,1591,1578,1578,1603,1224,1748,51,0,29,36,26,20,1,1,1,1,1,1,4.9908,4.9908,4.9908,4.9908,2.9084,4.5916,1554.6283,1577.1628,1563.1944,1575.5050,1222.8743,1740.6227,1,on,1
1786107527.955543,1,1,,1498.0000,1540.0000,1516.0000,1521.0000,1248.0000,1703.0000,79.859,71.385,76.199,75.127,55.704,20.295,1585,1578,1575,1597,1224,1748,62,0,0,0,22,24,1,1,1,1,1,1,4.9908,4.9908,4.9908,4.9908,2.9084,4.5916,1545.1356,1567.6042,1555.2977,1567.3662,1222.8743,1730.8138,1,on,1
1786107527.987348,1,1,,1435.0000,1550.0000,1525.0000,1524.0000,1238.0000,1708.0000,92.413,69.488,74.434,74.604,59.183,19.109,1575,1578,1572,1594,1223,1743,79,0,39,25,20,15,1,1,1,1,1,1,4.9908,4.9908,4.9908,4.9908,2.9084,4.5916,1522.5954,1567.6042,1555.2977,1567.3662,1222.8743,1730.8138,1,on,1
1786107528.019347,1,1,,1432.0000,1544.0000,1514.0000,1512.0000,1217.0000,1724.0000,92.973,70.628,76.571,77.068,66.437,15.613,1560,1576,1561,1581,1222,1737,80,39,36,19,17,17,1,1,1,1,1,1,4.9908,4.9908,4.9908,4.9908,2.9084,4.5916,1503.0641,1567.6042,1555.2977,1554.8707,1222.8743,1730.8138,1,on,1
1786107528.055531,1,1,,1423.0000,1541.0000,1513.0000,1528.0000,1225.0000,1710.0000,94.954,71.288,76.906,73.756,63.629,18.631,1541,1571,1559,1577,1222,1736,85,21,15,0,0,16,1,1,1,1,1,1,4.9908,4.9908,4.9908,4.9908,2.9084,4.5916,1485.1626,1567.6042,1544.3105,1554.8707,1222.8743,1730.8138,1,on,1
1786107528.087262,1,1,,1409.0000,1529.0000,1495.0000,1547.0000,1218.0000,1712.0000,97.740,73.551,80.452,69.968,66.133,18.337,1523,1569,1558,1571,1222,1734,90,15,15,23,0,13,1,1,1,1,1,1,4.9908,4.9908,4.9908,4.9908,2.9084,4.5916,1469.8779,1559.9571,1544.3105,1554.8707,1222.8743,1730.8138,1,on,1
1786107528.119641,1,1,,1427.0000,1516.0000,1497.0000,1547.0000,1218.0000,1714.0000,94.082,76.266,80.042,70.069,66.094,17.716,1508,1569,1556,1566,1222,1733,98,0,20,20,0,10,1,1,1,1,1,1,4.9908,4.9908,4.9908,4.9908,2.9084,4.5916,1469.8779,1559.9571,1533.3576,1554.8707,1222.8743,1730.8138,1,on,1
1786107528.155321,1,1,,1437.0000,1496.0000,1479.0000,1567.0000,1214.0000,1701.0000,92.095,80.179,83.631,66.061,67.496,20.746,1491,1568,1554,1564,1222,1733,94,31,35,0,0,0,1,1,1,1,1,1,4.9908,4.9908,4.9908,4.9908,2.9084,4.5916,1458.9645,1546.9738,1525.5812,1554.8707,1222.8743,1730.8138,1,on,1
1786107528.187551,1,1,,1426.0000,1510.0000,1481.0000,1567.0000,1221.0000,1690.0000,94.171,77.345,83.240,66.068,64.967,23.103,1477,1562,1550,1564,1222,1733,0,19,26,0,0,0,1,1,1,1,1,1,4.9908,4.9908,4.9908,4.9908,2.9084,4.5916,1458.9645,1546.9738,1525.5812,1554.8707,1222.8743,1721.2531,1,on,1
1786107528.219362,1,1,,1413.0000,1502.0000,1469.0000,1559.0000,1218.0000,1696.0000,96.960,79.063,85.683,67.693,66.077,21.750,1475,1560,1540,1564,1222,1733,29,20,26,0,0,20,1,1,1,1,1,1,4.9908,4.9908,4.9908,4.9908,2.9084,4.5916,1450.0799,1537.6342,1512.8307,1554.8707,1222.8743,1721.2531,1,on,1
1786107528.255661,1,1,,1420.0000,1485.0000,1457.0000,1550.0000,1206.0000,1696.0000,95.442,82.530,87.979,69.317,70.007,21.837,1473,1558,1536,1564,1222,1728,28,44,53,0,0,19,1,1,1,1,1,1,4.9908,4.9908,4.9908,4.9908,2.9084,4.5916,1450.0799,1537.6342,1504.1824,1554.8707,1222.8743,1721.2531,1,on,1
1786107528.287636,1,1,,1437.0000,1491.0000,1451.0000,1550.0000,1220.0000,1689.0000,92.076,81.132,89.277,69.425,65.315,23.359,1457,1536,1501,1564,1222,1723,37,18,31,0,0,0,1,1,1,1,1,1,4.9908,4.9908,4.9908,4.9908,2.9084,4.5916,1450.0799,1525.3344,1496.5156,1554.8707,1222.8743,1721.2531,1,on,1
1786107528.419759,1,1,,1429.0000,1490.0000,1426.0000,1528.0000,1211.0000,1696.0000,93.667,81.499,94.221,73.780,68.490,21.825,1455,1536,1500,1564,1222,1723,35,0,23,0,0,0,1,1,1,1,1,1,4.9908,4.9908,4.9908,4.9908,2.9084,4.5916,1450.0799,1525.3344,1481.0081,1554.8707,1222.8743,1712.8795,1,on,1
1786107528.435615,1,1,,1425.0000,1492.0000,1441.0000,1543.0000,1213.0000,1704.0000,94.472,81.109,91.276,70.874,67.606,19.936,1453,1536,1500,1564,1222,1724,32,33,21,0,0,0,1,1,1,1,1,1,4.9908,4.9908,4.9908,4.9908,2.9084,4.5916,1450.0799,1525.3344,1481.0081,1554.8707,1222.8743,1712.8795,0,on,1
1786107528.445982,1,1,,1428.0000,1487.0000,1428.0000,1529.0000,1210.0000,1701.0000,93.896,81.999,93.781,73.681,68.852,20.647,1452,1534,1499,1564,1222,1724,30,42,22,8,0,0,1,1,1,1,1,1,4.9908,4.9908,4.9908,4.9908,2.9084,4.5916,1450.0799,1516.6004,1481.0081,1554.8707,1222.8743,1712.8795,1,on,1
1786107528.457922,1,1,,1441.0000,1506.0000,1443.0000,1526.0000,1206.0000,1708.0000,91.278,78.154,90.947,74.226,70.216,19.074,1451,1532,1499,1564,1222,1723,30,31,29,8,0,22,1,1,1,1,1,1,4.9908,4.9908,4.9908,4.9908,2.9084,4.5916,1450.0799,1516.6004,1471.6280,1554.8707,1222.8743,1712.8795,1,on,1
1786107528.468298,1,1,,1444.0000,1491.0000,1412.0000,1508.0000,1216.0000,1709.0000,90.663,81.160,97.096,77.740,66.765,18.973,1450,1530,1497,1564,1222,1722,28,21,33,8,0,26,1,1,1,1,1,1,4.9908,4.9908,4.9908,4.9908,2.9084,4.5916,1450.0799,1516.6004,1471.6280,1546.7262,1222.8743,1712.8795,1,on,1
1786107528.487642,1,1,,1452.0000,1510.0000,1443.0000,1526.0000,1205.0000,1716.0000,89.031,77.379,90.884,74.223,70.497,17.294,1449,1529,1495,1564,1222,1719,21,17,24,8,0,23,1,1,1,1,1,1,4.9908,4.9908,4.9908,4.9908,2.9084,4.5916,1450.0799,1516.6004,1462.9699,1546.7262,1222.8743,1712.8795,1,on,1
1786107528.519477,1,1,,1425.0000,1489.0000,1425.0000,1525.0000,1205.0000,1706.0000,94.525,81.712,94.429,74.362,70.438,19.631,1449,1528,1491,1561,1222,1716,8,16,71,27,0,15,1,1,1,1,1,1,4.9908,4.9908,4.9908,4.9908,2.9084,4.5916,1442.3616,1516.6004,1462.9699,1546.7262,1222.8743,1712.8795,1,on,1
1786107528.555611,1,1,,1431.0000,1497.0000,1484.0000,1540.0000,1212.0000,1711.0000,93.259,80.051,82.561,71.441,68.129,18.532,1449,1527,1477,1554,1222,1712,35,0,0,11,0,0,1,1,1,1,1,1,4.9908,4.9908,4.9908,4.9908,2.9084,4.5916,1442.3616,1516.6004,1462.9699,1546.7262,1222.8743,1712.8795,0,on,1
1786107528.587694,1,1,,1430.0000,1535.0000,1499.0000,1539.0000,1222.0000,1737.0000,93.432,72.454,79.553,71.552,64.504,12.869,1446,1527,1471,1551,1222,1712,30,0,32,21,0,0,1,1,1,1,1,1,4.9908,4.9908,4.9908,4.9908,2.9084,4.5916,1442.3616,1516.6004,1462.9699,1546.7262,1222.8743,1712.8795,0,on,1
1786107528.619650,1,1,,1520.0000,1540.0000,1552.0000,1580.0000,1225.0000,1740.0000,75.430,71.395,69.058,63.423,63.580,12.220,1444,1527,1467,1549,1222,1712,31,0,17,0,0,0,1,1,1,1,1,1,4.9908,4.9908,4.9908,4.9908,2.9084,4.5916,1442.3616,1516.6004,1472.0224,1546.7262,1222.8743,1712.8795,1,on,1
1786107528.655631,1,1,,1575.0000,1574.0000,1588.0000,1564.0000,1220.0000,1751.0000,64.477,64.650,61.796,66.538,65.260,9.648,1441,1527,1465,1549,1222,1712,21,0,0,0,0,0,1,1,0,1,1,1,4.9908,4.9908,4.9908,4.9908,2.9084,4.5916,1474.0826,1516.6004,1496.4916,1546.7262,1222.8743,1712.8795,1,on,1
1786107528.687631,1,1,,1581.0000,1610.0000,1633.0000,1627.0000,1259.0000,1751.0000,63.297,57.331,52.820,54.067,52.072,9.662,1482,1525,1516,1549,1222,1712,45,0,36,12,0,0,0,0,0,0,1,0,4.9908,4.9908,4.9908,4.9908,2.9084,4.5916,1497.4175,1533.9402,1530.1652,1555.7156,1222.8743,1720.7431,1,on,1
1786107528.819815,1,1,,1597.0000,1673.0000,1673.0000,1630.0000,1262.0000,1755.0000,59.960,44.729,44.680,53.302,50.909,8.971,1484,1525,1518,1549,1222,1712,17,0,17,11,0,10,0,0,0,0,1,0,4.9908,4.9908,4.9908,4.9908,2.9084,4.5916,1527.1023,1576.1279,1580.6642,1571.6801,1222.8743,1720.7431,1,on,1
1786107528.829921,1,1,,1550.0000,1695.0000,1701.0000,1669.0000,1237.0000,1749.0000,69.436,40.309,39.144,45.477,59.397,10.280,,,,,,,,,,,,,,,,,,,4.9908,4.9908,4.9908,4.9908,2.9084,4.5916,1527.1023,1589.7538,1595.8116,1580.2044,1222.8743,1720.7431,1,on,
1786107528.839515,1,1,,1530.0000,1718.0000,1727.0000,1707.0000,1218.0000,1702.0000,73.342,35.665,34.003,37.901,66.138,20.439,1485,1525,1519,1549,1222,1712,11,0,0,13,0,13,0,0,0,0,1,0,4.9908,4.9908,4.9908,4.9908,2.9084,4.5916,1527.1023,1609.1211,1616.8311,1596.8767,1222.8743,1720.7431,1,on,1
1786107528.848437,1,1,,1473.0000,1687.0000,1714.0000,1680.0000,1204.0000,1647.0000,84.903,41.952,36.524,43.281,70.712,32.479,1486,1525,1520,1549,1222,1712,24,0,16,15,0,18,0,0,0,0,1,0,4.9908,4.9908,4.9908,4.9908,2.9084,4.5916,1527.1023,1621.0261,1633.1175,1608.5484,1222.8743,1720.7431,1,on,1
1786107528.857731,1,1,,1491.0000,1667.0000,1698.0000,1658.0000,1194.0000,1638.0000,81.165,45.893,39.720,47.688,74.163,34.379,1488,1525,1522,1549,1222,1712,48,39,33,48,0,29,0,0,0,0,1,0,4.9908,4.9908,4.9908,4.9908,2.9084,4.5916,1527.1023,1621.0261,1644.3419,1608.5484,1222.8743,1720.7431,1,on,1
1786107528.887684,1,1,,1495.0000,1643.0000,1694.0000,1636.0000,1193.0000,1642.0000,80.409,50.697,40.563,52.181,74.440,33.540,1499,1532,1534,1561,1222,1718,60,91,54,50,0,25,0,0,0,0,1,0,4.9908,4.9908,4.9908,4.9908,2.9084,4.5916,1527.1023,1631.9712,1659.8866,1620.8220,1222.8743,1700.7325,1,on,1
1786107528.919824,1,1,,1488.0000,1635.0000,1694.0000,1618.0000,1210.0000,1629.0000,81.819,52.458,40.649,55.796,68.838,36.381,1509,1547,1546,1573,1222,1720,31,78,71,57,0,0,0,0,0,0,1,1,4.9908,4.9908,4.9908,4.9908,2.9084,4.5916,1527.1023,1631.9712,1668.2126,1620.8220,1222.8743,1685.9130,1,on,1
1786107528.955716,1,1,,1488.0000,1643.0000,1687.0000,1626.0000,1216.0000,1623.0000,81.898,50.756,41.976,54.095,66.741,37.605,1514,1572,1567,1594,1222,1720,34,78,74,45,0,0,0,0,0,0,1,1,4.9908,4.9908,4.9908,4.9908,2.9084,4.5916,1517.8182,1631.9712,1668.2126,1620.8220,1222.8743,1673.2516,1,on,1
1786107528.987621,1,1,,1495.0000,1660.0000,1699.0000,1634.0000,1204.0000,1629.0000,80.343,47.344,39.545,52.623,70.704,36.376,1520,1594,1589,1609,1222,1720,22,76,69,0,0,24,1,0,0,0,1,1,4.9908,4.9908,4.9908,4.9908,2.9084,4.5916,1517.8182,1631.9712,1668.2126,1620.8220,1222.8743,1666.1666,1,on,1
1786107529.019627,1,1,,1486.0000,1647.0000,1691.0000,1611.0000,1206.0000,1631.0000,82.332,50.021,41.104,57.272,70.118,35.967,1521,1617,1608,1613,1222,1715,19,60,74,16,0,94,1,0,0,0,1,1,4.9908,4.9908,4.9908,4.9908,2.9084,4.5916,1517.8182,1631.9712,1676.8391,1620.8220,1222.8743,1666.1666,1,on,1
1786107529.055554,1,1,,1472.0000,1644.0000,1685.0000,1617.0000,1203.0000,1634.0000,84.944,50.593,42.359,55.949,71.033,35.221,1521,1621,1630,1614,1222,1689,36,17,61,0,0,32,1,0,0,0,1,1,4.9908,4.9908,4.9908,4.9908,2.9084,4.5916,1508.5943,1631.9712,1676.8391,1620.8220,1222.8743,1657.9617,1,on,1
1786107529.092801,1,1,,1496.0000,1643.0000,1689.0000,1600.0000,1197.0000,1653.0000,80.217,50.770,41.634,59.396,73.211,31.154,1516,1625,1651,1614,1222,1682,17,20,61,17,0,16,1,0,0,0,1,1,4.9908,4.9908,4.9908,4.9908,2.9084,4.5916,1508.5943,1631.9712,1676.8391,1620.8220,1217.3946,1657.9617,1,on,1
1786107529.119590,1,1,,1499.0000,1654.0000,1687.0000,1615.0000,1207.0000,1659.0000,79.650,48.558,42.041,56.331,69.918,29.808,1515,1628,1663,1617,1222,1676,36,0,13,0,0,39,1,0,0,0,1,1,4.9908,4.9908,4.9908,4.9908,2.9084,4.5916,1508.5943,1631.9712,1676.8391,1620.8220,1217.3946,1657.9617,0,on,1
1786107529.155761,1,1,,1499.0000,1656.0000,1689.0000,1626.0000,1193.0000,1646.0000,79.723,48.199,41.600,54.223,74.674,32.656,1509,1629,1672,1617,1222,1668,23,0,0,0,0,21,1,0,0,0,1,1,4.9908,4.9908,4.9908,4.9908,2.9084,4.5916,1508.5943,1639.7119,1676.8391,1620.8220,1217.3946,1657.9617,1,on,1
1786107529.187830,1,1,,1486.0000,1654.0000,1661.0000,1602.0000,1208.0000,1659.0000,82.233,48.627,47.158,58.972,69.566,29.859,1507,1629,1672,1618,1222,1665,22,17,0,0,0,24,1,0,0,0,1,1,4.9908,4.9908,4.9908,4.9908,2.9084,4.5916,1508.5943,1639.7119,1676.8391,1620.8220,1217.3946,1657.9617,0,on,1
1786107529.219618,1,1,,1364.0000,1572.0000,1555.0000,1527.0000,1217.0000,1656.0000,106.735,64.930,68.383,74.037,66.460,30.534,1507,1630,1672,1620,1222,1663,20,29,0,0,0,19,1,0,0,1,1,1,4.9908,4.9908,4.9908,4.9908,2.9084,4.5916,1478.5421,1639.7119,1659.4120,1607.4590,1217.3946,1657.9617,1,on,1
1786107529.255667,1,1,,1335.0000,1489.0000,1428.0000,1338.0000,1242.0000,1621.0000,112.413,81.659,93.853,111.825,57.806,37.965,1507,1635,1672,1620,1222,1660,21,21,0,0,0,12,1,0,1,1,1,1,4.9908,4.9908,4.9908,4.9908,2.9084,4.5916,1440.5659,1604.0661,1586.3422,1517.5950,1217.3946,1657.9617,1,on,1
1786107529.287668,1,1,,1340.0000,1412.0000,1342.0000,1464.0000,1244.0000,1609.0000,111.419,97.029,111.041,86.559,56.976,40.667,1502,1637,1672,1620,1222,1658,89,17,36,0,9,0,1,1,1,1,1,1,4.9908,4.9908,4.9908,4.9908,2.9084,4.5916,1416.0534,1548.4856,1497.2662,1504.4272,1217.3946,1650.3822,1,on,1
1786107529.319649,1,1,,1409.0000,1318.0000,1320.0000,1463.0000,1253.0000,1566.0000,97.622,115.902,115.590,86.877,54.071,49.965,1493,1638,1663,1620,1222,1658,100,47,87,87,20,0,1,1,1,1,1,1,4.9908,4.9908,4.9908,4.9908,2.9084,4.5916,1416.0534,1466.4366,1432.8735,1496.3302,1217.3946,1637.5085,1,on,1
1786107529.356412,1,1,,1372.0000,1304.0000,1281.0000,1407.0000,1234.0000,1551.0000,105.050,118.689,123.290,98.150,60.575,53.415,1468,1627,1638,1599,1221,1658,105,101,97,68,19,0,1,1,1,1,1,1,4.9908,4.9908,4.9908,4.9908,2.9084,4.5916,1408.1962,1406.7506,1377.3945,1476.4922,1217.3946,1620.5613,1,on,1
1786107529.387652,1,1,,1243.0000,1128.0000,1142.0000,1321.0000,1277.0000,1498.0000,130.890,154.058,151.217,115.277,45.730,64.876,1441,1592,1605,1565,1221,1655,101,105,78,60,0,66,1,1,1,1,0,1,4.9908,4.9908,4.9908,4.9908,2.9084,4.5916,1368.0627,1295.3178,1288.7964,1435.7494,1227.4099,1593.0354,1,on,1
1786107529.420055,1,1,,1231.0000,1147.0000,1124.0000,1231.0000,1261.0000,1518.0000,133.237,150.092,154.748,133.361,51.056,60.494,1435,1582,1598,1559,1221,1650,111,99,89,61,0,83,1,1,1,1,0,1,4.9908,4.9908,4.9908,4.9908,2.9084,4.5916,1330.2281,1240.0223,1228.1717,1367.8411,1227.4099,1576.8074,1,on,1
1786107529.455789,1,1,,1206.0000,1081.0000,1114.0000,1217.0000,1261.0000,1561.0000,138.325,163.354,156.768,136.032,51.231,51.233,1416,1559,1577,1537,1221,1626,98,86,78,51,16,94,1,1,1,1,0,1,4.9908,4.9908,4.9908,4.9908,2.9084,4.5916,1294.0112,1181.1993,1189.4530,1316.3776,1234.2030,1576.8074,1,on,1
1786107529.487975,1,1,,1191.0000,1056.0000,1083.0000,1154.0000,1256.0000,1568.0000,141.384,168.433,163.073,148.746,52.857,49.512,1396,1539,1557,1518,1221,1599,84,101,73,45,16,53,1,1,1,1,0,1,4.9908,4.9908,4.9908,4.9908,2.9084,4.5916,1267.0712,1141.0117,1158.5205,1262.9415,1234.2030,1576.8074,1,on,1
1786107529.519658,1,1,,1216.0000,1067.0000,1088.0000,1160.0000,1245.0000,1584.0000,136.331,166.149,162.053,147.465,56.774,46.069,1382,1518,1538,1500,1223,1590,102,90,79,59,37,30,1,1,1,1,0,1,4.9908,4.9908,4.9908,4.9908,2.9084,4.5916,1256.2262,1121.1601,1141.1399,1232.6699,1234.2030,1576.8074,1,on,1
1786107529.555647,1,1,,1198.0000,1088.0000,1107.0000,1174.0000,1247.0000,1597.0000,139.968,162.079,158.163,144.727,56.142,43.341,1367,1501,1521,1484,1225,1582,109,91,79,58,49,16,1,1,1,1,0,1,4.9908,4.9908,4.9908,4.9908,2.9084,4.5916,1244.4676,1121.1601,1141.1399,1217.7389,1234.2030,1576.8074,1,on,1
1786107529.587552,1,1,,1167.0000,1056.0000,1075.0000,1168.0000,1251.0000,1586.0000,146.095,168.361,164.571,146.021,54.696,45.782,1354,1488,1509,1471,1229,1581,97,85,75,58,22,0,1,1,1,1,0,1,4.9908,4.9908,4.9908,4.9908,2.9084,4.5916,1229.6120,1103.5675,1123.9516,1208.0491,1234.2030,1576.8074,1,on,1
1786107529.619473,1,1,,1200.0000,1059.0000,1074.0000,1160.0000,1250.0000,1530.0000,139.495,167.717,164.870,147.517,55.011,57.972,1339,1473,1494,1456,1231,1581,102,95,89,54,22,0,1,1,1,1,0,1,4.9908,4.9908,4.9908,4.9908,2.9084,4.5916,1229.6120,1103.5675,1115.9245,1199.8425,1234.2030,1576.8074,1,on,1
1786107529.655407,1,1,,1214.0000,1050.0000,1074.0000,1159.0000,1245.0000,1529.0000,136.714,169.573,164.827,147.731,56.580,58.105,1322,1456,1475,1441,1232,1581,94,92,64,69,17,0,1,1,1,1,0,1,4.9908,4.9908,4.9908,4.9908,2.9084,4.5916,1229.6120,1089.1782,1115.9245,1199.8425,1238.8328,1568.2356,1,on,1
1786107529.690048,1,1,,1211.0000,1062.0000,1070.0000,1191.0000,1257.0000,1536.0000,137.241,167.156,165.612,141.336,52.738,56.604,1307,1438,1458,1425,1233,1581,118,82,71,62,0,0,1,1,1,1,0,1,4.9908,4.9908,4.9908,4.9908,2.9084,4.5916,1229.6120,1089.1782,1104.1614,1199.8425,1238.8328,1568.2356,1,on,1
1786107529.719667,1,1,,1218.0000,1102.0000,1084.0000,1230.0000,1247.0000,1540.0000,135.855,159.224,162.732,133.600,56.183,55.754,1295,1426,1447,1412,1233,1581,112,81,72,56,0,29,1,1,1,1,0,1,4.9908,4.9908,4.9908,4.9908,2.9084,4.5916,1229.6120,1089.1782,1104.1614,1199.8425,1238.8328,1568.2356,0,on,1
1786107529.755543,1,1,,1218.0000,1087.0000,1106.0000,1241.0000,1248.0000,1524.0000,136.013,162.271,158.392,131.311,55.648,59.111,1277,1412,1432,1398,1233,1571,124,72,70,49,0,16,1,1,1,1,0,1,4.9908,4.9908,4.9908,4.9908,2.9084,4.5916,1229.6120,1089.1782,1104.1614,1199.8425,1238.8328,1558.8342,1,on,1
1786107529.787648,1,1,,1221.0000,1093.0000,1112.0000,1252.0000,1256.0000,1527.0000,135.410,160.938,157.256,129.047,52.785,58.451,1261,1395,1416,1379,1233,1568,106,79,85,56,0,0,1,1,1,1,0,1,4.9908,4.9908,4.9908,4.9908,2.9084,4.5916,1229.6120,1089.1782,1104.1614,1199.8425,1238.8328,1558.8342,0,on,1
1786107529.819613,1,1,,1220.0000,1086.0000,1102.0000,1243.0000,1256.0000,1519.0000,135.482,162.471,159.149,130.927,53.058,60.206,1244,1379,1399,1362,1234,1568,102,81,79,52,36,0,1,1,1,1,0,1,4.9908,4.9908,4.9908,4.9908,2.9084,4.5916,1229.6120,1089.1782,1104.1614,1207.7589,1238.8328,1551.8882,1,on,1
1786107529.855523,1,1,,1221.0000,1088.0000,1126.0000,1234.0000,1258.0000,1507.0000,135.350,162.058,154.449,132.812,52.206,62.960,1242,1363,1383,1346,1237,1566,41,80,71,73,41,53,1,1,1,1,0,1,4.9908,4.9908,4.9908,4.9908,2.9084,4.5916,1229.6120,1089.1782,1104.1614,1207.7589,1238.8328,1551.8882,0,on,1
1786107529.887556,1,1,,1221.0000,1078.0000,1096.0000,1207.0000,1254.0000,1491.0000,135.402,163.889,160.283,138.165,53.643,66.328,1239,1347,1367,1332,1241,1560,0,90,91,87,43,15,1,1,1,1,0,1,4.9908,4.9908,4.9908,4.9908,2.9084,4.5916,1229.6120,1089.1782,1104.1614,1207.7589,1243.2812,1539.0624,1,on,1
1786107529.919348,1,1,,1285.0000,1146.0000,1150.0000,1287.0000,1255.0000,1523.0000,122.577,150.404,149.643,122.101,53.283,59.431,1239,1336,1355,1319,1243,1560,36,81,81,74,47,52,1,1,1,1,0,1,4.9908,4.9908,4.9908,4.9908,2.9084,4.5916,1229.6120,1089.1782,1104.1614,1220.0048,1243.2812,1539.0624,1,on,1
1786107529.955264,1,1,,1261.0000,1141.0000,1134.0000,1294.0000,1262.0000,1511.0000,127.267,151.360,152.710,120.682,51.036,62.043,1237,1319,1337,1303,1247,1548,45,91,92,69,44,14,1,1,1,1,0,1,4.9908,4.9908,4.9908,4.9908,2.9084,4.5916,1229.6120,1097.0017,1104.1614,1232.3891,1243.2812,1539.0624,1,on,1
1786107529.987563,1,1,,1355.0000,1271.0000,1188.0000,1326.0000,1243.0000,1500.0000,108.526,125.369,141.940,114.229,57.258,64.340,1236,1305,1323,1288,1252,1544,0,92,81,65,32,13,1,1,1,1,0,1,4.9908,4.9908,4.9908,4.9908,2.9084,4.5916,1254.4857,1138.6159,1120.0356,1250.2685,1243.2812,1531.4272,1,on,1
1786107530.019631,1,1,,1391.0000,1283.0000,1131.0000,1320.0000,1205.0000,1519.0000,101.226,122.884,153.412,115.496,70.562,60.344,1236,1286,1307,1271,1255,1544,0,84,89,73,34,23,0,1,1,1,0,1,4.9908,4.9908,4.9908,4.9908,2.9084,4.5916,1287.9409,1178.3538,1120.0356,1263.4021,1243.2812,1531.4272,1,on,1
1786107530.055260,1,1,,1386.0000,1317.0000,1170.0000,1363.0000,1156.0000,1520.0000,102.290,116.157,145.540,106.921,87.239,60.087,1236,1268,1289,1262,1258,1538,35,70,80,0,31,27,0,1,1,0,0,1,4.9908,4.9908,4.9908,4.9908,2.9084,4.5916,1312.8819,1220.2915,1120.0356,1285.7401,1230.4523,1531.4272,1,on,1
1786107530.087286,1,1,,1359.0000,1264.0000,1167.0000,1347.0000,1194.0000,1496.0000,107.635,126.738,146.150,110.057,74.346,65.233,1242,1252,1273,1261,1261,1533,77,89,86,0,30,16,0,1,1,0,0,1,4.9908,4.9908,4.9908,4.9908,2.9084,4.5916,1321.7772,1229.8977,1131.7710,1297.3688,1226.0314,1531.4272,1,on,1
1786107530.119323,1,1,,1343.0000,1286.0000,1192.0000,1352.0000,1192.0000,1473.0000,110.969,122.219,141.131,109.106,74.951,70.256,1260,1241,1263,1262,1263,1532,78,0,80,90,31,0,0,1,1,0,0,1,4.9908,4.9908,4.9908,4.9908,2.9084,4.5916,1321.7772,1240.7270,1140.1377,1306.8831,1226.0314,1520.9932,1,on,1
1786107530.160553,1,1,,1349.0000,1247.0000,1221.0000,1334.0000,1216.0000,1474.0000,109.627,130.171,135.275,112.763,66.784,70.141,1290,1239,1241,1281,1268,1532,63,0,85,68,30,0,0,0,1,0,0,1,4.9908,4.9908,4.9908,4.9908,2.9084,4.5916,1321.7772,1240.7270,1155.6743,1306.8831,1221.6043,1520.9932,1,on,1
1786107530.187489,1,1,,1384.0000,1275.0000,1211.0000,1348.0000,1195.0000,1487.0000,102.592,124.605,137.306,109.984,73.789,67.202,1303,1239,1229,1295,1270,1532,66,0,97,32,0,29,0,0,1,0,1,1,4.9908,4.9908,4.9908,4.9908,2.9084,4.5916,1334.5579,1240.7270,1163.5605,1315.0853,1221.6043,1511.8915,1,on,1
1786107530.219501,1,1,,1372.0000,1304.0000,1215.0000,1368.0000,1171.0000,1521.0000,105.020,118.795,136.546,105.914,82.091,59.748,1315,1239,1213,1301,1270,1524,0,0,108,0,23,33,0,0,1,0,1,1,4.9908,4.9908,4.9908,4.9908,2.9084,4.5916,1334.5579,1253.1235,1171.6282,1315.0853,1214.4309,1511.8915,1,on,1
1786107530.255318,1,1,,1402.0000,1321.0000,1218.0000,1408.0000,1202.0000,1487.0000,99.008,115.386,135.862,97.816,71.445,67.288,1317,1239,1195,1302,1269,1515,27,0,92,14,62,20,0,0,1,0,1,1,4.9908,4.9908,4.9908,4.9908,2.9084,4.5916,1349.0256,1264.4723,1171.6282,1338.1398,1214.4309,1511.8915,1,on,1
1786107530.287699,1,1,,1410.0000,1321.0000,1270.0000,1417.0000,1213.0000,1511.0000,97.394,115.309,125.549,96.097,67.881,61.993,1350,1268,1182,1344,1249,1511,25,23,0,9,42,0,0,0,0,0,1,1,4.9908,4.9908,4.9908,4.9908,2.9084,4.5916,1358.4198,1273.2695,1195.5588,1352.8078,1214.4309,1511.8915,1,on,1
1786107530.419765,1,1,,1375.0000,1259.0000,1217.0000,1376.0000,1206.0000,1497.0000,104.548,127.734,136.202,104.182,70.068,65.148,1351,1271,1182,1345,1248,1512,30,14,0,12,37,0,0,0,0,0,1,1,4.9908,4.9908,4.9908,4.9908,2.9084,4.5916,1358.4198,1273.2695,1195.5588,1352.8078,1214.4309,1511.8915,0,on,1
1786107530.429840,1,1,,1412.0000,1332.0000,1277.0000,1438.0000,1195.0000,1506.0000,97.128,113.018,124.036,91.908,73.764,63.166,1353,1273,1182,1346,1247,1511,22,15,0,19,40,0,0,0,0,0,1,1,4.9908,4.9908,4.9908,4.9908,2.9084,4.5916,1358.4198,1273.2695,1205.1008,1363.2107,1214.4309,1511.8915,1,on,1
1786107530.441906,1,1,,1328.0000,1273.0000,1292.0000,1371.0000,1296.0000,1462.0000,113.849,124.986,121.113,105.314,39.144,72.660,1354,1275,1182,1348,1247,1511,20,0,0,13,46,0,0,1,0,0,1,1,4.9908,4.9908,4.9908,4.9908,2.9084,4.5916,1358.4198,1273.2695,1215.4788,1363.2107,1214.4309,1511.8915,1,on,1
1786107530.454223,1,1,,1411.0000,1489.0000,1379.0000,1589.0000,1140.0000,1591.0000,97.247,81.623,103.661,61.645,135.122,44.562,1354,1275,1182,1349,1245,1512,20,0,0,9,40,0,0,1,0,0,1,1,4.9908,4.9908,4.9908,4.9908,2.9084,4.5916,1358.4198,1310.2082,1245.8451,1406.0297,1214.4309,1511.8915,1,on,1
1786107530.466878,1,0,hand looks flipped,1496.0000,1578.0000,1559.0000,1746.0000,1209.0000,1850.0000,80.282,63.833,67.546,30.221,69.159,-95.813,1354,1275,1182,1350,1245,1512,20,0,0,14,42,0,0,1,0,0,1,1,4.9908,4.9908,4.9908,4.9908,2.9084,4.5916,1381.8574,1380.9251,1337.8700,1509.6911,1214.4309,1511.8915,1,on,1
1786107530.487628,1,1,,1546.0000,1599.0000,1562.0000,1605.0000,1140.0000,1496.0000,70.165,59.600,67.045,58.305,138.559,65.285,1357,1275,1183,1351,1243,1512,14,0,52,13,53,0,0,0,0,0,1,1,4.9908,4.9908,4.9908,4.9908,2.9084,4.5916,1422.9987,1464.6952,1429.5374,1544.5849,1207.1195,1511.8915,1,on,1
1786107530.519931,1,0,handedness unsure,1850.0000,1671.0000,1620.0000,1533.0000,1214.0000,1850.0000,6.430,45.244,55.365,72.813,67.422,-117.470,1361,1277,1200,1361,1239,1511,46,48,65,44,46,0,0,0,0,0,1,1,4.9908,4.9908,4.9908,4.9908,2.9084,4.5916,1624.4335,1558.3191,1517.9985,1544.5849,1207.1195,1511.8915,1,on,1
1786107530.555533,1,0,hand looks flipped,1703.0000,1637.0000,1574.0000,1580.0000,1249.0000,1850.0000,38.658,51.895,64.602,63.474,55.452,-125.207,1368,1285,1212,1372,1237,1511,71,65,74,52,38,0,0,0,0,0,1,1,4.9908,4.9908,4.9908,4.9908,2.9084,4.5916,1655.1312,1587.9872,1538.8415,1544.5849,1207.1195,1511.8915,1,on,1
1786107530.587688,1,0,hand looks flipped,1679.0000,1530.0000,1494.0000,1501.0000,1288.0000,1850.0000,43.509,73.457,80.658,79.163,41.816,-123.745,1397,1316,1248,1401,1232,1512,80,83,63,58,43,0,0,0,0,0,1,1,4.9908,4.9908,4.9908,4.9908,2.9084,4.5916,1655.1312,1577.3192,1530.2306,1544.5849,1207.1195,1511.8915,1,on,1
1786107530.620060,1,0,hand looks flipped,1608.0000,1492.0000,1465.0000,1456.0000,1312.0000,1850.0000,57.882,81.008,86.386,88.262,33.766,-116.510,1405,1323,1254,1404,1230,1512,64,63,60,57,40,0,0,0,0,0,1,1,4.9908,4.9908,4.9908,4.9908,2.9084,4.5916,1655.1312,1577.3192,1530.2306,1544.5849,1207.1195,1511.8915,0,on,1
1786107530.655530,1,0,hand looks flipped,1586.0000,1476.0000,1460.0000,1480.0000,1310.0000,1850.0000,62.134,84.183,87.453,83.506,34.487,-110.591,1425,1344,1270,1426,1227,1512,69,70,70,64,33,0,0,0,0,0,1,1,4.9908,4.9908,4.9908,4.9908,2.9084,4.5916,1655.1312,1562.5371,1521.8171,1531.8125,1207.1195,1511.8915,1,on,1
1786107530.687656,1,0,hand looks flipped,1606.0000,1516.0000,1484.0000,1501.0000,1307.0000,1850.0000,58.171,76.237,82.687,79.305,35.258,-112.182,1443,1362,1292,1444,1225,1512,71,64,55,58,44,0,0,0,0,0,1,1,4.9908,4.9908,4.9908,4.9908,2.9084,4.5916,1655.1312,1562.5371,1521.8171,1531.8125,1207.1195,1511.8915,0,on,1
1786107530.719599,1,0,handedness unsure,1743.0000,1700.0000,1732.0000,1708.0000,1255.0000,1850.0000,30.760,39.441,33.019,37.753,53.155,-21.984,1456,1374,1305,1456,1222,1512,65,60,63,60,40,0,0,0,0,0,1,1,4.9908,4.9908,4.9908,4.9908,2.9084,4.5916,1655.1312,1573.3823,1562.0648,1558.6238,1207.1195,1511.8915,1,on,1
1786107530.755722,1,1,,1648.0000,1742.0000,1699.0000,1741.0000,1173.0000,1436.0000,49.778,31.028,39.579,31.143,81.568,78.308,1479,1397,1326,1480,1219,1511,70,60,57,32,45,0,0,0,0,0,1,1,4.9908,4.9908,4.9908,4.9908,2.9084,4.5916,1655.1312,1615.8527,1598.5216,1610.4865,1202.4843,1502.7116,1,on,1
1786107530.788942,1,1,,1621.0000,1758.0000,1622.0000,1624.0000,1140.0000,1542.0000,55.235,27.644,54.973,54.575,178.804,55.213,1490,1407,1336,1490,1216,1512,64,59,53,44,35,0,0,0,0,0,1,1,4.9908,4.9908,4.9908,4.9908,2.9084,4.5916,1655.1312,1654.7465,1598.5216,1610.4865,1193.2751,1502.7116,1,on,1
1786107530.819565,1,1,,1591.0000,1664.0000,1577.0000,1416.0000,1140.0000,1562.0000,61.102,46.517,64.055,96.322,180.209,50.946,1507,1425,1353,1509,1214,1512,67,62,58,28,49,0,0,0,0,0,1,1,4.9908,4.9908,4.9908,4.9908,2.9084,4.5916,1655.1312,1654.7465,1598.5216,1584.6418,1185.6506,1502.7116,1,on,1
1786107530.855621,1,1,,1444.0000,1587.0000,1547.0000,1381.0000,1140.0000,1535.0000,90.586,61.952,69.920,103.281,113.285,56.722,1524,1442,1369,1524,1209,1510,68,59,59,52,35,26,0,0,0,0,1,1,4.9908,4.9908,4.9908,4.9908,2.9084,4.5916,1592.0711,1654.7465,1598.5216,1525.0980,1178.7945,1510.9504,1,on,1
1786107530.887770,1,0,hand looks flipped,1375.0000,1455.0000,1661.0000,1692.0000,1316.0000,1850.0000,104.444,88.461,47.234,41.012,32.377,-81.437,1541,1513,1439,1538,1196,1506,50,61,59,14,42,13,1,0,0,1,1,0,4.9908,4.9908,4.9908,4.9908,2.9084,4.5916,1520.0017,1610.7171,1598.5216,1525.0980,1178.7945,1510.9504,1,on,1
1786107531.020357,1,0,hand looks flipped,1310.0000,1351.0000,1575.0000,1724.0000,1313.0000,1850.0000,117.515,109.276,64.476,34.645,33.485,-141.987,1538,1519,1444,1537,1195,1506,39,63,53,0,44,19,1,0,0,1,1,0,4.9908,4.9908,4.9908,4.9908,2.9084,4.5916,1426.1311,1500.4984,1598.5216,1589.5029,1178.7945,1510.9504,1,on,1
1786107531.030251,1,0,hand looks flipped,1247.0000,1189.0000,1397.0000,1614.0000,1273.0000,1850.0000,130.114,141.753,100.128,56.649,46.969,-104.036,1535,1525,1450,1537,1194,1505,35,62,63,0,43,20,1,0,0,1,1,0,4.9908,4.9908,4.9908,4.9908,2.9084,4.5916,1395.0758,1431.5990,1578.5945,1589.5029,1178.7945,1510.9504,1,on,1
1786107531.046120,1,0,hand looks flipped,1273.0000,1232.0000,1341.0000,1550.0000,1279.0000,1850.0000,125.005,133.145,111.256,69.479,44.882,-114.335,1534,1530,1456,1537,1192,1505,29,62,58,0,42,20,1,1,0,0,1,0,4.9908,4.9908,4.9908,4.9908,2.9084,4.5916,1363.3424,1364.5471,1515.0246,1589.5029,1178.7945,1510.9504,1,on,1
1786107531.062907,1,1,,1358.0000,1252.0000,1204.0000,1307.0000,1346.0000,1611.0000,107.899,129.046,138.687,118.148,22.034,40.220,1531,1541,1466,1537,1191,1508,53,10,55,0,40,18,1,1,0,0,1,0,4.9908,4.9908,4.9908,4.9908,2.9084,4.5916,1363.3424,1327.9011,1402.9613,1534.4752,1194.9532,1522.3490,1,on,1
1786107531.077743,1,1,,1343.0000,1213.0000,1185.0000,1327.0000,1305.0000,1557.0000,110.924,136.923,142.449,114.022,36.141,52.097,1530,1543,1471,1537,1190,1508,90,30,64,0,42,19,1,1,1,1,0,0,4.9908,4.9908,4.9908,4.9908,2.9084,4.5916,1363.3424,1294.4836,1325.6360,1482.5571,1210.4605,1522.3490,1,on,1
1786107531.087729,1,1,,1363.0000,1209.0000,1173.0000,1317.0000,1306.0000,1599.0000,106.911,137.771,145.024,116.175,35.619,42.876,1525,1543,1480,1537,1189,1508,84,61,42,46,46,18,1,1,1,1,0,0,4.9908,4.9908,4.9908,4.9908,2.9084,4.5916,1363.3424,1276.0375,1282.6007,1445.8839,1222.8569,1533.0008,1,on,1
1786107531.119253,1,1,,1320.0000,1211.0000,1165.0000,1296.0000,1277.0000,1583.0000,115.454,137.373,146.485,120.367,45.564,46.327,1507,1528,1485,1537,1187,1513,90,111,70,0,0,86,1,1,1,1,0,0,4.9908,4.9908,4.9908,4.9908,2.9084,4.5916,1351.9498,1252.1790,1228.2486,1383.4599,1236.6608,1543.4362,1,on,1
1786107531.155269,1,1,,1334.0000,1195.0000,1161.0000,1300.0000,1282.0000,1555.0000,112.788,140.597,147.418,119.502,43.929,52.433,1490,1504,1471,1537,1187,1532,100,103,99,67,26,36,1,1,1,1,0,0,4.9908,4.9908,4.9908,4.9908,2.9084,4.5916,1351.9498,1234.7586,1202.4842,1353.5702,1246.5304,1543.4362,1,on,1
1786107531.187286,1,1,,1306.0000,1186.0000,1166.0000,1299.0000,1272.0000,1551.0000,118.319,142.250,146.444,119.667,47.325,53.332,1476,1488,1455,1527,1187,1536,106,94,92,54,61,28,1,1,1,1,0,0,4.9908,4.9908,4.9908,4.9908,2.9084,4.5916,1343.6205,1223.8377,1192.7964,1339.2501,1246.5304,1543.4362,1,on,1
1786107531.219247,1,1,,1397.0000,1267.0000,1187.0000,1340.0000,1271.0000,1495.0000,100.126,126.134,142.091,111.498,47.929,65.548,1457,1463,1430,1504,1193,1541,103,89,71,60,53,21,1,1,1,1,0,0,4.9908,4.9908,4.9908,4.9908,2.9084,4.5916,1343.6205,1223.8377,1192.7964,1339.2501,1252.7623,1543.4362,1,on,1
1786107531.255248,1,1,,1341.0000,1224.0000,1148.0000,1301.0000,1284.0000,1477.0000,111.188,134.799,149.951,119.379,43.344,69.327,1438,1445,1410,1483,1199,1542,86,92,92,60,46,16,1,1,1,1,0,0,4.9908,4.9908,4.9908,4.9908,2.9084,4.5916,1343.6205,1223.8377,1184.5900,1339.2501,1252.7623,1543.4362,1,on,1
1786107531.287623,1,1,,1354.0000,1237.0000,1143.0000,1303.0000,1261.0000,1486.0000,108.654,132.097,150.900,118.929,51.339,67.374,1367,1369,1330,1402,1217,1540,99,84,86,70,26,41,1,1,1,1,0,1,4.9908,4.9908,4.9908,4.9908,2.9084,4.5916,1343.6205,1223.8377,1184.5900,1329.8083,1252.7623,1530.6982,1,on,1
1786107531.420070,1,1,,1034.0000,1195.0000,1034.0000,1240.0000,1175.0000,1555.0000,185.172,140.455,182.343,131.593,80.896,52.509,1361,1363,1324,1399,1218,1536,0,83,79,68,28,31,1,1,1,1,0,1,4.9908,4.9908,4.9908,4.9908,2.9084,4.5916,1225.4856,1223.8377,1135.9992,1309.3892,1247.2299,1530.6982,1,on,1
1786107531.437219,1,1,,1297.0000,1248.0000,1276.0000,1581.0000,1151.0000,1576.0000,120.155,129.955,124.394,63.130,88.961,47.826,1354,1352,1315,1388,1220,1532,0,84,96,63,31,17,1,1,1,1,0,1,4.9908,4.9908,4.9908,4.9908,2.9084,4.5916,1225.4856,1223.8377,1144.5896,1357.0328,1237.1948,1530.6982,1,on,1
1786107531.448386,1,1,,1395.0000,1536.0000,1428.0000,1449.0000,1140.0000,1554.0000,100.428,72.150,93.817,89.625,95.627,52.725,1354,1352,1315,1388,1220,1532,35,87,86,57,31,0,1,1,1,1,0,1,4.9908,4.9908,4.9908,4.9908,2.9084,4.5916,1243.3837,1281.5659,1197.4214,1370.5462,1226.2512,1530.6982,1,on,1
1786107531.457882,1,1,,1365.0000,1501.0000,1419.0000,1440.0000,1310.0000,1533.0000,106.380,79.219,95.688,91.419,34.478,57.298,1354,1348,1308,1382,1221,1531,72,79,86,68,30,0,1,1,1,1,0,1,4.9908,4.9908,4.9908,4.9908,2.9084,4.5916,1258.3910,1330.2867,1247.5004,1380.1709,1226.2512,1530.6982,1,on,1
1786107531.471447,1,1,,1458.0000,1572.0000,1535.0000,1566.0000,1217.0000,1522.0000,87.929,65.080,72.388,66.202,66.472,59.644,1352,1337,1297,1375,1222,1531,100,89,85,0,0,0,1,1,1,1,0,1,4.9908,4.9908,4.9908,4.9908,2.9084,4.5916,1305.6820,1410.6611,1348.5280,1425.3144,1226.2512,1530.6982,1,on,1
1786107531.487717,1,1,,1394.0000,1591.0000,1566.0000,1564.0000,1152.0000,1522.0000,100.735,61.195,66.239,66.628,88.589,59.630,1347,1330,1292,1375,1222,1530,104,74,76,14,0,0,1,0,1,0,0,0,4.9908,4.9908,4.9908,4.9908,2.9084,4.5916,1328.4004,1477.5798,1435.0710,1465.0168,1220.7986,1530.6982,1,on,1
1786107531.519724,1,1,,1444.0000,1594.0000,1582.0000,1625.0000,1151.0000,1522.0000,90.738,60.654,63.080,54.451,88.963,59.540,1331,1326,1275,1375,1222,1530,45,26,20,46,0,0,1,0,0,0,1,0,4.9908,4.9908,4.9908,4.9908,2.9084,4.5916,1369.1280,1529.7077,1505.9072,1528.9632,1207.8992,1530.6982,1,on,1
1786107531.555739,1,1,,1421.0000,1605.0000,1583.0000,1639.0000,1140.0000,1502.0000,95.288,58.413,62.791,51.637,93.117,63.900,1330,1326,1275,1390,1222,1530,8,58,80,50,0,0,0,0,0,0,1,0,4.9908,4.9908,4.9908,4.9908,2.9084,4.5916,1384.0560,1557.8428,1536.8437,1568.5935,1194.7302,1530.6982,1,on,1
1786107531.587722,1,1,,1417.0000,1610.0000,1575.0000,1622.0000,1140.0000,1521.0000,96.097,57.397,64.476,54.999,94.672,59.869,1339,1348,1305,1414,1222,1530,70,86,67,56,31,0,0,0,0,0,1,0,4.9908,4.9908,4.9908,4.9908,2.9084,4.5916,1384.0560,1571.9629,1547.5073,1582.6250,1185.6254,1530.6982,1,on,1
1786107531.620518,1,1,,1406.0000,1614.0000,1573.0000,1616.0000,1140.0000,1555.0000,98.325,56.672,64.731,56.267,95.533,52.372,1344,1353,1313,1424,1222,1530,76,70,80,57,69,0,0,0,0,0,1,0,4.9908,4.9908,4.9908,4.9908,2.9084,4.5916,1392.8305,1580.9777,1547.5073,1582.6250,1178.6136,1530.6982,1,on,1
1786107531.655456,1,1,,1404.0000,1607.0000,1558.0000,1547.0000,1155.0000,1614.0000,98.608,57.942,67.897,69.913,87.706,39.587,1366,1376,1335,1441,1219,1531,49,84,64,45,66,0,0,0,0,0,1,1,4.9908,4.9908,4.9908,4.9908,2.9084,4.5916,1392.8305,1580.9777,1547.5073,1582.6250,1178.6136,1541.6074,1,on,1
1786107531.687655,1,1,,1430.0000,1627.0000,1594.0000,1595.0000,1193.0000,1615.0000,93.362,54.024,60.525,60.457,74.724,39.440,1391,1456,1416,1515,1200,1551,0,71,64,42,48,12,0,0,0,0,1,0,4.9908,4.9908,4.9908,4.9908,2.9084,4.5916,1392.8305,1591.1634,1558.5371,1582.6250,1178.6136,1552.6660,1,on,1
1786107531.820192,1,1,,1446.0000,1631.0000,1627.0000,1578.0000,1190.0000,1647.0000,90.339,53.081,54.042,63.793,75.754,32.382,1391,1459,1421,1523,1199,1553,0,66,57,50,40,0,0,0,0,0,1,1,4.9908,4.9908,4.9908,4.9908,2.9084,4.5916,1405.5936,1591.1634,1572.5443,1582.6250,1178.6136,1576.3167,1,on,1
1786107531.837457,1,1,,1476.0000,1674.0000,1634.0000,1697.0000,1239.0000,1646.0000,84.333,44.510,52.500,39.914,58.859,32.640,1392,1474,1434,1534,1196,1554,0,67,48,50,43,0,0,0,0,0,1,0,4.9908,4.9908,4.9908,4.9908,2.9084,4.5916,1405.5936,1605.9873,1572.5443,1597.5830,1178.6136,1584.2748,1,on,1
1786107531.848190,1,1,,1476.0000,1664.0000,1634.0000,1610.0000,1203.0000,1634.0000,84.156,46.618,52.507,57.328,71.209,35.294,1391,1477,1439,1541,1195,1554,0,61,57,39,46,0,0,0,0,0,1,0,4.9908,4.9908,4.9908,4.9908,2.9084,4.5916,1417.7379,1605.9873,1583.0749,1597.5830,1178.6136,1584.2748,1,on,1
1786107531.858397,1,1,,1492.0000,1690.0000,1655.0000,1696.0000,1231.0000,1609.0000,81.014,41.296,48.306,40.082,61.593,40.699,1391,1477,1439,1541,1195,1554,0,58,56,37,41,0,0,0,0,0,1,0,4.9908,4.9908,4.9908,4.9908,2.9084,4.5916,1425.6752,1619.6761,1583.0749,1608.2336,1184.7176,1584.2748,1,on,1
1786107531.869009,1,1,,1501.0000,1706.0000,1650.0000,1688.0000,1232.0000,1584.0000,79.199,38.224,49.425,41.779,61.351,46.229,1391,1483,1443,1549,1194,1554,0,60,61,56,44,52,0,0,0,0,1,0,4.9908,4.9908,4.9908,4.9908,2.9084,4.5916,1435.4290,1631.5108,1597.5471,1618.3930,1184.7176,1584.2748,1,on,1
1786107531.887670,1,1,,1511.0000,1705.0000,1645.0000,1638.0000,1214.0000,1575.0000,77.258,38.419,50.288,51.776,67.356,48.112,,,,,,,,,,,,,,,,,,,4.9908,4.9908,4.9908,4.9908,2.9084,4.5916,1450.8193,1646.9409,1605.7967,1618.3930,1191.4965,1584.2748,1,on,
1786107531.919706,1,1,,1506.0000,1688.0000,1616.0000,1608.0000,1214.0000,1578.0000,78.190,41.780,56.220,57.758,67.360,47.434,1402,1512,1471,1575,1189,1562,67,60,69,49,20,30,0,0,0,0,0,0,4.9908,4.9908,4.9908,4.9908,2.9084,4.5916,1464.3546,1656.7709,1605.7967,1618.3930,1191.4965,1584.2748,1,on,1
1786107531.955640,1,1,,1487.0000,1684.0000,1632.0000,1596.0000,1220.0000,1558.0000,82.029,42.639,53.007,60.250,65.354,51.806,1420,1529,1488,1594,1189,1566,66,57,57,47,28,27,0,0,0,0,0,0,4.9908,4.9908,4.9908,4.9908,2.9084,4.5916,1464.3546,1656.7709,1605.7967,1618.3930,1197.7156,1584.2748,1,on,1
1786107531.987564,1,1,,1465.0000,1659.0000,1617.0000,1560.0000,1210.0000,1555.0000,86.399,47.622,55.982,67.389,68.818,52.442,1440,1545,1503,1608,1188,1566,66,68,66,0,20,29,0,0,0,0,0,0,4.9908,4.9908,4.9908,4.9908,2.9084,4.5916,1464.3546,1656.7709,1605.7967,1618.3930,1197.7156,1584.2748,0,on,1
1786107532.019525,1,1,,1462.0000,1646.0000,1605.0000,1559.0000,1194.0000,1557.0000,86.960,50.269,58.463,67.677,74.314,52.060,1450,1556,1514,1608,1188,1567,17,70,58,26,0,26,0,0,0,0,0,0,4.9908,4.9908,4.9908,4.9908,2.9084,4.5916,1464.3546,1656.7709,1605.7967,1608.8635,1197.7156,1584.2748,1,on,1
1786107532.055530,1,1,,1479.0000,1654.0000,1617.0000,1567.0000,1210.0000,1560.0000,83.540,48.518,56.061,66.025,68.890,51.407,1455,1577,1533,1611,1188,1567,25,61,71,0,22,27,0,0,0,1,0,0,4.9908,4.9908,4.9908,4.9908,2.9084,4.5916,1464.3546,1656.7709,1605.7967,1608.8635,1197.7156,1584.2748,0,on,1
1786107532.087525,1,1,,1482.0000,1666.0000,1611.0000,1575.0000,1218.0000,1557.0000,83.109,46.233,57.227,64.335,65.921,51.968,1458,1593,1550,1612,1188,1568,19,62,53,11,26,27,0,0,0,1,0,0,4.9908,4.9908,4.9908,4.9908,2.9084,4.5916,1464.3546,1656.7709,1605.7967,1600.9189,1197.7156,1584.2748,1,on,1
1786107532.119407,1,1,,1468.0000,1645.0000,1610.0000,1551.0000,1220.0000,1569.0000,85.791,50.350,57.357,69.285,65.401,49.410,1461,1611,1567,1612,1191,1568,0,62,58,44,20,31,0,0,0,1,0,0,4.9908,4.9908,4.9908,4.9908,2.9084,4.5916,1464.3546,1656.7709,1605.7967,1600.9189,1197.7156,1584.2748,0,on,1
1786107532.155510,1,1,,1479.0000,1662.0000,1633.0000,1555.0000,1208.0000,1571.0000,83.690,46.898,52.688,68.369,69.359,49.000,1462,1629,1586,1604,1192,1568,0,52,58,0,14,28,0,0,0,1,0,0,4.9908,4.9908,4.9908,4.9908,2.9084,4.5916,1464.3546,1656.7709,1605.7967,1589.8446,1197.7156,1584.2748,1,on,1
1786107532.187551,1,1,,1481.0000,1653.0000,1599.0000,1556.0000,1209.0000,1583.0000,83.317,48.719,59.655,68.260,68.945,46.269,1462,1645,1594,1604,1192,1568,0,0,0,0,0,0,0,0,0,1,0,0,4.9908,4.9908,4.9908,4.9908,2.9084,4.5916,1464.3546,1656.7709,1605.7967,1589.8446,1197.7156,1584.2748,0,on,1
1786107532.219521,1,1,,1470.0000,1653.0000,1622.0000,1572.0000,1219.0000,1580.0000,85.518,48.862,55.076,65.012,65.648,46.957,1462,1645,1595,1601,1194,1568,0,28,19,0,17,51,0,0,0,1,0,0,4.9908,4.9908,4.9908,4.9908,2.9084,4.5916,1464.3546,1656.7709,1605.7967,1589.8446,1202.7204,1584.2748,1,on,1
1786107532.255294,1,1,,1484.0000,1639.0000,1607.0000,1530.0000,1205.0000,1599.0000,82.716,51.547,57.964,73.400,70.374,42.813,1462,1652,1600,1596,1195,1573,0,18,17,25,15,37,0,0,0,1,0,0,4.9908,4.9908,4.9908,4.9908,2.9084,4.5916,1464.3546,1656.7709,1605.7967,1578.1092,1202.7204,1584.2748,1,on,1
1786107532.287568,1,1,,1513.0000,1651.0000,1636.0000,1598.0000,1218.0000,1602.0000,76.900,49.080,52.253,59.746,65.969,42.237,1462,1654,1602,1592,1196,1576,0,15,0,15,18,44,0,0,0,1,0,0,4.9908,4.9908,4.9908,4.9908,2.9084,4.5916,1473.8243,1656.7709,1613.4860,1578.1092,1202.7204,1584.2748,1,on,1
1786107532.319484,1,1,,1502.0000,1668.0000,1660.0000,1612.0000,1223.0000,1607.0000,79.030,45.776,47.445,57.070,64.293,41.141,1462,1654,1602,1590,1197,1581,20,0,0,0,15,16,0,0,0,1,0,0,4.9908,4.9908,4.9908,4.9908,2.9084,4.5916,1473.8243,1656.7709,1613.4860,1578.1092,1202.7204,1584.2748,0,on,1
1786107532.355474,1,1,,1460.0000,1638.0000,1624.0000,1602.0000,1185.0000,1611.0000,87.481,51.767,54.672,58.992,77.279,40.315,1466,1654,1604,1591,1198,1581,27,0,20,0,0,17,0,0,0,1,0,0,4.9908,4.9908,4.9908,4.9908,2.9084,4.5916,1473.8243,1656.7709,1613.4860,1578.1092,1202.7204,1584.2748,0,on,1
1786107532.387626,1,1,,1447.0000,1637.0000,1615.0000,1638.0000,1188.0000,1600.0000,90.134,52.051,56.397,51.862,76.482,42.742,1471,1654,1608,1590,1199,1581,16,0,15,9,20,20,0,0,0,1,0,0,4.9908,4.9908,4.9908,4.9908,2.9084,4.5916,1473.8243,1656.7709,1613.4860,1587.1318,1202.7204,1584.2748,1,on,1
1786107532.419625,1,1,,1452.0000,1661.0000,1631.0000,1619.0000,1187.0000,1609.0000,88.962,47.180,53.206,55.616,76.508,40.736,1472,1654,1610,1588,1200,1581,0,0,0,0,17,22,1,0,0,1,0,0,4.9908,4.9908,4.9908,4.9908,2.9084,4.5916,1473.8243,1656.7709,1613.4860,1587.1318,1202.7204,1584.2748,0,on,1
1786107532.455630,1,1,,1467.0000,1640.0000,1638.0000,1578.0000,1170.0000,1625.0000,86.066,51.451,51.727,63.877,82.351,37.300,1472,1654,1610,1588,1201,1581,0,0,0,0,0,29,1,0,0,1,1,0,4.9908,4.9908,4.9908,4.9908,2.9084,4.5916,1473.8243,1656.7709,1613.4860,1587.1318,1202.7204,1584.2748,0,on,1
1786107532.487626,1,1,,1461.0000,1616.0000,1612.0000,1598.0000,1194.0000,1612.0000,87.163,56.173,57.006,59.751,74.382,40.084,1472,1654,1610,1588,1201,1592,0,0,0,0,0,27,1,0,0,1,1,1,4.9908,4.9908,4.9908,4.9908,2.9084,4.5916,1473.8243,1656.7709,1613.4860,1587.1318,1202.7204,1592.6754,1,on,1
1786107532.619786,1,1,,1473.0000,1620.0000,1653.0000,1575.0000,1178.0000,1627.0000,84.924,55.402,48.734,64.363,79.598,36.689,1472,1654,1610,1588,1201,1592,0,0,0,0,0,27,1,0,0,1,1,1,4.9908,4.9908,4.9908,4.9908,2.9084,4.5916,1473.8243,1648.9131,1622.2463,1587.1318,1198.1730,1592.6754,1,on,1
1786107532.632184,1,1,,1378.0000,1549.0000,1591.0000,1508.0000,1204.0000,1647.0000,103.820,69.617,61.100,77.876,70.885,32.395,1472,1654,1610,1588,1201,1592,0,0,0,0,0,0,1,0,0,1,1,1,4.9908,4.9908,4.9908,4.9908,2.9084,4.5916,1465.6781,1640.1598,1622.2463,1587.1318,1198.1730,1599.8712,1,on,1
1786107532.646738,1,1,,1343.0000,1548.0000,1501.0000,1448.0000,1218.0000,1603.0000,110.850,69.791,79.257,89.851,65.886,42.054,1472,1654,1610,1588,1201,1592,0,0,0,0,0,0,1,1,0,1,1,1,4.9908,4.9908,4.9908,4.9908,2.9084,4.5916,1447.7021,1627.3596,1609.1207,1564.5480,1198.1730,1599.8712,1,on,1
1786107532.655794,1,1,,1252.0000,1480.0000,1422.0000,1408.0000,1214.0000,1581.0000,129.208,83.346,95.138,97.798,67.452,46.811,1472,1654,1610,1588,1201,1593,0,0,22,0,19,0,1,1,1,1,1,0,4.9908,4.9908,4.9908,4.9908,2.9084,4.5916,1414.8758,1606.1515,1582.1085,1540.7632,1198.1730,1599.8712,1,on,1
1786107532.671486,1,1,,1347.0000,1504.0000,1424.0000,1524.0000,1221.0000,1598.0000,110.149,78.584,94.667,74.524,64.904,43.058,1472,1654,1612,1588,1201,1593,0,0,25,0,22,0,1,1,1,1,1,0,4.9908,4.9908,4.9908,4.9908,2.9084,4.5916,1398.7283,1582.5130,1540.9839,1540.7632,1198.1730,1599.8712,1,on,1
1786107532.687638,1,1,,1452.0000,1334.0000,1269.0000,1397.0000,1222.0000,1572.0000,89.041,112.633,125.693,100.087,64.473,48.798,1472,1654,1613,1588,1201,1593,36,58,0,28,41,0,1,1,1,1,1,0,4.9908,4.9908,4.9908,4.9908,2.9084,4.5916,1406.9187,1505.7061,1449.6542,1504.7806,1198.1730,1599.8712,1,on,1
1786107532.719632,1,1,,1356.0000,1224.0000,1168.0000,1394.0000,1250.0000,1506.0000,108.358,134.814,145.875,100.603,55.036,63.103,1470,1648,1613,1578,1201,1593,101,82,55,55,20,0,1,1,1,1,1,0,4.9908,4.9908,4.9908,4.9908,2.9084,4.5916,1395.9285,1373.0476,1312.1494,1468.1898,1206.5397,1586.6789,1,on,1
1786107532.755563,1,1,,1363.0000,1188.0000,1127.0000,1299.0000,1262.0000,1430.0000,106.813,141.960,154.107,119.636,50.974,79.649,1449,1623,1598,1561,1200,1593,116,92,82,60,22,0,1,1,1,1,0,1,4.9908,4.9908,4.9908,4.9908,2.9084,4.5916,1395.9285,1290.4358,1227.3893,1408.2505,1214.4193,1547.7704,1,on,1
1786107532.787237,1,1,,1238.0000,1109.0000,1087.0000,1232.0000,1226.0000,1461.0000,131.929,157.683,162.151,133.111,63.420,72.829,1428,1599,1577,1537,1199,1593,103,84,80,48,0,0,1,1,1,1,0,1,4.9908,4.9908,4.9908,4.9908,2.9084,4.5916,1352.9709,1218.7694,1173.9661,1348.0220,1214.4193,1528.4004,1,on,1
1786107532.819543,1,1,,1189.0000,1069.0000,1113.0000,1272.0000,1227.0000,1463.0000,141.772,165.690,157.020,125.210,62.803,72.423,1414,1587,1564,1525,1199,1593,106,89,78,64,29,83,1,1,1,1,0,1,4.9908,4.9908,4.9908,4.9908,2.9084,4.5916,1304.7198,1163.6177,1155.4508,1326.1555,1214.4193,1514.9717,1,on,1
1786107532.855281,1,1,,1196.0000,1070.0000,1108.0000,1259.0000,1228.0000,1431.0000,140.341,165.594,158.062,127.647,62.612,79.453,1389,1558,1536,1498,1201,1566,112,80,95,61,58,108,1,1,1,1,0,1,4.9908,4.9908,4.9908,4.9908,2.9084,4.5916,1273.1099,1133.0770,1143.6763,1309.0989,1214.4193,1496.5658,1,on,1
1786107532.887503,1,1,,1171.0000,1077.0000,1124.0000,1295.0000,1214.0000,1437.0000,145.421,164.203,154.687,120.497,67.508,78.148,1376,1546,1524,1484,1204,1544,102,77,84,62,59,73,1,1,1,1,0,1,4.9908,4.9908,4.9908,4.9908,2.9084,4.5916,1246.5090,1119.3361,1143.6763,1309.0989,1214.4193,1485.5019,1,on,1
1786107532.919429,1,1,,1169.0000,1079.0000,1130.0000,1291.0000,1205.0000,1433.0000,145.718,163.852,153.525,121.391,70.594,79.030,1360,1528,1505,1466,1209,1513,102,92,77,62,57,92,1,1,1,1,0,1,4.9908,4.9908,4.9908,4.9908,2.9084,4.5916,1228.3244,1111.5475,1143.6763,1309.0989,1214.4193,1476.6318,1,on,1
1786107532.955518,1,1,,1173.0000,1070.0000,1131.0000,1281.0000,1235.0000,1399.0000,145.019,165.587,153.423,123.368,60.020,86.396,1341,1510,1488,1449,1214,1499,97,82,77,50,54,0,1,1,1,1,0,1,4.9908,4.9908,4.9908,4.9908,2.9084,4.5916,1216.5709,1111.5475,1143.6763,1309.0989,1214.4193,1461.5109,1,on,1
1786107532.987300,1,1,,1162.0000,1072.0000,1136.0000,1269.0000,1233.0000,1415.0000,147.086,165.121,152.392,125.655,60.722,83.036,1325,1492,1469,1432,1220,1499,102,77,77,40,37,0,1,1,1,1,0,1,4.9908,4.9908,4.9908,4.9908,2.9084,4.5916,1207.0020,1100.0856,1143.6763,1299.0786,1214.4193,1454.1589,1,on,1
1786107533.024593,1,1,,1154.0000,1083.0000,1127.0000,1268.0000,1220.0000,1412.0000,148.846,163.039,154.129,125.922,65.251,83.490,1309,1476,1452,1414,1223,1488,97,86,76,53,31,57,1,1,1,1,0,1,4.9908,4.9908,4.9908,4.9908,2.9084,4.5916,1197.6223,1100.0856,1143.6763,1299.0786,1214.4193,1454.1589,1,on,1
1786107533.055531,1,1,,1161.0000,1062.0000,1126.0000,1257.0000,1245.0000,1407.0000,147.315,167.112,154.300,128.207,56.680,84.777,1298,1464,1442,1405,1225,1475,101,87,76,65,38,23,1,1,1,1,0,1,4.9908,4.9908,4.9908,4.9908,2.9084,4.5916,1197.6223,1100.0856,1143.6763,1299.0786,1219.6264,1442.4571,1,on,1
1786107533.087261,1,1,,1182.0000,1077.0000,1121.0000,1231.0000,1241.0000,1394.0000,143.228,164.266,155.417,133.230,58.227,87.470,1280,1449,1426,1390,1228,1471,101,90,74,67,27,0,1,1,1,1,0,1,4.9908,4.9908,4.9908,4.9908,2.9084,4.5916,1197.6223,1100.0856,1143.6763,1283.7118,1219.6264,1442.4571,1,on,1
1786107533.119282,1,1,,1190.0000,1084.0000,1133.0000,1248.0000,1233.0000,1426.0000,141.629,162.739,152.925,129.861,60.694,80.455,1264,1432,1411,1374,1232,1467,104,87,79,71,27,28,1,1,1,1,0,1,4.9908,4.9908,4.9908,4.9908,2.9084,4.5916,1197.6223,1092.4895,1143.6763,1283.7118,1219.6264,1435.0040,1,on,1
1786107533.155498,1,1,,1199.0000,1090.0000,1123.0000,1208.0000,1240.0000,1418.0000,139.837,161.636,154.915,137.998,58.472,82.205,1248,1417,1394,1357,1234,1461,113,85,79,73,32,38,1,1,1,1,0,1,4.9908,4.9908,4.9908,4.9908,2.9084,4.5916,1197.6223,1092.4895,1135.7241,1267.6565,1219.6264,1435.0040,1,on,1
1786107533.187264,1,1,,1172.0000,1080.0000,1118.0000,1231.0000,1233.0000,1460.0000,145.246,163.569,155.931,133.422,60.941,73.184,1231,1400,1380,1343,1237,1453,121,86,94,82,29,20,1,1,1,1,0,0,4.9908,4.9908,4.9908,4.9908,2.9084,4.5916,1197.6223,1092.4895,1135.7241,1267.6565,1219.6264,1435.0040,0,on,1
1786107533.219538,1,1,,1177.0000,1071.0000,1113.0000,1217.0000,1244.0000,1435.0000,144.242,165.339,157.051,136.053,57.153,78.528,1219,1389,1367,1331,1239,1452,113,82,82,62,30,30,1,1,1,1,0,0,4.9908,4.9908,4.9908,4.9908,2.9084,4.5916,1197.6223,1092.4895,1135.7241,1256.7442,1224.5243,1435.0040,1,on,1
1786107533.255264,1,1,,1168.0000,1068.0000,1124.0000,1231.0000,1246.0000,1445.0000,146.032,166.036,154.695,133.393,56.414,76.494,1210,1373,1350,1313,1242,1452,41,92,79,82,33,18,1,1,1,1,0,0,4.9908,4.9908,4.9908,4.9908,2.9084,4.5916,1188.7907,1092.4895,1135.7241,1256.7442,1224.5243,1435.0040,1,on,1
1786107533.287305,1,1,,1159.0000,1075.0000,1109.0000,1212.0000,1233.0000,1471.0000,147.702,164.643,157.673,137.084,60.739,70.803,1209,1355,1335,1296,1245,1452,59,70,94,56,35,61,1,1,1,1,0,0,4.9908,4.9908,4.9908,4.9908,2.9084,4.5916,1188.7907,1092.4895,1135.7241,1248.9472,1224.5243,1435.0040,1,on,1
1786107533.319457,1,1,,1160.0000,1075.0000,1100.0000,1183.0000,1240.0000,1456.0000,147.532,164.632,159.497,142.988,58.301,74.010,1208,1339,1318,1280,1248,1461,46,77,89,73,38,0,1,1,1,1,0,0,4.9908,4.9908,4.9908,4.9908,2.9084,4.5916,1188.7907,1092.4895,1135.7241,1239.4243,1224.5243,1435.0040,1,on,1
1786107533.355612,1,1,,1156.0000,1079.0000,1109.0000,1201.0000,1232.0000,1471.0000,148.358,163.817,157.728,139.318,61.057,70.644,1206,1324,1301,1264,1253,1461,44,87,80,81,28,0,1,1,1,1,0,0,4.9908,4.9908,4.9908,4.9908,2.9084,4.5916,1188.7907,1092.4895,1127.4241,1239.4243,1224.5243,1435.0040,1,on,1
1786107533.387628,1,1,,1159.0000,1071.0000,1122.0000,1232.0000,1237.0000,1467.0000,147.701,165.374,155.144,133.043,59.344,71.698,1204,1296,1274,1249,1257,1461,45,86,80,20,29,17,1,1,1,1,0,0,4.9908,4.9908,4.9908,4.9908,2.9084,4.5916,1180.1111,1092.4895,1127.4241,1239.4243,1224.5243,1442.9259,1,on,1
1786107533.420610,1,1,,1160.0000,1065.0000,1125.0000,1230.0000,1246.0000,1462.0000,147.652,166.502,154.495,133.516,56.358,72.675,1204,1291,1268,1248,1258,1461,91,87,81,30,29,18,1,1,1,1,0,0,4.9908,4.9908,4.9908,4.9908,2.9084,4.5916,1180.1111,1092.4895,1127.4241,1239.4243,1224.5243,1442.9259,0,on,1
1786107533.455670,1,1,,1151.0000,1075.0000,1129.0000,1220.0000,1240.0000,1441.0000,149.349,164.520,153.688,135.552,58.547,77.192,1197,1273,1251,1247,1261,1462,55,89,91,0,33,19,1,1,1,1,0,0,4.9908,4.9908,4.9908,4.9908,2.9084,4.5916,1180.1111,1084.5094,1127.4241,1239.4243,1229.0910,1442.9259,1,on,1
1786107533.487681,1,1,,1151.0000,1070.0000,1136.0000,1272.0000,1242.0000,1458.0000,149.266,165.570,152.336,125.113,57.666,73.626,1194,1262,1241,1247,1263,1462,0,87,85,9,29,18,1,1,1,1,0,0,4.9908,4.9908,4.9908,4.9908,2.9084,4.5916,1180.1111,1084.5094,1127.4241,1239.4243,1229.0910,1442.9259,0,on,1
1786107533.519693,1,1,,1178.0000,1107.0000,1141.0000,1223.0000,1224.0000,1443.0000,143.955,158.081,151.394,134.848,64.068,76.841,1192,1246,1224,1247,1267,1464,53,91,101,19,31,18,1,1,1,1,0,0,4.9908,4.9908,4.9908,4.9908,2.9084,4.5916,1180.1111,1084.5094,1127.4241,1239.4243,1229.0910,1442.9259,0,on,1
1786107533.555715,1,1,,1177.0000,1091.0000,1129.0000,1257.0000,1231.0000,1436.0000,144.243,161.434,153.845,128.150,61.461,78.457,1191,1230,1205,1245,1270,1464,0,103,87,0,26,20,1,1,1,1,0,0,4.9908,4.9908,4.9908,4.9908,2.9084,4.5916,1180.1111,1084.5094,1127.4241,1239.4243,1229.0910,1442.9259,0,on,1
1786107533.587693,1,1,,1176.0000,1089.0000,1130.0000,1241.0000,1232.0000,1439.0000,144.332,161.834,153.506,131.294,61.116,77.703,1190,1214,1190,1245,1274,1464,52,97,94,0,25,19,1,1,1,1,0,0,4.9908,4.9908,4.9908,4.9908,2.9084,4.5916,1180.1111,1084.5094,1127.4241,1239.4243,1229.0910,1442.9259,0,on,1
1786107533.619740,1,1,,1175.0000,1087.0000,1130.0000,1271.0000,1229.0000,1434.0000,144.615,162.260,153.504,125.360,62.252,78.773,1188,1195,1171,1245,1276,1465,23,117,108,10,30,20,1,1,1,1,0,0,4.9908,4.9908,4.9908,4.9908,2.9084,4.5916,1180.1111,1084.5094,1127.4241,1239.4243,1229.0910,1442.9259,0,on,1
1786107533.655609,1,1,,1192.0000,1096.0000,1134.0000,1271.0000,1232.0000,1441.0000,141.133,160.288,152.787,125.261,61.182,77.359,1188,1177,1151,1245,1280,1466,36,111,94,13,27,19,1,1,1,1,0,1,4.9908,4.9908,4.9908,4.9908,2.9084,4.5916,1180.1111,1084.5094,1127.4241,1239.4243,1229.0910,1442.9259,0,on,1
1786107533.687704,1,1,,1194.0000,1110.0000,1139.0000,1261.0000,1228.0000,1459.0000,140.791,157.509,151.731,127.221,62.469,73.308,1187,1166,1142,1245,1282,1466,42,106,0,25,31,19,1,1,1,1,0,1,4.9908,4.9908,4.9908,4.9908,2.9084,4.5916,1180.1111,1084.5094,1127.4241,1239.4243,1229.0910,1442.9259,0,on,1
1786107533.719947,1,1,,1207.0000,1118.0000,1148.0000,1308.0000,1220.0000,1463.0000,138.225,155.880,149.886,117.838,65.180,72.553,1186,1146,1139,1242,1285,1466,42,106,37,10,26,0,1,1,1,1,0,1,4.9908,4.9908,4.9908,4.9908,2.9084,4.5916,1180.1111,1084.5094,1127.4241,1250.5472,1229.0910,1442.9259,1,on,1
1786107533.755724,1,1,,1176.0000,1101.0000,1143.0000,1261.0000,1223.0000,1466.0000,144.291,159.292,151.036,127.370,64.153,71.880,1185,1127,1137,1242,1288,1466,39,107,0,0,25,0,1,1,1,0,0,1,4.9908,4.9908,4.9908,4.9908,2.9084,4.5916,1180.1111,1084.5094,1127.4241,1250.5472,1229.0910,1442.9259,0,on,1
1786107533.787696,1,1,,1196.0000,1105.0000,1148.0000,1290.0000,1224.0000,1469.0000,140.412,158.520,149.875,121.432,63.840,71.189,1183,1113,1137,1244,1291,1466,36,140,44,21,29,0,1,1,1,0,0,1,4.9908,4.9908,4.9908,4.9908,2.9084,4.5916,1180.1111,1084.5094,1127.4241,1250.5472,1229.0910,1442.9259,0,on,1
1786107533.819744,1,1,,1202.0000,1118.0000,1142.0000,1299.0000,1213.0000,1476.0000,139.189,156.047,151.259,119.770,67.627,69.587,1183,1096,1133,1247,1294,1466,37,0,46,15,30,0,1,1,1,0,0,1,4.9908,4.9908,4.9908,4.9908,2.9084,4.5916,1180.1111,1092.3444,1127.4241,1260.2410,1229.0910,1449.9688,1,on,1
1786107533.855696,1,1,,1199.0000,1110.0000,1145.0000,1333.0000,1217.0000,1475.0000,139.768,157.641,150.591,112.829,66.405,69.786,1183,1096,1132,1250,1298,1466,0,0,21,11,28,0,1,1,1,0,0,1,4.9908,4.9908,4.9908,4.9908,2.9084,4.5916,1180.1111,1092.3444,1127.4241,1271.7796,1229.0910,1449.9688,1,on,1
1786107533.887651,1,1,,1221.0000,1111.0000,1136.0000,1294.0000,1234.0000,1466.0000,135.259,157.323,152.371,120.720,60.562,71.844,1182,1096,1133,1253,1300,1466,0,15,23,44,29,0,1,1,1,0,0,1,4.9908,4.9908,4.9908,4.9908,2.9084,4.5916,1180.1111,1092.3444,1127.4241,1271.7796,1229.0910,1449.9688,0,on,1
1786107533.919651,1,1,,1370.0000,1242.0000,1191.0000,1320.0000,1244.0000,1490.0000,105.407,131.122,141.281,115.591,57.010,66.529,1183,1099,1133,1257,1303,1466,0,19,24,18,27,0,1,1,1,0,0,1,4.9908,4.9908,4.9908,4.9908,2.9084,4.5916,1229.4850,1123.9596,1138.0314,1279.9124,1229.0910,1449.9688,1,on,1
1786107533.953992,1,1,,1335.0000,1270.0000,1226.0000,1320.0000,1260.0000,1570.0000,112.509,125.442,134.315,115.564,51.720,49.162,1183,1101,1132,1262,1306,1466,18,0,0,31,35,0,0,0,0,0,0,1,4.9908,4.9908,4.9908,4.9908,2.9084,4.5916,1256.2979,1162.6424,1152.3775,1279.9124,1229.0910,1477.0558,1,on,1
1786107534.023621,1,1,,1222.0000,1237.0000,1222.0000,1429.0000,1239.0000,1588.0000,135.035,132.186,135.141,93.605,58.647,45.328,1205,1117,1139,1272,1313,1466,91,65,20,37,32,0,0,0,0,0,0,0,4.9908,4.9908,4.9908,4.9908,2.9084,4.5916,1256.2979,1184.6035,1168.0396,1326.0545,1229.0910,1508.3616,1,on,1
1786107534.051630,1,1,,1346.0000,1477.0000,1435.0000,1507.0000,1251.0000,1550.0000,110.240,84.025,92.540,78.063,54.500,53.613,1220,1128,1142,1277,1315,1466,80,71,9,9,30,19,0,0,0,0,1,0,4.9908,4.9908,4.9908,4.9908,2.9084,4.5916,1264.9593,1280.4334,1247.3178,1371.7557,1229.0910,1508.3616,1,on,1
1786107534.079539,1,1,,1548.0000,1700.0000,1647.0000,1662.0000,1218.0000,1609.0000,69.761,39.440,49.875,46.871,66.138,40.593,1244,1152,1150,1281,1317,1475,57,57,21,59,0,57,0,0,0,0,1,0,4.9908,4.9908,4.9908,4.9908,2.9084,4.5916,1355.8092,1471.0448,1421.0174,1478.0009,1229.0910,1530.9645,1,on,1
1786107534.107591,1,1,,1480.0000,1652.0000,1674.0000,1703.0000,1184.0000,1594.0000,83.436,48.928,44.529,38.721,77.587,43.942,1255,1167,1157,1292,1317,1488,0,56,53,45,36,29,0,0,0,0,1,0,4.9908,4.9908,4.9908,4.9908,2.9084,4.5916,1393.9734,1547.3706,1532.3041,1565.4965,1229.0910,1542.0731,1,on,1
1786107534.131574,1,1,,1555.0000,1700.0000,1741.0000,1704.0000,1189.0000,1658.0000,68.337,39.419,31.137,38.591,75.899,29.919,1258,1179,1168,1304,1315,1495,31,65,62,49,66,76,0,0,0,0,1,0,4.9908,4.9908,4.9908,4.9908,2.9084,4.5916,1442.3727,1602.9255,1615.9092,1612.0263,1229.0910,1565.5480,1,on,1
1786107534.159575,1,1,,1587.0000,1726.0000,1774.0000,1703.0000,1199.0000,1700.0000,61.914,34.082,24.567,38.728,72.406,20.849,1263,1193,1182,1317,1312,1509,67,74,64,48,77,66,0,0,0,0,1,0,4.9908,4.9908,4.9908,4.9908,2.9084,4.5916,1489.6600,1646.8789,1679.1525,1641.0444,1223.2709,1600.5612,1,on,1
1786107534.187609,1,1,,1614.0000,1750.0000,1782.0000,1732.0000,1243.0000,1696.0000,56.565,29.252,22.958,32.860,57.468,21.679,1279,1212,1201,1336,1306,1533,67,39,65,45,73,96,0,0,0,0,1,0,4.9908,4.9908,4.9908,4.9908,2.9084,4.5916,1528.2740,1679.5542,1714.7281,1666.8852,1223.2709,1624.4773,1,on,1
1786107534.219717,1,1,,1622.0000,1749.0000,1776.0000,1703.0000,1265.0000,1716.0000,54.905,29.612,24.035,38.770,49.810,17.438,1299,1229,1219,1352,1302,1546,59,54,66,51,69,119,0,0,0,0,1,0,4.9908,4.9908,4.9908,4.9908,2.9084,4.5916,1556.0653,1699.2511,1733.0220,1675.3619,1223.2709,1647.9458,1,on,1
1786107534.255534,1,1,,1646.0000,1740.0000,1781.0000,1716.0000,1285.0000,1710.0000,50.148,31.350,23.191,36.110,43.094,18.710,1318,1246,1241,1375,1296,1587,86,61,58,33,53,108,0,0,0,0,1,0,4.9908,4.9908,4.9908,4.9908,2.9084,4.5916,1581.1415,1708.6164,1744.8346,1683.3818,1232.4129,1662.2710,1,on,1
1786107534.287665,1,1,,1659.0000,1726.0000,1754.0000,1682.0000,1275.0000,1737.0000,47.638,34.180,28.564,43.017,46.355,12.749,1331,1257,1254,1383,1293,1604,67,60,51,43,47,117,0,0,0,0,1,0,4.9908,4.9908,4.9908,4.9908,2.9084,4.5916,1599.3689,1708.6164,1744.8346,1683.3818,1237.1593,1677.6136,1,on,1
1786107534.319755,1,1,,1663.0000,1748.0000,1740.0000,1690.0000,1283.0000,1744.0000,46.709,29.738,31.423,41.262,43.732,11.187,1351,1276,1271,1400,1290,1633,75,46,52,51,43,100,0,0,0,0,1,0,4.9908,4.9908,4.9908,4.9908,2.9084,4.5916,1612.6087,1716.1357,1744.8346,1683.3818,1242.7232,1690.4818,1,on,1
1786107534.355738,1,1,,1703.0000,1741.0000,1750.0000,1695.0000,1301.0000,1745.0000,38.757,31.042,29.314,40.378,37.389,11.007,1368,1291,1289,1417,1286,1662,69,55,47,31,36,0,0,0,0,0,1,0,4.9908,4.9908,4.9908,4.9908,2.9084,4.5916,1633.1956,1716.1357,1744.8346,1683.3818,1251.3456,1700.6140,1,on,1
1786107534.387715,1,1,,1701.0000,1736.0000,1733.0000,1687.0000,1292.0000,1731.0000,39.232,32.125,32.728,42.030,40.529,14.211,1384,1307,1304,1431,1283,1667,80,60,53,60,35,22,0,0,0,0,1,0,4.9908,4.9908,4.9908,4.9908,2.9084,4.5916,1646.5257,1716.1357,1744.8346,1683.3818,1256.5542,1700.6140,1,on,1
1786107534.419759,1,0,handedness unsure,1715.0000,1734.0000,1741.0000,1674.0000,1291.0000,1725.0000,36.444,32.637,31.200,44.468,40.852,15.463,1402,1323,1321,1449,1281,1676,63,64,55,48,39,39,0,0,0,0,1,0,4.9908,4.9908,4.9908,4.9908,2.9084,4.5916,1659.6124,1716.1357,1744.8346,1683.3818,1256.5542,1700.6140,1,on,1
1786107534.455683,1,0,handedness unsure,1671.0000,1721.0000,1733.0000,1671.0000,1290.0000,1715.0000,45.129,35.082,32.715,45.194,41.185,17.520,1420,1340,1337,1466,1277,1682,59,70,60,45,41,29,0,0,0,0,1,0,4.9908,4.9908,4.9908,4.9908,2.9084,4.5916,1659.6124,1716.1357,1744.8346,1683.3818,1256.5542,1700.6140,0,on,1
1786107534.487725,1,0,handedness unsure,1718.0000,1748.0000,1739.0000,1706.0000,1303.0000,1719.0000,35.720,29.657,31.458,38.231,36.850,16.707,1428,1350,1350,1478,1275,1684,55,68,56,45,44,0,0,0,0,0,1,0,4.9908,4.9908,4.9908,4.9908,2.9084,4.5916,1669.1953,1716.1357,1744.8346,1683.3818,1256.5542,1700.6140,1,on,1
1786107534.519967,1,0,handedness unsure,1687.0000,1719.0000,1732.0000,1714.0000,1302.0000,1720.0000,41.936,35.479,32.852,36.599,37.260,16.599,1444,1367,1366,1492,1272,1686,74,63,46,56,36,53,0,0,0,0,1,0,4.9908,4.9908,4.9908,4.9908,2.9084,4.5916,1669.1953,1716.1357,1744.8346,1683.3818,1256.5542,1700.6140,0,on,1
1786107534.555738,1,0,handedness unsure,1675.0000,1755.0000,1747.0000,1718.0000,1307.0000,1710.0000,44.278,28.298,29.984,35.707,35.458,18.727,1462,1383,1382,1511,1269,1690,58,57,56,44,40,27,0,0,0,0,1,0,4.9908,4.9908,4.9908,4.9908,2.9084,4.5916,1669.1953,1725.1405,1744.8346,1683.3818,1256.5542,1700.6140,1,on,1
1786107534.587758,1,1,,1677.0000,1751.0000,1761.0000,1728.0000,1299.0000,1711.0000,43.891,29.184,27.220,33.811,38.189,18.367,1477,1399,1395,1529,1266,1696,72,65,57,30,40,33,0,0,0,0,1,0,4.9908,4.9908,4.9908,4.9908,2.9084,4.5916,1669.1953,1725.1405,1744.8346,1692.7168,1261.9448,1700.6140,1,on,1
1786107534.620391,1,1,,1688.0000,1752.0000,1756.0000,1734.0000,1301.0000,1709.0000,41.717,28.953,28.118,32.449,37.392,18.876,1495,1416,1413,1546,1263,1698,59,57,53,40,0,18,0,0,0,0,1,0,4.9908,4.9908,4.9908,4.9908,2.9084,4.5916,1669.1953,1725.1405,1744.8346,1692.7168,1266.7818,1700.6140,1,on,1
1786107534.655744,1,0,handedness unsure,1705.0000,1755.0000,1775.0000,1737.0000,1306.0000,1704.0000,38.295,28.395,24.385,32.014,35.764,20.009,1510,1432,1428,1562,1263,1698,65,63,64,54,0,22,0,0,0,0,0,0,4.9908,4.9908,4.9908,4.9908,2.9084,4.5916,1669.1953,1725.1405,1744.8346,1701.8583,1266.7818,1700.6140,1,on,1
1786107534.687710,1,1,,1710.0000,1746.0000,1766.0000,1737.0000,1309.0000,1714.0000,37.322,30.079,26.191,31.908,34.550,17.758,1587,1502,1500,1639,1268,1700,61,65,54,39,18,28,0,0,0,0,0,0,4.9908,4.9908,4.9908,4.9908,2.9084,4.5916,1678.2035,1725.1405,1744.8346,1701.8583,1271.9777,1700.6140,1,on,1
1786107534.824131,1,1,,1712.0000,1747.0000,1773.0000,1723.0000,1308.0000,1704.0000,36.995,29.876,24.813,34.647,34.988,19.887,1592,1509,1505,1647,1269,1700,77,59,70,48,16,28,0,0,0,0,0,0,4.9908,4.9908,4.9908,4.9908,2.9084,4.5916,1678.2035,1733.4195,1744.8346,1701.8583,1277.7932,1700.6140,1,on,1
1786107534.834034,1,1,,1699.0000,1729.0000,1756.0000,1720.0000,1305.0000,1710.0000,39.631,33.548,28.111,35.253,36.221,18.607,1597,1514,1511,1653,1269,1700,63,73,56,58,14,31,0,0,0,0,0,0,4.9908,4.9908,4.9908,4.9908,2.9084,4.5916,1678.2035,1733.4195,1744.8346,1701.8583,1277.7932,1700.6140,0,on,1
1786107534.843863,1,1,,1704.0000,1750.0000,1783.0000,1724.0000,1300.0000,1703.0000,38.519,29.369,22.686,34.632,37.902,20.275,1605,1520,1517,1660,1269,1700,64,62,59,33,0,0,0,0,0,0,0,0,4.9908,4.9908,4.9908,4.9908,2.9084,4.5916,1678.2035,1733.4195,1744.8346,1701.8583,1277.7932,1700.6140,0,on,1
1786107534.854083,1,1,,1709.0000,1734.0000,1773.0000,1724.0000,1310.0000,1710.0000,37.528,32.507,24.662,34.467,34.482,18.693,1610,1526,1523,1667,1269,1700,68,59,57,45,0,0,0,0,0,0,0,0,4.9908,4.9908,4.9908,4.9908,2.9084,4.5916,1678.2035,1733.4195,1752.9488,1701.8583,1277.7932,1700.6140,1,on,1
1786107534.863708,1,1,,1692.0000,1743.0000,1772.0000,1727.0000,1302.0000,1709.0000,41.046,30.762,24.962,33.887,37.050,18.910,1616,1531,1527,1670,1269,1701,68,62,63,65,0,0,0,0,0,0,0,1,4.9908,4.9908,4.9908,4.9908,2.9084,4.5916,1678.2035,1733.4195,1752.9488,1709.7536,1282.5720,1700.6140,1,on,1
1786107534.889522,1,0,handedness unsure,1698.0000,1745.0000,1770.0000,1728.0000,1299.0000,1717.0000,39.764,30.334,25.248,33.740,38.063,17.196,1629,1543,1539,1685,1270,1701,70,56,61,38,20,0,0,0,0,0,0,1,4.9908,4.9908,4.9908,4.9908,2.9084,4.5916,1686.3176,1733.4195,1752.9488,1709.7536,1282.5720,1700.6140,1,on,1
1786107534.920976,1,1,,1682.0000,1737.0000,1766.0000,1745.0000,1292.0000,1727.0000,42.903,31.882,26.123,30.240,40.732,14.946,1648,1560,1557,1700,1273,1701,74,75,59,0,33,0,0,0,0,0,0,1,4.9908,4.9908,4.9908,4.9908,2.9084,4.5916,1686.3176,1733.4195,1752.9488,1709.7536,1282.5720,1700.6140,0,on,1
1786107534.955702,1,1,,1663.0000,1732.0000,1763.0000,1729.0000,1289.0000,1719.0000,46.683,32.959,26.769,33.553,41.536,16.809,1667,1579,1574,1703,1276,1701,63,59,59,22,23,0,0,0,0,0,0,1,4.9908,4.9908,4.9908,4.9908,2.9084,4.5916,1686.3176,1733.4195,1752.9488,1709.7536,1282.5720,1707.5767,1,on,1
1786107534.987644,1,1,,1675.0000,1751.0000,1768.0000,1736.0000,1292.0000,1718.0000,44.445,29.091,25.676,32.164,40.559,16.985,1676,1591,1588,1704,1278,1701,0,59,52,19,16,0,0,0,0,0,0,0,4.9908,4.9908,4.9908,4.9908,2.9084,4.5916,1686.3176,1733.4195,1752.9488,1717.3253,1282.5720,1707.5767,1,on,1
1786107535.019675,1,1,,1668.0000,1746.0000,1756.0000,1738.0000,1295.0000,1722.0000,45.837,30.176,28.175,31.797,39.479,15.962,1677,1608,1604,1706,1279,1701,30,61,57,18,11,0,0,0,0,0,0,0,4.9908,4.9908,4.9908,4.9908,2.9084,4.5916,1686.3176,1733.4195,1752.9488,1717.3253,1282.5720,1707.5767,0,on,1
1786107535.055651,1,1,,1691.0000,1743.0000,1772.0000,1730.0000,1287.0000,1720.0000,41.234,30.741,24.922,33.331,42.251,16.541,1682,1626,1624,1715,1280,1701,16,60,58,0,12,0,0,0,0,0,0,0,4.9908,4.9908,4.9908,4.9908,2.9084,4.5916,1686.3176,1733.4195,1752.9488,1717.3253,1282.5720,1707.5767,0,on,1
1786107535.087550,1,1,,1687.0000,1739.0000,1771.0000,1729.0000,1298.0000,1714.0000,41.897,31.498,25.203,33.611,38.361,17.843,1683,1644,1641,1715,1281,1701,0,62,69,0,10,22,0,0,0,0,0,0,4.9908,4.9908,4.9908,4.9908,2.9084,4.5916,1686.3176,1733.4195,1752.9488,1717.3253,1282.5720,1707.5767,0,on,1
1786107535.119594,1,1,,1697.0000,1743.0000,1781.0000,1729.0000,1288.0000,1710.0000,39.917,30.756,23.124,33.566,41.998,18.681,1683,1665,1660,1715,1282,1701,0,59,67,0,21,0,0,0,0,0,1,0,4.9908,4.9908,4.9908,4.9908,2.9084,4.5916,1686.3176,1733.4195,1752.9488,1717.3253,1282.5720,1707.5767,0,on,1
1786107535.155587,1,1,,1697.0000,1740.0000,1771.0000,1739.0000,1292.0000,1706.0000,39.962,31.268,25.107,31.548,40.704,19.635,1683,1684,1682,1715,1282,1701,0,66,57,0,0,19,0,0,0,0,1,0,4.9908,4.9908,4.9908,4.9908,2.9084,4.5916,1686.3176,1733.4195,1752.9488,1717.3253,1282.5720,1707.5767,0,on,1
1786107535.187629,1,1,,1701.0000,1748.0000,1772.0000,1738.0000,1285.0000,1717.0000,39.198,29.723,25.014,31.839,42.826,17.098,1683,1697,1694,1715,1282,1701,0,65,60,0,0,35,0,0,0,0,1,0,4.9908,4.9908,4.9908,4.9908,2.9084,4.5916,1686.3176,1733.4195,1760.7909,1717.3253,1282.5720,1707.5767,1,on,1
1786107535.219621,1,1,,1689.0000,1745.0000,1773.0000,1734.0000,1283.0000,1716.0000,41.513,30.323,24.822,32.591,43.547,17.477,1683,1716,1712,1715,1282,1703,0,79,75,0,0,33,0,0,0,0,1,0,4.9908,4.9908,4.9908,4.9908,2.9084,4.5916,1686.3176,1733.4195,1760.7909,1717.3253,1282.5720,1707.5767,0,on,1
1786107535.255531,1,1,,1684.0000,1746.0000,1761.0000,1745.0000,1279.0000,1720.0000,42.552,30.230,27.224,30.344,45.082,16.423,1683,1723,1733,1715,1282,1707,0,22,68,9,0,27,0,0,0,0,1,0,4.9908,4.9908,4.9908,4.9908,2.9084,4.5916,1686.3176,1733.4195,1760.7909,1717.3253,1282.5720,1707.5767,0,on,1
1786107535.287544,1,1,,1696.0000,1736.0000,1765.0000,1743.0000,1289.0000,1725.0000,40.124,32.195,26.295,30.748,41.504,15.477,1683,1729,1751,1717,1282,1707,0,22,0,0,0,0,0,0,0,0,1,1,4.9908,4.9908,4.9908,4.9908,2.9084,4.5916,1686.3176,1733.4195,1760.7909,1725.4802,1282.5720,1707.5767,1,on,1
1786107535.323672,1,1,,1700.0000,1741.0000,1768.0000,1743.0000,1283.0000,1713.0000,39.433,31.123,25.670,30.761,43.643,18.032,1683,1732,1752,1719,1282,1707,0,13,0,0,0,0,0,0,0,0,1,1,4.9908,4.9908,4.9908,4.9908,2.9084,4.5916,1686.3176,1733.4195,1760.7909,1725.4802,1282.5720,1707.5767,0,on,1
1786107535.355658,1,1,,1683.0000,1735.0000,1757.0000,1752.0000,1290.0000,1710.0000,42.672,32.260,27.896,29.008,41.304,18.596,1683,1732,1753,1719,1282,1707,0,0,29,16,0,0,0,0,0,0,1,1,4.9908,4.9908,4.9908,4.9908,2.9084,4.5916,1686.3176,1733.4195,1760.7909,1725.4802,1282.5720,1707.5767,0,on,1
1786107535.387413,1,1,,1678.0000,1732.0000,1755.0000,1744.0000,1297.0000,1709.0000,43.775,32.972,28.322,30.521,39.009,18.809,1683,1732,1757,1722,1282,1707,0,0,17,9,0,0,0,0,0,0,1,1,4.9908,4.9908,4.9908,4.9908,2.9084,4.5916,1686.3176,1733.4195,1760.7909,1725.4802,1282.5720,1707.5767,0,on,1
1786107535.419603,1,1,,1680.0000,1727.0000,1747.0000,1746.0000,1293.0000,1707.0000,43.434,34.014,30.004,30.160,40.182,19.368,1683,1732,1762,1728,1282,1707,8,0,0,0,0,0,0,0,0,1,1,1,4.9908,4.9908,4.9908,4.9908,2.9084,4.5916,1686.3176,1733.4195,1760.7909,1725.4802,1282.5720,1707.5767,0,on,1
1786107535.455409,1,1,,1680.0000,1725.0000,1750.0000,1731.0000,1292.0000,1705.0000,43.313,34.439,29.404,33.103,40.414,19.753,1684,1732,1762,1728,1282,1707,16,0,0,0,0,0,0,0,0,1,1,1,4.9908,4.9908,4.9908,4.9908,2.9084,4.5916,1686.3176,1733.4195,1760.7909,1725.4802,1282.5720,1707.5767,0,on,1
1786107535.487446,1,1,,1671.0000,1743.0000,1756.0000,1730.0000,1281.0000,1729.0000,45.110,30.817,28.051,33.436,44.410,14.546,1686,1733,1762,1728,1282,1707,16,0,0,0,0,0,0,0,0,1,1,1,4.9908,4.9908,4.9908,4.9908,2.9084,4.5916,1686.3176,1733.4195,1760.7909,1725.4802,1282.5720,1707.5767,0,on,1
1786107535.519483,1,1,,1669.0000,1750.0000,1757.0000,1733.0000,1288.0000,1727.0000,45.478,29.267,27.906,32.708,41.784,14.904,1687,1733,1762,1728,1282,1707,0,0,0,0,0,0,1,0,0,1,1,1,4.9908,4.9908,4.9908,4.9908,2.9084,4.5916,1686.3176,1733.4195,1760.7909,1725.4802,1282.5720,1707.5767,0,on,1
1786107535.555611,1,1,,1669.0000,1751.0000,1753.0000,1740.0000,1291.0000,1721.0000,45.486,29.118,28.755,31.404,40.956,16.178,1687,1732,1762,1728,1282,1707,0,0,0,0,0,0,1,0,0,1,1,1,4.9908,4.9908,4.9908,4.9908,2.9084,4.5916,1686.3176,1733.4195,1760.7909,1725.4802,1282.5720,1707.5767,0,on,1
1786107535.587668,1,1,,1687.0000,1754.0000,1758.0000,1730.0000,1287.0000,1716.0000,41.882,28.517,27.728,33.361,42.231,17.442,1687,1732,1762,1728,1282,1707,0,0,0,0,0,0,1,0,0,1,1,1,4.9908,4.9908,4.9908,4.9908,2.9084,4.5916,1686.3176,1733.4195,1760.7909,1725.4802,1282.5720,1707.5767,0,on,1
1786107535.619438,1,1,,1690.0000,1755.0000,1765.0000,1735.0000,1292.0000,1719.0000,41.370,28.270,26.312,32.322,40.643,16.750,1687,1732,1762,1728,1282,1707,0,0,0,0,0,0,1,0,0,1,1,1,4.9908,4.9908,4.9908,4.9908,2.9084,4.5916,1686.3176,1733.4195,1760.7909,1725.4802,1282.5720,1707.5767,0,on,1
1786107535.655400,1,1,,1695.0000,1761.0000,1762.0000,1728.0000,1293.0000,1723.0000,40.274,27.208,26.909,33.823,40.184,15.770,1687,1732,1762,1728,1282,1707,0,0,0,0,0,0,1,0,0,1,1,1,4.9908,4.9908,4.9908,4.9908,2.9084,4.5916,1686.3176,1733.4195,1760.7909,1725.4802,1282.5720,1707.5767,0,on,1
1786107535.687609,1,1,,1700.0000,1766.0000,1769.0000,1728.0000,1288.0000,1719.0000,39.264,26.094,25.615,33.685,41.979,16.794,1687,1732,1762,1728,1282,1707,0,0,0,0,0,0,1,0,0,1,1,1,4.9908,4.9908,4.9908,4.9908,2.9084,4.5916,1686.3176,1742.3267,1760.7909,1725.4802,1282.5720,1707.5767,1,on,1
1786107535.719610,1,1,,1694.0000,1761.0000,1765.0000,1730.0000,1290.0000,1728.0000,40.651,27.054,26.355,33.399,41.309,14.694,1687,1732,1762,1728,1282,1707,0,21,0,0,0,0,1,0,0,1,1,1,4.9908,4.9908,4.9908,4.9908,2.9084,4.5916,1686.3176,1742.3267,1760.7909,1725.4802,1282.5720,1707.5767,0,on,1
1786107535.755425,1,1,,1693.0000,1761.0000,1767.0000,1739.0000,1291.0000,1717.0000,40.850,27.051,26.022,31.557,40.858,17.168,1687,1737,1762,1728,1282,1707,0,27,0,0,0,0,1,0,0,1,1,1,4.9908,4.9908,4.9908,4.9908,2.9084,4.5916,1686.3176,1742.3267,1760.7909,1725.4802,1282.5720,1707.5767,0,on,1
1786107535.787688,1,1,,1695.0000,1759.0000,1769.0000,1744.0000,1291.0000,1723.0000,40.357,27.437,25.511,30.504,40.794,15.931,1687,1741,1762,1728,1282,1707,0,0,0,0,0,0,1,0,0,1,0,1,4.9908,4.9908,4.9908,4.9908,2.9084,4.5916,1686.3176,1742.3267,1760.7909,1725.4802,1287.0167,1707.5767,1,on,1
1786107535.820510,1,1,,1714.0000,1768.0000,1779.0000,1744.0000,1293.0000,1723.0000,36.460,25.643,23.453,30.471,40.374,15.838,1687,1741,1762,1728,1282,1707,0,0,0,0,0,0,1,0,0,1,0,1,4.9908,4.9908,4.9908,4.9908,2.9084,4.5916,1686.3176,1742.3267,1760.7909,1725.4802,1287.0167,1707.5767,0,on,1
1786107535.855611,1,1,,1742.0000,1778.0000,1792.0000,1747.0000,1302.0000,1714.0000,30.999,23.686,20.922,29.839,37.097,17.720,1687,1741,1762,1728,1282,1707,0,0,0,0,0,0,1,0,0,1,0,1,4.9908,4.9908,4.9908,4.9908,2.9084,4.5916,1686.3176,1742.3267,1760.7909,1725.4802,1287.0167,1707.5767,0,on,1
1786107535.887791,1,1,,1743.0000,1755.0000,1793.0000,1740.0000,1296.0000,1727.0000,30.756,28.296,20.631,31.248,39.056,15.051,1696,1749,1762,1728,1282,1707,0,18,0,0,13,35,0,0,0,1,0,0,4.9908,4.9908,4.9908,4.9908,2.9084,4.5916,1699.5783,1749.9418,1760.7909,1725.4802,1287.0167,1714.8632,1,on,1
1786107536.020361,1,1,,1725.0000,1761.0000,1773.0000,1741.0000,1294.0000,1726.0000,34.335,27.092,24.712,31.128,39.789,15.179,1696,1749,1762,1728,1283,1707,0,18,0,0,0,35,0,0,0,1,0,0,4.9908,4.9908,4.9908,4.9908,2.9084,4.5916,1699.5783,1749.9418,1760.7909,1733.3509,1287.0167,1714.8632,1,on,1
1786107536.037211,1,0,handedness unsure,1718.0000,1764.0000,1784.0000,1742.0000,1295.0000,1722.0000,35.765,26.620,22.604,30.964,39.382,16.062,1696,1750,1762,1728,1283,1709,0,17,0,0,0,0,0,0,0,0,0,0,4.9908,4.9908,4.9908,4.9908,2.9084,4.5916,1699.5783,1749.9418,1760.7909,1733.3509,1287.0167,1714.8632,0,on,1
1786107536.048689,1,0,handedness unsure,1712.0000,1759.0000,1780.0000,1744.0000,1293.0000,1721.0000,36.941,27.509,23.278,30.567,40.363,16.197,1696,1750,1762,1728,1283,1709,0,17,0,0,0,0,0,0,0,0,0,0,4.9908,4.9908,4.9908,4.9908,2.9084,4.5916,1699.5783,1749.9418,1760.7909,1733.3509,1287.0167,1714.8632,0,on,1
1786107536.057897,1,0,handedness unsure,1713.0000,1751.0000,1788.0000,1735.0000,1291.0000,1731.0000,36.772,29.063,21.780,32.334,40.940,14.112,1696,1750,1762,1728,1283,1709,0,16,0,0,28,0,0,0,0,0,0,0,4.9908,4.9908,4.9908,4.9908,2.9084,4.5916,1699.5783,1749.9418,1760.7909,1733.3509,1287.0167,1714.8632,0,on,1
1786107536.067730,1,0,handedness unsure,1728.0000,1752.0000,1782.0000,1731.0000,1298.0000,1732.0000,33.671,28.842,22.926,33.065,38.555,13.924,1696,1751,1762,1728,1283,1709,0,16,0,0,28,0,0,1,0,0,0,0,4.9908,4.9908,4.9908,4.9908,2.9084,4.5916,1699.5783,1749.9418,1768.6985,1733.3509,1287.0167,1714.8632,1,on,1
1786107536.087366,1,1,,1734.0000,1756.0000,1788.0000,1741.0000,1291.0000,1722.0000,32.593,28.039,21.704,31.131,40.780,16.041,1696,1751,1762,1728,1285,1709,10,15,0,17,18,16,0,1,0,0,0,0,4.9908,4.9908,4.9908,4.9908,2.9084,4.5916,1707.3608,1749.9418,1768.6985,1733.3509,1287.0167,1714.8632,1,on,1
1786107536.119944,1,1,,1729.0000,1755.0000,1789.0000,1745.0000,1305.0000,1719.0000,33.643,28.349,21.556,30.400,36.044,16.618,1696,1752,1762,1731,1286,1709,32,0,24,0,14,27,0,1,0,0,0,0,4.9908,4.9908,4.9908,4.9908,2.9084,4.5916,1707.3608,1749.9418,1768.6985,1733.3509,1287.0167,1714.8632,0,on,1
1786107536.155586,1,1,,1727.0000,1758.0000,1797.0000,1747.0000,1304.0000,1699.0000,33.851,27.831,19.842,29.873,36.564,21.051,1704,1752,1768,1731,1286,1711,25,0,14,21,0,28,0,1,0,0,0,0,4.9908,4.9908,4.9908,4.9908,2.9084,4.5916,1707.3608,1749.9418,1768.6985,1733.3509,1287.0167,1714.8632,0,on,1
1786107536.187434,1,1,,1729.0000,1754.0000,1788.0000,1744.0000,1302.0000,1705.0000,33.444,28.474,21.782,30.507,37.189,19.813,1707,1752,1769,1733,1286,1712,23,0,13,0,0,30,0,1,1,0,0,0,4.9908,4.9908,4.9908,4.9908,2.9084,4.5916,1707.3608,1749.9418,1768.6985,1733.3509,1287.0167,1714.8632,0,on,1
1786107536.219659,1,0,handedness unsure,1745.0000,1766.0000,1786.0000,1744.0000,1302.0000,1700.0000,30.435,26.087,22.059,30.546,37.156,20.841,1708,1752,1770,1733,1286,1714,0,0,0,0,0,27,1,1,1,0,0,0,4.9908,4.9908,4.9908,4.9908,2.9084,4.5916,1715.0870,1749.9418,1768.6985,1733.3509,1287.0167,1714.8632,1,on,1
1786107536.255623,1,0,handedness unsure,1722.0000,1755.0000,1783.0000,1734.0000,1292.0000,1714.0000,35.032,28.348,22.700,32.458,40.715,17.807,1708,1752,1770,1733,1286,1714,0,0,0,8,0,29,0,1,1,0,0,0,4.9908,4.9908,4.9908,4.9908,2.9084,4.5916,1715.0870,1749.9418,1768.6985,1733.3509,1287.0167,1714.8632,0,on,1
1786107536.287610,1,0,handedness unsure,1728.0000,1766.0000,1787.0000,1745.0000,1296.0000,1702.0000,33.792,26.227,21.996,30.310,39.181,20.413,1708,1752,1770,1735,1286,1715,0,0,0,0,0,23,0,1,1,1,0,1,4.9908,4.9908,4.9908,4.9908,2.9084,4.5916,1715.0870,1749.9418,1776.3300,1733.3509,1287.0167,1714.8632,1,on,1
1786107536.319602,1,1,,1725.0000,1762.0000,1784.0000,1741.0000,1297.0000,1702.0000,34.360,26.896,22.455,31.106,38.844,20.517,1708,1752,1770,1735,1286,1715,25,0,0,0,0,0,0,1,0,1,0,1,4.9908,4.9908,4.9908,4.9908,2.9084,4.5916,1715.0870,1749.9418,1776.3300,1733.3509,1287.0167,1714.8632,0,on,1
1786107536.355763,1,0,handedness unsure,1746.0000,1762.0000,1770.0000,1738.0000,1304.0000,1704.0000,30.220,26.978,25.324,31.712,36.284,19.940,1710,1752,1770,1735,1286,1715,0,0,0,0,0,0,0,1,0,1,0,1,4.9908,4.9908,4.9908,4.9908,2.9084,4.5916,1715.0870,1749.9418,1776.3300,1733.3509,1287.0167,1714.8632,0,on,1
1786107536.387676,1,1,,1708.0000,1747.0000,1780.0000,1757.0000,1293.0000,1692.0000,37.798,29.906,23.236,27.886,40.075,22.547,1710,1752,1771,1735,1286,1715,11,0,24,0,0,0,0,1,0,1,0,1,4.9908,4.9908,4.9908,4.9908,2.9084,4.5916,1715.0870,1749.9418,1776.3300,1733.3509,1287.0167,1714.8632,0,on,1
1786107536.419733,1,0,handedness unsure,1742.0000,1765.0000,1780.0000,1751.0000,1300.0000,1705.0000,30.843,26.317,23.303,29.197,37.851,19.722,1710,1752,1774,1735,1286,1715,25,0,0,0,0,0,0,1,0,1,0,1,4.9908,4.9908,4.9908,4.9908,2.9084,4.5916,1715.0870,1749.9418,1776.3300,1733.3509,1287.0167,1714.8632,0,on,1
1786107536.455704,1,1,,1705.0000,1754.0000,1773.0000,1758.0000,1295.0000,1690.0000,38.352,28.590,24.666,27.677,39.623,22.973,1713,1752,1774,1735,1286,1715,21,0,0,0,0,0,0,1,0,1,0,1,4.9908,4.9908,4.9908,4.9908,2.9084,4.5916,1715.0870,1749.9418,1776.3300,1733.3509,1287.0167,1714.8632,0,on,1
1786107536.487743,1,0,handedness unsure,1733.0000,1744.0000,1766.0000,1733.0000,1289.0000,1717.0000,32.676,30.615,26.167,32.779,41.722,17.239,1715,1752,1774,1735,1286,1716,16,0,0,0,0,0,0,1,0,1,0,1,4.9908,4.9908,4.9908,4.9908,2.9084,4.5916,1715.0870,1749.9418,1776.3300,1733.3509,1287.0167,1714.8632,0,on,1
1786107536.519763,1,1,,1699.0000,1760.0000,1771.0000,1773.0000,1297.0000,1693.0000,39.503,27.421,25.058,24.749,38.804,22.394,1716,1752,1774,1735,1286,1715,0,0,0,0,0,0,1,1,0,1,0,1,4.9908,4.9908,4.9908,4.9908,2.9084,4.5916,1715.0870,1749.9418,1776.3300,1740.9045,1287.0167,1714.8632,1,on,1
1786107536.555695,1,0,handedness unsure,1713.0000,1747.0000,1758.0000,1743.0000,1295.0000,1721.0000,36.788,29.950,27.688,30.807,39.520,16.193,1716,1752,1774,1735,1286,1715,0,0,18,0,0,0,1,1,0,0,0,1,4.9908,4.9908,4.9908,4.9908,2.9084,4.5916,1715.0870,1749.9418,1776.3300,1740.9045,1287.0167,1714.8632,0,on,1
1786107536.587722,1,0,handedness unsure,1709.0000,1745.0000,1772.0000,1746.0000,1288.0000,1705.0000,37.594,30.294,24.857,30.081,42.075,19.784,1716,1752,1777,1735,1286,1716,0,0,14,0,0,0,1,1,0,0,0,1,4.9908,4.9908,4.9908,4.9908,2.9084,4.5916,1715.0870,1749.9418,1776.3300,1740.9045,1287.0167,1714.8632,0,on,1
1786107536.619741,1,0,handedness unsure,1710.0000,1741.0000,1765.0000,1745.0000,1291.0000,1720.0000,37.350,31.073,26.391,30.337,40.754,16.472,1716,1752,1777,1735,1286,1715,0,0,13,11,0,0,1,1,1,0,0,1,4.9908,4.9908,4.9908,4.9908,2.9084,4.5916,1715.0870,1749.9418,1776.3300,1740.9045,1287.0167,1714.8632,0,on,1
1786107536.655648,1,0,handedness unsure,1709.0000,1754.0000,1757.0000,1765.0000,1289.0000,1715.0000,37.508,28.584,27.845,26.236,41.547,17.503,1716,1752,1778,1736,1286,1715,0,0,0,0,0,0,1,1,1,0,0,1,4.9908,4.9908,4.9908,4.9908,2.9084,4.5916,1715.0870,1749.9418,1776.3300,1740.9045,1287.0167,1714.8632,0,on,1
1786107536.687758,1,0,handedness unsure,1712.0000,1745.0000,1763.0000,1744.0000,1287.0000,1729.0000,37.018,30.412,26.664,30.562,42.270,14.562,1716,1752,1778,1736,1286,1715,0,0,0,16,0,0,1,1,1,0,0,1,4.9908,4.9908,4.9908,4.9908,2.9084,4.5916,1715.0870,1749.9418,1776.3300,1740.9045,1287.0167,1714.8632,0,on,1
1786107536.719559,1,0,handedness unsure,1694.0000,1752.0000,1755.0000,1749.0000,1288.0000,1704.0000,40.547,29.025,28.325,29.575,42.052,20.029,1716,1752,1778,1738,1286,1715,0,0,0,0,0,0,1,1,1,0,0,1,4.9908,4.9908,4.9908,4.9908,2.9084,4.5916,1715.0870,1749.9418,1776.3300,1740.9045,1287.0167,1714.8632,0,on,1
1786107536.755576,1,0,handedness unsure,1718.0000,1734.0000,1750.0000,1728.0000,1287.0000,1744.0000,35.763,32.576,29.428,33.671,42.140,11.249,1716,1752,1778,1738,1286,1715,0,0,0,11,0,0,1,1,1,0,0,1,4.9908,4.9908,4.9908,4.9908,2.9084,4.5916,1715.0870,1749.9418,1776.3300,1740.9045,1287.0167,1714.8632,0,on,1
1786107536.787703,1,0,handedness unsure,1676.0000,1745.0000,1753.0000,1740.0000,1296.0000,1715.0000,44.263,30.354,28.702,31.330,39.244,17.616,1716,1752,1778,1742,1286,1715,0,0,0,0,0,0,1,1,1,1,0,1,4.9908,4.9908,4.9908,4.9908,2.9084,4.5916,1715.0870,1749.9418,1776.3300,1740.9045,1287.0167,1714.8632,0,on,1
1786107536.819683,1,0,handedness unsure,1726.0000,1747.0000,1759.0000,1737.0000,1290.0000,1741.0000,34.181,30.014,27.502,32.024,41.364,11.986,1716,1752,1778,1742,1286,1715,0,0,0,0,0,0,1,1,1,1,0,1,4.9908,4.9908,4.9908,4.9908,2.9084,4.5916,1715.0870,1749.9418,1776.3300,1740.9045,1287.0167,1714.8632,0,on,1
1786107536.855563,1,1,,1669.0000,1756.0000,1744.0000,1733.0000,1285.0000,1724.0000,45.477,28.150,30.613,32.793,43.120,15.563,1716,1752,1779,1742,1286,1716,0,0,0,0,0,0,1,1,1,1,0,1,4.9908,4.9908,4.9908,4.9908,2.9084,4.5916,1715.0870,1749.9418,1767.5328,1740.9045,1287.0167,1714.8632,1,on,1
1786107536.893040,1,0,handedness unsure,1743.0000,1759.0000,1762.0000,1750.0000,1285.0000,1738.0000,30.727,27.444,26.855,29.428,43.097,12.665,1716,1752,1779,1742,1286,1716,0,0,0,0,0,0,1,1,1,1,0,1,4.9908,4.9908,4.9908,4.9908,2.9084,4.5916,1715.0870,1749.9418,1767.5328,1740.9045,1287.0167,1714.8632,0,on,1
1786107536.919922,1,0,handedness unsure,1715.0000,1761.0000,1766.0000,1746.0000,1290.0000,1727.0000,36.269,27.043,26.216,30.166,41.108,14.957,1716,1752,1779,1742,1286,1716,0,0,0,0,0,0,1,1,1,1,0,1,4.9908,4.9908,4.9908,4.9908,2.9084,4.5916,1715.0870,1749.9418,1767.5328,1740.9045,1287.0167,1714.8632,0,on,1
1786107536.955678,1,0,handedness unsure,1722.0000,1760.0000,1763.0000,1740.0000,1290.0000,1725.0000,34.988,27.362,26.792,31.245,41.218,15.343,1716,1752,1778,1742,1286,1716,0,0,19,0,0,0,1,1,1,1,0,1,4.9908,4.9908,4.9908,4.9908,2.9084,4.5916,1715.0870,1749.9418,1767.5328,1740.9045,1287.0167,1714.8632,0,on,1
1786107536.987668,1,0,handedness unsure,1705.0000,1757.0000,1758.0000,1750.0000,1297.0000,1719.0000,38.304,27.904,27.636,29.253,38.844,16.827,1716,1752,1778,1742,1286,1716,0,0,0,0,0,0,1,1,1,1,0,1,4.9908,4.9908,4.9908,4.9908,2.9084,4.5916,1715.0870,1749.9418,1767.5328,1740.9045,1287.0167,1714.8632,0,on,1
1786107537.019727,1,0,handedness unsure,1727.0000,1748.0000,1767.0000,1738.0000,1287.0000,1736.0000,34.044,29.714,25.849,31.643,42.181,12.924,1716,1752,1778,1742,1286,1716,0,0,28,0,0,0,1,1,1,1,0,1,4.9908,4.9908,4.9908,4.9908,2.9084,4.5916,1715.0870,1749.9418,1767.5328,1740.9045,1287.0167,1714.8632,0,on,1
1786107537.055709,1,0,handedness unsure,1702.0000,1747.0000,1750.0000,1758.0000,1301.0000,1719.0000,38.984,30.015,29.387,27.714,37.565,16.798,1716,1752,1777,1742,1286,1716,0,0,38,0,0,0,1,1,1,1,0,1,4.9908,4.9908,4.9908,4.9908,2.9084,4.5916,1715.0870,1749.9418,1767.5328,1740.9045,1287.0167,1714.8632,0,on,1
1786107537.087580,1,0,handedness unsure,1718.0000,1756.0000,1760.0000,1737.0000,1292.0000,1733.0000,35.784,28.075,27.386,31.974,40.706,13.629,1716,1752,1773,1742,1286,1715,0,0,28,0,0,0,1,1,1,1,0,1,4.9908,4.9908,4.9908,4.9908,2.9084,4.5916,1715.0870,1749.9418,1767.5328,1740.9045,1287.0167,1714.8632,0,on,1
1786107537.119523,1,0,handedness unsure,1712.0000,1759.0000,1752.0000,1752.0000,1297.0000,1725.0000,36.914,27.617,28.911,28.977,38.806,15.328,1716,1752,1770,1742,1286,1716,0,0,16,0,16,0,1,1,1,1,0,1,4.9908,4.9908,4.9908,4.9908,2.9084,4.5916,1715.0870,1749.9418,1767.5328,1740.9045,1287.0167,1714.8632,0,on,1
1786107537.155555,1,0,handedness unsure,1730.0000,1750.0000,1756.0000,1732.0000,1288.0000,1735.0000,33.263,29.350,28.208,32.904,41.895,13.324,1716,1752,1769,1742,1287,1716,0,0,0,0,0,0,1,1,1,1,1,1,4.9908,4.9908,4.9908,4.9908,2.9084,4.5916,1715.0870,1749.9418,1767.5328,1740.9045,1287.0167,1714.8632,0,on,1
1786107537.187559,1,0,handedness unsure,1695.0000,1748.0000,1756.0000,1738.0000,1291.0000,1725.0000,40.278,29.793,28.232,31.705,40.814,15.504,1716,1752,1769,1742,1287,1715,0,0,0,0,0,0,1,1,1,1,1,1,4.9908,4.9908,4.9908,4.9908,2.9084,4.5916,1715.0870,1749.9418,1767.5328,1740.9045,1287.0167,1714.8632,0,on,1
1786107537.219584,1,0,handedness unsure,1703.0000,1754.0000,1751.0000,1744.0000,1292.0000,1727.0000,38.675,28.615,29.201,30.471,40.408,14.958,1716,1752,1769,1742,1287,1715,0,0,0,0,0,0,1,1,1,1,1,1,4.9908,4.9908,4.9908,4.9908,2.9084,4.5916,1715.0870,1749.9418,1767.5328,1740.9045,1287.0167,1714.8632,0,on,1
1786107537.255661,1,0,handedness unsure,1692.0000,1749.0000,1748.0000,1763.0000,1289.0000,1711.0000,40.959,29.589,29.728,26.822,41.551,18.522,1716,1752,1769,1742,1287,1716,0,0,0,0,0,0,1,1,1,1,1,1,4.9908,4.9908,4.9908,4.9908,2.9084,4.5916,1715.0870,1749.9418,1767.5328,1740.9045,1287.0167,1714.8632,0,on,1
1786107537.287651,1,0,handedness unsure,1704.0000,1743.0000,1741.0000,1749.0000,1291.0000,1719.0000,38.479,30.810,31.054,29.534,40.827,16.620,1716,1752,1769,1742,1287,1715,0,0,0,0,0,0,1,1,1,1,1,1,4.9908,4.9908,4.9908,4.9908,2.9084,4.5916,1715.0870,1749.9418,1767.5328,1740.9045,1287.0167,1714.8632,0,on,1
1786107537.319690,1,0,handedness unsure,1701.0000,1743.0000,1749.0000,1747.0000,1280.0000,1720.0000,39.069,30.821,29.572,29.979,44.710,16.592,1716,1752,1769,1742,1287,1716,0,0,0,0,0,0,1,1,1,1,1,1,4.9908,4.9908,4.9908,4.9908,2.9084,4.5916,1715.0870,1749.9418,1767.5328,1740.9045,1287.0167,1714.8632,0,on,1
1786107537.355633,1,0,handedness unsure,1696.0000,1739.0000,1748.0000,1743.0000,1289.0000,1730.0000,40.131,31.460,29.752,30.731,41.471,14.319,1716,1752,1769,1742,1287,1716,0,0,0,0,0,0,1,1,1,1,1,1,4.9908,4.9908,4.9908,4.9908,2.9084,4.5916,1715.0870,1749.9418,1767.5328,1740.9045,1287.0167,1714.8632,0,on,1
1786107537.387537,1,0,handedness unsure,1693.0000,1741.0000,1736.0000,1748.0000,1279.0000,1718.0000,40.722,31.122,32.213,29.646,44.891,16.890,1716,1752,1769,1742,1287,1716,0,0,0,0,0,0,1,1,1,1,1,1,4.9908,4.9908,4.9908,4.9908,2.9084,4.5916,1715.0870,1749.9418,1758.8652,1740.9045,1287.0167,1714.8632,1,on,1
1786107537.419519,1,0,handedness unsure,1701.0000,1734.0000,1742.0000,1738.0000,1292.0000,1733.0000,39.149,32.547,30.967,31.748,40.396,13.665,1716,1752,1769,1742,1287,1716,0,0,0,0,0,0,1,1,1,1,1,1,4.9908,4.9908,4.9908,4.9908,2.9084,4.5916,1715.0870,1749.9418,1758.8652,1740.9045,1287.0167,1714.8632,0,on,1
1786107537.455654,1,0,handedness unsure,1676.0000,1747.0000,1730.0000,1752.0000,1271.0000,1718.0000,44.081,29.922,33.308,28.970,47.933,16.954,1716,1752,1769,1742,1287,1716,0,0,0,0,0,0,1,1,1,1,1,1,4.9908,4.9908,4.9908,4.9908,2.9084,4.5916,1706.0301,1749.9418,1758.8652,1740.9045,1287.0167,1714.8632,1,on,1
1786107537.487626,1,0,handedness unsure,1706.0000,1741.0000,1733.0000,1750.0000,1287.0000,1739.0000,38.184,31.100,32.741,29.298,42.227,12.473,1716,1752,1769,1742,1287,1716,0,0,34,0,0,0,1,1,1,1,1,1,4.9908,4.9908,4.9908,4.9908,2.9084,4.5916,1706.0301,1749.9418,1758.8652,1740.9045,1287.0167,1714.8632,0,on,1
1786107537.519642,1,0,handedness unsure,1699.0000,1742.0000,1735.0000,1745.0000,1284.0000,1735.0000,39.622,30.981,32.302,30.321,43.461,13.306,1716,1752,1766,1742,1287,1716,0,0,0,0,0,0,1,1,1,1,1,1,4.9908,4.9908,4.9908,4.9908,2.9084,4.5916,1706.0301,1749.9418,1758.8652,1740.9045,1287.0167,1714.8632,0,on,1
1786107537.555534,1,0,handedness unsure,1714.0000,1738.0000,1730.0000,1738.0000,1285.0000,1728.0000,36.513,31.673,33.392,31.678,42.997,14.862,1716,1752,1766,1742,1287,1716,26,0,0,0,0,0,1,1,1,1,1,1,4.9908,4.9908,4.9908,4.9908,2.9084,4.5916,1706.0301,1749.9418,1750.9294,1740.9045,1287.0167,1714.8632,1,on,1
1786107537.587530,1,0,handedness unsure,1694.0000,1740.0000,1734.0000,1735.0000,1284.0000,1731.0000,40.556,31.340,32.562,32.362,43.410,14.188,1716,1752,1766,1742,1287,1715,9,0,11,0,0,0,1,1,1,1,1,1,4.9908,4.9908,4.9908,4.9908,2.9084,4.5916,1706.0301,1749.9418,1750.9294,1740.9045,1287.0167,1714.8632,0,on,1
1786107537.619558,1,0,handedness unsure,1697.0000,1751.0000,1731.0000,1742.0000,1284.0000,1728.0000,39.976,29.121,33.154,30.850,43.281,14.724,1716,1752,1764,1742,1287,1716,43,0,62,0,0,0,1,1,1,1,1,1,4.9908,4.9908,4.9908,4.9908,2.9084,4.5916,1706.0301,1749.9418,1750.9294,1740.9045,1287.0167,1714.8632,0,on,1
1786107537.655528,1,0,handedness unsure,1677.0000,1740.0000,1734.0000,1733.0000,1279.0000,1729.0000,44.013,31.436,32.583,32.674,44.866,14.489,1712,1752,1757,1742,1287,1715,37,0,0,0,0,0,1,1,1,1,1,1,4.9908,4.9908,4.9908,4.9908,2.9084,4.5916,1706.0301,1749.9418,1750.9294,1740.9045,1287.0167,1714.8632,0,on,1
1786107537.687585,1,1,,1669.0000,1747.0000,1752.0000,1733.0000,1279.0000,1733.0000,45.508,29.949,29.010,32.793,45.160,13.617,1711,1752,1757,1742,1287,1716,21,0,0,0,0,0,1,1,1,1,1,1,4.9908,4.9908,4.9908,4.9908,2.9084,4.5916,1706.0301,1749.9418,1750.9294,1740.9045,1287.0167,1714.8632,0,on,1
1786107537.719744,1,1,,1661.0000,1735.0000,1740.0000,1728.0000,1283.0000,1718.0000,47.079,32.401,31.243,33.818,43.706,16.860,1711,1752,1757,1742,1287,1716,24,0,0,0,0,0,1,1,1,1,1,1,4.9908,4.9908,4.9908,4.9908,2.9084,4.5916,1696.9123,1749.9418,1750.9294,1740.9045,1287.0167,1714.8632,1,on,1
1786107537.755669,1,1,,1644.0000,1723.0000,1724.0000,1748.0000,1289.0000,1710.0000,50.627,34.718,34.585,29.805,41.762,18.575,1710,1752,1757,1742,1287,1716,57,0,0,0,0,0,1,1,1,1,1,1,4.9908,4.9908,4.9908,4.9908,2.9084,4.5916,1696.9123,1749.9418,1750.9294,1740.9045,1287.0167,1714.8632,0,on,1
1786107537.787560,1,1,,1649.0000,1730.0000,1704.0000,1726.0000,1281.0000,1712.0000,49.513,33.371,38.601,34.144,44.440,18.317,1708,1752,1757,1742,1287,1715,71,0,9,0,0,0,1,1,1,1,1,1,4.9908,4.9908,4.9908,4.9908,2.9084,4.5916,1685.2271,1749.9418,1742.6362,1740.9045,1287.0167,1714.8632,1,on,1
1786107537.819547,1,1,,1609.0000,1691.0000,1688.0000,1723.0000,1269.0000,1700.0000,57.611,41.245,41.831,34.833,48.597,20.853,1701,1752,1756,1742,1287,1716,39,0,42,0,0,0,1,1,1,1,1,1,4.9908,4.9908,4.9908,4.9908,2.9084,4.5916,1673.2683,1739.9372,1742.6362,1740.9045,1287.0167,1714.8632,1,on,1
1786107537.855578,1,1,,1590.0000,1674.0000,1680.0000,1716.0000,1257.0000,1695.0000,61.348,44.501,43.294,36.073,52.582,21.954,1698,1752,1748,1742,1287,1715,77,0,34,0,0,0,1,1,1,1,1,1,4.9908,4.9908,4.9908,4.9908,2.9084,4.5916,1657.1689,1730.3193,1728.1553,1740.9045,1287.0167,1714.8632,1,on,1
1786107537.887602,1,1,,1509.0000,1611.0000,1647.0000,1697.0000,1270.0000,1703.0000,77.651,57.110,49.969,39.903,47.989,20.167,1686,1752,1745,1742,1287,1716,58,23,34,0,0,0,1,1,1,1,1,1,4.9908,4.9908,4.9908,4.9908,2.9084,4.5916,1620.3970,1706.0186,1714.5840,1740.9045,1287.0167,1714.8632,1,on,1
1786107537.919760,1,1,,1517.0000,1548.0000,1598.0000,1678.0000,1266.0000,1662.0000,76.122,69.865,59.891,43.725,49.580,29.085,1678,1745,1737,1742,1287,1716,79,103,63,0,0,0,1,1,1,1,1,1,4.9908,4.9908,4.9908,4.9908,2.9084,4.5916,1594.5655,1663.4737,1689.0995,1728.3144,1287.0167,1706.3547,1,on,1
1786107537.955713,1,1,,1502.0000,1563.0000,1578.0000,1680.0000,1332.0000,1644.0000,79.116,66.897,63.820,43.439,26.975,32.982,1662,1724,1727,1742,1287,1716,113,69,60,9,0,0,1,1,1,1,1,1,4.9908,4.9908,4.9908,4.9908,2.9084,4.5916,1571.1312,1636.2544,1661.2002,1728.3144,1287.0167,1698.0799,1,on,1
1786107537.987744,1,1,,1424.0000,1556.0000,1533.0000,1630.0000,1320.0000,1642.0000,94.664,68.289,72.775,53.403,30.804,33.480,1648,1712,1719,1742,1287,1715,114,81,70,38,0,0,1,1,1,1,1,1,4.9908,4.9908,4.9908,4.9908,2.9084,4.5916,1530.7749,1617.7181,1627.9893,1705.6270,1287.0167,1690.4036,1,on,1
1786107538.019644,1,1,,1449.0000,1680.0000,1554.0000,1575.0000,1341.0000,1618.0000,89.557,43.355,68.609,64.404,23.702,38.764,1626,1690,1700,1736,1287,1716,113,77,79,38,0,68,1,1,1,1,1,1,4.9908,4.9908,4.9908,4.9908,2.9084,4.5916,1510.5921,1617.7181,1610.8649,1675.1605,1294.3003,1678.6735,1,on,1
1786107538.055600,1,1,,1424.0000,1652.0000,1605.0000,1563.0000,1316.0000,1643.0000,94.631,49.030,58.377,66.845,32.198,33.358,1604,1669,1678,1722,1287,1703,98,87,83,28,0,17,1,1,1,1,0,1,4.9908,4.9908,4.9908,4.9908,2.9084,4.5916,1489.1792,1617.7181,1610.8649,1645.9139,1294.3003,1678.6735,1,on,1
1786107538.087635,1,1,,1437.0000,1617.0000,1554.0000,1581.0000,1312.0000,1609.0000,92.048,55.953,68.586,63.146,33.797,40.589,1584,1648,1656,1709,1287,1696,95,94,84,69,22,23,1,1,1,1,0,1,4.9908,4.9908,4.9908,4.9908,2.9084,4.5916,1479.0884,1617.7181,1601.4765,1632.1316,1294.3003,1663.5790,1,on,1
