t,seen,trust,why,tgt_pinky,tgt_ring,tgt_middle,tgt_index,tgt_thumb_bend,tgt_thumb_rot,curl_pinky,curl_ring,curl_middle,curl_index,thumb_flexion,opposition,ang_pinky,ang_ring,ang_middle,ang_index,ang_thumb_bend,ang_thumb_rot,cur_pinky,cur_ring,cur_middle,cur_index,cur_thumb_bend,cur_thumb_rot,sta_pinky,sta_ring,sta_middle,sta_index,sta_thumb_bend,sta_thumb_rot,gain_pinky,gain_ring,gain_middle,gain_index,gain_thumb_bend,gain_thumb_rot,sent_pinky,sent_ring,sent_middle,sent_index,sent_thumb_bend,sent_thumb_rot,sent,mode,applying,deg
1786353674.462071,1,1,,1814.0000,1850.0000,1798.0000,1850.0000,1294.0000,993.0000,45.278,34.995,47.823,22.619,45.123,85.198,1804,1786,1789,1782,1375,1844,0,0,0,0,0,0,1,0,1,1,1,1,6.0177,6.0177,6.0177,6.0177,6.4208,12.3552,1814.0000,1850.0000,1798.0000,1850.0000,1294.0000,993.0000,1,on,1,1.5000
1786353674.488574,1,1,,1821.0000,1850.0000,1789.0000,1850.0000,1342.0000,910.0000,44.004,31.394,49.427,22.897,37.661,91.914,1804,1786,1789,1782,1375,1844,0,0,0,0,0,0,1,0,1,1,1,1,6.0177,6.0177,6.0177,6.0177,6.4208,12.3552,1814.0000,1850.0000,1798.0000,1850.0000,1294.0000,993.0000,0,on,1,1.5000
1786353674.515192,1,1,,1822.0000,1850.0000,1763.0000,1850.0000,1358.0000,917.0000,43.845,32.305,53.673,31.924,35.222,91.400,1804,1786,1789,1782,1375,1844,0,0,0,0,0,19,1,0,1,1,1,1,6.0177,6.0177,6.0177,6.0177,6.4208,12.3552,1814.0000,1850.0000,1798.0000,1850.0000,1303.6745,993.0000,1,on,1,1.5000
1786353674.551375,1,1,,1816.0000,1850.0000,1747.0000,1850.0000,1348.0000,916.0000,44.927,33.871,56.398,32.223,36.785,91.427,1804,1786,1789,1782,1375,1842,0,0,0,0,75,136,1,0,1,1,1,1,6.0177,6.0177,6.0177,6.0177,6.4208,12.3552,1814.0000,1850.0000,1798.0000,1850.0000,1303.6745,965.3259,1,on,1,1.5000
1786353674.583084,1,1,,1818.0000,1850.0000,1741.0000,1850.0000,1352.0000,919.0000,44.536,33.271,57.392,32.837,36.140,91.223,1804,1786,1789,1782,1372,1807,0,0,0,0,84,90,1,0,1,1,1,1,6.0177,6.0177,6.0177,6.0177,6.4208,12.3552,1814.0000,1850.0000,1784.8246,1850.0000,1314.9323,965.3259,1,on,1,1.5000
1786353674.615156,1,1,,1814.0000,1850.0000,1738.0000,1850.0000,1353.0000,931.0000,45.190,34.229,57.818,31.653,35.931,90.219,1804,1786,1789,1782,1368,1774,0,0,0,0,71,103,1,0,1,1,1,1,6.0177,6.0177,6.0177,6.0177,6.4208,12.3552,1814.0000,1850.0000,1784.8246,1850.0000,1314.9323,965.3259,0,on,1,1.5000
1786353674.651146,1,1,,1815.0000,1850.0000,1738.0000,1850.0000,1348.0000,929.0000,45.000,33.557,57.888,32.097,36.771,90.435,1804,1786,1789,1782,1363,1740,0,0,0,0,71,85,1,0,1,1,1,1,6.0177,6.0177,6.0177,6.0177,6.4208,12.3552,1814.0000,1850.0000,1773.5389,1850.0000,1314.9323,965.3259,1,on,1,1.5000
1786353674.683149,1,1,,1817.0000,1850.0000,1738.0000,1850.0000,1353.0000,924.0000,44.658,33.437,57.795,31.270,36.012,90.804,1804,1786,1789,1782,1360,1720,0,0,18,0,71,78,1,0,1,1,1,1,6.0177,6.0177,6.0177,6.0177,6.4208,12.3552,1814.0000,1850.0000,1773.5389,1850.0000,1325.7462,965.3259,1,on,1,1.5000
1786353674.715134,1,1,,1815.0000,1850.0000,1744.0000,1850.0000,1352.0000,907.0000,45.049,33.078,56.870,31.332,36.137,92.191,1804,1786,1789,1782,1355,1690,0,0,49,0,57,87,1,0,1,1,1,1,6.0177,6.0177,6.0177,6.0177,6.4208,12.3552,1814.0000,1850.0000,1773.5389,1850.0000,1325.7462,944.9470,1,on,1,1.5000
1786353674.751080,1,1,,1810.0000,1850.0000,1746.0000,1850.0000,1355.0000,922.0000,45.929,33.999,56.528,30.499,35.702,90.975,1804,1786,1785,1782,1352,1662,0,0,28,0,57,82,1,0,1,1,1,1,6.0177,6.0177,6.0177,6.0177,6.4208,12.3552,1814.0000,1850.0000,1773.5389,1850.0000,1325.7462,944.9470,0,on,1,1.5000
1786353674.783165,1,1,,1815.0000,1850.0000,1753.0000,1850.0000,1356.0000,912.0000,45.002,33.183,55.415,29.913,35.472,91.761,1804,1786,1782,1782,1348,1637,0,0,33,0,49,78,1,0,1,1,1,1,6.0177,6.0177,6.0177,6.0177,6.4208,12.3552,1814.0000,1850.0000,1764.1762,1850.0000,1325.7462,944.9470,1,on,1,1.5000
1786353674.815100,1,1,,1820.0000,1850.0000,1747.0000,1850.0000,1357.0000,909.0000,44.227,33.090,56.397,26.007,35.268,92.049,1804,1786,1781,1782,1345,1611,0,0,35,0,55,75,1,0,1,1,1,1,6.0177,6.0177,6.0177,6.0177,6.4208,12.3552,1814.0000,1850.0000,1764.1762,1850.0000,1325.7462,944.9470,0,on,1,1.5000
1786353674.851119,1,1,,1804.0000,1850.0000,1739.0000,1850.0000,1364.0000,890.0000,46.918,33.724,57.737,27.134,34.190,93.691,1804,1786,1773,1782,1343,1587,0,0,59,0,63,73,1,0,1,1,1,1,6.0177,6.0177,6.0177,6.0177,6.4208,12.3552,1814.0000,1850.0000,1764.1762,1850.0000,1337.5389,944.9470,1,on,1,1.5000
1786353674.883105,1,1,,1811.0000,1850.0000,1750.0000,1850.0000,1364.0000,890.0000,45.615,35.252,55.775,26.031,34.276,96.382,1804,1786,1768,1782,1340,1566,0,0,0,0,0,79,1,0,1,1,1,1,6.0177,6.0177,6.0177,6.0177,6.4208,12.3552,1814.0000,1850.0000,1764.1762,1850.0000,1337.5389,944.9470,0,on,1,1.5000
1786353674.915086,1,1,,1803.0000,1850.0000,1773.0000,1850.0000,1359.0000,890.0000,47.005,32.416,51.952,23.744,35.026,95.355,1804,1786,1766,1782,1339,1544,0,0,0,0,0,85,1,0,1,1,1,1,6.0177,6.0177,6.0177,6.0177,6.4208,12.3552,1814.0000,1850.0000,1764.1762,1850.0000,1337.5389,922.3615,1,on,1,1.5000
1786353674.951072,1,1,,1790.0000,1850.0000,1767.0000,1850.0000,1363.0000,890.0000,49.157,35.286,53.089,26.346,34.326,94.783,1804,1786,1766,1782,1339,1517,0,0,0,0,0,67,1,0,1,1,1,1,6.0177,6.0177,6.0177,6.0177,6.4208,12.3552,1814.0000,1850.0000,1764.1762,1850.0000,1337.5389,922.3615,0,on,1,1.5000
1786353674.983072,1,1,,1790.0000,1850.0000,1778.0000,1850.0000,1371.0000,890.0000,49.248,36.248,51.144,24.893,33.195,95.921,1804,1786,1766,1782,1339,1492,0,0,0,0,0,76,1,0,1,1,1,1,6.0177,6.0177,6.0177,6.0177,6.4208,12.3552,1814.0000,1850.0000,1764.1762,1850.0000,1337.5389,922.3615,0,on,1,1.5000
1786353675.014922,1,1,,1768.0000,1850.0000,1779.0000,1850.0000,1361.0000,890.0000,52.825,36.862,51.091,27.209,34.675,93.632,1804,1786,1766,1782,1339,1466,0,0,0,0,0,79,1,0,1,1,1,1,6.0177,6.0177,6.0177,6.0177,6.4208,12.3552,1814.0000,1850.0000,1764.1762,1850.0000,1337.5389,922.3615,0,on,1,1.5000
1786353675.051069,1,1,,1774.0000,1850.0000,1790.0000,1850.0000,1356.0000,976.0000,51.916,37.520,49.251,27.159,35.506,86.600,1804,1786,1766,1782,1339,1441,0,0,0,0,0,85,1,0,1,1,1,1,6.0177,6.0177,6.0177,6.0177,6.4208,12.3552,1803.7648,1850.0000,1764.1762,1850.0000,1337.5389,922.3615,1,on,1,1.5000
1786353675.083113,1,1,,1770.0000,1850.0000,1790.0000,1850.0000,1356.0000,1005.0000,52.519,37.786,49.269,28.475,35.520,84.280,1804,1786,1766,1782,1339,1426,0,0,0,0,0,84,1,0,1,1,1,1,6.0177,6.0177,6.0177,6.0177,6.4208,12.3552,1803.7648,1850.0000,1764.1762,1850.0000,1347.2859,922.3615,1,on,1,1.5000
1786353675.115085,1,1,,1774.0000,1850.0000,1801.0000,1850.0000,1349.0000,1032.0000,51.783,37.810,47.402,28.775,36.643,82.075,1804,1786,1766,1782,1339,1398,0,0,0,0,8,87,1,0,1,1,0,1,6.0177,6.0177,6.0177,6.0177,6.4208,12.3552,1803.7648,1850.0000,1764.1762,1850.0000,1347.2859,948.0148,1,on,1,1.5000
1786353675.151081,1,1,,1755.0000,1850.0000,1790.0000,1850.0000,1353.0000,1080.0000,54.998,38.681,49.246,29.145,35.976,78.142,1804,1786,1766,1782,1339,1371,0,0,0,0,0,79,1,0,1,1,0,1,6.0177,6.0177,6.0177,6.0177,6.4208,12.3552,1793.0946,1850.0000,1764.1762,1850.0000,1347.2859,981.5738,1,on,1,1.5000
1786353675.183091,1,1,,1781.0000,1833.0000,1801.0000,1850.0000,1340.0000,1090.0000,50.705,42.001,47.377,28.046,37.934,77.353,1804,1786,1766,1782,1339,1345,0,0,0,0,13,76,1,0,1,1,0,1,6.0177,6.0177,6.0177,6.0177,6.4208,12.3552,1793.0946,1850.0000,1773.5149,1850.0000,1347.2859,1008.1299,1,on,1,1.5000
1786353675.215214,1,1,,1764.0000,1820.0000,1798.0000,1850.0000,1339.0000,1172.0000,53.552,44.167,47.865,26.352,38.130,70.765,1804,1786,1766,1782,1339,1320,0,0,0,0,25,89,1,0,0,1,0,1,6.0177,6.0177,6.0177,6.0177,6.4208,12.3552,1793.0946,1850.0000,1773.5149,1850.0000,1347.2859,1056.1561,1,on,1,1.5000
1786353675.251135,1,1,,1747.0000,1804.0000,1761.0000,1850.0000,1353.0000,1171.0000,56.259,46.942,53.986,30.190,36.019,70.787,1804,1786,1766,1782,1341,1294,20,0,16,0,13,88,1,0,0,1,0,1,6.0177,6.0177,6.0177,6.0177,6.4208,12.3552,1793.0946,1850.0000,1773.5149,1850.0000,1347.2859,1090.1342,1,on,1,1.5000
1786353675.283101,1,1,,1744.0000,1800.0000,1772.0000,1850.0000,1363.0000,1204.0000,56.848,47.591,52.255,32.056,34.353,68.106,1804,1786,1766,1782,1342,1277,0,0,27,0,11,101,1,0,0,1,0,1,6.0177,6.0177,6.0177,6.0177,6.4208,12.3552,1780.6188,1838.7828,1773.5149,1850.0000,1347.2859,1120.9574,1,on,1,1.5000
1786353675.314910,1,1,,1725.0000,1801.0000,1769.0000,1850.0000,1374.0000,1215.0000,59.921,47.369,52.636,33.880,32.632,67.218,1804,1786,1773,1782,1343,1253,10,0,12,0,0,101,1,0,0,1,0,1,6.0177,6.0177,6.0177,6.0177,6.4208,12.3552,1780.6188,1838.7828,1773.5149,1850.0000,1347.2859,1144.8690,1,on,1,1.5000
1786353675.351122,1,1,,1669.0000,1769.0000,1747.0000,1833.0000,1375.0000,1229.0000,69.296,52.625,56.294,42.055,28.241,66.136,1804,1786,1774,1782,1343,1226,44,0,0,0,26,97,1,0,0,1,0,1,6.0177,6.0177,6.0177,6.0177,6.4208,12.3552,1752.4307,1824.7831,1773.5149,1850.0000,1347.2859,1165.9599,1,on,1,1.5000
1786353675.383074,1,1,,1605.0000,1749.0000,1694.0000,1760.0000,1375.0000,1215.0000,79.967,56.047,65.087,54.227,28.034,67.253,1803,1786,1774,1782,1344,1201,113,0,0,0,24,98,1,0,0,1,0,1,6.0177,6.0177,6.0177,6.0177,6.4208,12.3552,1715.5533,1812.3073,1763.5095,1837.9002,1347.2859,1165.9599,1,on,1,1.5000
1786353675.415052,1,1,,1505.0000,1727.0000,1699.0000,1783.0000,1375.0000,1117.0000,96.600,59.584,64.274,50.380,13.734,75.218,1790,1786,1774,1782,1345,1180,134,0,0,0,15,17,1,0,1,1,0,1,6.0177,6.0177,6.0177,6.0177,6.4208,12.3552,1646.8524,1796.1732,1753.9504,1837.9002,1347.2859,1165.9599,1,on,1,1.5000
1786353675.451115,1,1,,1530.0000,1718.0000,1689.0000,1720.0000,1375.0000,1113.0000,92.455,61.230,66.025,60.896,17.920,75.537,1764,1786,1774,1782,1346,1177,134,0,16,0,0,43,1,0,1,1,0,1,6.0177,6.0177,6.0177,6.0177,6.4208,12.3552,1609.6855,1780.0360,1742.8871,1807.0069,1347.2859,1165.9599,1,on,1,1.5000
1786353675.483104,1,1,,1449.0000,1668.0000,1652.0000,1711.0000,1375.0000,1213.0000,105.829,69.407,72.120,62.319,13.349,67.395,1747,1786,1773,1782,1346,1173,130,0,102,0,0,28,1,1,1,1,0,1,6.0177,6.0177,6.0177,6.0177,6.4208,12.3552,1559.1485,1754.9000,1725.7310,1786.5984,1357.2977,1165.9599,1,on,1,1.5000
1786353675.515085,1,1,,1415.0000,1632.0000,1621.0000,1723.0000,1375.0000,1279.0000,111.489,75.404,77.191,60.396,18.705,62.048,1720,1786,1752,1782,1346,1172,109,0,67,0,0,0,1,1,1,1,0,1,6.0177,6.0177,6.0177,6.0177,6.4208,12.3552,1513.6944,1723.9335,1702.8179,1774.1600,1357.2977,1186.7013,1,on,1,1.5000
1786353675.551064,1,0,handedness unsure,1361.0000,1669.0000,1612.0000,1725.0000,1371.0000,1399.0000,120.489,69.334,78.788,60.010,33.164,52.338,1703,1786,1744,1782,1346,1171,120,46,47,0,19,22,1,1,1,1,0,0,6.0177,6.0177,6.0177,6.0177,6.4208,12.3552,1462.4403,1711.7057,1681.5224,1774.1600,1357.2977,1186.7013,1,on,1,1.5000
1786353675.583088,1,1,,1358.0000,1720.0000,1534.0000,1718.0000,1375.0000,1389.0000,120.939,60.881,91.735,61.223,29.142,53.135,1676,1779,1739,1782,1347,1171,82,114,47,0,44,23,1,1,1,1,0,0,6.0177,6.0177,6.0177,6.0177,6.4208,12.3552,1432.6017,1711.7057,1642.2960,1758.0052,1357.2977,1243.2394,1,on,1,1.5000
1786353675.615155,1,1,,1420.0000,1643.0000,1613.0000,1678.0000,1351.0000,1387.0000,110.680,73.649,78.643,67.759,36.261,53.324,1655,1754,1728,1782,1351,1171,94,97,100,0,28,18,1,1,1,1,0,0,6.0177,6.0177,6.0177,6.0177,6.4208,12.3552,1432.6017,1702.2302,1642.2960,1743.7599,1357.2977,1285.8397,1,on,1,1.5000
1786353675.651145,1,1,,1628.0000,1699.0000,1850.0000,1630.0000,1349.0000,1453.0000,76.041,64.235,33.858,75.856,36.564,47.959,1633,1732,1706,1782,1353,1179,84,67,101,16,0,85,1,1,1,1,0,0,6.0177,6.0177,6.0177,6.0177,6.4208,12.3552,1458.6958,1702.2302,1670.6794,1717.3221,1357.2977,1341.7781,1,on,1,1.5000
1786353675.683156,1,1,,1584.0000,1488.0000,1843.0000,1484.0000,1349.0000,1463.0000,83.487,99.329,40.345,100.097,36.582,47.172,1616,1715,1683,1775,1353,1210,82,0,15,109,29,76,1,1,1,1,0,0,6.0177,6.0177,6.0177,6.0177,6.4208,12.3552,1484.8003,1645.2352,1714.3814,1641.5953,1357.2977,1377.7629,1,on,1,1.5000
1786353675.715152,1,1,,1609.0000,1521.0000,1774.0000,1562.0000,1314.0000,1348.0000,79.288,93.893,51.816,87.139,42.010,56.530,1605,1714,1682,1757,1354,1230,80,57,26,106,22,103,1,1,0,1,0,0,6.0177,6.0177,6.0177,6.0177,6.4208,12.3552,1515.2069,1611.1495,1727.2846,1619.5879,1357.2977,1377.7629,1,on,1,1.5000
1786353675.751150,1,1,,1618.0000,1545.0000,1554.0000,1611.0000,1368.0000,1093.0000,77.741,89.922,88.395,78.876,33.547,77.123,1587,1705,1680,1733,1355,1264,74,80,54,82,13,85,1,1,0,1,0,0,6.0177,6.0177,6.0177,6.0177,6.4208,12.3552,1541.8713,1594.8332,1709.7364,1619.5879,1357.2977,1305.2329,1,on,1,1.5000
1786353675.783198,1,1,,1537.0000,1345.0000,1364.0000,1528.0000,1375.0000,890.0000,91.297,123.149,119.906,92.701,32.105,105.738,1569,1682,1685,1704,1355,1289,81,89,35,78,0,11,1,1,0,1,0,0,6.0177,6.0177,6.0177,6.0177,6.4208,12.3552,1541.8713,1509.7881,1587.8338,1599.8790,1357.2977,1128.1470,1,on,1,1.5000
1786353675.815171,1,0,handedness unsure,1576.0000,1519.0000,1360.0000,1426.0000,1317.0000,890.0000,84.807,94.141,120.675,109.720,41.562,134.275,1552,1656,1694,1680,1355,1294,70,66,18,67,0,24,1,1,1,1,0,1,6.0177,6.0177,6.0177,6.0177,6.4208,12.3552,1541.8713,1509.7881,1500.2363,1551.4019,1357.2977,1128.1470,1,on,1,1.5000
1786353675.851105,1,1,,1614.0000,1597.0000,1529.0000,1636.0000,1203.0000,1168.0000,78.399,81.210,92.603,74.808,59.361,71.058,1549,1634,1696,1660,1355,1295,40,81,40,61,0,41,1,1,1,1,0,1,6.0177,6.0177,6.0177,6.0177,6.4208,12.3552,1556.7643,1509.7881,1500.2363,1551.4019,1327.5615,1128.1470,1,on,1,1.5000
1786353675.883200,1,1,,1617.0000,1599.0000,1494.0000,1672.0000,1293.0000,1126.0000,77.921,81.010,98.434,68.716,45.257,74.423,1544,1614,1684,1637,1355,1289,0,90,99,46,0,145,0,1,1,1,1,1,6.0177,6.0177,6.0177,6.0177,6.4208,12.3552,1566.1718,1523.6856,1500.2363,1571.6692,1327.5615,1128.1470,1,on,1,1.5000
1786353675.915194,1,1,,1614.0000,1559.0000,1499.0000,1599.0000,1326.0000,1108.0000,78.367,87.560,97.516,80.892,40.129,75.906,1544,1599,1665,1626,1355,1264,23,71,79,55,23,140,0,1,1,1,1,1,6.0177,6.0177,6.0177,6.0177,6.4208,12.3552,1566.1718,1523.6856,1500.2363,1571.6692,1327.5615,1128.1470,0,on,1,1.5000
1786353675.951195,1,1,,1567.0000,1516.0000,1528.0000,1565.0000,1322.0000,1105.0000,86.301,94.687,92.684,86.656,40.756,76.123,1544,1580,1641,1609,1354,1226,19,86,104,58,70,140,0,1,1,1,1,1,6.0177,6.0177,6.0177,6.0177,6.4208,12.3552,1566.1718,1523.6856,1500.2363,1571.6692,1327.5615,1128.1470,0,on,1,1.5000
1786353675.983210,1,1,,1532.0000,1426.0000,1471.0000,1524.0000,1375.0000,1066.0000,92.089,109.663,102.198,93.421,30.799,79.321,1551,1561,1616,1589,1349,1192,14,82,77,41,71,123,0,1,1,1,1,1,6.0177,6.0177,6.0177,6.0177,6.4208,12.3552,1566.1718,1523.6856,1500.2363,1571.6692,1327.5615,1128.1470,0,on,1,1.5000
1786353676.015348,1,1,,1477.0000,1361.0000,1485.0000,1568.0000,1356.0000,1260.0000,101.150,120.416,99.931,86.088,35.456,63.575,1553,1544,1596,1578,1345,1161,18,79,84,0,82,98,0,1,1,1,1,1,6.0177,6.0177,6.0177,6.0177,6.4208,12.3552,1566.1718,1480.3508,1500.2363,1571.6692,1327.5615,1128.1470,1,on,1,1.5000
1786353676.051045,1,1,,1564.0000,1463.0000,1515.0000,1545.0000,1315.0000,1287.0000,86.775,103.569,94.811,89.882,41.803,61.430,1559,1532,1574,1576,1341,1140,24,24,86,19,81,0,0,1,1,1,1,1,6.0177,6.0177,6.0177,6.0177,6.4208,12.3552,1566.1718,1480.3508,1500.2363,1571.6692,1327.5615,1170.5393,1,on,1,1.5000
1786353676.083040,0,1,,,,,,,,,,,,,,1562,1530,1561,1575,1337,1140,0,74,82,0,67,0,0,1,1,1,1,0,6.0177,6.0177,6.0177,6.0177,6.4208,12.3552,,,,,,,0,on,1,1.5000
1786353676.119093,0,1,,,,,,,,,,,,,,1563,1516,1543,1575,1333,1139,0,91,80,8,48,27,0,1,1,1,1,0,6.0177,6.0177,6.0177,6.0177,6.4208,12.3552,,,,,,,0,on,1,1.5000
1786353676.159544,0,1,,,,,,,,,,,,,,1563,1493,1520,1574,1330,1138,0,40,79,27,0,43,0,1,1,1,1,0,6.0177,6.0177,6.0177,6.0177,6.4208,12.3552,,,,,,,0,on,1,1.5000
1786353676.199791,0,1,,,,,,,,,,,,,,1563,1489,1509,1569,1330,1150,0,38,19,0,29,19,0,1,1,1,1,0,6.0177,6.0177,6.0177,6.0177,6.4208,12.3552,,,,,,,0,on,1,1.5000
1786353676.229018,0,1,,,,,,,,,,,,,,1563,1485,1505,1569,1329,1156,0,31,23,0,26,10,0,1,1,1,1,0,6.0177,6.0177,6.0177,6.0177,6.4208,12.3552,,,,,,,0,on,1,1.5000
1786353676.259712,0,1,,,,,,,,,,,,,,1563,1483,1503,1569,1328,1161,0,19,18,0,21,17,0,1,1,1,1,0,6.0177,6.0177,6.0177,6.0177,6.4208,12.3552,,,,,,,0,on,1,1.5000
1786353676.291623,0,1,,,,,,,,,,,,,,1563,1482,1502,1569,1327,1168,0,17,17,0,15,17,0,1,1,1,1,0,6.0177,6.0177,6.0177,6.0177,6.4208,12.3552,,,,,,,0,on,1,1.5000
1786353676.319205,0,1,,,,,,,,,,,,,,1563,1481,1502,1569,1327,1170,0,0,16,0,0,0,0,1,1,1,1,1,6.0177,6.0177,6.0177,6.0177,6.4208,12.3552,,,,,,,0,on,1,1.5000
1786353676.355291,0,1,,,,,,,,,,,,,,1563,1482,1501,1569,1327,1170,0,0,18,0,0,0,0,1,1,1,1,1,6.0177,6.0177,6.0177,6.0177,6.4208,12.3552,,,,,,,0,on,1,1.5000
1786353676.387326,0,1,,,,,,,,,,,,,,1563,1482,1500,1569,1327,1170,0,0,0,0,0,0,0,1,1,1,1,1,6.0177,6.0177,6.0177,6.0177,6.4208,12.3552,,,,,,,0,on,1,1.5000
1786353676.419397,0,1,,,,,,,,,,,,,,1563,1482,1500,1569,1327,1170,0,0,0,0,0,0,0,1,1,1,1,1,6.0177,6.0177,6.0177,6.0177,6.4208,12.3552,,,,,,,0,on,1,1.5000
1786353676.455297,0,1,,,,,,,,,,,,,,1563,1482,1500,1569,1327,1170,0,0,0,0,0,0,0,1,1,1,1,1,6.0177,6.0177,6.0177,6.0177,6.4208,12.3552,,,,,,,0,on,1,1.5000
1786353676.487164,0,1,,,,,,,,,,,,,,1563,1482,1500,1569,1327,1170,0,0,0,0,0,0,0,1,1,1,1,1,6.0177,6.0177,6.0177,6.0177,6.4208,12.3552,,,,,,,0,on,1,1.5000
1786353676.519239,0,1,,,,,,,,,,,,,,1563,1482,1500,1569,1327,1170,0,0,0,0,0,0,0,1,1,1,1,1,6.0177,6.0177,6.0177,6.0177,6.4208,12.3552,,,,,,,0,on,1,1.5000
1786353676.555246,0,1,,,,,,,,,,,,,,1563,1482,1500,1569,1327,1170,0,0,0,0,0,0,0,1,1,1,1,1,6.0177,6.0177,6.0177,6.0177,6.4208,12.3552,,,,,,,0,on,1,1.5000
1786353676.597036,1,0,hand looks flipped,1178.0000,1154.0000,1211.0000,1223.0000,1375.0000,1850.0000,150.845,154.919,145.323,143.376,24.231,-88.864,1563,1482,1500,1569,1327,1170,0,0,0,0,0,0,0,1,1,1,1,1,6.0177,6.0177,6.0177,6.0177,6.4208,12.3552,1387.5706,1334.9344,1392.7711,1422.1598,1327.5615,1170.5393,1,on,1,1.5000
1786353676.615263,1,0,hand looks flipped,1400.0000,1390.0000,1344.0000,1316.0000,1375.0000,1850.0000,114.059,115.678,123.371,127.990,28.446,-84.655,1563,1482,1500,1569,1327,1170,0,0,0,0,0,0,0,1,1,1,1,1,6.0177,6.0177,6.0177,6.0177,6.4208,12.3552,1387.5706,1334.9344,1392.7711,1401.1627,1327.5615,1170.5393,1,on,1,1.5000
1786353676.651127,1,0,hand looks flipped,1377.0000,1382.0000,1338.0000,1384.0000,1375.0000,1850.0000,117.868,116.940,124.292,116.720,29.904,-78.295,1563,1478,1498,1569,1327,1170,25,70,70,35,0,0,1,1,1,1,1,1,6.0177,6.0177,6.0177,6.0177,6.4208,12.3552,1387.5706,1334.9344,1376.4244,1401.1627,1327.5615,1170.5393,1,on,1,1.5000
1786353676.682984,0,1,,,,,,,,,,,,,,1563,1473,1490,1562,1327,1170,98,71,89,77,0,0,1,1,1,1,1,1,6.0177,6.0177,6.0177,6.0177,6.4208,12.3552,,,,,,,0,on,1,1.5000
1786353676.723598,1,0,hand looks flipped,1206.0000,1161.0000,1205.0000,1200.0000,1351.0000,1850.0000,146.199,153.764,146.466,147.243,36.262,-60.595,1536,1447,1465,1535,1327,1170,89,97,80,73,0,0,1,1,1,1,1,1,6.0177,6.0177,6.0177,6.0177,6.4208,12.3552,1327.8316,1290.2913,1317.8132,1323.5160,1327.5615,1170.5393,1,on,1,1.5000
1786353676.751148,0,1,,,,,,,,,,,,,,1522,1433,1452,1521,1327,1170,112,96,94,69,0,0,1,1,1,1,1,1,6.0177,6.0177,6.0177,6.0177,6.4208,12.3552,,,,,,,0,on,1,1.5000
1786353676.797110,1,0,hand looks flipped,1219.0000,1161.0000,1212.0000,1235.0000,1357.0000,1850.0000,144.021,153.704,145.181,141.445,35.330,-58.854,1492,1406,1425,1495,1327,1170,108,85,79,60,0,0,1,1,1,1,1,1,6.0177,6.0177,6.0177,6.0177,6.4208,12.3552,1296.1864,1252.3508,1286.7407,1297.7221,1327.5615,1170.5393,1,on,1,1.5000
1786353676.815164,1,0,hand looks flipped,1446.0000,1420.0000,1499.0000,1443.0000,1375.0000,1850.0000,106.367,110.697,97.483,106.799,27.920,-74.645,,,,,,,,,,,,,,,,,,,6.0177,6.0177,6.0177,6.0177,6.4208,12.3552,1307.1978,1267.0096,1312.7232,1307.8135,1327.5615,1170.5393,1,on,,1.5000
1786353676.851164,1,0,hand looks flipped,1350.0000,1398.0000,1410.0000,1331.0000,1375.0000,1850.0000,122.385,114.358,112.369,125.528,22.160,-69.376,1483,1400,1420,1487,1327,1170,86,89,88,53,0,0,1,1,1,1,1,1,6.0177,6.0177,6.0177,6.0177,6.4208,12.3552,1307.1978,1297.3267,1334.9722,1307.8135,1327.5615,1170.5393,1,on,1,1.5000
1786353676.883164,1,0,hand looks flipped,1398.0000,1418.0000,1402.0000,1290.0000,1375.0000,1850.0000,114.360,111.021,113.675,132.308,28.856,-44.107,1446,1365,1384,1450,1327,1170,86,89,80,46,0,0,1,1,1,1,1,1,6.0177,6.0177,6.0177,6.0177,6.4208,12.3552,1326.9714,1326.7080,1348.1386,1307.8135,1327.5615,1170.5393,1,on,1,1.5000
1786353676.915253,1,0,hand looks flipped,1349.0000,1345.0000,1358.0000,1325.0000,1375.0000,1850.0000,122.460,123.112,121.008,126.524,25.368,-32.269,1428,1348,1366,1433,1327,1170,78,89,90,53,0,0,1,1,1,1,1,1,6.0177,6.0177,6.0177,6.0177,6.4208,12.3552,1326.9714,1326.7080,1348.1386,1307.8135,1327.5615,1170.5393,0,on,1,1.5000
1786353676.951173,1,0,hand looks flipped,1365.0000,1330.0000,1362.0000,1384.0000,1375.0000,1850.0000,119.851,125.573,120.328,116.591,29.809,-42.483,1412,1337,1358,1418,1327,1170,85,30,0,77,0,0,1,1,1,1,1,1,6.0177,6.0177,6.0177,6.0177,6.4208,12.3552,1326.9714,1326.7080,1348.1386,1319.4166,1327.5615,1170.5393,1,on,1,1.5000
1786353676.983198,1,0,hand looks flipped,1402.0000,1329.0000,1343.0000,1358.0000,1375.0000,1850.0000,113.603,125.713,123.532,121.047,31.583,-45.299,1395,1334,1355,1401,1327,1170,92,27,25,74,0,0,1,1,1,1,1,1,6.0177,6.0177,6.0177,6.0177,6.4208,12.3552,1344.0681,1326.7080,1348.1386,1319.4166,1327.5615,1170.5393,1,on,1,1.5000
1786353677.015182,1,0,hand looks flipped,1486.0000,1406.0000,1410.0000,1394.0000,1305.0000,1850.0000,99.629,113.062,112.291,115.070,43.387,-63.965,1380,1331,1353,1384,1327,1170,94,17,15,64,0,0,1,1,1,1,1,1,6.0177,6.0177,6.0177,6.0177,6.4208,12.3552,1376.6136,1339.6495,1348.1386,1334.2126,1327.5615,1170.5393,1,on,1,1.5000
1786353677.051215,1,0,hand looks flipped,1551.0000,1435.0000,1405.0000,1464.0000,1354.0000,1850.0000,88.950,108.162,113.151,103.335,35.838,-78.729,1365,1331,1352,1367,1327,1170,95,0,0,62,0,0,0,0,1,1,1,1,6.0177,6.0177,6.0177,6.0177,6.4208,12.3552,1430.0358,1357.8090,1362.7386,1364.3158,1327.5615,1170.5393,1,on,1,1.5000
1786353677.083157,1,0,hand looks flipped,1569.0000,1475.0000,1448.0000,1525.0000,1340.0000,1850.0000,85.858,101.570,105.943,93.279,38.031,-75.225,1363,1331,1352,1358,1327,1170,80,63,23,0,0,0,0,0,0,0,1,1,6.0177,6.0177,6.0177,6.0177,6.4208,12.3552,1470.8639,1383.7364,1376.6880,1408.3722,1327.5615,1170.5393,1,on,1,1.5000
1786353677.115069,1,0,hand looks flipped,1585.0000,1475.0000,1452.0000,1524.0000,1375.0000,1850.0000,83.177,101.498,105.409,93.425,32.154,-83.993,1373,1338,1352,1355,1327,1170,76,41,49,28,0,0,0,0,0,0,1,1,6.0177,6.0177,6.0177,6.0177,6.4208,12.3552,1503.1646,1404.2296,1390.1784,1439.9416,1327.5615,1170.5393,1,on,1,1.5000
1786353677.151158,1,0,hand looks flipped,1661.0000,1609.0000,1550.0000,1655.0000,1373.0000,1850.0000,70.646,79.188,89.129,71.666,32.779,-74.075,1394,1352,1363,1368,1327,1170,87,80,22,30,0,0,0,0,0,0,1,1,6.0177,6.0177,6.0177,6.0177,6.4208,12.3552,1554.0145,1470.9293,1433.6480,1516.2035,1327.5615,1170.5393,1,on,1,1.5000
1786353677.183082,1,0,hand looks flipped,1646.0000,1563.0000,1537.0000,1581.0000,1368.0000,1850.0000,73.152,86.868,91.272,83.874,33.682,-88.055,1417,1370,1373,1387,1327,1170,67,75,48,49,0,0,0,0,0,0,1,1,6.0177,6.0177,6.0177,6.0177,6.4208,12.3552,1578.6796,1495.8111,1459.4299,1533.5215,1327.5615,1170.5393,1,on,1,1.5000
1786353677.217472,0,1,,,,,,,,,,,,,,1436,1389,1389,1405,1327,1170,71,69,68,68,0,0,0,0,0,0,1,1,6.0177,6.0177,6.0177,6.0177,6.4208,12.3552,,,,,,,0,on,1,1.5000
1786353677.264829,1,0,hand looks flipped,1214.0000,1201.0000,1213.0000,1341.0000,1140.0000,1850.0000,144.830,147.043,145.093,123.874,71.493,-55.368,1461,1414,1413,1430,1327,1170,65,57,68,73,0,0,0,0,0,0,1,1,6.0177,6.0177,6.0177,6.0177,6.4208,12.3552,1464.0533,1424.6125,1409.6581,1512.5501,1327.5615,1170.5393,1,on,1,1.5000
1786353677.283229,1,0,hand looks flipped,1353.0000,1286.0000,1244.0000,1329.0000,1166.0000,1850.0000,121.889,132.992,139.910,125.730,65.077,-48.131,1468,1420,1419,1440,1327,1170,60,66,60,36,0,0,1,0,1,0,1,1,6.0177,6.0177,6.0177,6.0177,6.4208,12.3552,1445.5802,1401.4889,1380.3844,1481.0119,1327.5615,1170.5393,1,on,1,1.5000
1786353677.315162,1,0,hand looks flipped,1123.0000,1063.0000,1040.0000,1105.0000,1318.0000,1850.0000,159.989,170.070,173.826,163.098,41.347,-49.321,1475,1431,1434,1457,1327,1170,39,10,18,50,0,0,1,1,1,0,1,1,6.0177,6.0177,6.0177,6.0177,6.4208,12.3552,1318.7664,1265.6035,1241.7419,1322.3279,1327.5615,1170.5393,1,on,1,1.5000
1786353677.351115,0,1,,,,,,,,,,,,,,1468,1432,1435,1471,1327,1170,68,49,109,9,0,0,1,1,1,1,1,1,6.0177,6.0177,6.0177,6.0177,6.4208,12.3552,,,,,,,0,on,1,1.5000
1786353677.397056,1,0,hand looks flipped,1163.0000,1143.0000,1172.0000,1302.0000,1140.0000,1850.0000,153.338,156.622,151.936,130.329,73.243,-58.572,1446,1415,1404,1469,1327,1170,87,127,100,77,0,0,1,1,1,1,1,1,6.0177,6.0177,6.0177,6.0177,6.4208,12.3552,1248.5011,1212.0872,1213.4178,1322.3279,1327.5615,1170.5393,1,on,1,1.5000
1786353677.415242,1,0,hand looks flipped,1284.0000,1245.0000,1187.0000,1263.0000,1240.0000,1850.0000,133.245,139.755,149.447,136.695,53.542,-62.337,1435,1400,1388,1456,1327,1170,104,111,111,75,0,0,1,1,1,1,1,1,6.0177,6.0177,6.0177,6.0177,6.4208,12.3552,1248.5011,1212.0872,1213.4178,1307.0591,1327.5615,1170.5393,1,on,1,1.5000
1786353677.451158,1,0,hand looks flipped,1138.0000,1161.0000,1231.0000,1509.0000,1140.0000,1850.0000,157.464,153.747,142.005,95.884,75.227,-51.228,1414,1379,1366,1433,1327,1170,110,111,104,50,0,0,1,1,1,1,1,1,6.0177,6.0177,6.0177,6.0177,6.4208,12.3552,1225.7943,1212.0872,1213.4178,1332.1430,1327.5615,1170.5393,1,on,1,1.5000
1786353677.483108,1,0,hand looks flipped,1305.0000,1252.0000,1307.0000,1339.0000,1179.0000,1850.0000,129.708,138.563,129.454,124.105,63.057,-73.706,1400,1365,1351,1421,1327,1170,107,102,85,89,0,0,1,1,1,1,1,1,6.0177,6.0177,6.0177,6.0177,6.4208,12.3552,1225.7943,1212.0872,1213.4178,1332.1430,1327.5615,1170.5393,0,on,1,1.5000
1786353677.515130,1,0,hand looks flipped,1181.0000,1205.0000,1319.0000,1360.0000,1306.0000,1850.0000,150.432,146.335,127.376,120.617,43.249,-102.762,1383,1346,1331,1400,1327,1170,112,101,95,72,0,0,1,1,1,1,1,1,6.0177,6.0177,6.0177,6.0177,6.4208,12.3552,1225.7943,1212.0872,1235.2279,1332.1430,1327.5615,1170.5393,1,on,1,1.5000
1786353677.551082,0,1,,,,,,,,,,,,,,1367,1326,1314,1382,1327,1170,107,88,94,68,17,0,1,1,1,1,1,1,6.0177,6.0177,6.0177,6.0177,6.4208,12.3552,,,,,,,0,on,1,1.5000
1786353677.597065,1,0,hand looks flipped,1316.0000,1206.0000,1280.0000,1370.0000,1216.0000,1850.0000,127.997,146.233,133.879,118.899,57.336,-52.258,1341,1305,1289,1359,1327,1170,83,111,85,97,0,0,1,1,1,1,1,1,6.0177,6.0177,6.0177,6.0177,6.4208,12.3552,1235.5595,1212.0872,1235.2279,1332.1430,1327.5615,1170.5393,1,on,1,1.5000
1786353677.615259,1,0,hand looks flipped,1458.0000,1524.0000,1449.0000,1541.0000,1368.0000,1850.0000,104.421,93.435,105.818,90.533,33.658,-54.242,1331,1293,1278,1346,1327,1170,94,95,90,74,0,0,1,1,1,1,1,1,6.0177,6.0177,6.0177,6.0177,6.4208,12.3552,1279.5090,1283.2910,1285.1404,1377.0596,1327.5615,1170.5393,1,on,1,1.5000
1786353677.651161,1,0,hand looks flipped,1289.0000,1298.0000,1328.0000,1510.0000,1283.0000,1850.0000,132.399,131.002,125.964,95.799,46.809,-56.338,1316,1276,1262,1342,1327,1170,107,89,85,0,0,0,1,0,0,0,1,1,6.0177,6.0177,6.0177,6.0177,6.4208,12.3552,1279.5090,1283.2910,1295.7520,1417.7425,1327.5615,1170.5393,1,on,1,1.5000
1786353677.683180,1,0,hand looks flipped,1430.0000,1352.0000,1373.0000,1608.0000,1312.0000,1850.0000,108.929,121.963,118.483,79.474,42.366,-61.929,1305,1273,1256,1342,1327,1170,102,35,62,47,0,0,1,0,0,0,1,1,6.0177,6.0177,6.0177,6.0177,6.4208,12.3552,1319.9010,1300.8955,1312.4279,1480.2175,1327.5615,1170.5393,1,on,1,1.5000
1786353677.715026,1,0,hand looks flipped,1448.0000,1543.0000,1613.0000,1675.0000,1338.0000,1850.0000,106.073,90.219,78.582,68.282,38.323,-52.372,1292,1273,1263,1344,1327,1170,0,29,58,84,0,0,0,0,0,0,1,1,6.0177,6.0177,6.0177,6.0177,6.4208,12.3552,1354.8883,1380.6717,1422.3206,1549.0559,1327.5615,1170.5393,1,on,1,1.5000
1786353677.751050,1,0,hand looks flipped,1624.0000,1644.0000,1760.0000,1699.0000,1332.0000,1850.0000,76.712,73.503,54.166,64.348,39.254,-38.548,1292,1283,1279,1369,1327,1170,50,41,84,30,0,0,0,0,0,0,1,1,6.0177,6.0177,6.0177,6.0177,6.4208,12.3552,1458.9207,1488.2075,1577.6313,1602.4935,1327.5615,1170.5393,1,on,1,1.5000
1786353677.783166,1,0,hand looks flipped,1606.0000,1597.0000,1631.0000,1628.0000,1349.0000,1850.0000,79.797,81.226,75.673,76.089,36.545,-33.909,1303,1297,1305,1390,1327,1170,75,72,63,59,0,0,0,0,0,0,1,1,6.0177,6.0177,6.0177,6.0177,6.4208,12.3552,1509.3496,1524.3588,1595.4093,1602.4935,1327.5615,1170.5393,1,on,1,1.5000
1786353677.815212,1,0,hand looks flipped,1617.0000,1567.0000,1597.0000,1606.0000,1375.0000,1850.0000,77.998,86.300,81.213,79.753,21.407,-20.116,1317,1307,1319,1402,1327,1170,100,65,66,35,0,0,0,0,0,0,1,1,6.0177,6.0177,6.0177,6.0177,6.4208,12.3552,1542.4365,1535.1618,1595.4093,1602.4935,1327.5615,1170.5393,1,on,1,1.5000
1786353677.851156,1,0,hand looks flipped,1645.0000,1571.0000,1599.0000,1652.0000,1375.0000,1850.0000,73.329,85.585,80.931,72.093,22.366,-32.373,1345,1333,1347,1427,1327,1170,73,68,52,62,0,0,0,0,0,0,1,1,6.0177,6.0177,6.0177,6.0177,6.4208,12.3552,1572.7605,1535.1618,1595.4093,1614.6667,1327.5615,1170.5393,1,on,1,1.5000
1786353677.883196,1,0,hand looks flipped,1678.0000,1605.0000,1607.0000,1548.0000,1375.0000,1850.0000,67.767,79.983,79.668,89.389,26.207,-30.048,1359,1347,1360,1440,1327,1170,70,77,56,46,0,0,0,0,0,0,1,1,6.0177,6.0177,6.0177,6.0177,6.4208,12.3552,1600.5750,1553.7855,1595.4093,1614.6667,1327.5615,1170.5393,1,on,1,1.5000
1786353677.915170,1,0,hand looks flipped,1704.0000,1605.0000,1599.0000,1591.0000,1375.0000,1850.0000,63.504,80.001,80.871,82.300,30.377,-31.046,1377,1364,1379,1457,1327,1170,74,73,50,52,0,0,0,0,0,0,1,1,6.0177,6.0177,6.0177,6.0177,6.4208,12.3552,1627.2759,1553.7855,1595.4093,1614.6667,1327.5615,1170.5393,1,on,1,1.5000
1786353677.951146,1,0,hand looks flipped,1696.0000,1569.0000,1574.0000,1622.0000,1375.0000,1850.0000,64.774,85.925,85.051,77.053,29.409,-30.248,1395,1382,1392,1472,1327,1170,69,66,66,45,0,0,0,0,0,0,1,1,6.0177,6.0177,6.0177,6.0177,6.4208,12.3552,1643.6798,1563.0317,1595.4093,1614.6667,1327.5615,1170.5393,1,on,1,1.5000
1786353677.983040,1,0,hand looks flipped,1726.0000,1593.0000,1599.0000,1651.0000,1375.0000,1850.0000,59.858,81.946,80.913,72.219,26.311,-22.007,1413,1399,1411,1490,1327,1170,72,62,55,45,0,0,0,0,0,0,1,1,6.0177,6.0177,6.0177,6.0177,6.4208,12.3552,1661.3747,1563.0317,1595.4093,1614.6667,1327.5615,1170.5393,1,on,1,1.5000
1786353678.015161,1,0,hand looks flipped,1776.0000,1625.0000,1614.0000,1646.0000,1375.0000,1850.0000,51.547,76.580,78.352,73.116,22.019,-33.908,1428,1416,1425,1508,1327,1170,69,58,66,35,0,0,0,0,0,0,1,1,6.0177,6.0177,6.0177,6.0177,6.4208,12.3552,1689.0268,1573.6992,1595.4093,1614.6667,1327.5615,1170.5393,1,on,1,1.5000
1786353678.051141,1,0,hand looks flipped,1766.0000,1604.0000,1609.0000,1632.0000,1375.0000,1850.0000,53.161,80.017,79.219,75.510,22.235,-41.087,1446,1433,1443,1524,1327,1170,74,62,52,51,0,0,0,0,0,0,1,1,6.0177,6.0177,6.0177,6.0177,6.4208,12.3552,1707.1169,1573.6992,1595.4093,1614.6667,1327.5615,1170.5393,1,on,1,1.5000
1786353678.083181,1,0,hand looks flipped,1801.0000,1657.0000,1652.0000,1662.0000,1375.0000,1850.0000,47.383,71.336,72.078,70.396,16.761,-32.363,1457,1443,1453,1534,1327,1170,59,58,63,49,0,0,0,0,0,0,1,1,6.0177,6.0177,6.0177,6.0177,6.4208,12.3552,1728.0865,1589.7759,1595.4093,1614.6667,1327.5615,1170.5393,1,on,1,1.5000
1786353678.115026,1,0,hand looks flipped,1819.0000,1739.0000,1745.0000,1760.0000,1375.0000,1850.0000,44.430,57.661,56.614,54.149,19.797,-42.648,1474,1457,1470,1552,1327,1170,61,79,68,45,0,0,0,0,0,0,1,1,6.0177,6.0177,6.0177,6.0177,6.4208,12.3552,1748.5349,1625.4893,1632.2276,1650.0673,1327.5615,1170.5393,1,on,1,1.5000
1786353678.151098,1,0,hand looks flipped,1850.0000,1775.0000,1782.0000,1780.0000,1375.0000,1850.0000,36.986,51.684,50.597,50.921,16.599,-30.091,1489,1475,1487,1569,1327,1170,65,72,63,60,0,0,0,0,0,0,1,1,6.0177,6.0177,6.0177,6.0177,6.4208,12.3552,1773.6743,1669.3879,1673.6781,1683.7967,1327.5615,1170.5393,1,on,1,1.5000
1786353678.183160,1,0,hand looks flipped,1850.0000,1813.0000,1833.0000,1791.0000,1375.0000,1850.0000,35.197,45.292,42.085,49.016,18.266,-34.638,1507,1493,1502,1588,1327,1170,60,64,70,42,0,0,0,0,0,0,1,1,6.0177,6.0177,6.0177,6.0177,6.4208,12.3552,1790.0713,1711.1768,1720.4995,1710.2350,1327.5615,1170.5393,1,on,1,1.5000
1786353678.215147,1,0,hand looks flipped,1850.0000,1800.0000,1821.0000,1781.0000,1375.0000,1850.0000,36.354,47.463,44.079,50.717,19.720,-37.544,1523,1509,1520,1608,1327,1170,64,59,66,41,0,0,0,0,0,0,1,1,6.0177,6.0177,6.0177,6.0177,6.4208,12.3552,1801.6589,1734.4874,1747.9281,1725.9127,1327.5615,1170.5393,1,on,1,1.5000
1786353678.251061,1,0,hand looks flipped,1841.0000,1784.0000,1803.0000,1761.0000,1375.0000,1850.0000,40.787,50.165,47.091,53.948,23.928,-48.216,1540,1526,1536,1625,1327,1170,68,63,69,33,0,0,0,0,0,0,1,1,6.0177,6.0177,6.0177,6.0177,6.4208,12.3552,1801.6589,1745.5918,1760.9262,1725.9127,1327.5615,1170.5393,1,on,1,1.5000
1786353678.285494,1,0,hand looks flipped,1817.0000,1739.0000,1754.0000,1740.0000,1375.0000,1850.0000,44.733,57.673,55.159,57.463,23.789,-53.943,1557,1544,1555,1644,1327,1170,79,71,61,48,0,0,0,0,0,0,1,1,6.0177,6.0177,6.0177,6.0177,6.4208,12.3552,1801.6589,1745.5918,1760.9262,1725.9127,1327.5615,1170.5393,0,on,1,1.5000
1786353678.315146,1,0,hand looks flipped,1809.0000,1702.0000,1731.0000,1713.0000,1375.0000,1850.0000,45.962,63.850,58.966,62.022,28.132,-60.878,1570,1556,1566,1654,1327,1170,67,57,63,57,0,0,0,0,0,0,1,1,6.0177,6.0177,6.0177,6.0177,6.4208,12.3552,1801.6589,1745.5918,1760.9262,1725.9127,1327.5615,1170.5393,0,on,1,1.5000
1786353678.351037,1,0,hand looks flipped,1792.0000,1704.0000,1734.0000,1723.0000,1375.0000,1850.0000,48.791,63.524,58.543,60.295,24.773,-51.403,1587,1575,1586,1672,1327,1170,67,56,47,74,0,0,0,0,0,0,1,1,6.0177,6.0177,6.0177,6.0177,6.4208,12.3552,1801.6589,1745.5918,1760.9262,1725.9127,1327.5615,1170.5393,0,on,1,1.5000
1786353678.385493,1,0,hand looks flipped,1824.0000,1755.0000,1755.0000,1724.0000,1375.0000,1850.0000,43.477,55.019,54.933,60.095,19.558,-34.817,1605,1592,1602,1692,1327,1170,73,57,65,66,0,0,0,0,0,0,1,1,6.0177,6.0177,6.0177,6.0177,6.4208,12.3552,1801.6589,1745.5918,1760.9262,1725.9127,1327.5615,1170.5393,0,on,1,1.5000
1786353678.415142,1,0,hand looks flipped,1832.0000,1745.0000,1737.0000,1709.0000,1375.0000,1850.0000,42.261,56.664,57.920,62.637,17.034,-27.824,1623,1609,1621,1714,1327,1170,73,62,62,0,0,0,0,0,0,0,1,1,6.0177,6.0177,6.0177,6.0177,6.4208,12.3552,1801.6589,1745.5918,1760.9262,1725.9127,1327.5615,1170.5393,0,on,1,1.5000
1786353678.451104,1,0,hand looks flipped,1785.0000,1699.0000,1714.0000,1701.0000,1375.0000,1850.0000,50.058,64.240,61.793,63.948,18.330,-29.830,1643,1629,1640,1715,1327,1170,71,53,69,36,0,0,0,0,0,0,1,1,6.0177,6.0177,6.0177,6.0177,6.4208,12.3552,1801.6589,1745.5918,1760.9262,1725.9127,1327.5615,1170.5393,0,on,1,1.5000
1786353678.483195,1,0,hand looks flipped,1813.0000,1711.0000,1742.0000,1717.0000,1375.0000,1850.0000,45.305,62.342,57.208,61.280,15.086,-26.910,1662,1648,1659,1721,1327,1170,74,58,69,0,0,0,0,0,0,0,1,1,6.0177,6.0177,6.0177,6.0177,6.4208,12.3552,1801.6589,1745.5918,1760.9262,1725.9127,1327.5615,1170.5393,0,on,1,1.5000
1786353678.515337,1,0,hand looks flipped,1804.0000,1742.0000,1786.0000,1724.0000,1375.0000,1850.0000,46.838,57.241,49.895,60.182,15.793,-20.188,1674,1658,1673,1721,1327,1170,65,58,58,0,0,0,0,0,0,0,1,1,6.0177,6.0177,6.0177,6.0177,6.4208,12.3552,1801.6589,1745.5918,1760.9262,1725.9127,1327.5615,1170.5393,0,on,1,1.5000
1786353678.551106,1,0,hand looks flipped,1827.0000,1743.0000,1773.0000,1738.0000,1375.0000,1850.0000,43.032,56.970,52.032,57.868,16.058,-21.996,1695,1680,1692,1721,1327,1170,79,62,60,12,0,0,0,0,0,0,1,1,6.0177,6.0177,6.0177,6.0177,6.4208,12.3552,1801.6589,1745.5918,1760.9262,1725.9127,1327.5615,1170.5393,0,on,1,1.5000
1786353678.583057,1,0,hand looks flipped,1803.0000,1711.0000,1738.0000,1727.0000,1375.0000,1850.0000,47.108,62.360,57.760,59.649,18.210,-32.179,1710,1697,1711,1726,1327,1170,88,70,64,0,0,0,0,0,0,0,1,1,6.0177,6.0177,6.0177,6.0177,6.4208,12.3552,1801.6589,1735.8278,1760.9262,1725.9127,1327.5615,1170.5393,1,on,1,1.5000
1786353678.615153,1,0,hand looks flipped,1831.0000,1774.0000,1795.0000,1753.0000,1375.0000,1850.0000,42.330,51.823,48.374,55.305,14.088,-19.170,1731,1717,1729,1726,1327,1170,90,67,68,0,0,0,0,0,0,1,1,1,6.0177,6.0177,6.0177,6.0177,6.4208,12.3552,1811.1846,1735.8278,1760.9262,1725.9127,1327.5615,1170.5393,1,on,1,1.5000
1786353678.651182,1,0,hand looks flipped,1831.0000,1752.0000,1796.0000,1774.0000,1375.0000,1850.0000,42.403,55.517,48.267,51.789,14.893,-24.562,1753,1725,1748,1726,1327,1170,127,22,0,0,0,0,0,0,0,1,1,1,6.0177,6.0177,6.0177,6.0177,6.4208,12.3552,1811.1846,1735.8278,1760.9262,1725.9127,1327.5615,1170.5393,0,on,1,1.5000
1786353678.683226,1,0,hand looks flipped,1831.0000,1740.0000,1776.0000,1760.0000,1375.0000,1850.0000,42.414,57.542,51.498,54.113,13.525,-23.788,1775,1732,1752,1726,1327,1170,90,17,0,0,0,0,0,0,0,1,1,1,6.0177,6.0177,6.0177,6.0177,6.4208,12.3552,1811.1846,1735.8278,1760.9262,1735.4109,1327.5615,1170.5393,1,on,1,1.5000
1786353678.715153,1,0,hand looks flipped,1835.0000,1761.0000,1782.0000,1743.0000,1375.0000,1850.0000,41.697,53.955,50.461,57.045,12.491,-25.627,1788,1733,1752,1726,1327,1170,0,15,27,0,0,0,0,0,0,0,1,1,6.0177,6.0177,6.0177,6.0177,6.4208,12.3552,1811.1846,1735.8278,1760.9262,1735.4109,1327.5615,1170.5393,0,on,1,1.5000
1786353678.751119,1,0,hand looks flipped,1839.0000,1772.0000,1793.0000,1742.0000,1375.0000,1850.0000,41.052,52.101,48.641,57.100,10.746,-18.227,1792,1735,1757,1729,1327,1170,40,0,15,20,0,0,0,0,0,0,1,1,6.0177,6.0177,6.0177,6.0177,6.4208,12.3552,1811.1846,1735.8278,1760.9262,1735.4109,1327.5615,1170.5393,0,on,1,1.5000
1786353678.783149,1,0,hand looks flipped,1824.0000,1742.0000,1779.0000,1759.0000,1375.0000,1850.0000,43.480,57.125,51.005,54.344,12.661,-20.359,1795,1735,1759,1735,1327,1170,32,0,0,12,0,0,0,0,0,0,1,1,6.0177,6.0177,6.0177,6.0177,6.4208,12.3552,1811.1846,1735.8278,1760.9262,1735.4109,1327.5615,1170.5393,0,on,1,1.5000
1786353678.815138,1,0,hand looks flipped,1819.0000,1728.0000,1767.0000,1752.0000,1375.0000,1850.0000,44.430,59.503,53.023,55.461,14.695,-25.618,1797,1735,1759,1735,1327,1170,0,0,0,0,0,0,0,0,0,0,1,1,6.0177,6.0177,6.0177,6.0177,6.4208,12.3552,1811.1846,1735.8278,1760.9262,1735.4109,1327.5615,1170.5393,0,on,1,1.5000
1786353678.851166,1,0,hand looks flipped,1817.0000,1709.0000,1749.0000,1740.0000,1375.0000,1850.0000,44.774,62.614,55.986,57.454,16.125,-24.825,1797,1735,1759,1735,1327,1170,27,0,0,0,0,0,0,0,0,0,1,1,6.0177,6.0177,6.0177,6.0177,6.4208,12.3552,1811.1846,1735.8278,1760.9262,1735.4109,1327.5615,1170.5393,0,on,1,1.5000
1786353678.883140,1,0,hand looks flipped,1818.0000,1723.0000,1759.0000,1749.0000,1375.0000,1850.0000,44.479,60.258,54.383,55.954,14.712,-29.656,1798,1735,1759,1735,1327,1170,34,0,0,0,0,0,0,0,0,0,1,1,6.0177,6.0177,6.0177,6.0177,6.4208,12.3552,1811.1846,1735.8278,1760.9262,1735.4109,1327.5615,1170.5393,0,on,1,1.5000
1786353678.915141,1,0,hand looks flipped,1823.0000,1720.0000,1749.0000,1743.0000,1375.0000,1850.0000,43.685,60.892,55.995,57.064,14.867,-29.435,1800,1735,1759,1735,1327,1170,38,0,0,9,0,0,0,0,0,0,1,1,6.0177,6.0177,6.0177,6.0177,6.4208,12.3552,1811.1846,1735.8278,1760.9262,1735.4109,1327.5615,1170.5393,0,on,1,1.5000
1786353678.951056,1,0,hand looks flipped,1843.0000,1729.0000,1749.0000,1723.0000,1375.0000,1850.0000,40.364,59.252,56.061,60.259,14.796,-23.433,1801,1735,1759,1735,1327,1170,37,0,0,20,0,0,0,0,0,0,1,1,6.0177,6.0177,6.0177,6.0177,6.4208,12.3552,1811.1846,1735.8278,1760.9262,1735.4109,1327.5615,1170.5393,0,on,1,1.5000
1786353678.983149,1,0,hand looks flipped,1831.0000,1704.0000,1743.0000,1735.0000,1375.0000,1850.0000,42.437,63.475,56.999,58.389,15.877,-23.243,1802,1735,1759,1738,1327,1170,28,0,0,0,0,0,0,0,0,1,1,1,6.0177,6.0177,6.0177,6.0177,6.4208,12.3552,1811.1846,1735.8278,1760.9262,1735.4109,1327.5615,1170.5393,0,on,1,1.5000
1786353679.015107,1,0,hand looks flipped,1833.0000,1744.0000,1761.0000,1716.0000,1375.0000,1850.0000,42.077,56.897,54.079,61.408,12.891,-22.876,1803,1735,1759,1738,1327,1170,27,0,0,0,0,0,0,0,0,1,1,1,6.0177,6.0177,6.0177,6.0177,6.4208,12.3552,1811.1846,1735.8278,1760.9262,1735.4109,1327.5615,1170.5393,0,on,1,1.5000
1786353679.051136,1,0,hand looks flipped,1843.0000,1733.0000,1756.0000,1753.0000,1375.0000,1850.0000,40.441,58.739,54.868,55.387,18.455,-25.099,1803,1735,1759,1738,1327,1170,29,0,0,0,0,0,0,0,0,1,1,1,6.0177,6.0177,6.0177,6.0177,6.4208,12.3552,1821.3671,1735.8278,1760.9262,1735.4109,1327.5615,1170.5393,1,on,1,1.5000
1786353679.083146,1,0,hand looks flipped,1840.0000,1766.0000,1795.0000,1754.0000,1375.0000,1850.0000,40.906,53.108,48.440,55.102,13.486,-19.488,1804,1735,1759,1738,1327,1170,0,0,0,0,0,0,1,0,0,1,1,1,6.0177,6.0177,6.0177,6.0177,6.4208,12.3552,1821.3671,1735.8278,1760.9262,1735.4109,1327.5615,1170.5393,0,on,1,1.5000
1786353679.115154,1,0,hand looks flipped,1841.0000,1754.0000,1788.0000,1765.0000,1375.0000,1850.0000,40.696,55.221,49.449,53.408,14.479,-22.856,1804,1735,1759,1738,1327,1170,0,0,0,0,0,0,1,0,0,1,1,1,6.0177,6.0177,6.0177,6.0177,6.4208,12.3552,1821.3671,1735.8278,1760.9262,1735.4109,1327.5615,1170.5393,0,on,1,1.5000
1786353679.151175,1,0,hand looks flipped,1837.0000,1722.0000,1751.0000,1750.0000,1375.0000,1850.0000,41.337,60.450,55.712,55.820,15.993,-24.025,1804,1735,1759,1738,1327,1170,0,0,0,0,0,0,1,0,0,1,1,1,6.0177,6.0177,6.0177,6.0177,6.4208,12.3552,1821.3671,1735.8278,1760.9262,1735.4109,1327.5615,1170.5393,0,on,1,1.5000
1786353679.183130,1,0,hand looks flipped,1846.0000,1746.0000,1763.0000,1743.0000,1375.0000,1850.0000,39.852,56.559,53.675,56.926,13.998,-23.112,1804,1735,1759,1738,1327,1170,0,0,19,0,0,0,1,0,0,1,1,1,6.0177,6.0177,6.0177,6.0177,6.4208,12.3552,1821.3671,1735.8278,1760.9262,1735.4109,1327.5615,1170.5393,0,on,1,1.5000
1786353679.215163,1,0,hand looks flipped,1830.0000,1703.0000,1735.0000,1719.0000,1375.0000,1850.0000,42.572,63.623,58.395,60.904,17.339,-24.115,1804,1735,1762,1738,1327,1170,0,0,0,0,0,0,1,0,1,1,1,1,6.0177,6.0177,6.0177,6.0177,6.4208,12.3552,1821.3671,1735.8278,1760.9262,1735.4109,1327.5615,1170.5393,0,on,1,1.5000
1786353679.251047,1,0,hand looks flipped,1820.0000,1724.0000,1747.0000,1750.0000,1375.0000,1850.0000,44.157,60.161,56.364,55.837,15.656,-38.085,1804,1735,1762,1738,1327,1170,0,0,0,0,0,0,1,0,1,1,1,1,6.0177,6.0177,6.0177,6.0177,6.4208,12.3552,1821.3671,1735.8278,1760.9262,1735.4109,1327.5615,1170.5393,0,on,1,1.5000
1786353679.283154,1,0,hand looks flipped,1828.0000,1737.0000,1746.0000,1750.0000,1375.0000,1850.0000,42.935,58.076,56.511,55.817,18.328,-40.658,1804,1735,1762,1738,1327,1170,0,0,0,0,0,0,1,0,1,1,1,1,6.0177,6.0177,6.0177,6.0177,6.4208,12.3552,1821.3671,1735.8278,1760.9262,1735.4109,1327.5615,1170.5393,0,on,1,1.5000
1786353679.315315,1,0,hand looks flipped,1805.0000,1714.0000,1735.0000,1730.0000,1375.0000,1850.0000,46.754,61.782,58.343,59.081,21.792,-42.456,1804,1735,1762,1738,1327,1170,0,0,0,0,0,0,1,0,1,1,1,1,6.0177,6.0177,6.0177,6.0177,6.4208,12.3552,1821.3671,1735.8278,1760.9262,1735.4109,1327.5615,1170.5393,0,on,1,1.5000
1786353679.351162,1,0,hand looks flipped,1819.0000,1712.0000,1730.0000,1721.0000,1375.0000,1850.0000,44.356,62.160,59.084,60.689,21.368,-39.284,1804,1735,1762,1738,1327,1170,0,0,0,0,0,0,1,0,1,1,1,1,6.0177,6.0177,6.0177,6.0177,6.4208,12.3552,1821.3671,1735.8278,1760.9262,1735.4109,1327.5615,1170.5393,0,on,1,1.5000
1786353679.383047,1,0,hand looks flipped,1828.0000,1730.0000,1754.0000,1725.0000,1375.0000,1850.0000,42.938,59.133,55.213,59.988,20.172,-30.029,1804,1735,1762,1738,1327,1170,0,0,0,0,0,0,1,0,1,1,1,1,6.0177,6.0177,6.0177,6.0177,6.4208,12.3552,1821.3671,1735.8278,1760.9262,1735.4109,1327.5615,1170.5393,0,on,1,1.5000
1786353679.415091,1,0,hand looks flipped,1806.0000,1722.0000,1747.0000,1730.0000,1375.0000,1850.0000,46.466,60.545,56.397,59.224,20.974,-48.838,1804,1735,1762,1738,1327,1170,0,0,0,0,0,0,1,0,1,1,1,1,6.0177,6.0177,6.0177,6.0177,6.4208,12.3552,1821.3671,1735.8278,1760.9262,1735.4109,1327.5615,1170.5393,0,on,1,1.5000
1786353679.450944,1,0,hand looks flipped,1822.0000,1712.0000,1763.0000,1738.0000,1375.0000,1850.0000,43.911,62.070,53.662,57.847,21.464,-38.500,1804,1735,1762,1738,1327,1170,0,0,0,0,0,0,1,0,1,1,1,1,6.0177,6.0177,6.0177,6.0177,6.4208,12.3552,1821.3671,1735.8278,1760.9262,1735.4109,1327.5615,1170.5393,0,on,1,1.5000
1786353679.484269,1,0,hand looks flipped,1806.0000,1704.0000,1753.0000,1720.0000,1375.0000,1850.0000,46.579,63.422,55.275,60.771,21.499,-36.559,1804,1735,1762,1738,1327,1170,0,0,0,0,0,0,1,0,1,1,1,1,6.0177,6.0177,6.0177,6.0177,6.4208,12.3552,1821.3671,1735.8278,1760.9262,1735.4109,1327.5615,1170.5393,0,on,1,1.5000
1786353679.515080,1,0,hand looks flipped,1815.0000,1705.0000,1747.0000,1717.0000,1375.0000,1850.0000,45.048,63.343,56.342,61.340,19.146,-39.820,1804,1735,1762,1738,1327,1170,0,0,0,0,0,0,1,0,1,1,1,1,6.0177,6.0177,6.0177,6.0177,6.4208,12.3552,1821.3671,1735.8278,1760.9262,1735.4109,1327.5615,1170.5393,0,on,1,1.5000
1786353679.551115,1,0,hand looks flipped,1825.0000,1716.0000,1757.0000,1712.0000,1375.0000,1850.0000,43.366,61.490,54.704,62.228,19.894,-37.956,1804,1735,1762,1738,1327,1170,0,8,0,0,0,0,1,0,1,1,1,1,6.0177,6.0177,6.0177,6.0177,6.4208,12.3552,1821.3671,1726.7499,1760.9262,1735.4109,1327.5615,1170.5393,1,on,1,1.5000
1786353679.583068,1,0,hand looks flipped,1821.0000,1709.0000,1755.0000,1716.0000,1375.0000,1850.0000,44.080,62.648,55.064,61.499,21.135,-38.499,1804,1735,1762,1738,1327,1170,0,0,0,0,0,0,1,1,1,1,1,1,6.0177,6.0177,6.0177,6.0177,6.4208,12.3552,1821.3671,1726.7499,1760.9262,1735.4109,1327.5615,1170.5393,0,on,1,1.5000
1786353679.615087,1,0,hand looks flipped,1823.0000,1720.0000,1767.0000,1740.0000,1375.0000,1850.0000,43.746,60.770,53.046,57.462,22.265,-32.508,1804,1735,1762,1738,1327,1170,0,16,0,0,0,0,1,1,1,1,1,1,6.0177,6.0177,6.0177,6.0177,6.4208,12.3552,1821.3671,1726.7499,1760.9262,1735.4109,1327.5615,1170.5393,0,on,1,1.5000
1786353679.651094,1,0,hand looks flipped,1811.0000,1700.0000,1744.0000,1723.0000,1375.0000,1850.0000,45.731,64.205,56.820,60.298,19.915,-35.016,1804,1735,1762,1738,1327,1170,0,35,0,0,0,0,1,1,1,1,1,1,6.0177,6.0177,6.0177,6.0177,6.4208,12.3552,1821.3671,1726.7499,1760.9262,1735.4109,1327.5615,1170.5393,0,on,1,1.5000
1786353679.683101,1,0,hand looks flipped,1824.0000,1716.0000,1746.0000,1718.0000,1375.0000,1850.0000,43.459,61.476,56.514,61.117,22.359,-33.028,1804,1732,1762,1738,1327,1170,0,24,0,0,0,0,1,1,1,1,1,1,6.0177,6.0177,6.0177,6.0177,6.4208,12.3552,1821.3671,1726.7499,1760.9262,1735.4109,1327.5615,1170.5393,0,on,1,1.5000
1786353679.715111,1,0,hand looks flipped,1808.0000,1698.0000,1744.0000,1725.0000,1375.0000,1850.0000,46.134,64.440,56.787,60.068,20.842,-32.620,1804,1728,1762,1738,1327,1170,0,0,0,0,0,0,1,1,1,1,1,1,6.0177,6.0177,6.0177,6.0177,6.4208,12.3552,1821.3671,1726.7499,1760.9262,1735.4109,1327.5615,1170.5393,0,on,1,1.5000
1786353679.750907,1,0,hand looks flipped,1812.0000,1696.0000,1740.0000,1717.0000,1375.0000,1850.0000,45.494,64.752,57.437,61.373,20.030,-34.140,1804,1728,1762,1738,1327,1170,0,0,0,0,0,0,1,1,1,1,1,1,6.0177,6.0177,6.0177,6.0177,6.4208,12.3552,1821.3671,1726.7499,1760.9262,1735.4109,1327.5615,1170.5393,0,on,1,1.5000
1786353679.783061,1,0,hand looks flipped,1813.0000,1719.0000,1750.0000,1727.0000,1375.0000,1850.0000,45.294,60.927,55.875,59.632,19.401,-33.443,1804,1728,1762,1738,1327,1170,0,0,0,0,0,0,1,1,1,1,1,1,6.0177,6.0177,6.0177,6.0177,6.4208,12.3552,1821.3671,1726.7499,1760.9262,1735.4109,1327.5615,1170.5393,0,on,1,1.5000
1786353679.815086,1,0,hand looks flipped,1802.0000,1705.0000,1755.0000,1731.0000,1375.0000,1850.0000,47.235,63.361,55.068,58.946,19.434,-35.324,1804,1728,1762,1738,1327,1170,0,0,0,0,0,0,1,1,1,1,1,1,6.0177,6.0177,6.0177,6.0177,6.4208,12.3552,1821.3671,1726.7499,1760.9262,1735.4109,1327.5615,1170.5393,0,on,1,1.5000
1786353679.851089,1,0,hand looks flipped,1817.0000,1711.0000,1754.0000,1721.0000,1375.0000,1850.0000,44.711,62.375,55.149,60.683,21.608,-33.760,1804,1728,1762,1738,1327,1170,0,0,0,0,0,0,1,1,1,1,1,1,6.0177,6.0177,6.0177,6.0177,6.4208,12.3552,1821.3671,1726.7499,1760.9262,1735.4109,1327.5615,1170.5393,0,on,1,1.5000
1786353679.883093,1,0,hand looks flipped,1816.0000,1713.0000,1770.0000,1738.0000,1375.0000,1850.0000,44.950,61.968,52.441,57.785,21.671,-35.302,1804,1728,1762,1738,1327,1170,0,0,0,0,0,0,1,1,1,1,1,1,6.0177,6.0177,6.0177,6.0177,6.4208,12.3552,1821.3671,1726.7499,1760.9262,1735.4109,1327.5615,1170.5393,0,on,1,1.5000
1786353679.915110,1,0,hand looks flipped,1818.0000,1708.0000,1750.0000,1712.0000,1375.0000,1850.0000,44.590,62.853,55.762,62.203,18.125,-41.211,1804,1728,1762,1738,1327,1170,0,0,0,0,0,0,1,1,1,1,1,1,6.0177,6.0177,6.0177,6.0177,6.4208,12.3552,1821.3671,1726.7499,1760.9262,1735.4109,1327.5615,1170.5393,0,on,1,1.5000
1786353679.951129,1,0,hand looks flipped,1821.0000,1726.0000,1765.0000,1714.0000,1375.0000,1850.0000,44.102,59.803,53.290,61.892,20.058,-32.307,1804,1728,1762,1738,1327,1170,0,0,0,0,0,0,1,1,1,1,1,1,6.0177,6.0177,6.0177,6.0177,6.4208,12.3552,1821.3671,1726.7499,1760.9262,1735.4109,1327.5615,1170.5393,0,on,1,1.5000
1786353679.983124,1,0,hand looks flipped,1817.0000,1709.0000,1760.0000,1708.0000,1375.0000,1850.0000,44.735,62.585,54.256,62.740,18.694,-38.952,1804,1728,1762,1738,1327,1170,0,0,0,0,0,0,1,1,1,1,1,1,6.0177,6.0177,6.0177,6.0177,6.4208,12.3552,1821.3671,1726.7499,1760.9262,1735.4109,1327.5615,1170.5393,0,on,1,1.5000
1786353680.015126,1,0,hand looks flipped,1827.0000,1713.0000,1765.0000,1713.0000,1375.0000,1850.0000,43.062,62.015,53.285,62.055,21.002,-37.256,1804,1728,1762,1738,1327,1170,0,0,0,0,0,0,1,1,1,1,1,1,6.0177,6.0177,6.0177,6.0177,6.4208,12.3552,1821.3671,1726.7499,1760.9262,1735.4109,1327.5615,1170.5393,0,on,1,1.5000
1786353680.051188,1,0,hand looks flipped,1815.0000,1726.0000,1779.0000,1739.0000,1375.0000,1850.0000,44.980,59.792,50.988,57.593,21.090,-29.657,1804,1728,1762,1738,1327,1170,0,0,0,0,0,0,1,1,1,1,1,1,6.0177,6.0177,6.0177,6.0177,6.4208,12.3552,1821.3671,1726.7499,1760.9262,1735.4109,1327.5615,1170.5393,0,on,1,1.5000
1786353680.083201,1,0,hand looks flipped,1821.0000,1710.0000,1768.0000,1743.0000,1375.0000,1850.0000,44.010,62.485,52.765,56.987,22.524,-38.113,1804,1728,1762,1738,1327,1170,0,0,0,0,0,0,1,1,1,1,1,1,6.0177,6.0177,6.0177,6.0177,6.4208,12.3552,1821.3671,1726.7499,1760.9262,1735.4109,1327.5615,1170.5393,0,on,1,1.5000
1786353680.115245,1,0,hand looks flipped,1810.0000,1705.0000,1753.0000,1717.0000,1375.0000,1850.0000,45.877,63.346,55.384,61.314,21.735,-33.547,1804,1728,1762,1738,1327,1170,0,0,0,0,0,0,1,1,1,1,1,1,6.0177,6.0177,6.0177,6.0177,6.4208,12.3552,1821.3671,1717.3863,1760.9262,1735.4109,1327.5615,1170.5393,1,on,1,1.5000
1786353680.151150,1,0,hand looks flipped,1798.0000,1707.0000,1754.0000,1724.0000,1375.0000,1850.0000,47.789,63.052,55.218,60.149,21.142,-30.210,1804,1728,1762,1738,1327,1170,0,0,0,0,0,0,1,1,1,1,1,1,6.0177,6.0177,6.0177,6.0177,6.4208,12.3552,1821.3671,1717.3863,1760.9262,1735.4109,1327.5615,1170.5393,0,on,1,1.5000
1786353680.183119,1,0,hand looks flipped,1813.0000,1719.0000,1769.0000,1719.0000,1375.0000,1850.0000,45.420,61.004,52.659,61.048,18.633,-30.728,1804,1728,1762,1738,1327,1170,0,0,0,0,0,0,1,1,1,1,1,1,6.0177,6.0177,6.0177,6.0177,6.4208,12.3552,1821.3671,1717.3863,1760.9262,1735.4109,1327.5615,1170.5393,0,on,1,1.5000
1786353680.215207,1,0,hand looks flipped,1813.0000,1720.0000,1787.0000,1739.0000,1375.0000,1850.0000,45.415,60.885,49.715,57.620,19.704,-31.525,1804,1728,1762,1738,1327,1170,0,24,0,0,0,0,1,1,1,1,1,1,6.0177,6.0177,6.0177,6.0177,6.4208,12.3552,1821.3671,1717.3863,1760.9262,1735.4109,1327.5615,1170.5393,0,on,1,1.5000
1786353680.251012,1,0,hand looks flipped,1811.0000,1692.0000,1750.0000,1738.0000,1375.0000,1850.0000,45.753,65.470,55.825,57.889,20.371,-30.092,1804,1725,1762,1738,1327,1170,0,27,0,0,0,0,1,1,1,1,1,1,6.0177,6.0177,6.0177,6.0177,6.4208,12.3552,1821.3671,1717.3863,1760.9262,1735.4109,1327.5615,1170.5393,0,on,1,1.5000
1786353680.283176,1,0,hand looks flipped,1802.0000,1698.0000,1755.0000,1725.0000,1375.0000,1850.0000,47.260,64.536,55.030,59.933,19.818,-32.469,1804,1722,1762,1738,1327,1170,0,14,0,0,0,0,1,1,1,1,1,1,6.0177,6.0177,6.0177,6.0177,6.4208,12.3552,1821.3671,1717.3863,1760.9262,1735.4109,1327.5615,1170.5393,0,on,1,1.5000
1786353680.315072,1,0,hand looks flipped,1820.0000,1719.0000,1766.0000,1728.0000,1375.0000,1850.0000,44.237,60.948,53.229,59.452,19.913,-37.295,1804,1721,1762,1738,1327,1170,0,0,0,0,0,0,1,1,1,1,1,1,6.0177,6.0177,6.0177,6.0177,6.4208,12.3552,1821.3671,1717.3863,1760.9262,1735.4109,1327.5615,1170.5393,0,on,1,1.5000
1786353680.351134,1,0,hand looks flipped,1820.0000,1724.0000,1763.0000,1707.0000,1375.0000,1850.0000,44.126,60.215,53.691,63.054,20.950,-32.238,1804,1721,1762,1738,1327,1170,0,0,0,0,0,0,1,1,1,1,1,1,6.0177,6.0177,6.0177,6.0177,6.4208,12.3552,1821.3671,1717.3863,1760.9262,1735.4109,1327.5615,1170.5393,0,on,1,1.5000
1786353680.383173,1,0,hand looks flipped,1821.0000,1711.0000,1766.0000,1712.0000,1375.0000,1850.0000,44.057,62.277,53.142,62.090,20.157,-36.364,1804,1721,1762,1738,1327,1170,0,0,0,0,0,0,1,1,1,1,1,1,6.0177,6.0177,6.0177,6.0177,6.4208,12.3552,1821.3671,1717.3863,1760.9262,1735.4109,1327.5615,1170.5393,0,on,1,1.5000
1786353680.415131,1,0,hand looks flipped,1813.0000,1709.0000,1761.0000,1708.0000,1375.0000,1850.0000,45.360,62.728,53.961,62.827,18.391,-29.331,1804,1721,1762,1738,1327,1170,0,0,0,0,0,0,1,1,1,1,1,1,6.0177,6.0177,6.0177,6.0177,6.4208,12.3552,1821.3671,1717.3863,1760.9262,1725.5797,1327.5615,1170.5393,1,on,1,1.5000
1786353680.451183,1,0,hand looks flipped,1810.0000,1703.0000,1765.0000,1729.0000,1375.0000,1850.0000,45.916,63.601,53.360,59.344,20.437,-30.128,1804,1721,1762,1738,1327,1170,0,0,0,0,0,0,1,1,1,1,1,1,6.0177,6.0177,6.0177,6.0177,6.4208,12.3552,1821.3671,1717.3863,1760.9262,1725.5797,1327.5615,1170.5393,0,on,1,1.5000
1786353680.483164,1,0,hand looks flipped,1812.0000,1710.0000,1752.0000,1717.0000,1375.0000,1850.0000,45.526,62.400,55.488,61.305,19.139,-30.059,1804,1721,1762,1738,1327,1170,0,0,0,34,0,0,1,1,1,1,1,1,6.0177,6.0177,6.0177,6.0177,6.4208,12.3552,1821.3671,1717.3863,1760.9262,1725.5797,1327.5615,1170.5393,0,on,1,1.5000
1786353680.515043,1,0,hand looks flipped,1817.0000,1699.0000,1762.0000,1732.0000,1375.0000,1850.0000,44.762,64.391,53.830,58.871,19.837,-33.779,1804,1721,1762,1735,1327,1170,0,0,0,0,0,0,1,1,1,1,1,1,6.0177,6.0177,6.0177,6.0177,6.4208,12.3552,1821.3671,1717.3863,1760.9262,1725.5797,1327.5615,1170.5393,0,on,1,1.5000
1786353680.551167,1,0,hand looks flipped,1814.0000,1696.0000,1745.0000,1713.0000,1375.0000,1850.0000,45.217,64.878,56.600,61.905,17.829,-29.196,1804,1721,1762,1735,1327,1170,0,0,0,33,0,0,1,1,1,1,1,1,6.0177,6.0177,6.0177,6.0177,6.4208,12.3552,1821.3671,1717.3863,1760.9262,1725.5797,1327.5615,1170.5393,0,on,1,1.5000
1786353680.583161,1,0,hand looks flipped,1813.0000,1707.0000,1762.0000,1707.0000,1375.0000,1850.0000,45.398,62.936,53.759,63.055,18.138,-37.044,1804,1721,1762,1728,1327,1170,0,0,0,21,0,0,1,1,1,1,1,1,6.0177,6.0177,6.0177,6.0177,6.4208,12.3552,1821.3671,1717.3863,1760.9262,1725.5797,1327.5615,1170.5393,0,on,1,1.5000
1786353680.614949,1,0,hand looks flipped,1816.0000,1711.0000,1754.0000,1700.0000,1375.0000,1850.0000,44.835,62.352,55.127,64.096,18.363,-31.928,1804,1721,1762,1727,1327,1170,0,0,0,0,0,0,1,1,1,1,1,1,6.0177,6.0177,6.0177,6.0177,6.4208,12.3552,1821.3671,1717.3863,1760.9262,1725.5797,1327.5615,1170.5393,0,on,1,1.5000
1786353680.651079,1,0,hand looks flipped,1808.0000,1703.0000,1758.0000,1718.0000,1375.0000,1850.0000,46.179,63.707,54.471,61.192,20.451,-31.019,1804,1721,1762,1727,1327,1170,0,0,0,0,0,0,1,1,1,1,1,1,6.0177,6.0177,6.0177,6.0177,6.4208,12.3552,1821.3671,1717.3863,1760.9262,1725.5797,1327.5615,1170.5393,0,on,1,1.5000
1786353680.682978,1,0,hand looks flipped,1813.0000,1709.0000,1763.0000,1723.0000,1375.0000,1850.0000,45.361,62.601,53.615,60.265,19.324,-31.585,1804,1721,1762,1727,1327,1170,0,0,0,0,0,0,1,1,1,1,1,1,6.0177,6.0177,6.0177,6.0177,6.4208,12.3552,1821.3671,1717.3863,1760.9262,1725.5797,1327.5615,1170.5393,0,on,1,1.5000
1786353680.715105,1,0,hand looks flipped,1817.0000,1710.0000,1761.0000,1722.0000,1375.0000,1850.0000,44.630,62.450,54.023,60.421,19.596,-30.505,1804,1721,1762,1727,1327,1170,0,0,0,0,0,0,1,1,1,1,1,1,6.0177,6.0177,6.0177,6.0177,6.4208,12.3552,1821.3671,1717.3863,1760.9262,1725.5797,1327.5615,1170.5393,0,on,1,1.5000
1786353680.751085,1,0,hand looks flipped,1813.0000,1704.0000,1765.0000,1731.0000,1375.0000,1850.0000,45.331,63.454,53.288,58.916,19.377,-34.459,1804,1721,1762,1727,1327,1170,0,0,0,0,0,0,1,1,1,1,1,1,6.0177,6.0177,6.0177,6.0177,6.4208,12.3552,1821.3671,1717.3863,1760.9262,1725.5797,1327.5615,1170.5393,0,on,1,1.5000
1786353680.783126,1,0,hand looks flipped,1819.0000,1708.0000,1759.0000,1737.0000,1375.0000,1850.0000,44.378,62.776,54.351,58.070,21.709,-34.133,1804,1721,1762,1727,1327,1170,0,0,0,0,0,0,1,1,1,1,1,1,6.0177,6.0177,6.0177,6.0177,6.4208,12.3552,1821.3671,1717.3863,1760.9262,1725.5797,1327.5615,1170.5393,0,on,1,1.5000
1786353680.815133,1,0,hand looks flipped,1808.0000,1713.0000,1756.0000,1718.0000,1375.0000,1850.0000,46.240,62.052,54.873,61.203,18.061,-31.766,1804,1721,1762,1727,1327,1170,0,0,0,0,0,0,1,1,1,1,1,1,6.0177,6.0177,6.0177,6.0177,6.4208,12.3552,1821.3671,1717.3863,1760.9262,1725.5797,1327.5615,1170.5393,0,on,1,1.5000
1786353680.850969,1,0,hand looks flipped,1809.0000,1711.0000,1758.0000,1724.0000,1375.0000,1850.0000,45.971,62.238,54.513,60.157,20.338,-31.338,1804,1721,1762,1727,1327,1170,0,0,0,0,0,0,1,1,1,1,1,1,6.0177,6.0177,6.0177,6.0177,6.4208,12.3552,1821.3671,1717.3863,1760.9262,1725.5797,1327.5615,1170.5393,0,on,1,1.5000
1786353680.883102,1,0,hand looks flipped,1821.0000,1720.0000,1768.0000,1726.0000,1375.0000,1850.0000,44.089,60.752,52.765,59.782,20.561,-31.444,1804,1721,1762,1727,1327,1170,0,0,0,0,0,0,1,1,1,1,1,1,6.0177,6.0177,6.0177,6.0177,6.4208,12.3552,1821.3671,1717.3863,1760.9262,1725.5797,1327.5615,1170.5393,0,on,1,1.5000
1786353680.915213,1,0,hand looks flipped,1816.0000,1710.0000,1752.0000,1711.0000,1375.0000,1850.0000,44.897,62.448,55.567,62.296,17.992,-36.684,1804,1721,1762,1727,1327,1170,0,0,0,0,0,0,1,1,1,1,1,1,6.0177,6.0177,6.0177,6.0177,6.4208,12.3552,1821.3671,1717.3863,1760.9262,1725.5797,1327.5615,1170.5393,0,on,1,1.5000
1786353680.950930,1,0,hand looks flipped,1805.0000,1706.0000,1757.0000,1703.0000,1375.0000,1850.0000,46.667,63.112,54.735,63.671,17.340,-38.096,1804,1721,1762,1727,1327,1170,0,0,0,0,0,0,1,1,1,1,1,1,6.0177,6.0177,6.0177,6.0177,6.4208,12.3552,1821.3671,1717.3863,1760.9262,1725.5797,1327.5615,1170.5393,0,on,1,1.5000
1786353680.983078,1,0,hand looks flipped,1805.0000,1723.0000,1756.0000,1702.0000,1375.0000,1850.0000,46.612,60.242,54.895,63.749,18.243,-36.205,1804,1721,1762,1727,1327,1170,0,0,0,0,0,0,1,1,1,1,1,1,6.0177,6.0177,6.0177,6.0177,6.4208,12.3552,1821.3671,1717.3863,1760.9262,1725.5797,1327.5615,1170.5393,0,on,1,1.5000
1786353681.015098,1,0,hand looks flipped,1814.0000,1712.0000,1753.0000,1690.0000,1375.0000,1850.0000,45.147,62.142,55.336,65.749,19.178,-35.328,1804,1721,1762,1727,1327,1170,0,0,0,0,0,0,1,1,1,1,1,1,6.0177,6.0177,6.0177,6.0177,6.4208,12.3552,1821.3671,1717.3863,1760.9262,1725.5797,1327.5615,1170.5393,0,on,1,1.5000
1786353681.051174,1,0,hand looks flipped,1812.0000,1723.0000,1759.0000,1710.0000,1375.0000,1850.0000,45.503,60.356,54.317,62.470,19.920,-32.011,1804,1721,1762,1727,1327,1170,0,0,0,0,0,0,1,1,1,1,1,1,6.0177,6.0177,6.0177,6.0177,6.4208,12.3552,1821.3671,1717.3863,1760.9262,1725.5797,1327.5615,1170.5393,0,on,1,1.5000
1786353681.083174,1,0,hand looks flipped,1812.0000,1707.0000,1747.0000,1690.0000,1375.0000,1850.0000,45.483,62.984,56.315,65.836,19.426,-37.552,1804,1721,1762,1727,1327,1170,0,23,0,0,0,0,1,1,1,1,1,1,6.0177,6.0177,6.0177,6.0177,6.4208,12.3552,1821.3671,1717.3863,1760.9262,1716.1355,1327.5615,1170.5393,1,on,1,1.5000
1786353681.115129,1,0,hand looks flipped,1823.0000,1716.0000,1758.0000,1708.0000,1375.0000,1850.0000,43.769,61.537,54.511,62.787,19.272,-39.585,1804,1720,1762,1727,1327,1170,0,16,0,0,0,0,1,1,1,1,1,1,6.0177,6.0177,6.0177,6.0177,6.4208,12.3552,1821.3671,1717.3863,1760.9262,1716.1355,1327.5615,1170.5393,0,on,1,1.5000
1786353681.151150,1,0,hand looks flipped,1820.0000,1711.0000,1763.0000,1725.0000,1375.0000,1850.0000,44.170,62.301,53.607,60.038,20.683,-37.354,1804,1719,1762,1726,1327,1170,0,0,0,16,0,0,1,1,1,1,1,1,6.0177,6.0177,6.0177,6.0177,6.4208,12.3552,1821.3671,1717.3863,1760.9262,1716.1355,1327.5615,1170.5393,0,on,1,1.5000
1786353681.183147,1,0,hand looks flipped,1820.0000,1718.0000,1769.0000,1725.0000,1375.0000,1850.0000,44.131,61.178,52.731,59.987,18.674,-38.044,1804,1719,1762,1721,1327,1170,0,0,0,0,0,0,1,1,1,1,1,1,6.0177,6.0177,6.0177,6.0177,6.4208,12.3552,1821.3671,1717.3863,1760.9262,1716.1355,1327.5615,1170.5393,0,on,1,1.5000
1786353681.215142,1,0,hand looks flipped,1819.0000,1714.0000,1761.0000,1721.0000,1375.0000,1850.0000,44.299,61.774,53.939,60.639,20.064,-33.729,1804,1719,1762,1721,1327,1170,0,0,0,0,0,0,1,1,1,1,1,1,6.0177,6.0177,6.0177,6.0177,6.4208,12.3552,1821.3671,1717.3863,1760.9262,1716.1355,1327.5615,1170.5393,0,on,1,1.5000
1786353681.251123,1,0,hand looks flipped,1823.0000,1717.0000,1766.0000,1723.0000,1375.0000,1850.0000,43.697,61.355,53.112,60.254,19.791,-31.164,1804,1719,1762,1721,1327,1170,0,0,0,9,0,0,1,1,1,1,1,1,6.0177,6.0177,6.0177,6.0177,6.4208,12.3552,1821.3671,1717.3863,1760.9262,1716.1355,1327.5615,1170.5393,0,on,1,1.5000
1786353681.283106,1,0,hand looks flipped,1815.0000,1708.0000,1755.0000,1722.0000,1375.0000,1850.0000,45.005,62.860,55.074,60.508,20.583,-33.283,1804,1719,1762,1721,1327,1170,0,0,0,13,0,0,1,1,1,1,1,1,6.0177,6.0177,6.0177,6.0177,6.4208,12.3552,1821.3671,1717.3863,1760.9262,1716.1355,1327.5615,1170.5393,0,on,1,1.5000
1786353681.315193,1,0,hand looks flipped,1815.0000,1712.0000,1757.0000,1718.0000,1375.0000,1850.0000,45.068,62.173,54.650,61.163,17.646,-35.581,1804,1719,1762,1721,1327,1170,0,0,0,20,0,0,1,1,0,1,1,1,6.0177,6.0177,6.0177,6.0177,6.4208,12.3552,1821.3671,1717.3863,1760.9262,1716.1355,1327.5615,1170.5393,0,on,1,1.5000
1786353681.351166,1,0,hand looks flipped,1820.0000,1737.0000,1778.0000,1708.0000,1375.0000,1850.0000,44.200,57.964,51.259,62.896,16.608,-36.114,1804,1719,1762,1719,1327,1170,0,0,0,20,0,0,1,1,1,1,1,1,6.0177,6.0177,6.0177,6.0177,6.4208,12.3552,1821.3671,1717.3863,1760.9262,1716.1355,1327.5615,1170.5393,0,on,1,1.5000
1786353681.383127,1,0,hand looks flipped,1827.0000,1738.0000,1780.0000,1717.0000,1375.0000,1850.0000,43.069,57.894,50.773,61.317,17.471,-36.455,1804,1719,1762,1718,1327,1170,0,0,0,0,0,0,1,1,1,1,1,1,6.0177,6.0177,6.0177,6.0177,6.4208,12.3552,1821.3671,1717.3863,1760.9262,1716.1355,1327.5615,1170.5393,0,on,1,1.5000
1786353681.415064,1,0,hand looks flipped,1820.0000,1718.0000,1771.0000,1719.0000,1375.0000,1850.0000,44.179,61.106,52.410,61.018,19.025,-33.273,1804,1719,1762,1718,1327,1170,0,0,0,0,0,0,1,1,1,1,1,1,6.0177,6.0177,6.0177,6.0177,6.4208,12.3552,1821.3671,1717.3863,1760.9262,1716.1355,1327.5615,1170.5393,0,on,1,1.5000
1786353681.451147,1,0,hand looks flipped,1820.0000,1721.0000,1771.0000,1731.0000,1375.0000,1850.0000,44.248,60.601,52.423,58.954,19.662,-38.656,1804,1719,1762,1718,1327,1170,0,0,0,0,0,0,1,1,1,1,1,1,6.0177,6.0177,6.0177,6.0177,6.4208,12.3552,1821.3671,1717.3863,1760.9262,1716.1355,1327.5615,1170.5393,0,on,1,1.5000
1786353681.483050,1,0,hand looks flipped,1830.0000,1716.0000,1761.0000,1709.0000,1375.0000,1850.0000,42.571,61.564,53.943,62.674,19.146,-38.392,1804,1719,1762,1718,1327,1170,0,0,0,0,0,0,1,1,1,1,1,1,6.0177,6.0177,6.0177,6.0177,6.4208,12.3552,1821.3671,1717.3863,1760.9262,1716.1355,1327.5615,1170.5393,0,on,1,1.5000
1786353681.515165,1,0,hand looks flipped,1833.0000,1738.0000,1779.0000,1718.0000,1375.0000,1850.0000,42.098,57.889,51.073,61.138,19.674,-37.960,1804,1719,1762,1718,1327,1170,0,0,0,0,0,0,1,1,1,1,1,1,6.0177,6.0177,6.0177,6.0177,6.4208,12.3552,1821.3671,1717.3863,1760.9262,1716.1355,1327.5615,1170.5393,0,on,1,1.5000
1786353681.551122,1,0,hand looks flipped,1822.0000,1720.0000,1765.0000,1714.0000,1375.0000,1850.0000,43.931,60.798,53.331,61.783,18.760,-39.032,1804,1719,1762,1718,1327,1170,0,0,0,0,0,0,1,1,1,1,1,1,6.0177,6.0177,6.0177,6.0177,6.4208,12.3552,1821.3671,1717.3863,1760.9262,1716.1355,1327.5615,1170.5393,0,on,1,1.5000
1786353681.583159,1,0,hand looks flipped,1835.0000,1726.0000,1774.0000,1725.0000,1375.0000,1850.0000,41.787,59.808,51.854,59.999,19.712,-33.117,1804,1719,1762,1718,1327,1170,0,0,0,0,0,0,1,1,1,1,1,1,6.0177,6.0177,6.0177,6.0177,6.4208,12.3552,1821.3671,1717.3863,1760.9262,1716.1355,1327.5615,1170.5393,0,on,1,1.5000
1786353681.615160,1,0,hand looks flipped,1813.0000,1697.0000,1763.0000,1727.0000,1375.0000,1850.0000,45.352,64.596,53.755,59.640,18.161,-34.189,1804,1719,1762,1717,1327,1170,0,0,0,0,0,0,1,1,1,1,1,1,6.0177,6.0177,6.0177,6.0177,6.4208,12.3552,1821.3671,1717.3863,1760.9262,1716.1355,1327.5615,1170.5393,0,on,1,1.5000
1786353681.651156,1,0,hand looks flipped,1824.0000,1716.0000,1779.0000,1751.0000,1375.0000,1850.0000,43.590,61.409,50.965,55.633,21.497,-31.663,1804,1719,1762,1718,1327,1170,0,0,0,0,0,0,1,1,1,1,1,1,6.0177,6.0177,6.0177,6.0177,6.4208,12.3552,1821.3671,1717.3863,1760.9262,1716.1355,1327.5615,1170.5393,0,on,1,1.5000
1786353681.683142,1,0,hand looks flipped,1821.0000,1714.0000,1766.0000,1735.0000,1375.0000,1850.0000,44.038,61.882,53.116,58.276,20.108,-36.148,1804,1719,1762,1718,1327,1170,0,0,0,0,0,0,1,1,1,1,1,1,6.0177,6.0177,6.0177,6.0177,6.4208,12.3552,1821.3671,1717.3863,1760.9262,1716.1355,1327.5615,1170.5393,0,on,1,1.5000
1786353681.715359,1,0,hand looks flipped,1825.0000,1714.0000,1756.0000,1708.0000,1375.0000,1850.0000,43.356,61.750,54.819,62.786,18.778,-39.361,1804,1719,1762,1718,1327,1170,0,0,0,0,0,0,1,1,1,1,1,1,6.0177,6.0177,6.0177,6.0177,6.4208,12.3552,1821.3671,1717.3863,1760.9262,1716.1355,1327.5615,1170.5393,0,on,1,1.5000
1786353681.751137,1,0,hand looks flipped,1811.0000,1711.0000,1758.0000,1707.0000,1375.0000,1850.0000,45.654,62.345,54.531,63.033,18.905,-32.631,1804,1719,1762,1718,1327,1170,0,0,0,0,0,0,1,1,0,1,1,1,6.0177,6.0177,6.0177,6.0177,6.4208,12.3552,1821.3671,1717.3863,1760.9262,1716.1355,1327.5615,1170.5393,0,on,1,1.5000
1786353681.783204,1,0,hand looks flipped,1823.0000,1727.0000,1774.0000,1729.0000,1375.0000,1850.0000,43.707,59.591,51.834,59.311,19.394,-39.425,1804,1719,1762,1718,1327,1170,0,0,0,0,0,0,1,1,1,1,1,1,6.0177,6.0177,6.0177,6.0177,6.4208,12.3552,1821.3671,1717.3863,1760.9262,1716.1355,1327.5615,1170.5393,0,on,1,1.5000
1786353681.815196,1,0,hand looks flipped,1828.0000,1717.0000,1769.0000,1711.0000,1375.0000,1850.0000,42.888,61.270,52.719,62.350,18.663,-36.230,1804,1719,1762,1718,1327,1170,0,0,0,0,0,0,1,1,1,1,1,1,6.0177,6.0177,6.0177,6.0177,6.4208,12.3552,1821.3671,1717.3863,1760.9262,1716.1355,1327.5615,1170.5393,0,on,1,1.5000
1786353681.851068,1,0,hand looks flipped,1821.0000,1712.0000,1766.0000,1701.0000,1375.0000,1850.0000,44.099,62.211,53.127,63.938,17.894,-36.927,1804,1719,1762,1718,1327,1170,0,0,0,0,0,0,1,1,1,1,1,1,6.0177,6.0177,6.0177,6.0177,6.4208,12.3552,1821.3671,1717.3863,1760.9262,1716.1355,1327.5615,1170.5393,0,on,1,1.5000
1786353681.885515,1,0,hand looks flipped,1814.0000,1715.0000,1774.0000,1706.0000,1375.0000,1850.0000,45.233,61.583,51.871,63.173,17.812,-37.261,1804,1719,1762,1718,1327,1170,0,0,0,0,0,0,1,1,1,1,1,1,6.0177,6.0177,6.0177,6.0177,6.4208,12.3552,1821.3671,1717.3863,1760.9262,1716.1355,1327.5615,1170.5393,0,on,1,1.5000
1786353681.915135,1,0,hand looks flipped,1812.0000,1708.0000,1759.0000,1688.0000,1375.0000,1850.0000,45.497,62.775,54.301,66.132,19.206,-28.951,1804,1719,1762,1718,1327,1170,0,0,0,0,0,0,1,1,1,1,1,1,6.0177,6.0177,6.0177,6.0177,6.4208,12.3552,1821.3671,1717.3863,1760.9262,1716.1355,1327.5615,1170.5393,0,on,1,1.5000
1786353681.951204,1,0,hand looks flipped,1816.0000,1711.0000,1764.0000,1700.0000,1375.0000,1850.0000,44.946,62.361,53.467,64.072,16.588,-35.313,1804,1719,1762,1718,1327,1170,0,0,0,0,0,0,1,1,1,1,1,1,6.0177,6.0177,6.0177,6.0177,6.4208,12.3552,1821.3671,1717.3863,1760.9262,1716.1355,1327.5615,1170.5393,0,on,1,1.5000
1786353681.983074,1,0,hand looks flipped,1816.0000,1714.0000,1765.0000,1697.0000,1375.0000,1850.0000,44.873,61.747,53.333,64.654,17.038,-31.249,1804,1719,1762,1718,1327,1170,0,0,0,0,0,0,1,1,1,1,1,1,6.0177,6.0177,6.0177,6.0177,6.4208,12.3552,1821.3671,1717.3863,1760.9262,1716.1355,1327.5615,1170.5393,0,on,1,1.5000
1786353682.015170,1,0,hand looks flipped,1816.0000,1697.0000,1761.0000,1710.0000,1375.0000,1850.0000,44.911,64.576,54.015,62.456,20.243,-29.063,1804,1719,1762,1718,1327,1170,0,0,0,0,0,0,1,1,1,1,1,1,6.0177,6.0177,6.0177,6.0177,6.4208,12.3552,1821.3671,1717.3863,1760.9262,1716.1355,1327.5615,1170.5393,0,on,1,1.5000
1786353682.051055,1,0,hand looks flipped,1814.0000,1700.0000,1755.0000,1723.0000,1375.0000,1850.0000,45.230,64.206,55.021,60.353,18.747,-31.848,1804,1719,1762,1718,1327,1170,0,0,0,0,0,0,1,1,1,1,1,1,6.0177,6.0177,6.0177,6.0177,6.4208,12.3552,1821.3671,1717.3863,1760.9262,1716.1355,1327.5615,1170.5393,0,on,1,1.5000
1786353682.083175,1,0,hand looks flipped,1823.0000,1706.0000,1754.0000,1716.0000,1375.0000,1850.0000,43.744,63.155,55.220,61.475,18.949,-30.357,1804,1719,1762,1718,1327,1170,0,0,0,0,0,0,1,1,0,1,1,1,6.0177,6.0177,6.0177,6.0177,6.4208,12.3552,1821.3671,1717.3863,1760.9262,1716.1355,1327.5615,1170.5393,0,on,1,1.5000
1786353682.115139,1,0,hand looks flipped,1821.0000,1704.0000,1756.0000,1720.0000,1375.0000,1850.0000,44.040,63.471,54.769,60.818,19.758,-36.660,1804,1719,1762,1718,1327,1170,0,0,0,0,0,0,1,1,1,1,1,1,6.0177,6.0177,6.0177,6.0177,6.4208,12.3552,1821.3671,1717.3863,1760.9262,1716.1355,1327.5615,1170.5393,0,on,1,1.5000
1786353682.151044,1,0,hand looks flipped,1822.0000,1702.0000,1764.0000,1720.0000,1375.0000,1850.0000,43.828,63.800,53.450,60.779,19.071,-32.120,1804,1719,1762,1718,1327,1170,0,0,0,0,0,0,1,1,1,1,1,1,6.0177,6.0177,6.0177,6.0177,6.4208,12.3552,1821.3671,1717.3863,1760.9262,1716.1355,1327.5615,1170.5393,0,on,1,1.5000
1786353682.185524,1,0,hand looks flipped,1823.0000,1710.0000,1756.0000,1713.0000,1375.0000,1850.0000,43.756,62.516,54.819,61.962,19.555,-33.395,1804,1719,1762,1718,1327,1170,0,0,0,0,0,0,1,1,1,1,1,1,6.0177,6.0177,6.0177,6.0177,6.4208,12.3552,1821.3671,1717.3863,1760.9262,1716.1355,1327.5615,1170.5393,0,on,1,1.5000
1786353682.215770,1,0,hand looks flipped,1818.0000,1700.0000,1764.0000,1723.0000,1375.0000,1850.0000,44.554,64.179,53.562,60.359,18.088,-33.383,1804,1719,1762,1718,1327,1170,0,0,0,0,0,0,1,1,1,1,1,1,6.0177,6.0177,6.0177,6.0177,6.4208,12.3552,1821.3671,1717.3863,1760.9262,1716.1355,1327.5615,1170.5393,0,on,1,1.5000
1786353682.251148,1,0,hand looks flipped,1822.0000,1714.0000,1764.0000,1714.0000,1375.0000,1850.0000,43.866,61.853,53.516,61.885,17.913,-33.542,1804,1719,1762,1718,1327,1170,0,0,0,0,0,0,1,1,1,1,1,1,6.0177,6.0177,6.0177,6.0177,6.4208,12.3552,1821.3671,1717.3863,1760.9262,1716.1355,1327.5615,1170.5393,0,on,1,1.5000
1786353682.283163,1,0,hand looks flipped,1825.0000,1713.0000,1760.0000,1712.0000,1375.0000,1850.0000,43.440,61.941,54.130,62.229,18.187,-34.929,1804,1719,1762,1718,1327,1170,0,0,0,0,0,0,1,1,1,1,1,1,6.0177,6.0177,6.0177,6.0177,6.4208,12.3552,1821.3671,1717.3863,1760.9262,1716.1355,1327.5615,1170.5393,0,on,1,1.5000
1786353682.315201,1,0,hand looks flipped,1836.0000,1712.0000,1766.0000,1721.0000,1375.0000,1850.0000,41.579,62.222,53.196,60.704,20.481,-35.620,1804,1719,1762,1718,1327,1170,0,0,0,0,0,0,1,1,1,1,1,1,6.0177,6.0177,6.0177,6.0177,6.4208,12.3552,1821.3671,1717.3863,1760.9262,1716.1355,1327.5615,1170.5393,0,on,1,1.5000
1786353682.351187,1,0,hand looks flipped,1832.0000,1723.0000,1780.0000,1720.0000,1375.0000,1850.0000,42.242,60.380,50.799,60.737,16.862,-35.254,1804,1719,1762,1718,1327,1170,0,0,0,0,0,0,1,1,1,1,1,1,6.0177,6.0177,6.0177,6.0177,6.4208,12.3552,1821.3671,1717.3863,1760.9262,1716.1355,1327.5615,1170.5393,0,on,1,1.5000
1786353682.383157,1,0,hand looks flipped,1829.0000,1715.0000,1768.0000,1711.0000,1375.0000,1850.0000,42.677,61.725,52.880,62.304,17.458,-35.238,1804,1719,1762,1718,1327,1170,0,0,0,0,0,0,1,1,1,1,1,1,6.0177,6.0177,6.0177,6.0177,6.4208,12.3552,1821.3671,1717.3863,1760.9262,1716.1355,1327.5615,1170.5393,0,on,1,1.5000
1786353682.415072,1,0,hand looks flipped,1820.0000,1706.0000,1774.0000,1738.0000,1375.0000,1850.0000,44.242,63.185,51.831,57.897,19.027,-36.429,1804,1719,1762,1718,1327,1170,0,0,0,0,0,0,1,1,1,1,1,1,6.0177,6.0177,6.0177,6.0177,6.4208,12.3552,1821.3671,1717.3863,1760.9262,1716.1355,1327.5615,1170.5393,0,on,1,1.5000
1786353682.451038,1,0,hand looks flipped,1816.0000,1705.0000,1754.0000,1710.0000,1375.0000,1850.0000,44.865,63.294,55.143,62.426,19.816,-32.543,1804,1719,1762,1718,1327,1170,0,0,0,0,0,0,1,1,1,1,1,1,6.0177,6.0177,6.0177,6.0177,6.4208,12.3552,1821.3671,1717.3863,1760.9262,1716.1355,1327.5615,1170.5393,0,on,1,1.5000
1786353682.483174,1,0,hand looks flipped,1816.0000,1698.0000,1751.0000,1708.0000,1375.0000,1850.0000,44.938,64.439,55.634,62.845,18.929,-31.206,1804,1719,1762,1718,1327,1170,0,0,0,0,0,0,1,1,1,1,1,1,6.0177,6.0177,6.0177,6.0177,6.4208,12.3552,1821.3671,1717.3863,1760.9262,1716.1355,1327.5615,1170.5393,0,on,1,1.5000
1786353682.515407,1,0,hand looks flipped,1817.0000,1703.0000,1771.0000,1730.0000,1375.0000,1850.0000,44.767,63.602,52.301,59.082,18.832,-30.911,1804,1719,1762,1718,1327,1170,0,0,0,0,0,0,1,1,1,1,1,1,6.0177,6.0177,6.0177,6.0177,6.4208,12.3552,1821.3671,1717.3863,1760.9262,1716.1355,1327.5615,1170.5393,0,on,1,1.5000
1786353682.551157,1,0,hand looks flipped,1816.0000,1688.0000,1744.0000,1706.0000,1375.0000,1850.0000,44.856,66.157,56.852,63.140,19.136,-32.771,1804,1719,1762,1718,1327,1170,0,0,0,0,0,0,1,1,1,1,1,1,6.0177,6.0177,6.0177,6.0177,6.4208,12.3552,1821.3671,1717.3863,1760.9262,1716.1355,1327.5615,1170.5393,0,on,1,1.5000
1786353682.583161,1,0,hand looks flipped,1824.0000,1700.0000,1756.0000,1713.0000,1375.0000,1850.0000,43.615,64.067,54.807,62.003,20.338,-32.129,1804,1719,1762,1718,1327,1170,0,0,0,0,0,0,1,1,1,1,1,1,6.0177,6.0177,6.0177,6.0177,6.4208,12.3552,1821.3671,1717.3863,1760.9262,1716.1355,1327.5615,1170.5393,0,on,1,1.5000
1786353682.615098,1,0,hand looks flipped,1816.0000,1700.0000,1757.0000,1714.0000,1375.0000,1850.0000,44.834,64.149,54.726,61.892,17.597,-33.109,1804,1719,1762,1718,1327,1170,0,0,0,0,0,0,1,1,1,1,1,1,6.0177,6.0177,6.0177,6.0177,6.4208,12.3552,1821.3671,1717.3863,1760.9262,1716.1355,1327.5615,1170.5393,0,on,1,1.5000
1786353682.651142,1,0,hand looks flipped,1831.0000,1717.0000,1767.0000,1712.0000,1375.0000,1850.0000,42.314,61.361,52.988,62.083,19.245,-31.794,1804,1719,1762,1718,1327,1170,0,0,0,0,0,0,1,1,1,1,1,1,6.0177,6.0177,6.0177,6.0177,6.4208,12.3552,1821.3671,1717.3863,1760.9262,1716.1355,1327.5615,1170.5393,0,on,1,1.5000
1786353682.683158,1,0,hand looks flipped,1823.0000,1711.0000,1763.0000,1713.0000,1375.0000,1850.0000,43.730,62.343,53.702,62.025,17.835,-35.157,1804,1719,1762,1718,1327,1170,0,0,0,0,0,0,1,1,1,1,1,1,6.0177,6.0177,6.0177,6.0177,6.4208,12.3552,1821.3671,1717.3863,1760.9262,1716.1355,1327.5615,1170.5393,0,on,1,1.5000
1786353682.715188,1,0,hand looks flipped,1828.0000,1708.0000,1767.0000,1714.0000,1375.0000,1850.0000,42.847,62.789,53.042,61.756,19.701,-34.176,1804,1719,1762,1718,1327,1170,0,0,0,0,0,0,1,1,1,1,1,1,6.0177,6.0177,6.0177,6.0177,6.4208,12.3552,1821.3671,1717.3863,1760.9262,1716.1355,1327.5615,1170.5393,0,on,1,1.5000
1786353682.756378,1,0,hand looks flipped,1827.0000,1707.0000,1766.0000,1716.0000,1375.0000,1850.0000,43.048,62.944,53.208,61.429,20.615,-33.479,1804,1719,1762,1718,1327,1170,0,0,0,0,0,0,1,1,1,1,1,1,6.0177,6.0177,6.0177,6.0177,6.4208,12.3552,1821.3671,1717.3863,1760.9262,1716.1355,1327.5615,1170.5393,0,on,1,1.5000
1786353682.783118,1,0,hand looks flipped,1823.0000,1705.0000,1762.0000,1708.0000,1375.0000,1850.0000,43.728,63.364,53.848,62.866,17.592,-35.948,1804,1719,1762,1718,1327,1170,0,0,0,0,0,0,1,1,1,1,1,1,6.0177,6.0177,6.0177,6.0177,6.4208,12.3552,1821.3671,1717.3863,1760.9262,1716.1355,1327.5615,1170.5393,0,on,1,1.5000
1786353682.815182,1,0,hand looks flipped,1829.0000,1719.0000,1775.0000,1716.0000,1375.0000,1850.0000,42.734,61.014,51.697,61.454,18.776,-32.620,1804,1719,1762,1718,1327,1170,0,0,0,0,0,0,1,1,1,1,1,1,6.0177,6.0177,6.0177,6.0177,6.4208,12.3552,1821.3671,1717.3863,1760.9262,1716.1355,1327.5615,1170.5393,0,on,1,1.5000
1786353682.851206,1,0,hand looks flipped,1823.0000,1707.0000,1766.0000,1720.0000,1375.0000,1850.0000,43.724,63.032,53.234,60.900,19.923,-30.710,1804,1719,1762,1718,1327,1170,0,0,0,0,0,0,1,1,1,1,1,1,6.0177,6.0177,6.0177,6.0177,6.4208,12.3552,1821.3671,1717.3863,1760.9262,1716.1355,1327.5615,1170.5393,0,on,1,1.5000
1786353682.883168,1,0,hand looks flipped,1822.0000,1698.0000,1749.0000,1696.0000,1375.0000,1850.0000,43.919,64.440,55.923,64.812,17.789,-34.623,1804,1719,1762,1718,1327,1170,0,0,0,0,0,0,1,1,1,1,1,1,6.0177,6.0177,6.0177,6.0177,6.4208,12.3552,1821.3671,1717.3863,1760.9262,1716.1355,1327.5615,1170.5393,0,on,1,1.5000
1786353682.915191,1,0,hand looks flipped,1829.0000,1723.0000,1765.0000,1704.0000,1375.0000,1850.0000,42.631,60.380,53.408,63.523,19.325,-37.236,1804,1719,1762,1718,1327,1170,0,0,0,0,0,0,1,1,1,1,1,1,6.0177,6.0177,6.0177,6.0177,6.4208,12.3552,1821.3671,1717.3863,1760.9262,1716.1355,1327.5615,1170.5393,0,on,1,1.5000
1786353682.951150,1,0,hand looks flipped,1835.0000,1715.0000,1758.0000,1704.0000,1375.0000,1850.0000,41.685,61.595,54.476,63.429,21.729,-34.889,1804,1719,1762,1718,1327,1170,0,0,0,0,0,0,1,1,1,1,1,1,6.0177,6.0177,6.0177,6.0177,6.4208,12.3552,1821.3671,1717.3863,1760.9262,1716.1355,1327.5615,1170.5393,0,on,1,1.5000
1786353682.983040,1,0,hand looks flipped,1829.0000,1717.0000,1768.0000,1710.0000,1375.0000,1850.0000,42.760,61.300,52.885,62.478,19.188,-34.894,1804,1719,1762,1718,1327,1170,0,0,0,0,0,0,1,1,1,1,1,1,6.0177,6.0177,6.0177,6.0177,6.4208,12.3552,1821.3671,1717.3863,1760.9262,1716.1355,1327.5615,1170.5393,0,on,1,1.5000
1786353683.015182,1,0,hand looks flipped,1825.0000,1706.0000,1760.0000,1714.0000,1375.0000,1850.0000,43.301,63.074,54.191,61.762,19.946,-34.006,1804,1719,1762,1718,1327,1170,0,0,0,0,0,0,1,1,1,1,1,1,6.0177,6.0177,6.0177,6.0177,6.4208,12.3552,1821.3671,1717.3863,1760.9262,1716.1355,1327.5615,1170.5393,0,on,1,1.5000
1786353683.051109,1,0,hand looks flipped,1824.0000,1715.0000,1761.0000,1702.0000,1375.0000,1850.0000,43.464,61.648,54.001,63.838,18.851,-38.870,1804,1719,1762,1718,1327,1170,0,0,0,0,0,0,1,1,1,1,1,1,6.0177,6.0177,6.0177,6.0177,6.4208,12.3552,1821.3671,1717.3863,1760.9262,1716.1355,1327.5615,1170.5393,0,on,1,1.5000
1786353683.083185,1,0,hand looks flipped,1838.0000,1724.0000,1767.0000,1710.0000,1375.0000,1850.0000,41.146,60.126,52.931,62.459,22.286,-36.948,1804,1719,1762,1718,1327,1170,0,0,0,0,0,0,1,1,1,1,1,1,6.0177,6.0177,6.0177,6.0177,6.4208,12.3552,1821.3671,1717.3863,1760.9262,1716.1355,1327.5615,1170.5393,0,on,1,1.5000
1786353683.115174,1,0,hand looks flipped,1834.0000,1716.0000,1768.0000,1713.0000,1375.0000,1850.0000,41.807,61.441,52.826,62.016,19.835,-35.577,1804,1719,1762,1718,1327,1170,0,0,0,0,0,0,1,1,1,1,1,1,6.0177,6.0177,6.0177,6.0177,6.4208,12.3552,1821.3671,1717.3863,1760.9262,1716.1355,1327.5615,1170.5393,0,on,1,1.5000
1786353683.151184,1,0,hand looks flipped,1832.0000,1709.0000,1765.0000,1715.0000,1375.0000,1850.0000,42.197,62.629,53.408,61.685,19.553,-34.829,1804,1719,1762,1718,1327,1170,0,0,0,0,0,0,1,1,1,1,1,1,6.0177,6.0177,6.0177,6.0177,6.4208,12.3552,1821.3671,1717.3863,1760.9262,1716.1355,1327.5615,1170.5393,0,on,1,1.5000
1786353683.183155,1,0,hand looks flipped,1820.0000,1707.0000,1759.0000,1708.0000,1375.0000,1850.0000,44.151,62.907,54.400,62.757,19.325,-32.774,1804,1719,1762,1718,1327,1170,0,0,0,0,0,0,1,1,1,1,1,1,6.0177,6.0177,6.0177,6.0177,6.4208,12.3552,1821.3671,1717.3863,1760.9262,1716.1355,1327.5615,1170.5393,0,on,1,1.5000
1786353683.215167,1,0,hand looks flipped,1821.0000,1705.0000,1759.0000,1701.0000,1375.0000,1850.0000,44.115,63.357,54.410,63.979,18.131,-31.691,1804,1719,1762,1718,1327,1170,0,0,0,0,0,0,1,1,1,1,1,1,6.0177,6.0177,6.0177,6.0177,6.4208,12.3552,1821.3671,1717.3863,1760.9262,1716.1355,1327.5615,1170.5393,0,on,1,1.5000
1786353683.251207,1,0,hand looks flipped,1825.0000,1705.0000,1751.0000,1694.0000,1375.0000,1850.0000,43.305,63.375,55.673,65.135,19.659,-36.997,1804,1719,1762,1718,1327,1170,0,0,0,0,0,0,1,1,1,1,1,1,6.0177,6.0177,6.0177,6.0177,6.4208,12.3552,1821.3671,1717.3863,1760.9262,1716.1355,1327.5615,1170.5393,0,on,1,1.5000
1786353683.283170,1,0,hand looks flipped,1830.0000,1707.0000,1757.0000,1704.0000,1375.0000,1850.0000,42.463,62.975,54.634,63.420,20.728,-40.286,1804,1719,1762,1718,1327,1170,0,0,0,0,0,0,1,1,1,1,1,1,6.0177,6.0177,6.0177,6.0177,6.4208,12.3552,1821.3671,1717.3863,1760.9262,1716.1355,1327.5615,1170.5393,0,on,1,1.5000
1786353683.315503,1,0,hand looks flipped,1829.0000,1721.0000,1768.0000,1704.0000,1375.0000,1850.0000,42.696,60.717,52.826,63.523,19.385,-36.156,1804,1719,1762,1718,1327,1170,0,0,0,0,0,0,1,1,1,1,1,1,6.0177,6.0177,6.0177,6.0177,6.4208,12.3552,1821.3671,1717.3863,1760.9262,1716.1355,1327.5615,1170.5393,0,on,1,1.5000
1786353683.351160,1,0,hand looks flipped,1831.0000,1729.0000,1768.0000,1709.0000,1375.0000,1850.0000,42.400,59.280,52.876,62.585,20.589,-33.997,1804,1719,1762,1718,1327,1170,0,0,0,0,0,0,1,1,1,1,1,1,6.0177,6.0177,6.0177,6.0177,6.4208,12.3552,1821.3671,1717.3863,1760.9262,1716.1355,1327.5615,1170.5393,0,on,1,1.5000
1786353683.383078,1,0,hand looks flipped,1819.0000,1721.0000,1778.0000,1709.0000,1375.0000,1850.0000,44.413,60.635,51.173,62.643,17.567,-31.127,1804,1719,1762,1718,1327,1170,0,0,0,0,0,0,1,1,1,1,1,1,6.0177,6.0177,6.0177,6.0177,6.4208,12.3552,1821.3671,1717.3863,1760.9262,1716.1355,1327.5615,1170.5393,0,on,1,1.5000
1786353683.415083,1,0,hand looks flipped,1815.0000,1707.0000,1757.0000,1705.0000,1375.0000,1850.0000,44.953,62.907,54.599,63.393,18.789,-37.263,1804,1719,1762,1718,1327,1170,0,0,0,0,0,0,1,1,1,1,1,1,6.0177,6.0177,6.0177,6.0177,6.4208,12.3552,1821.3671,1717.3863,1760.9262,1716.1355,1327.5615,1170.5393,0,on,1,1.5000
1786353683.451149,1,0,hand looks flipped,1827.0000,1714.0000,1764.0000,1707.0000,1375.0000,1850.0000,43.057,61.821,53.530,62.897,18.920,-35.384,1804,1719,1762,1718,1327,1170,0,0,0,0,0,0,1,1,1,1,1,1,6.0177,6.0177,6.0177,6.0177,6.4208,12.3552,1821.3671,1717.3863,1760.9262,1716.1355,1327.5615,1170.5393,0,on,1,1.5000
1786353683.483057,1,0,hand looks flipped,1822.0000,1715.0000,1766.0000,1708.0000,1375.0000,1850.0000,43.845,61.572,53.241,62.804,18.816,-36.918,1804,1719,1762,1718,1327,1170,0,0,0,0,0,0,1,1,1,1,1,1,6.0177,6.0177,6.0177,6.0177,6.4208,12.3552,1821.3671,1717.3863,1760.9262,1716.1355,1327.5615,1170.5393,0,on,1,1.5000
1786353683.515157,1,0,hand looks flipped,1830.0000,1712.0000,1756.0000,1706.0000,1375.0000,1850.0000,42.527,62.204,54.833,63.091,20.881,-39.050,1804,1719,1762,1718,1327,1170,0,0,0,0,0,0,1,1,1,1,1,1,6.0177,6.0177,6.0177,6.0177,6.4208,12.3552,1821.3671,1717.3863,1760.9262,1716.1355,1327.5615,1170.5393,0,on,1,1.5000
1786353683.551195,1,0,hand looks flipped,1820.0000,1711.0000,1760.0000,1690.0000,1375.0000,1850.0000,44.260,62.255,54.118,65.779,18.823,-35.488,1804,1719,1762,1718,1327,1170,0,0,0,0,0,0,1,1,1,1,1,1,6.0177,6.0177,6.0177,6.0177,6.4208,12.3552,1821.3671,1717.3863,1760.9262,1716.1355,1327.5615,1170.5393,0,on,1,1.5000
1786353683.583175,1,0,hand looks flipped,1833.0000,1713.0000,1755.0000,1696.0000,1375.0000,1850.0000,42.113,62.066,55.025,64.786,20.748,-36.327,1804,1719,1762,1718,1327,1170,0,0,0,0,0,0,1,1,1,1,1,1,6.0177,6.0177,6.0177,6.0177,6.4208,12.3552,1821.3671,1717.3863,1760.9262,1716.1355,1327.5615,1170.5393,0,on,1,1.5000
1786353683.615152,1,0,hand looks flipped,1834.0000,1717.0000,1762.0000,1715.0000,1375.0000,1850.0000,41.904,61.334,53.840,61.625,22.329,-35.387,1804,1719,1762,1718,1327,1170,0,0,0,0,0,0,1,1,1,1,1,1,6.0177,6.0177,6.0177,6.0177,6.4208,12.3552,1821.3671,1717.3863,1760.9262,1716.1355,1327.5615,1170.5393,0,on,1,1.5000
1786353683.651123,1,0,hand looks flipped,1829.0000,1727.0000,1767.0000,1703.0000,1375.0000,1850.0000,42.713,59.674,52.939,63.596,19.726,-38.223,1804,1719,1762,1718,1327,1170,0,0,0,0,0,0,1,1,1,1,1,1,6.0177,6.0177,6.0177,6.0177,6.4208,12.3552,1821.3671,1717.3863,1760.9262,1716.1355,1327.5615,1170.5393,0,on,1,1.5000
1786353683.683040,1,0,hand looks flipped,1835.0000,1721.0000,1772.0000,1723.0000,1375.0000,1850.0000,41.738,60.651,52.170,60.328,20.899,-33.508,1804,1719,1762,1718,1327,1170,0,0,0,0,0,0,1,1,1,1,1,1,6.0177,6.0177,6.0177,6.0177,6.4208,12.3552,1821.3671,1717.3863,1760.9262,1716.1355,1327.5615,1170.5393,0,on,1,1.5000
1786353683.715165,1,0,hand looks flipped,1816.0000,1703.0000,1746.0000,1720.0000,1375.0000,1850.0000,44.854,63.682,56.568,60.849,21.343,-33.646,1804,1719,1762,1718,1327,1170,0,0,0,0,0,0,1,1,1,1,1,1,6.0177,6.0177,6.0177,6.0177,6.4208,12.3552,1821.3671,1717.3863,1760.9262,1716.1355,1327.5615,1170.5393,0,on,1,1.5000
1786353683.751155,1,0,hand looks flipped,1815.0000,1699.0000,1743.0000,1707.0000,1375.0000,1850.0000,45.005,64.345,56.940,63.020,18.482,-37.814,1804,1719,1762,1718,1327,1170,0,0,0,0,0,0,1,1,1,1,1,1,6.0177,6.0177,6.0177,6.0177,6.4208,12.3552,1821.3671,1717.3863,1760.9262,1716.1355,1327.5615,1170.5393,0,on,1,1.5000
1786353683.783179,1,0,hand looks flipped,1829.0000,1716.0000,1762.0000,1711.0000,1375.0000,1850.0000,42.683,61.531,53.862,62.321,20.614,-34.690,1804,1719,1762,1718,1327,1170,0,0,0,0,0,0,1,1,1,1,1,1,6.0177,6.0177,6.0177,6.0177,6.4208,12.3552,1821.3671,1717.3863,1760.9262,1716.1355,1327.5615,1170.5393,0,on,1,1.5000
1786353683.815118,1,0,hand looks flipped,1832.0000,1729.0000,1771.0000,1710.0000,1375.0000,1850.0000,42.184,59.307,52.354,62.558,18.614,-34.000,1804,1719,1762,1718,1327,1170,0,0,0,0,0,0,1,1,1,1,1,1,6.0177,6.0177,6.0177,6.0177,6.4208,12.3552,1821.3671,1717.3863,1760.9262,1716.1355,1327.5615,1170.5393,0,on,1,1.5000
1786353683.851060,1,0,hand looks flipped,1830.0000,1717.0000,1762.0000,1708.0000,1375.0000,1850.0000,42.591,61.241,53.761,62.772,18.987,-36.643,1804,1719,1762,1718,1327,1170,0,0,0,0,0,0,1,1,1,1,1,1,6.0177,6.0177,6.0177,6.0177,6.4208,12.3552,1821.3671,1717.3863,1760.9262,1716.1355,1327.5615,1170.5393,0,on,1,1.5000
1786353683.883107,1,0,hand looks flipped,1831.0000,1714.0000,1762.0000,1712.0000,1375.0000,1850.0000,42.314,61.876,53.804,62.080,20.725,-35.613,1804,1719,1762,1718,1327,1170,0,0,0,0,0,0,1,1,1,1,1,1,6.0177,6.0177,6.0177,6.0177,6.4208,12.3552,1821.3671,1717.3863,1760.9262,1716.1355,1327.5615,1170.5393,0,on,1,1.5000
1786353683.915148,1,0,hand looks flipped,1822.0000,1709.0000,1756.0000,1702.0000,1375.0000,1850.0000,43.837,62.576,54.871,63.762,20.039,-35.639,1804,1719,1762,1718,1327,1170,0,0,0,0,0,0,1,1,1,1,1,1,6.0177,6.0177,6.0177,6.0177,6.4208,12.3552,1821.3671,1717.3863,1760.9262,1716.1355,1327.5615,1170.5393,0,on,1,1.5000
1786353683.951172,1,0,hand looks flipped,1823.0000,1698.0000,1756.0000,1711.0000,1375.0000,1850.0000,43.658,64.411,54.845,62.267,21.111,-37.911,1804,1719,1762,1718,1327,1170,0,0,0,0,0,0,1,1,1,1,1,1,6.0177,6.0177,6.0177,6.0177,6.4208,12.3552,1821.3671,1717.3863,1760.9262,1716.1355,1327.5615,1170.5393,0,on,1,1.5000
1786353683.983195,1,0,hand looks flipped,1830.0000,1707.0000,1768.0000,1712.0000,1375.0000,1850.0000,42.611,63.028,52.842,62.122,20.947,-31.000,1804,1719,1762,1718,1327,1170,0,0,0,0,0,0,1,1,1,1,1,1,6.0177,6.0177,6.0177,6.0177,6.4208,12.3552,1821.3671,1717.3863,1760.9262,1716.1355,1327.5615,1170.5393,0,on,1,1.5000
1786353684.015209,1,0,hand looks flipped,1812.0000,1698.0000,1755.0000,1715.0000,1375.0000,1850.0000,45.607,64.485,54.928,61.710,18.302,-29.757,1804,1719,1762,1718,1327,1170,0,0,0,0,0,0,1,1,1,1,1,1,6.0177,6.0177,6.0177,6.0177,6.4208,12.3552,1821.3671,1717.3863,1760.9262,1716.1355,1327.5615,1170.5393,0,on,1,1.5000
1786353684.051073,1,0,hand looks flipped,1824.0000,1705.0000,1750.0000,1713.0000,1375.0000,1850.0000,43.475,63.352,55.864,61.919,20.289,-31.584,1804,1719,1762,1718,1327,1170,0,0,0,0,0,0,1,1,1,1,1,1,6.0177,6.0177,6.0177,6.0177,6.4208,12.3552,1821.3671,1717.3863,1760.9262,1716.1355,1327.5615,1170.5393,0,on,1,1.5000
1786353684.083185,1,0,hand looks flipped,1834.0000,1721.0000,1756.0000,1704.0000,1375.0000,1850.0000,41.802,60.730,54.895,63.553,20.209,-39.457,1804,1719,1762,1718,1327,1170,0,0,0,0,0,0,1,1,1,1,1,1,6.0177,6.0177,6.0177,6.0177,6.4208,12.3552,1821.3671,1717.3863,1760.9262,1716.1355,1327.5615,1170.5393,0,on,1,1.5000
1786353684.115302,1,0,hand looks flipped,1829.0000,1715.0000,1755.0000,1698.0000,1375.0000,1850.0000,42.645,61.675,54.937,64.476,20.524,-36.197,1804,1719,1762,1718,1327,1170,0,0,0,0,0,0,1,1,1,1,1,1,6.0177,6.0177,6.0177,6.0177,6.4208,12.3552,1821.3671,1717.3863,1760.9262,1716.1355,1327.5615,1170.5393,0,on,1,1.5000
1786353684.151171,1,0,hand looks flipped,1829.0000,1726.0000,1770.0000,1715.0000,1375.0000,1850.0000,42.751,59.795,52.438,61.572,20.094,-39.336,1804,1719,1762,1718,1327,1170,0,0,0,0,0,0,1,1,1,1,1,1,6.0177,6.0177,6.0177,6.0177,6.4208,12.3552,1821.3671,1717.3863,1760.9262,1716.1355,1327.5615,1170.5393,0,on,1,1.5000
1786353684.183167,1,0,hand looks flipped,1829.0000,1723.0000,1765.0000,1709.0000,1375.0000,1850.0000,42.626,60.338,53.404,62.710,19.646,-38.416,1804,1719,1762,1718,1327,1170,0,0,0,0,0,0,1,1,1,1,1,1,6.0177,6.0177,6.0177,6.0177,6.4208,12.3552,1821.3671,1717.3863,1760.9262,1716.1355,1327.5615,1170.5393,0,on,1,1.5000
1786353684.215209,1,0,hand looks flipped,1823.0000,1724.0000,1761.0000,1715.0000,1375.0000,1850.0000,43.704,60.207,53.979,61.603,18.020,-37.656,1804,1719,1762,1718,1327,1170,0,0,0,0,0,0,1,1,1,1,1,1,6.0177,6.0177,6.0177,6.0177,6.4208,12.3552,1821.3671,1717.3863,1760.9262,1716.1355,1327.5615,1170.5393,0,on,1,1.5000
1786353684.256606,1,0,hand looks flipped,1820.0000,1718.0000,1755.0000,1681.0000,1375.0000,1850.0000,44.126,61.170,55.076,67.219,18.128,-36.243,1804,1719,1762,1718,1327,1170,0,0,0,0,0,0,1,1,0,1,1,1,6.0177,6.0177,6.0177,6.0177,6.4208,12.3552,1821.3671,1717.3863,1760.9262,1716.1355,1327.5615,1170.5393,0,on,1,1.5000
1786353684.283202,1,0,hand looks flipped,1831.0000,1728.0000,1768.0000,1686.0000,1375.0000,1850.0000,42.296,59.483,52.885,66.541,18.940,-34.947,1804,1719,1762,1718,1327,1170,0,0,0,0,0,0,1,1,1,1,1,1,6.0177,6.0177,6.0177,6.0177,6.4208,12.3552,1821.3671,1717.3863,1760.9262,1706.9687,1327.5615,1170.5393,1,on,1,1.5000
1786353684.315187,1,0,hand looks flipped,1832.0000,1717.0000,1759.0000,1699.0000,1375.0000,1850.0000,42.215,61.390,54.294,64.336,20.249,-36.512,1804,1719,1762,1718,1327,1170,0,0,0,0,0,0,1,1,1,1,1,1,6.0177,6.0177,6.0177,6.0177,6.4208,12.3552,1821.3671,1717.3863,1760.9262,1706.9687,1327.5615,1170.5393,0,on,1,1.5000
1786353684.351188,1,0,hand looks flipped,1820.0000,1722.0000,1770.0000,1702.0000,1375.0000,1850.0000,44.127,60.486,52.589,63.870,18.887,-36.154,1804,1719,1762,1716,1327,1170,0,0,0,58,0,0,1,1,1,1,1,1,6.0177,6.0177,6.0177,6.0177,6.4208,12.3552,1821.3671,1717.3863,1760.9262,1706.9687,1327.5615,1170.5393,0,on,1,1.5000
1786353684.383208,1,0,hand looks flipped,1825.0000,1705.0000,1753.0000,1701.0000,1375.0000,1850.0000,43.372,63.316,55.301,63.972,20.972,-37.098,1804,1719,1762,1713,1327,1170,0,0,0,0,0,0,1,1,1,1,1,1,6.0177,6.0177,6.0177,6.0177,6.4208,12.3552,1821.3671,1717.3863,1760.9262,1706.9687,1327.5615,1170.5393,0,on,1,1.5000
1786353684.415216,1,0,hand looks flipped,1824.0000,1724.0000,1768.0000,1715.0000,1375.0000,1850.0000,43.512,60.188,52.904,61.655,19.478,-35.540,1804,1719,1762,1713,1327,1170,0,0,0,0,0,0,1,1,1,1,1,1,6.0177,6.0177,6.0177,6.0177,6.4208,12.3552,1821.3671,1717.3863,1760.9262,1706.9687,1327.5615,1170.5393,0,on,1,1.5000
1786353684.451074,1,0,hand looks flipped,1823.0000,1703.0000,1755.0000,1715.0000,1375.0000,1850.0000,43.746,63.645,54.986,61.705,19.755,-38.008,1804,1719,1762,1713,1327,1170,0,0,0,16,0,0,1,1,1,1,1,1,6.0177,6.0177,6.0177,6.0177,6.4208,12.3552,1821.3671,1717.3863,1760.9262,1706.9687,1327.5615,1170.5393,0,on,1,1.5000
1786353684.485592,1,0,hand looks flipped,1834.0000,1734.0000,1777.0000,1722.0000,1375.0000,1850.0000,41.864,58.533,51.430,60.459,18.789,-36.661,1804,1719,1762,1708,1327,1170,0,0,0,21,0,0,1,1,1,1,1,1,6.0177,6.0177,6.0177,6.0177,6.4208,12.3552,1821.3671,1717.3863,1760.9262,1706.9687,1327.5615,1170.5393,0,on,1,1.5000
1786353684.515178,1,0,hand looks flipped,1830.0000,1722.0000,1765.0000,1715.0000,1375.0000,1850.0000,42.489,60.507,53.419,61.654,18.566,-39.717,1804,1719,1762,1707,1327,1170,0,0,0,0,0,0,1,1,1,1,1,1,6.0177,6.0177,6.0177,6.0177,6.4208,12.3552,1821.3671,1717.3863,1760.9262,1706.9687,1327.5615,1170.5393,0,on,1,1.5000
1786353684.551189,1,0,hand looks flipped,1828.0000,1710.0000,1765.0000,1716.0000,1375.0000,1850.0000,42.848,62.560,53.422,61.442,20.947,-36.808,1804,1719,1762,1707,1327,1170,0,0,0,0,0,0,1,1,1,1,1,1,6.0177,6.0177,6.0177,6.0177,6.4208,12.3552,1821.3671,1717.3863,1760.9262,1706.9687,1327.5615,1170.5393,0,on,1,1.5000
1786353684.583230,1,0,hand looks flipped,1839.0000,1725.0000,1774.0000,1716.0000,1375.0000,1850.0000,40.962,59.990,51.783,61.497,20.076,-36.213,1804,1719,1762,1707,1327,1170,0,0,0,0,0,0,1,1,1,1,1,1,6.0177,6.0177,6.0177,6.0177,6.4208,12.3552,1821.3671,1717.3863,1760.9262,1706.9687,1327.5615,1170.5393,0,on,1,1.5000
1786353684.615201,1,0,hand looks flipped,1823.0000,1710.0000,1758.0000,1717.0000,1375.0000,1850.0000,43.665,62.428,54.478,61.386,20.219,-34.631,1804,1719,1762,1707,1327,1170,0,0,0,0,0,0,1,1,1,1,1,1,6.0177,6.0177,6.0177,6.0177,6.4208,12.3552,1821.3671,1717.3863,1760.9262,1706.9687,1327.5615,1170.5393,0,on,1,1.5000
1786353684.651181,1,0,hand looks flipped,1825.0000,1725.0000,1769.0000,1726.0000,1375.0000,1850.0000,43.333,59.909,52.726,59.873,20.146,-35.200,1804,1719,1762,1707,1327,1170,0,0,0,0,0,0,1,1,1,1,1,1,6.0177,6.0177,6.0177,6.0177,6.4208,12.3552,1821.3671,1717.3863,1760.9262,1706.9687,1327.5615,1170.5393,0,on,1,1.5000
1786353684.683184,1,0,hand looks flipped,1827.0000,1724.0000,1756.0000,1705.0000,1375.0000,1850.0000,43.083,60.106,54.861,63.386,20.010,-35.742,1804,1719,1762,1707,1327,1170,0,0,0,0,0,0,1,1,1,1,1,1,6.0177,6.0177,6.0177,6.0177,6.4208,12.3552,1821.3671,1717.3863,1760.9262,1706.9687,1327.5615,1170.5393,0,on,1,1.5000
1786353684.715165,1,0,hand looks flipped,1824.0000,1709.0000,1749.0000,1719.0000,1375.0000,1850.0000,43.591,62.601,56.019,61.053,21.040,-35.094,1804,1719,1762,1707,1327,1170,0,0,0,0,0,0,1,1,1,1,1,1,6.0177,6.0177,6.0177,6.0177,6.4208,12.3552,1821.3671,1717.3863,1760.9262,1706.9687,1327.5615,1170.5393,0,on,1,1.5000
1786353684.756395,1,0,hand looks flipped,1828.0000,1729.0000,1777.0000,1721.0000,1375.0000,1850.0000,42.900,59.398,51.302,60.634,19.993,-40.574,1804,1719,1762,1707,1327,1170,0,0,0,0,0,0,1,1,1,1,1,1,6.0177,6.0177,6.0177,6.0177,6.4208,12.3552,1821.3671,1717.3863,1760.9262,1706.9687,1327.5615,1170.5393,0,on,1,1.5000
1786353684.788341,1,0,hand looks flipped,1827.0000,1726.0000,1770.0000,1718.0000,1375.0000,1850.0000,42.957,59.906,52.506,61.146,18.274,-35.866,1804,1719,1762,1707,1327,1170,0,0,0,0,0,0,1,1,1,1,1,1,6.0177,6.0177,6.0177,6.0177,6.4208,12.3552,1821.3671,1717.3863,1760.9262,1706.9687,1327.5615,1170.5393,0,on,1,1.5000
1786353684.815118,1,0,hand looks flipped,1831.0000,1730.0000,1770.0000,1708.0000,1375.0000,1850.0000,42.319,59.155,52.432,62.739,18.814,-36.087,1804,1719,1762,1707,1327,1170,0,0,0,0,0,0,1,1,1,1,1,1,6.0177,6.0177,6.0177,6.0177,6.4208,12.3552,1821.3671,1717.3863,1760.9262,1706.9687,1327.5615,1170.5393,0,on,1,1.5000
1786353684.851176,1,0,hand looks flipped,1830.0000,1726.0000,1770.0000,1709.0000,1375.0000,1850.0000,42.531,59.799,52.453,62.595,18.701,-36.448,1804,1719,1762,1707,1327,1170,0,0,0,0,0,0,1,1,1,1,1,1,6.0177,6.0177,6.0177,6.0177,6.4208,12.3552,1821.3671,1717.3863,1760.9262,1706.9687,1327.5615,1170.5393,0,on,1,1.5000
1786353684.883117,1,0,hand looks flipped,1825.0000,1715.0000,1760.0000,1704.0000,1375.0000,1850.0000,43.423,61.598,54.126,63.508,18.555,-38.756,1804,1719,1762,1707,1327,1170,0,0,0,0,0,0,1,1,1,1,1,1,6.0177,6.0177,6.0177,6.0177,6.4208,12.3552,1821.3671,1717.3863,1760.9262,1706.9687,1327.5615,1170.5393,0,on,1,1.5000
1786353684.915411,1,0,hand looks flipped,1831.0000,1713.0000,1765.0000,1711.0000,1375.0000,1850.0000,42.332,61.936,53.299,62.249,21.842,-38.525,1804,1719,1762,1707,1327,1170,0,0,0,0,0,0,1,1,1,1,1,1,6.0177,6.0177,6.0177,6.0177,6.4208,12.3552,1821.3671,1717.3863,1760.9262,1706.9687,1327.5615,1170.5393,0,on,1,1.5000
1786353684.951204,1,0,hand looks flipped,1833.0000,1711.0000,1762.0000,1710.0000,1375.0000,1850.0000,42.028,62.376,53.904,62.470,19.621,-35.660,1804,1719,1762,1707,1327,1170,0,0,0,0,0,0,1,1,1,1,1,1,6.0177,6.0177,6.0177,6.0177,6.4208,12.3552,1821.3671,1717.3863,1760.9262,1706.9687,1327.5615,1170.5393,0,on,1,1.5000
1786353684.983192,1,0,hand looks flipped,1833.0000,1707.0000,1760.0000,1709.0000,1375.0000,1850.0000,41.962,62.980,54.206,62.655,21.053,-33.142,1804,1719,1762,1707,1327,1170,0,0,0,0,0,0,1,1,1,1,1,1,6.0177,6.0177,6.0177,6.0177,6.4208,12.3552,1821.3671,1717.3863,1760.9262,1706.9687,1327.5615,1170.5393,0,on,1,1.5000
1786353685.015152,1,0,hand looks flipped,1823.0000,1710.0000,1755.0000,1703.0000,1375.0000,1850.0000,43.748,62.474,54.962,63.617,18.992,-34.627,1804,1719,1762,1707,1327,1170,0,0,0,0,0,0,1,1,1,1,1,1,6.0177,6.0177,6.0177,6.0177,6.4208,12.3552,1821.3671,1717.3863,1760.9262,1706.9687,1327.5615,1170.5393,0,on,1,1.5000
1786353685.051207,1,0,hand looks flipped,1826.0000,1715.0000,1758.0000,1690.0000,1375.0000,1850.0000,43.261,61.587,54.521,65.725,19.313,-35.103,1804,1719,1762,1707,1327,1170,0,0,0,0,0,0,1,1,1,1,1,1,6.0177,6.0177,6.0177,6.0177,6.4208,12.3552,1821.3671,1717.3863,1760.9262,1706.9687,1327.5615,1170.5393,0,on,1,1.5000
1786353685.083192,1,0,hand looks flipped,1835.0000,1716.0000,1758.0000,1698.0000,1375.0000,1850.0000,41.678,61.564,54.517,64.527,21.616,-34.360,1804,1719,1762,1707,1327,1170,0,0,0,0,0,0,1,1,1,1,1,1,6.0177,6.0177,6.0177,6.0177,6.4208,12.3552,1821.3671,1717.3863,1760.9262,1706.9687,1327.5615,1170.5393,0,on,1,1.5000
1786353685.115184,1,0,hand looks flipped,1832.0000,1720.0000,1762.0000,1703.0000,1375.0000,1850.0000,42.269,60.834,53.770,63.648,19.816,-32.747,1804,1719,1762,1707,1327,1170,0,0,0,0,0,0,1,1,1,1,1,1,6.0177,6.0177,6.0177,6.0177,6.4208,12.3552,1821.3671,1717.3863,1760.9262,1706.9687,1327.5615,1170.5393,0,on,1,1.5000
1786353685.151174,1,0,hand looks flipped,1828.0000,1711.0000,1753.0000,1704.0000,1375.0000,1850.0000,42.795,62.362,55.333,63.531,19.725,-35.126,1804,1719,1762,1707,1327,1170,0,0,0,0,0,0,1,1,0,1,1,1,6.0177,6.0177,6.0177,6.0177,6.4208,12.3552,1821.3671,1717.3863,1760.9262,1706.9687,1327.5615,1170.5393,0,on,1,1.5000
1786353685.183202,1,0,hand looks flipped,1824.0000,1715.0000,1761.0000,1707.0000,1375.0000,1850.0000,43.526,61.673,54.054,62.931,19.314,-32.207,1804,1719,1762,1707,1327,1170,0,0,0,0,0,0,1,1,1,1,1,1,6.0177,6.0177,6.0177,6.0177,6.4208,12.3552,1821.3671,1717.3863,1760.9262,1706.9687,1327.5615,1170.5393,0,on,1,1.5000
1786353685.215095,1,0,hand looks flipped,1816.0000,1698.0000,1752.0000,1705.0000,1375.0000,1850.0000,44.816,64.478,55.519,63.251,19.417,-31.992,1804,1719,1762,1707,1327,1170,0,0,0,0,0,0,1,1,1,1,1,1,6.0177,6.0177,6.0177,6.0177,6.4208,12.3552,1821.3671,1717.3863,1760.9262,1706.9687,1327.5615,1170.5393,0,on,1,1.5000
1786353685.251168,1,0,hand looks flipped,1825.0000,1704.0000,1749.0000,1709.0000,1375.0000,1850.0000,43.371,63.412,55.958,62.641,20.646,-34.035,1804,1719,1762,1707,1327,1170,0,0,0,0,0,0,1,1,1,1,1,1,6.0177,6.0177,6.0177,6.0177,6.4208,12.3552,1821.3671,1717.3863,1760.9262,1706.9687,1327.5615,1170.5393,0,on,1,1.5000
1786353685.283190,1,0,hand looks flipped,1831.0000,1717.0000,1755.0000,1709.0000,1375.0000,1850.0000,42.300,61.296,55.008,62.616,22.930,-34.311,1804,1719,1762,1707,1327,1170,0,0,0,0,0,0,1,1,1,1,1,1,6.0177,6.0177,6.0177,6.0177,6.4208,12.3552,1821.3671,1717.3863,1760.9262,1706.9687,1327.5615,1170.5393,0,on,1,1.5000
1786353685.320606,1,0,hand looks flipped,1831.0000,1720.0000,1756.0000,1708.0000,1375.0000,1850.0000,42.451,60.811,54.817,62.890,19.244,-37.614,1804,1719,1762,1707,1327,1170,0,0,0,0,0,0,1,1,1,1,1,1,6.0177,6.0177,6.0177,6.0177,6.4208,12.3552,1821.3671,1717.3863,1760.9262,1706.9687,1327.5615,1170.5393,0,on,1,1.5000
1786353685.356530,1,0,hand looks flipped,1824.0000,1705.0000,1751.0000,1696.0000,1375.0000,1850.0000,43.573,63.292,55.750,64.797,21.911,-34.027,1804,1719,1762,1707,1327,1170,0,0,0,0,0,0,1,1,1,1,1,1,6.0177,6.0177,6.0177,6.0177,6.4208,12.3552,1821.3671,1717.3863,1760.9262,1706.9687,1327.5615,1170.5393,0,on,1,1.5000
1786353685.383142,1,0,hand looks flipped,1826.0000,1711.0000,1771.0000,1712.0000,1375.0000,1850.0000,43.199,62.359,52.313,62.118,19.338,-34.295,1804,1719,1762,1707,1327,1170,0,0,0,0,0,0,1,1,1,1,1,1,6.0177,6.0177,6.0177,6.0177,6.4208,12.3552,1821.3671,1717.3863,1760.9262,1706.9687,1327.5615,1170.5393,0,on,1,1.5000
1786353685.415163,1,0,hand looks flipped,1821.0000,1706.0000,1752.0000,1697.0000,1375.0000,1850.0000,44.023,63.203,55.566,64.611,18.589,-32.474,1804,1719,1762,1707,1327,1170,0,0,0,0,0,0,1,1,1,1,1,1,6.0177,6.0177,6.0177,6.0177,6.4208,12.3552,1821.3671,1717.3863,1760.9262,1706.9687,1327.5615,1170.5393,0,on,1,1.5000
1786353685.451178,1,0,hand looks flipped,1822.0000,1712.0000,1757.0000,1699.0000,1375.0000,1850.0000,43.869,62.199,54.618,64.389,19.466,-36.744,1804,1719,1762,1707,1327,1170,0,0,0,0,0,0,1,1,1,1,1,1,6.0177,6.0177,6.0177,6.0177,6.4208,12.3552,1821.3671,1717.3863,1760.9262,1706.9687,1327.5615,1170.5393,0,on,1,1.5000
1786353685.483177,1,0,hand looks flipped,1828.0000,1716.0000,1751.0000,1691.0000,1375.0000,1850.0000,42.846,61.498,55.623,65.638,20.691,-34.117,1804,1719,1762,1707,1327,1170,0,0,0,0,0,0,1,1,1,1,1,1,6.0177,6.0177,6.0177,6.0177,6.4208,12.3552,1821.3671,1717.3863,1760.9262,1706.9687,1327.5615,1170.5393,0,on,1,1.5000
1786353685.515102,1,0,hand looks flipped,1831.0000,1713.0000,1755.0000,1711.0000,1375.0000,1850.0000,42.345,61.912,55.031,62.270,20.952,-40.249,1804,1719,1762,1707,1327,1170,0,0,0,0,0,0,1,1,1,1,1,1,6.0177,6.0177,6.0177,6.0177,6.4208,12.3552,1821.3671,1717.3863,1760.9262,1706.9687,1327.5615,1170.5393,0,on,1,1.5000
1786353685.551176,1,0,hand looks flipped,1834.0000,1706.0000,1765.0000,1725.0000,1375.0000,1850.0000,41.832,63.195,53.302,59.977,22.096,-32.301,1804,1719,1762,1707,1327,1170,0,0,0,0,0,0,1,1,1,1,1,1,6.0177,6.0177,6.0177,6.0177,6.4208,12.3552,1821.3671,1717.3863,1760.9262,1706.9687,1327.5615,1170.5393,0,on,1,1.5000
1786353685.583158,1,0,hand looks flipped,1816.0000,1698.0000,1745.0000,1710.0000,1375.0000,1850.0000,44.871,64.527,56.632,62.471,21.633,-34.930,1804,1719,1762,1707,1327,1170,0,0,0,0,0,0,1,1,1,1,1,1,6.0177,6.0177,6.0177,6.0177,6.4208,12.3552,1821.3671,1717.3863,1760.9262,1706.9687,1327.5615,1170.5393,0,on,1,1.5000
1786353685.615186,1,0,hand looks flipped,1828.0000,1710.0000,1752.0000,1715.0000,1375.0000,1850.0000,42.923,62.534,55.531,61.698,18.955,-33.725,1804,1719,1762,1707,1327,1170,0,0,0,0,0,0,1,1,1,1,1,1,6.0177,6.0177,6.0177,6.0177,6.4208,12.3552,1821.3671,1717.3863,1760.9262,1706.9687,1327.5615,1170.5393,0,on,1,1.5000
1786353685.651183,1,0,hand looks flipped,1827.0000,1711.0000,1755.0000,1716.0000,1375.0000,1850.0000,43.114,62.349,54.936,61.528,19.106,-36.180,1804,1719,1762,1707,1327,1170,0,0,0,0,0,0,1,1,1,1,1,1,6.0177,6.0177,6.0177,6.0177,6.4208,12.3552,1821.3671,1717.3863,1760.9262,1706.9687,1327.5615,1170.5393,0,on,1,1.5000
1786353685.683179,1,0,hand looks flipped,1828.0000,1721.0000,1765.0000,1716.0000,1375.0000,1850.0000,42.826,60.618,53.373,61.435,19.118,-33.235,1804,1719,1762,1707,1327,1170,0,0,0,0,0,0,1,1,1,1,1,1,6.0177,6.0177,6.0177,6.0177,6.4208,12.3552,1821.3671,1717.3863,1760.9262,1706.9687,1327.5615,1170.5393,0,on,1,1.5000
1786353685.720786,1,0,hand looks flipped,1823.0000,1714.0000,1759.0000,1710.0000,1375.0000,1850.0000,43.761,61.806,54.321,62.476,19.194,-32.393,1804,1719,1762,1707,1327,1170,0,0,0,0,0,0,1,1,1,1,1,1,6.0177,6.0177,6.0177,6.0177,6.4208,12.3552,1821.3671,1717.3863,1760.9262,1706.9687,1327.5615,1170.5393,0,on,1,1.5000
1786353685.751295,1,0,hand looks flipped,1822.0000,1714.0000,1767.0000,1715.0000,1375.0000,1850.0000,43.811,61.874,53.074,61.716,19.375,-29.889,1804,1719,1762,1707,1327,1170,0,0,0,0,0,0,1,1,1,1,1,1,6.0177,6.0177,6.0177,6.0177,6.4208,12.3552,1821.3671,1717.3863,1760.9262,1706.9687,1327.5615,1170.5393,0,on,1,1.5000
1786353685.788615,1,0,hand looks flipped,1824.0000,1708.0000,1748.0000,1708.0000,1375.0000,1850.0000,43.509,62.745,56.238,62.780,18.129,-34.302,1804,1719,1762,1707,1327,1170,0,0,0,0,0,0,1,1,1,1,1,1,6.0177,6.0177,6.0177,6.0177,6.4208,12.3552,1821.3671,1717.3863,1760.9262,1706.9687,1327.5615,1170.5393,0,on,1,1.5000
1786353685.820527,1,0,hand looks flipped,1822.0000,1706.0000,1747.0000,1694.0000,1375.0000,1850.0000,43.788,63.157,56.297,65.176,20.074,-36.139,1804,1719,1762,1707,1327,1170,0,0,0,0,0,0,1,1,1,1,1,1,6.0177,6.0177,6.0177,6.0177,6.4208,12.3552,1821.3671,1717.3863,1760.9262,1706.9687,1327.5615,1170.5393,0,on,1,1.5000
1786353685.851063,1,0,hand looks flipped,1832.0000,1736.0000,1758.0000,1689.0000,1375.0000,1850.0000,42.245,58.080,54.437,66.043,18.757,-37.218,1804,1719,1762,1707,1327,1170,0,0,0,0,0,0,1,1,1,1,1,1,6.0177,6.0177,6.0177,6.0177,6.4208,12.3552,1821.3671,1717.3863,1760.9262,1706.9687,1327.5615,1170.5393,0,on,1,1.5000
1786353685.885528,1,0,hand looks flipped,1843.0000,1726.0000,1757.0000,1696.0000,1375.0000,1850.0000,40.396,59.757,54.697,64.756,21.690,-40.659,1804,1719,1762,1707,1327,1170,0,0,0,0,0,0,1,1,1,1,1,1,6.0177,6.0177,6.0177,6.0177,6.4208,12.3552,1821.3671,1717.3863,1760.9262,1706.9687,1327.5615,1170.5393,0,on,1,1.5000
1786353685.915183,1,0,hand looks flipped,1840.0000,1716.0000,1754.0000,1697.0000,1375.0000,1850.0000,40.934,61.553,55.174,64.699,22.675,-41.963,1804,1719,1762,1707,1327,1170,0,0,0,0,0,0,1,1,1,1,1,1,6.0177,6.0177,6.0177,6.0177,6.4208,12.3552,1821.3671,1717.3863,1760.9262,1706.9687,1327.5615,1170.5393,0,on,1,1.5000
1786353685.951191,1,0,hand looks flipped,1844.0000,1727.0000,1748.0000,1686.0000,1375.0000,1850.0000,40.279,59.616,56.243,66.480,20.353,-41.347,1804,1719,1762,1707,1327,1170,0,0,0,0,0,0,1,1,1,1,1,1,6.0177,6.0177,6.0177,6.0177,6.4208,12.3552,1821.3671,1717.3863,1760.9262,1706.9687,1327.5615,1170.5393,0,on,1,1.5000
1786353685.983204,1,0,hand looks flipped,1845.0000,1737.0000,1755.0000,1682.0000,1375.0000,1850.0000,40.113,57.961,55.054,67.141,19.635,-38.381,1804,1719,1762,1707,1327,1170,0,0,0,0,0,0,1,1,1,1,1,1,6.0177,6.0177,6.0177,6.0177,6.4208,12.3552,1821.3671,1717.3863,1760.9262,1706.9687,1327.5615,1170.5393,0,on,1,1.5000
1786353686.015253,1,0,hand looks flipped,1843.0000,1719.0000,1743.0000,1680.0000,1375.0000,1850.0000,40.405,60.904,57.070,67.490,21.152,-40.166,1804,1719,1762,1707,1327,1170,0,0,0,0,0,0,1,1,1,1,1,1,6.0177,6.0177,6.0177,6.0177,6.4208,12.3552,1821.3671,1717.3863,1760.9262,1706.9687,1327.5615,1170.5393,0,on,1,1.5000
1786353686.051199,1,0,hand looks flipped,1838.0000,1709.0000,1738.0000,1689.0000,1375.0000,1850.0000,41.181,62.695,57.846,65.947,20.537,-40.012,1804,1719,1762,1707,1327,1170,0,0,0,0,0,0,1,1,1,1,1,1,6.0177,6.0177,6.0177,6.0177,6.4208,12.3552,1821.3671,1717.3863,1760.9262,1706.9687,1327.5615,1170.5393,0,on,1,1.5000
1786353686.083197,1,0,hand looks flipped,1842.0000,1718.0000,1742.0000,1681.0000,1375.0000,1850.0000,40.548,61.177,57.182,67.304,19.997,-38.044,1804,1719,1762,1707,1327,1170,0,0,0,0,0,0,1,1,1,1,1,1,6.0177,6.0177,6.0177,6.0177,6.4208,12.3552,1830.7523,1717.3863,1760.9262,1706.9687,1327.5615,1170.5393,1,on,1,1.5000
1786353686.115191,1,0,hand looks flipped,1828.0000,1714.0000,1753.0000,1692.0000,1375.0000,1850.0000,42.861,61.773,55.396,65.410,19.351,-34.156,1804,1719,1762,1707,1327,1170,0,0,0,0,0,0,1,1,1,1,1,1,6.0177,6.0177,6.0177,6.0177,6.4208,12.3552,1830.7523,1717.3863,1760.9262,1706.9687,1327.5615,1170.5393,0,on,1,1.5000
1786353686.151176,1,0,hand looks flipped,1815.0000,1718.0000,1757.0000,1704.0000,1375.0000,1850.0000,45.098,61.205,54.686,63.522,18.697,-33.525,1804,1719,1762,1707,1327,1170,0,0,0,0,0,0,1,1,1,1,1,1,6.0177,6.0177,6.0177,6.0177,6.4208,12.3552,1830.7523,1717.3863,1760.9262,1706.9687,1327.5615,1170.5393,0,on,1,1.5000
1786353686.183152,1,0,hand looks flipped,1810.0000,1711.0000,1757.0000,1711.0000,1375.0000,1850.0000,45.824,62.333,54.734,62.375,18.349,-31.309,1804,1719,1762,1707,1327,1170,0,0,0,0,0,0,1,1,1,1,1,1,6.0177,6.0177,6.0177,6.0177,6.4208,12.3552,1830.7523,1717.3863,1760.9262,1706.9687,1327.5615,1170.5393,0,on,1,1.5000
1786353686.216357,1,0,hand looks flipped,1803.0000,1708.0000,1748.0000,1684.0000,1375.0000,1850.0000,46.970,62.830,56.161,66.738,16.286,-27.929,1804,1719,1762,1707,1327,1170,0,0,0,0,0,0,1,1,1,1,1,1,6.0177,6.0177,6.0177,6.0177,6.4208,12.3552,1830.7523,1717.3863,1760.9262,1706.9687,1327.5615,1170.5393,0,on,1,1.5000
1786353686.251226,1,0,hand looks flipped,1814.0000,1722.0000,1763.0000,1698.0000,1375.0000,1850.0000,45.277,60.440,53.652,64.402,17.365,-34.920,1804,1719,1762,1707,1327,1170,0,0,0,0,0,0,1,1,1,1,1,1,6.0177,6.0177,6.0177,6.0177,6.4208,12.3552,1830.7523,1717.3863,1760.9262,1706.9687,1327.5615,1170.5393,0,on,1,1.5000
1786353686.288405,1,0,hand looks flipped,1819.0000,1738.0000,1768.0000,1696.0000,1375.0000,1850.0000,44.357,57.892,52.807,64.871,16.350,-35.385,1804,1719,1762,1707,1327,1170,0,0,0,0,0,0,1,1,1,1,1,1,6.0177,6.0177,6.0177,6.0177,6.4208,12.3552,1830.7523,1717.3863,1760.9262,1706.9687,1327.5615,1170.5393,0,on,1,1.5000
1786353686.320371,1,0,hand looks flipped,1826.0000,1737.0000,1771.0000,1688.0000,1375.0000,1850.0000,43.250,58.038,52.391,66.083,17.989,-41.323,1804,1719,1762,1707,1327,1170,0,0,0,0,0,0,1,1,1,1,1,1,6.0177,6.0177,6.0177,6.0177,6.4208,12.3552,1830.7523,1717.3863,1760.9262,1706.9687,1327.5615,1170.5393,0,on,1,1.5000
1786353686.351151,1,0,hand looks flipped,1827.0000,1740.0000,1755.0000,1678.0000,1375.0000,1850.0000,43.112,57.429,54.946,67.824,18.865,-39.719,1804,1719,1762,1707,1327,1170,0,0,0,0,0,0,1,1,1,1,1,1,6.0177,6.0177,6.0177,6.0177,6.4208,12.3552,1830.7523,1717.3863,1760.9262,1697.9254,1327.5615,1170.5393,1,on,1,1.5000
1786353686.383125,1,0,hand looks flipped,1834.0000,1741.0000,1763.0000,1688.0000,1375.0000,1850.0000,41.935,57.383,53.720,66.132,19.794,-42.429,1804,1719,1762,1707,1327,1170,0,0,0,0,0,0,1,1,1,1,1,1,6.0177,6.0177,6.0177,6.0177,6.4208,12.3552,1830.7523,1717.3863,1760.9262,1697.9254,1327.5615,1170.5393,0,on,1,1.5000
1786353686.415164,1,0,hand looks flipped,1823.0000,1736.0000,1759.0000,1681.0000,1375.0000,1850.0000,43.670,58.224,54.306,67.335,18.803,-39.390,1804,1719,1762,1705,1327,1170,0,0,0,20,0,0,1,1,1,1,1,1,6.0177,6.0177,6.0177,6.0177,6.4208,12.3552,1830.7523,1717.3863,1760.9262,1697.9254,1327.5615,1170.5393,0,on,1,1.5000
1786353686.451078,1,0,hand looks flipped,1812.0000,1706.0000,1741.0000,1676.0000,1375.0000,1850.0000,45.585,63.090,57.264,68.052,19.759,-41.767,1804,1719,1762,1702,1327,1170,0,0,0,0,0,0,1,1,0,1,1,1,6.0177,6.0177,6.0177,6.0177,6.4208,12.3552,1830.7523,1717.3863,1760.9262,1697.9254,1327.5615,1170.5393,0,on,1,1.5000
1786353686.488504,1,0,hand looks flipped,1807.0000,1713.0000,1741.0000,1675.0000,1375.0000,1850.0000,46.344,61.998,57.390,68.220,19.404,-38.021,1804,1719,1762,1702,1327,1170,0,0,0,0,0,0,1,1,1,1,1,1,6.0177,6.0177,6.0177,6.0177,6.4208,12.3552,1830.7523,1717.3863,1760.9262,1697.9254,1327.5615,1170.5393,0,on,1,1.5000
1786353686.515405,1,0,hand looks flipped,1824.0000,1727.0000,1744.0000,1684.0000,1375.0000,1850.0000,43.562,59.722,56.812,66.780,18.627,-35.079,1804,1719,1762,1702,1327,1170,0,0,0,10,0,0,1,1,1,1,1,1,6.0177,6.0177,6.0177,6.0177,6.4208,12.3552,1830.7523,1717.3863,1760.9262,1697.9254,1327.5615,1170.5393,0,on,1,1.5000
1786353686.551120,1,0,hand looks flipped,1817.0000,1726.0000,1742.0000,1699.0000,1375.0000,1850.0000,44.763,59.800,57.107,64.289,18.325,-34.477,1804,1719,1762,1702,1327,1170,0,0,0,20,0,0,1,1,1,1,1,1,6.0177,6.0177,6.0177,6.0177,6.4208,12.3552,1830.7523,1717.3863,1760.9262,1697.9254,1327.5615,1170.5393,0,on,1,1.5000
1786353686.583087,1,0,hand looks flipped,1821.0000,1727.0000,1743.0000,1686.0000,1375.0000,1850.0000,43.985,59.731,56.954,66.427,19.060,-34.774,1804,1719,1762,1699,1327,1170,0,0,0,0,0,0,1,1,1,1,1,1,6.0177,6.0177,6.0177,6.0177,6.4208,12.3552,1830.7523,1717.3863,1760.9262,1697.9254,1327.5615,1170.5393,0,on,1,1.5000
1786353686.615153,1,0,hand looks flipped,1822.0000,1726.0000,1736.0000,1693.0000,1375.0000,1850.0000,43.852,59.803,58.098,65.331,17.906,-33.292,1804,1719,1762,1699,1327,1170,0,0,0,8,0,0,1,1,1,1,1,1,6.0177,6.0177,6.0177,6.0177,6.4208,12.3552,1830.7523,1717.3863,1760.9262,1697.9254,1327.5615,1170.5393,0,on,1,1.5000
1786353686.651117,1,0,hand looks flipped,1834.0000,1729.0000,1745.0000,1687.0000,1375.0000,1850.0000,41.915,59.343,56.746,66.304,19.733,-33.165,1804,1719,1762,1699,1327,1170,0,0,0,10,0,0,1,1,1,1,1,1,6.0177,6.0177,6.0177,6.0177,6.4208,12.3552,1830.7523,1717.3863,1760.9262,1697.9254,1327.5615,1170.5393,0,on,1,1.5000
1786353686.683200,1,0,hand looks flipped,1825.0000,1727.0000,1729.0000,1683.0000,1375.0000,1850.0000,43.438,59.708,59.371,66.904,18.798,-33.847,1804,1719,1762,1698,1327,1170,0,0,0,0,0,0,1,1,1,1,1,1,6.0177,6.0177,6.0177,6.0177,6.4208,12.3552,1830.7523,1717.3863,1751.4027,1697.9254,1327.5615,1170.5393,1,on,1,1.5000
1786353686.715195,1,0,hand looks flipped,1829.0000,1725.0000,1744.0000,1689.0000,1375.0000,1850.0000,42.655,60.024,56.775,65.894,18.605,-33.049,1804,1719,1762,1698,1327,1170,0,0,0,0,0,0,1,1,1,1,1,1,6.0177,6.0177,6.0177,6.0177,6.4208,12.3552,1830.7523,1717.3863,1751.4027,1697.9254,1327.5615,1170.5393,0,on,1,1.5000
1786353686.751162,1,0,hand looks flipped,1824.0000,1723.0000,1728.0000,1679.0000,1375.0000,1850.0000,43.586,60.336,59.414,67.706,19.843,-35.997,1804,1719,1762,1698,1327,1170,0,0,0,0,0,0,1,1,1,1,1,1,6.0177,6.0177,6.0177,6.0177,6.4208,12.3552,1830.7523,1717.3863,1751.4027,1697.9254,1327.5615,1170.5393,0,on,1,1.5000
1786353686.783153,1,0,hand looks flipped,1834.0000,1729.0000,1735.0000,1695.0000,1375.0000,1850.0000,41.894,59.242,58.294,64.928,17.211,-34.432,1804,1719,1762,1698,1327,1170,0,0,24,0,0,0,1,1,1,1,1,1,6.0177,6.0177,6.0177,6.0177,6.4208,12.3552,1830.7523,1717.3863,1751.4027,1697.9254,1327.5615,1170.5393,0,on,1,1.5000
1786353686.815094,1,0,hand looks flipped,1822.0000,1734.0000,1739.0000,1690.0000,1375.0000,1850.0000,43.852,58.490,57.616,65.839,17.340,-32.501,1804,1719,1762,1698,1327,1170,0,0,0,0,0,0,1,1,1,1,1,1,6.0177,6.0177,6.0177,6.0177,6.4208,12.3552,1830.7523,1717.3863,1751.4027,1697.9254,1327.5615,1170.5393,0,on,1,1.5000
1786353686.851079,1,0,hand looks flipped,1822.0000,1721.0000,1745.0000,1699.0000,1375.0000,1850.0000,43.809,60.589,56.690,64.306,18.782,-33.894,1804,1719,1760,1698,1327,1170,0,0,26,0,0,0,1,1,1,1,1,1,6.0177,6.0177,6.0177,6.0177,6.4208,12.3552,1830.7523,1717.3863,1751.4027,1697.9254,1327.5615,1170.5393,0,on,1,1.5000
1786353686.883096,1,0,hand looks flipped,1830.0000,1727.0000,1733.0000,1698.0000,1375.0000,1850.0000,42.569,59.614,58.667,64.537,17.980,-29.578,1804,1719,1757,1698,1327,1170,0,0,24,0,0,0,1,1,1,1,1,1,6.0177,6.0177,6.0177,6.0177,6.4208,12.3552,1830.7523,1717.3863,1751.4027,1697.9254,1327.5615,1170.5393,0,on,1,1.5000
1786353686.915114,1,0,hand looks flipped,1825.0000,1730.0000,1748.0000,1704.0000,1375.0000,1850.0000,43.384,59.094,56.091,63.440,17.654,-30.925,1804,1719,1754,1698,1327,1170,0,0,19,0,0,0,1,1,1,1,1,1,6.0177,6.0177,6.0177,6.0177,6.4208,12.3552,1830.7523,1717.3863,1751.4027,1697.9254,1327.5615,1170.5393,0,on,1,1.5000
1786353686.951172,1,0,hand looks flipped,1821.0000,1724.0000,1748.0000,1688.0000,1375.0000,1850.0000,44.085,60.081,56.198,66.197,19.092,-33.564,1804,1719,1754,1698,1327,1170,0,0,24,0,0,0,1,1,1,1,1,1,6.0177,6.0177,6.0177,6.0177,6.4208,12.3552,1830.7523,1717.3863,1751.4027,1697.9254,1327.5615,1170.5393,0,on,1,1.5000
1786353686.983160,1,0,hand looks flipped,1820.0000,1729.0000,1759.0000,1701.0000,1375.0000,1850.0000,44.170,59.363,54.367,64.014,19.654,-35.708,1804,1719,1754,1698,1327,1170,0,0,15,0,0,0,1,1,1,1,1,1,6.0177,6.0177,6.0177,6.0177,6.4208,12.3552,1830.7523,1717.3863,1751.4027,1697.9254,1327.5615,1170.5393,0,on,1,1.5000
1786353687.015778,1,0,hand looks flipped,1817.0000,1741.0000,1785.0000,1714.0000,1375.0000,1850.0000,44.640,57.319,50.058,61.775,16.024,-25.691,1804,1719,1753,1698,1327,1170,0,0,0,0,0,0,1,1,1,1,1,1,6.0177,6.0177,6.0177,6.0177,6.4208,12.3552,1830.7523,1717.3863,1751.4027,1697.9254,1327.5615,1170.5393,0,on,1,1.5000
1786353687.051185,1,0,hand looks flipped,1830.0000,1753.0000,1788.0000,1722.0000,1375.0000,1850.0000,42.606,55.317,49.588,60.437,17.751,-34.091,1804,1719,1754,1698,1327,1170,0,0,0,0,0,0,1,1,1,1,1,1,6.0177,6.0177,6.0177,6.0177,6.4208,12.3552,1830.7523,1717.3863,1751.4027,1697.9254,1327.5615,1170.5393,0,on,1,1.5000
1786353687.083199,1,0,hand looks flipped,1823.0000,1740.0000,1777.0000,1721.0000,1375.0000,1850.0000,43.644,57.533,51.275,60.630,19.472,-30.488,1804,1719,1753,1698,1327,1170,0,0,0,0,0,0,1,1,1,1,1,1,6.0177,6.0177,6.0177,6.0177,6.4208,12.3552,1830.7523,1726.6100,1751.4027,1697.9254,1327.5615,1170.5393,1,on,1,1.5000
1786353687.115762,1,0,hand looks flipped,1834.0000,1747.0000,1785.0000,1736.0000,1375.0000,1850.0000,41.827,56.377,50.054,58.125,18.389,-26.259,1804,1719,1753,1698,1327,1170,0,0,0,0,0,0,1,0,1,1,1,1,6.0177,6.0177,6.0177,6.0177,6.4208,12.3552,1830.7523,1726.6100,1751.4027,1697.9254,1327.5615,1170.5393,0,on,1,1.5000
1786353687.151053,1,0,hand looks flipped,1850.0000,1740.0000,1779.0000,1725.0000,1375.0000,1850.0000,36.517,57.467,50.962,59.938,19.375,-19.323,1804,1719,1753,1698,1327,1170,0,17,0,0,0,0,1,0,1,1,1,1,6.0177,6.0177,6.0177,6.0177,6.4208,12.3552,1830.7523,1726.6100,1751.4027,1697.9254,1327.5615,1170.5393,0,on,1,1.5000
1786353687.183103,1,0,hand looks flipped,1818.0000,1674.0000,1711.0000,1672.0000,1375.0000,1850.0000,44.485,68.547,62.327,68.875,14.507,-15.482,1804,1719,1754,1698,1327,1170,0,37,0,0,0,0,1,0,1,1,1,1,6.0177,6.0177,6.0177,6.0177,6.4208,12.3552,1830.7523,1726.6100,1751.4027,1697.9254,1327.5615,1170.5393,0,on,1,1.5000
1786353687.218118,1,0,hand looks flipped,1779.0000,1664.0000,1679.0000,1703.0000,1375.0000,1850.0000,51.075,70.144,67.604,63.642,16.732,-32.167,1804,1726,1753,1698,1327,1170,0,11,0,0,0,0,1,0,1,1,1,1,6.0177,6.0177,6.0177,6.0177,6.4208,12.3552,1830.7523,1726.6100,1751.4027,1697.9254,1327.5615,1170.5393,0,on,1,1.5000
1786353687.251168,1,0,hand looks flipped,1825.0000,1671.0000,1680.0000,1648.0000,1375.0000,1850.0000,43.446,68.965,67.385,72.771,28.713,-35.043,1804,1726,1753,1698,1327,1170,0,0,0,0,0,0,1,0,1,1,1,1,6.0177,6.0177,6.0177,6.0177,6.4208,12.3552,1830.7523,1712.5425,1737.9126,1697.9254,1327.5615,1170.5393,1,on,1,1.5000
1786353687.285566,1,0,hand looks flipped,1827.0000,1723.0000,1730.0000,1680.0000,1339.0000,1850.0000,43.107,60.393,59.090,67.498,38.191,-52.747,1804,1726,1753,1698,1327,1170,0,25,32,0,0,0,1,1,1,1,1,1,6.0177,6.0177,6.0177,6.0177,6.4208,12.3552,1830.7523,1712.5425,1737.9126,1697.9254,1327.5615,1170.5393,0,on,1,1.5000
1786353687.315309,1,0,hand looks flipped,1810.0000,1636.0000,1589.0000,1466.0000,1375.0000,1850.0000,45.822,74.763,82.661,103.013,26.793,-35.694,1804,1726,1749,1698,1327,1170,0,45,49,0,0,0,1,1,1,1,1,1,6.0177,6.0177,6.0177,6.0177,6.4208,12.3552,1830.7523,1712.5425,1706.5598,1636.5859,1327.5615,1170.5393,1,on,1,1.5000
1786353687.351204,1,0,hand looks flipped,1730.0000,1552.0000,1509.0000,1463.0000,1375.0000,1850.0000,59.115,88.754,95.812,103.494,28.399,-31.002,1804,1721,1745,1698,1327,1170,0,0,25,0,0,0,1,1,1,1,1,1,6.0177,6.0177,6.0177,6.0177,6.4208,12.3552,1809.5716,1666.8027,1643.8969,1579.5627,1327.5615,1170.5393,1,on,1,1.5000
1786353687.383817,1,0,hand looks flipped,1695.0000,1549.0000,1521.0000,1465.0000,1375.0000,1850.0000,64.919,89.184,93.933,103.144,27.638,-25.401,1804,1720,1739,1694,1327,1170,0,46,101,60,0,0,1,1,1,1,1,1,6.0177,6.0177,6.0177,6.0177,6.4208,12.3552,1786.7718,1637.4690,1608.1320,1546.1927,1327.5615,1170.5393,1,on,1,1.5000
1786353687.415833,1,0,hand looks flipped,1527.0000,1391.0000,1445.0000,1457.0000,1224.0000,1850.0000,92.928,115.569,106.464,104.514,55.989,-84.022,1804,1712,1727,1682,1327,1170,0,99,110,56,0,0,1,1,1,1,1,1,6.0177,6.0177,6.0177,6.0177,6.4208,12.3552,1699.7779,1552.0816,1557.0202,1522.9226,1327.5615,1170.5393,1,on,1,1.5000
1786353687.456403,1,0,hand looks flipped,1045.0000,1053.0000,1104.0000,1257.0000,1140.0000,1850.0000,173.022,171.697,163.116,137.811,73.365,-34.943,1804,1685,1694,1652,1327,1170,69,74,90,67,0,0,1,1,1,1,1,1,6.0177,6.0177,6.0177,6.0177,6.4208,12.3552,1322.3446,1287.2427,1329.2436,1418.1953,1327.5615,1170.5393,1,on,1,1.5000
1786353687.488349,1,0,hand looks flipped,1208.0000,1178.0000,1145.0000,1260.0000,1140.0000,1850.0000,145.970,150.928,156.316,137.216,88.999,-55.681,1790,1664,1669,1628,1327,1170,143,90,82,62,0,0,1,1,1,1,1,1,6.0177,6.0177,6.0177,6.0177,6.4208,12.3552,1273.0121,1244.1630,1253.1300,1364.7961,1327.5615,1170.5393,1,on,1,1.5000
1786353687.519349,0,1,,,,,,,,,,,,,,1776,1650,1654,1613,1327,1170,125,79,92,77,0,0,1,1,1,1,1,1,6.0177,6.0177,6.0177,6.0177,6.4208,12.3552,,,,,,,0,on,1,1.5000
1786353687.565360,1,1,,1850.0000,1838.0000,1840.0000,1850.0000,1363.0000,1850.0000,33.415,41.268,40.961,30.027,34.446,11.538,1737,1619,1627,1585,1327,1170,113,86,75,54,0,0,1,1,1,1,1,1,6.0177,6.0177,6.0177,6.0177,6.4208,12.3552,1482.4420,1485.8890,1480.3600,1543.6039,1327.5615,1583.9654,1,on,1,1.5000
1786353687.588792,1,1,,1850.0000,1830.0000,1850.0000,1850.0000,1375.0000,1736.0000,36.377,42.545,38.890,36.710,28.922,25.047,1718,1606,1612,1574,1327,1170,113,78,68,70,0,0,1,1,1,1,1,0,6.0177,6.0177,6.0177,6.0177,6.4208,12.3552,1614.0873,1608.9632,1615.2054,1644.3501,1327.5615,1636.4354,1,on,1,1.5000
1786353687.616965,1,1,,1850.0000,1835.0000,1844.0000,1850.0000,1369.0000,1701.0000,36.206,41.637,40.286,35.984,33.506,27.944,1698,1594,1599,1557,1327,1170,84,19,24,13,0,60,1,0,0,0,1,0,6.0177,6.0177,6.0177,6.0177,6.4208,12.3552,1711.5290,1701.2485,1709.8797,1722.7671,1337.3743,1656.7384,1,on,1,1.5000
1786353687.651012,1,1,,1850.0000,1821.0000,1816.0000,1834.0000,1375.0000,1710.0000,32.108,43.991,44.831,41.876,31.504,27.189,1681,1594,1599,1554,1327,1180,83,47,40,102,0,102,0,0,0,0,0,0,6.0177,6.0177,6.0177,6.0177,6.4208,12.3552,1766.7749,1747.4317,1750.4280,1763.0359,1337.3743,1656.7384,1,on,1,1.5000
1786353687.687872,1,1,,1850.0000,1776.0000,1791.0000,1786.0000,1375.0000,1687.0000,28.997,51.438,49.072,49.875,32.021,29.054,1663,1599,1609,1577,1327,1218,69,62,56,90,20,105,0,0,0,0,0,0,6.0177,6.0177,6.0177,6.0177,6.4208,12.3552,1794.6774,1747.4317,1762.3147,1763.0359,1337.3743,1656.7384,1,on,1,1.5000
1786353687.714997,1,1,,1850.0000,1727.0000,1731.0000,1744.0000,1375.0000,1594.0000,33.583,59.674,59.055,56.785,32.579,36.575,1672,1612,1621,1597,1327,1242,82,63,56,53,54,74,0,0,0,0,0,0,6.0177,6.0177,6.0177,6.0177,6.4208,12.3552,1807.2667,1747.4317,1762.3147,1763.0359,1348.0016,1656.7384,1,on,1,1.5000
1786353687.750999,1,1,,1836.0000,1681.0000,1664.0000,1715.0000,1350.0000,1559.0000,41.557,67.262,70.203,61.703,36.394,39.395,1698,1631,1640,1623,1330,1270,97,79,76,42,29,96,0,0,0,0,0,0,6.0177,6.0177,6.0177,6.0177,6.4208,12.3552,1807.2667,1747.4317,1753.2564,1763.0359,1348.0016,1656.7384,1,on,1,1.5000
1786353687.783116,1,1,,1830.0000,1639.0000,1617.0000,1669.0000,1375.0000,1590.0000,42.530,74.363,77.934,69.367,29.298,36.864,1723,1652,1660,1646,1335,1302,91,85,87,44,37,84,0,0,0,0,0,0,6.0177,6.0177,6.0177,6.0177,6.4208,12.3552,1807.2667,1733.9958,1728.3316,1753.3595,1348.0016,1656.7384,1,on,1,1.5000
1786353687.815123,1,1,,1732.0000,1587.0000,1578.0000,1621.0000,1375.0000,1618.0000,58.886,82.906,84.428,77.342,22.583,34.633,1754,1677,1685,1668,1338,1329,153,74,77,58,39,87,0,0,0,0,0,0,6.0177,6.0177,6.0177,6.0177,6.4208,12.3552,1807.2667,1699.5829,1690.2985,1725.3763,1348.0016,1656.7384,1,on,1,1.5000
1786353687.850997,1,1,,1717.0000,1515.0000,1522.0000,1552.0000,1375.0000,1715.0000,61.401,94.923,93.660,88.820,25.487,26.805,1780,1697,1706,1690,1342,1358,106,80,75,57,39,78,0,0,1,0,0,0,6.0177,6.0177,6.0177,6.0177,6.4208,12.3552,1797.5140,1641.3879,1637.6176,1673.9576,1348.0016,1656.7384,1,on,1,1.5000
1786353687.888278,1,1,,1521.0000,1369.0000,1349.0000,1477.0000,1375.0000,1658.0000,93.862,119.192,122.509,101.153,27.346,31.393,1792,1699,1718,1704,1344,1382,0,87,0,12,0,91,0,1,1,1,0,0,6.0177,6.0177,6.0177,6.0177,6.4208,12.3552,1702.9943,1532.4348,1519.9076,1605.6314,1348.0016,1656.7384,1,on,1,1.5000
1786353687.915095,1,1,,1424.0000,1276.0000,1245.0000,1302.0000,1375.0000,1850.0000,109.934,134.647,139.771,130.345,23.309,10.291,1792,1686,1718,1708,1344,1403,0,95,95,34,0,79,1,1,1,1,0,0,6.0177,6.0177,6.0177,6.0177,6.4208,12.3552,1600.6405,1434.8616,1411.9081,1489.9267,1348.0016,1690.4336,1,on,1,1.5000
1786353687.950974,1,1,,1346.0000,1204.0000,1151.0000,1208.0000,1375.0000,1850.0000,122.933,146.612,155.366,145.980,16.110,9.159,1792,1664,1694,1695,1345,1426,78,105,87,96,24,98,1,1,1,1,0,0,6.0177,6.0177,6.0177,6.0177,6.4208,12.3552,1488.0717,1333.5979,1292.0891,1359.6972,1358.0652,1739.3224,1,on,1,1.5000
1786353687.983114,1,1,,1299.0000,1162.0000,1136.0000,1197.0000,1375.0000,1703.0000,130.822,153.487,157.915,147.743,15.129,27.790,1775,1639,1663,1668,1346,1449,132,94,80,83,0,94,1,1,1,1,0,0,6.0177,6.0177,6.0177,6.0177,6.4208,12.3552,1412.7255,1267.1095,1230.9202,1295.1120,1358.0652,1739.3224,1,on,1,1.5000
1786353688.015094,1,1,,1256.0000,1127.0000,1117.0000,1194.0000,1375.0000,1850.0000,137.851,159.296,161.061,148.250,13.175,13.312,1748,1617,1638,1641,1347,1476,131,94,88,71,37,103,1,1,1,1,0,0,6.0177,6.0177,6.0177,6.0177,6.4208,12.3552,1354.6085,1217.4177,1191.9740,1260.9982,1358.0652,1758.0675,1,on,1,1.5000
1786353688.051118,1,1,,1199.0000,1083.0000,1098.0000,1182.0000,1375.0000,1723.0000,147.375,166.637,164.116,150.205,16.658,26.134,1722,1597,1613,1614,1351,1505,112,86,77,53,42,86,1,1,1,1,0,0,6.0177,6.0177,6.0177,6.0177,6.4208,12.3552,1297.1079,1170.8009,1162.6866,1237.4638,1358.0652,1758.0675,1,on,1,1.5000
1786353688.083134,1,1,,1174.0000,1058.0000,1086.0000,1172.0000,1375.0000,1521.0000,151.479,170.815,166.135,151.865,20.944,42.494,1708,1582,1601,1604,1353,1521,105,84,82,58,27,94,1,1,1,1,0,0,6.0177,6.0177,6.0177,6.0177,6.4208,12.3552,1258.0004,1137.2162,1143.4486,1222.1581,1358.0652,1702.1571,1,on,1,1.5000
1786353688.115238,1,1,,1165.0000,1064.0000,1091.0000,1175.0000,1375.0000,1538.0000,153.097,169.866,165.264,151.430,25.606,41.098,1682,1562,1580,1578,1354,1545,83,79,85,42,0,105,1,1,1,1,0,0,6.0177,6.0177,6.0177,6.0177,6.4208,12.3552,1231.7461,1118.5371,1132.4965,1213.0305,1358.0652,1655.6237,1,on,1,1.5000
1786353688.151307,1,1,,1125.0000,1052.0000,1087.0000,1166.0000,1375.0000,1662.0000,159.656,171.862,165.951,152.890,28.252,31.057,1659,1545,1560,1562,1354,1571,92,80,75,54,28,106,1,1,1,1,0,0,6.0177,6.0177,6.0177,6.0177,6.4208,12.3552,1201.4305,1102.9231,1132.4965,1213.0305,1358.0652,1655.6237,1,on,1,1.5000
1786353688.186667,1,1,,1117.0000,1044.0000,1087.0000,1162.0000,1375.0000,1626.0000,161.041,173.089,166.002,153.512,31.243,34.022,1638,1528,1544,1546,1355,1599,78,79,84,62,23,85,1,1,1,1,0,0,6.0177,6.0177,6.0177,6.0177,6.4208,12.3552,1180.2006,1091.0828,1118.4082,1198.1087,1358.0652,1655.6237,1,on,1,1.5000
1786353688.215104,1,1,,1130.0000,1065.0000,1101.0000,1178.0000,1362.0000,1721.0000,158.883,169.621,163.696,150.949,34.561,26.307,1620,1510,1526,1529,1356,1623,82,83,76,61,18,96,1,1,1,1,0,0,6.0177,6.0177,6.0177,6.0177,6.4208,12.3552,1170.9130,1091.0828,1118.4082,1198.1087,1358.0652,1655.6237,1,on,1,1.5000
1786353688.251108,1,1,,1185.0000,1105.0000,1130.0000,1208.0000,1311.0000,1772.0000,149.732,163.051,158.793,145.930,42.508,22.193,1603,1493,1509,1511,1357,1642,75,74,79,55,0,27,1,1,1,1,0,0,6.0177,6.0177,6.0177,6.0177,6.4208,12.3552,1170.9130,1091.0828,1118.4082,1198.1087,1358.0652,1655.6237,0,on,1,1.5000
1786353688.283025,1,1,,1294.0000,1237.0000,1246.0000,1320.0000,1304.0000,1600.0000,131.647,141.074,139.606,127.239,43.617,36.110,1591,1483,1498,1499,1357,1643,79,79,87,67,0,36,1,1,1,1,0,0,6.0177,6.0177,6.0177,6.0177,6.4208,12.3552,1185.4870,1111.6936,1135.7664,1213.4322,1358.0652,1655.6237,1,on,1,1.5000
1786353688.315212,1,1,,1406.0000,1407.0000,1464.0000,1564.0000,1348.0000,1719.0000,112.986,112.904,103.402,86.678,36.736,26.472,1572,1464,1481,1482,1357,1649,82,65,80,49,0,26,1,1,1,1,0,0,6.0177,6.0177,6.0177,6.0177,6.4208,12.3552,1246.2749,1212.8226,1253.3855,1342.7221,1358.0652,1675.0359,1,on,1,1.5000
1786353688.351115,1,1,,1688.0000,1579.0000,1637.0000,1685.0000,1375.0000,1716.0000,66.175,84.262,74.563,66.639,18.123,26.675,1555,1450,1463,1465,1357,1650,83,88,80,59,0,27,1,1,1,1,0,0,6.0177,6.0177,6.0177,6.0177,6.4208,12.3552,1453.8795,1381.7473,1435.5690,1500.7810,1358.0652,1675.0359,1,on,1,1.5000
1786353688.383204,1,1,,1773.0000,1688.0000,1690.0000,1759.0000,1375.0000,1750.0000,52.038,66.065,65.750,54.404,25.816,23.964,1538,1432,1447,1449,1357,1653,78,81,73,0,0,37,1,1,1,0,0,0,6.0177,6.0177,6.0177,6.0177,6.4208,12.3552,1604.2235,1523.1461,1549.3386,1614.8361,1358.0652,1675.0359,1,on,1,1.5000
1786353688.415183,1,1,,1821.0000,1791.0000,1783.0000,1832.0000,1375.0000,1758.0000,44.088,49.014,50.292,42.183,26.419,23.286,1522,1416,1443,1450,1357,1656,90,77,0,74,0,34,0,0,0,0,0,0,6.0177,6.0177,6.0177,6.0177,6.4208,12.3552,1700.5758,1646.4750,1651.6155,1707.5934,1358.0652,1699.6510,1,on,1,1.5000
1786353688.451024,1,1,,1820.0000,1815.0000,1806.0000,1818.0000,1375.0000,1775.0000,44.196,45.068,46.543,44.613,30.269,21.932,1513,1408,1443,1472,1357,1660,54,62,39,75,0,0,0,0,0,0,0,0,6.0177,6.0177,6.0177,6.0177,6.4208,12.3552,1747.8363,1719.2142,1714.8740,1749.3963,1358.0652,1699.6510,1,on,1,1.5000
1786353688.483269,1,1,,1823.0000,1826.0000,1826.0000,1821.0000,1371.0000,1732.0000,43.786,43.151,43.272,44.070,33.215,25.414,1519,1415,1445,1489,1357,1662,90,84,74,69,0,58,0,0,0,0,0,0,6.0177,6.0177,6.0177,6.0177,6.4208,12.3552,1770.6464,1756.3006,1752.2009,1770.1467,1358.0652,1699.6510,1,on,1,1.5000
1786353688.515231,1,1,,1824.0000,1838.0000,1847.0000,1820.0000,1360.0000,1737.0000,43.470,41.130,39.765,44.138,34.930,24.996,1542,1439,1468,1512,1357,1676,96,82,76,51,0,36,0,0,0,0,0,0,6.0177,6.0177,6.0177,6.0177,6.4208,12.3552,1783.5385,1780.1097,1780.0115,1781.6078,1358.0652,1699.6510,1,on,1,1.5000
1786353688.551375,1,1,,1818.0000,1850.0000,1850.0000,1833.0000,1361.0000,1658.0000,44.584,37.828,37.180,42.005,34.757,31.424,1569,1460,1489,1533,1357,1682,89,60,71,67,0,27,0,0,0,0,0,0,6.0177,6.0177,6.0177,6.0177,6.4208,12.3552,1783.5385,1798.3680,1798.3886,1792.1851,1358.0652,1699.6510,1,on,1,1.5000
1786353688.583287,1,1,,1840.0000,1850.0000,1850.0000,1838.0000,1368.0000,1543.0000,40.817,38.268,36.332,41.153,33.564,40.682,1593,1485,1510,1554,1357,1684,82,72,65,53,0,0,0,0,0,0,0,0,6.0177,6.0177,6.0177,6.0177,6.4208,12.3552,1798.4164,1808.6916,1808.7467,1792.1851,1358.0652,1679.5072,1,on,1,1.5000
1786353688.615273,1,1,,1850.0000,1850.0000,1850.0000,1850.0000,1375.0000,1167.0000,33.660,34.524,35.693,36.010,29.829,71.123,1616,1505,1529,1573,1357,1687,77,74,66,39,0,47,0,0,0,0,0,1,6.0177,6.0177,6.0177,6.0177,6.4208,12.3552,1798.4164,1808.6916,1808.7467,1807.4816,1358.0652,1441.1144,1,on,1,1.5000
1786353688.656516,1,1,,1809.0000,1850.0000,1775.0000,1850.0000,1352.0000,1081.0000,46.040,35.656,51.687,32.707,36.027,78.133,1637,1525,1550,1592,1357,1688,75,65,63,51,0,0,0,0,0,0,0,1,6.0177,6.0177,6.0177,6.0177,6.4208,12.3552,1798.4164,1821.0755,1808.7467,1807.4816,1358.0652,1249.8269,1,on,1,1.5000
1786353688.688851,1,1,,1827.0000,1850.0000,1767.0000,1850.0000,1242.0000,973.0000,43.109,33.687,53.009,34.036,53.165,86.839,1659,1544,1567,1609,1357,1688,69,63,73,63,0,59,0,0,0,0,0,1,6.0177,6.0177,6.0177,6.0177,6.4208,12.3552,1808.3876,1821.0755,1808.7467,1818.6066,1341.8057,1119.8959,1,on,1,1.5000
1786353688.715408,1,1,,1808.0000,1850.0000,1753.0000,1850.0000,1208.0000,916.0000,46.200,33.315,55.394,32.318,58.582,91.468,1672,1556,1579,1624,1357,1687,71,67,56,45,0,114,0,0,0,0,1,1,6.0177,6.0177,6.0177,6.0177,6.4208,12.3552,1808.3876,1821.0755,1808.7467,1818.6066,1314.6390,1036.2637,1,on,1,1.5000
1786353688.751100,1,1,,1795.0000,1850.0000,1750.0000,1850.0000,1179.0000,917.0000,48.401,34.209,55.789,34.035,63.064,91.369,1692,1576,1598,1643,1357,1650,59,57,62,39,17,104,0,0,0,0,1,1,6.0177,6.0177,6.0177,6.0177,6.4208,12.3552,1808.3876,1821.0755,1797.8857,1818.6066,1276.7729,988.1958,1,on,1,1.5000
1786353688.783826,1,1,,1793.0000,1850.0000,1749.0000,1850.0000,1181.0000,1012.0000,48.610,36.963,55.960,33.144,62.659,83.678,1708,1592,1617,1660,1356,1613,86,63,64,53,58,98,0,0,0,0,1,1,6.0177,6.0177,6.0177,6.0177,6.4208,12.3552,1808.3876,1830.6702,1797.8857,1818.6066,1252.7256,988.1958,1,on,1,1.5000
1786353688.815212,1,1,,1803.0000,1850.0000,1754.0000,1850.0000,1140.0000,1054.0000,47.026,37.412,55.226,36.742,69.806,80.300,1729,1610,1636,1678,1353,1581,81,62,56,39,74,92,0,0,0,0,1,1,6.0177,6.0177,6.0177,6.0177,6.4208,12.3552,1808.3876,1830.6702,1786.8071,1829.1427,1224.1068,988.1958,1,on,1,1.5000
1786353688.851079,1,1,,1817.0000,1850.0000,1761.0000,1850.0000,1149.0000,1062.0000,44.644,36.479,54.018,37.058,67.784,79.647,1751,1629,1655,1699,1347,1548,125,63,58,51,73,72,0,0,0,0,1,1,6.0177,6.0177,6.0177,6.0177,6.4208,12.3552,1808.3876,1830.6702,1786.8071,1829.1427,1205.8259,988.1958,1,on,1,1.5000
1786353688.883180,1,1,,1817.0000,1850.0000,1769.0000,1850.0000,1145.0000,1080.0000,44.633,36.522,52.623,37.045,68.349,78.212,1771,1648,1675,1716,1344,1523,104,59,55,70,73,76,0,0,0,0,1,1,6.0177,6.0177,6.0177,6.0177,6.4208,12.3552,1808.3876,1830.6702,1786.8071,1829.1427,1193.6923,1011.9236,1,on,1,1.5000
1786353688.915427,1,1,,1821.0000,1850.0000,1768.0000,1850.0000,1140.0000,1113.0000,44.117,36.572,52.904,37.883,72.266,75.489,1784,1660,1686,1733,1341,1505,0,61,69,55,66,75,0,0,0,0,1,1,6.0177,6.0177,6.0177,6.0177,6.4208,12.3552,1808.3876,1830.6702,1786.8071,1829.1427,1193.6923,1030.5514,1,on,1,1.5000
1786353688.956376,1,1,,1822.0000,1850.0000,1761.0000,1846.0000,1140.0000,1102.0000,43.918,36.808,53.935,39.937,71.781,76.373,1792,1686,1712,1759,1335,1469,35,61,71,78,60,88,0,0,0,0,1,1,6.0177,6.0177,6.0177,6.0177,6.4208,12.3552,1808.3876,1830.6702,1786.8071,1829.1427,1176.3214,1030.5514,1,on,1,1.5000
1786353688.983212,1,1,,1826.0000,1850.0000,1767.0000,1850.0000,1140.0000,1125.0000,43.132,36.026,52.927,37.445,72.472,74.520,1795,1699,1725,1771,1332,1451,32,63,70,0,49,77,0,0,0,0,1,1,6.0177,6.0177,6.0177,6.0177,6.4208,12.3552,1808.3876,1830.6702,1786.8071,1829.1427,1176.3214,1059.0077,1,on,1,1.5000
1786353689.015173,1,1,,1828.0000,1850.0000,1768.0000,1850.0000,1144.0000,1111.0000,42.922,36.837,52.906,37.270,68.503,75.691,1796,1719,1744,1771,1328,1430,0,62,82,13,45,91,0,0,0,0,1,1,6.0177,6.0177,6.0177,6.0177,6.4208,12.3552,1808.3876,1830.6702,1786.8071,1829.1427,1176.3214,1059.0077,0,on,1,1.5000
1786353689.051228,1,1,,1841.0000,1850.0000,1771.0000,1850.0000,1140.0000,1150.0000,40.680,35.929,52.300,38.588,71.201,72.521,1796,1739,1769,1771,1325,1403,30,72,67,0,37,89,0,0,0,0,1,1,6.0177,6.0177,6.0177,6.0177,6.4208,12.3552,1808.3876,1830.6702,1786.8071,1829.1427,1165.5727,1084.7417,1,on,1,1.5000
1786353689.083159,1,1,,1841.0000,1850.0000,1766.0000,1850.0000,1140.0000,1115.0000,40.682,36.769,53.199,36.063,71.152,75.350,1798,1749,1776,1771,1323,1382,35,75,16,67,42,91,0,0,0,0,1,1,6.0177,6.0177,6.0177,6.0177,6.4208,12.3552,1808.3876,1830.6702,1786.8071,1829.1427,1165.5727,1084.7417,0,on,1,1.5000
1786353689.115220,1,1,,1842.0000,1850.0000,1776.0000,1850.0000,1140.0000,1138.0000,40.606,35.538,51.437,34.679,72.618,73.452,1800,1773,1779,1774,1320,1358,39,0,26,9,36,90,0,0,0,0,1,1,6.0177,6.0177,6.0177,6.0177,6.4208,12.3552,1817.5845,1830.6702,1786.8071,1829.1427,1165.5727,1084.7417,1,on,1,1.5000
1786353689.151004,1,1,,1839.0000,1850.0000,1775.0000,1850.0000,1140.0000,1117.0000,41.046,34.625,51.643,36.581,72.535,75.210,1802,1774,1782,1774,1317,1333,24,51,20,33,37,87,0,0,0,0,1,1,6.0177,6.0177,6.0177,6.0177,6.4208,12.3552,1817.5845,1839.8297,1777.7164,1838.6070,1165.5727,1084.7417,1,on,1,1.5000
1786353689.183136,1,1,,1849.0000,1850.0000,1776.0000,1850.0000,1140.0000,1145.0000,39.459,33.617,51.519,35.239,75.304,72.947,1802,1778,1784,1777,1314,1307,25,0,0,56,43,93,0,0,1,0,1,1,6.0177,6.0177,6.0177,6.0177,6.4208,12.3552,1817.5845,1839.8297,1777.7164,1838.6070,1165.5727,1104.2546,1,on,1,1.5000
1786353689.215136,1,1,,1847.0000,1850.0000,1759.0000,1850.0000,1140.0000,1158.0000,39.690,34.245,54.289,37.828,77.595,71.887,1802,1778,1784,1779,1311,1282,30,41,0,18,47,100,0,0,1,0,1,1,6.0177,6.0177,6.0177,6.0177,6.4208,12.3552,1817.5845,1839.8297,1777.7164,1838.6070,1165.5727,1104.2546,0,on,1,1.5000
1786353689.251140,1,1,,1841.0000,1850.0000,1767.0000,1850.0000,1140.0000,1150.0000,40.676,32.879,53.060,36.508,77.103,72.499,1802,1782,1784,1779,1307,1256,33,46,12,23,32,100,0,0,1,0,1,1,6.0177,6.0177,6.0177,6.0177,6.4208,12.3552,1817.5845,1839.8297,1777.7164,1838.6070,1155.6594,1104.2546,1,on,1,1.5000
1786353689.283263,1,1,,1846.0000,1850.0000,1766.0000,1850.0000,1140.0000,1176.0000,39.895,32.743,53.136,36.214,75.678,70.372,1802,1783,1784,1779,1305,1228,33,23,19,26,43,101,0,0,1,0,1,1,6.0177,6.0177,6.0177,6.0177,6.4208,12.3552,1826.6646,1839.8297,1777.7164,1838.6070,1155.6594,1125.0004,1,on,1,1.5000
1786353689.315211,1,1,,1843.0000,1850.0000,1770.0000,1850.0000,1140.0000,1151.0000,40.391,32.555,52.548,35.516,73.661,72.471,1803,1783,1784,1779,1303,1213,30,24,26,35,44,94,0,0,1,0,1,1,6.0177,6.0177,6.0177,6.0177,6.4208,12.3552,1826.6646,1839.8297,1777.7164,1838.6070,1155.6594,1125.0004,0,on,1,1.5000
1786353689.356405,1,1,,1850.0000,1850.0000,1768.0000,1850.0000,1140.0000,1173.0000,39.224,33.046,52.769,36.534,76.652,70.646,1805,1783,1781,1779,1298,1180,0,31,23,46,41,111,1,0,1,0,1,1,6.0177,6.0177,6.0177,6.0177,6.4208,12.3552,1826.6646,1839.8297,1777.7164,1838.6070,1155.6594,1125.0004,0,on,1,1.5000
1786353689.388480,1,1,,1845.0000,1850.0000,1768.0000,1850.0000,1140.0000,1208.0000,40.068,34.922,52.805,37.697,72.690,67.828,1804,1783,1781,1779,1296,1160,0,32,20,41,44,97,1,0,1,0,1,1,6.0177,6.0177,6.0177,6.0177,6.4208,12.3552,1826.6646,1839.8297,1777.7164,1838.6070,1155.6594,1145.3967,1,on,1,1.5000
1786353689.415213,1,1,,1846.0000,1850.0000,1773.0000,1850.0000,1140.0000,1211.0000,39.892,36.043,52.046,37.782,71.548,67.580,1804,1783,1781,1780,1292,1138,0,39,21,35,36,0,1,0,1,0,1,0,6.0177,6.0177,6.0177,6.0177,6.4208,12.3552,1826.6646,1839.8297,1777.7164,1838.6070,1155.6594,1145.3967,0,on,1,1.5000
1786353689.455902,1,1,,1825.0000,1850.0000,1782.0000,1850.0000,1140.0000,1243.0000,43.441,37.346,50.436,35.647,69.978,64.979,1804,1784,1781,1780,1290,1138,0,41,0,40,42,0,1,0,1,0,1,0,6.0177,6.0177,6.0177,6.0177,6.4208,12.3552,1826.6646,1839.8297,1777.7164,1838.6070,1155.6594,1174.2348,1,on,1,1.5000
1786353689.483197,1,1,,1831.0000,1850.0000,1797.0000,1850.0000,1140.0000,1346.0000,42.434,36.719,48.060,34.908,73.379,56.640,1804,1785,1781,1780,1286,1138,0,39,0,47,40,13,1,0,1,0,1,0,6.0177,6.0177,6.0177,6.0177,6.4208,12.3552,1826.6646,1839.8297,1777.7164,1838.6070,1155.6594,1217.1874,1,on,1,1.5000
1786353689.515237,1,1,,1838.0000,1850.0000,1804.0000,1850.0000,1163.0000,1352.0000,41.151,37.037,46.847,35.752,65.604,56.174,1804,1785,1781,1782,1284,1138,0,45,0,0,39,71,1,0,1,1,1,0,6.0177,6.0177,6.0177,6.0177,6.4208,12.3552,1826.6646,1839.8297,1777.7164,1838.6070,1155.6594,1256.4038,1,on,1,1.5000
1786353689.553578,1,1,,1850.0000,1850.0000,1813.0000,1850.0000,1186.0000,1416.0000,35.884,34.082,45.346,38.455,61.909,50.993,1804,1785,1781,1782,1282,1158,0,56,0,0,42,75,1,0,1,1,1,0,6.0177,6.0177,6.0177,6.0177,6.4208,12.3552,1826.6646,1839.8297,1777.7164,1838.6070,1155.6594,1309.7414,1,on,1,1.5000
1786353689.583204,1,1,,1850.0000,1850.0000,1838.0000,1850.0000,1238.0000,1421.0000,32.139,33.477,41.252,37.296,53.794,50.561,1804,1786,1781,1782,1278,1193,0,46,0,0,46,86,1,0,1,1,1,0,6.0177,6.0177,6.0177,6.0177,6.4208,12.3552,1826.6646,1839.8297,1787.4033,1838.6070,1155.6594,1340.1123,1,on,1,1.5000
1786353689.615220,1,1,,1850.0000,1850.0000,1840.0000,1850.0000,1274.0000,1440.0000,27.874,35.393,40.882,36.374,48.279,49.012,1804,1787,1781,1782,1275,1226,0,0,0,0,48,86,1,1,0,1,1,0,6.0177,6.0177,6.0177,6.0177,6.4208,12.3552,1826.6646,1839.8297,1787.4033,1838.6070,1185.6225,1367.0493,1,on,1,1.5000
1786353689.651201,1,1,,1850.0000,1850.0000,1843.0000,1850.0000,1294.0000,1466.0000,28.925,36.905,40.365,35.435,45.066,46.939,1804,1787,1781,1781,1271,1257,0,0,11,0,34,75,1,1,0,1,1,0,6.0177,6.0177,6.0177,6.0177,6.4208,12.3552,1826.6646,1839.8297,1801.3845,1838.6070,1211.4187,1393.8211,1,on,1,1.5000
1786353689.683162,1,1,,1850.0000,1850.0000,1839.0000,1848.0000,1295.0000,1451.0000,25.937,38.369,40.966,39.557,44.975,48.147,1804,1787,1781,1782,1269,1273,0,0,24,0,36,80,1,1,0,1,1,0,6.0177,6.0177,6.0177,6.0177,6.4208,12.3552,1826.6646,1839.8297,1801.3845,1838.6070,1229.4617,1393.8211,1,on,1,1.5000
1786353689.715410,1,1,,1850.0000,1844.0000,1837.0000,1844.0000,1298.0000,1456.0000,25.696,40.160,41.363,40.235,44.494,47.713,1804,1787,1782,1782,1266,1303,0,0,26,0,46,75,1,1,0,1,1,0,6.0177,6.0177,6.0177,6.0177,6.4208,12.3552,1836.4417,1839.8297,1801.3845,1838.6070,1243.3597,1415.0480,1,on,1,1.5000
1786353689.751223,1,1,,1850.0000,1831.0000,1836.0000,1838.0000,1292.0000,1476.0000,22.909,42.357,41.610,41.232,45.446,46.170,1804,1787,1787,1781,1263,1328,0,0,0,0,41,79,1,1,0,1,1,0,6.0177,6.0177,6.0177,6.0177,6.4208,12.3552,1836.4417,1839.8297,1812.2857,1838.6070,1243.3597,1415.0480,1,on,1,1.5000
1786353689.783183,1,1,,1850.0000,1833.0000,1833.0000,1840.0000,1291.0000,1478.0000,23.971,42.059,42.007,40.891,45.618,45.929,1804,1787,1789,1782,1260,1353,0,0,0,0,51,85,1,1,1,1,1,0,6.0177,6.0177,6.0177,6.0177,6.4208,12.3552,1836.4417,1839.8297,1812.2857,1838.6070,1257.9730,1434.5393,1,on,1,1.5000
1786353689.815200,1,1,,1850.0000,1840.0000,1833.0000,1836.0000,1294.0000,1461.0000,25.050,40.865,41.966,41.590,45.089,47.353,1804,1787,1789,1782,1256,1378,0,0,0,0,45,97,1,1,1,1,0,0,6.0177,6.0177,6.0177,6.0177,6.4208,12.3552,1836.4417,1839.8297,1812.2857,1838.6070,1257.9730,1434.5393,0,on,1,1.5000
1786353689.851213,1,1,,1850.0000,1842.0000,1830.0000,1819.0000,1287.0000,1432.0000,24.977,40.558,42.470,44.446,46.161,49.654,1804,1787,1789,1782,1255,1408,0,0,0,0,20,81,1,1,1,1,0,0,6.0177,6.0177,6.0177,6.0177,6.4208,12.3552,1836.4417,1839.8297,1812.2857,1838.6070,1257.9730,1434.5393,0,on,1,1.5000
1786353689.883217,1,1,,1850.0000,1832.0000,1827.0000,1811.0000,1283.0000,1441.0000,21.051,42.279,43.051,45.662,46.840,48.952,1804,1787,1789,1782,1255,1419,0,0,0,0,21,16,1,1,1,1,0,0,6.0177,6.0177,6.0177,6.0177,6.4208,12.3552,1836.4417,1839.8297,1812.2857,1838.6070,1257.9730,1434.5393,0,on,1,1.5000
1786353689.915226,1,1,,1850.0000,1830.0000,1829.0000,1813.0000,1319.0000,1422.0000,21.843,42.476,42.649,45.394,41.205,50.531,1805,1787,1789,1782,1255,1422,0,0,0,0,19,35,1,1,1,1,0,0,6.0177,6.0177,6.0177,6.0177,6.4208,12.3552,1836.4417,1839.8297,1812.2857,1838.6070,1272.9027,1434.5393,1,on,1,1.5000
1786353689.951169,1,1,,1850.0000,1826.0000,1823.0000,1793.0000,1327.0000,1405.0000,18.934,43.127,43.739,48.673,39.925,51.839,1804,1787,1789,1782,1254,1427,0,0,0,0,0,24,1,1,1,1,0,0,6.0177,6.0177,6.0177,6.0177,6.4208,12.3552,1836.4417,1839.8297,1812.2857,1838.6070,1272.9027,1434.5393,0,on,1,1.5000
1786353689.983181,1,1,,1850.0000,1813.0000,1812.0000,1761.0000,1327.0000,1355.0000,20.378,45.341,45.496,53.935,40.010,55.927,1804,1787,1789,1782,1254,1429,0,0,0,0,0,24,1,1,1,1,0,0,6.0177,6.0177,6.0177,6.0177,6.4208,12.3552,1836.4417,1839.8297,1812.2857,1822.7465,1286.5102,1434.5393,1,on,1,1.5000
1786353690.015182,1,1,,1850.0000,1779.0000,1781.0000,1720.0000,1318.0000,1341.0000,23.054,50.965,50.633,60.888,41.451,57.017,1804,1787,1789,1782,1254,1430,0,0,0,0,46,21,1,1,1,1,0,0,6.0177,6.0177,6.0177,6.0177,6.4208,12.3552,1836.4417,1839.8297,1812.2857,1802.8597,1286.5102,1411.0451,1,on,1,1.5000
1786353690.051189,1,1,,1850.0000,1794.0000,1779.0000,1682.0000,1320.0000,1299.0000,20.588,48.491,51.069,67.181,41.077,60.420,1804,1787,1789,1782,1258,1431,0,0,0,0,62,20,1,1,1,1,0,1,6.0177,6.0177,6.0177,6.0177,6.4208,12.3552,1836.4417,1828.0861,1812.2857,1773.0422,1286.5102,1385.6529,1,on,1,1.5000
1786353690.083157,1,1,,1850.0000,1813.0000,1783.0000,1651.0000,1335.0000,1345.0000,18.483,45.363,50.299,72.342,38.803,56.726,1804,1787,1789,1782,1261,1431,0,0,0,0,63,24,1,1,1,1,0,1,6.0177,6.0177,6.0177,6.0177,6.4208,12.3552,1836.4417,1828.0861,1812.2857,1742.3137,1298.1611,1385.6529,1,on,1,1.5000
1786353690.115180,1,1,,1850.0000,1847.0000,1786.0000,1626.0000,1335.0000,1393.0000,23.060,39.744,49.879,76.406,38.715,52.881,1804,1787,1789,1782,1267,1431,0,0,0,0,56,84,1,1,1,1,0,1,6.0177,6.0177,6.0177,6.0177,6.4208,12.3552,1836.4417,1828.0861,1812.2857,1711.8905,1298.1611,1385.6529,1,on,1,1.5000
1786353690.151183,1,1,,1850.0000,1850.0000,1786.0000,1590.0000,1309.0000,1363.0000,24.328,37.809,49.841,82.420,42.751,55.298,1804,1787,1789,1782,1272,1417,0,0,0,140,44,58,1,1,1,1,0,1,6.0177,6.0177,6.0177,6.0177,6.4208,12.3552,1836.4417,1828.0861,1812.2857,1677.2932,1298.1611,1385.6529,1,on,1,1.5000
1786353690.183187,1,1,,1850.0000,1850.0000,1784.0000,1572.0000,1305.0000,1308.0000,26.335,37.352,50.148,85.336,43.397,59.707,1804,1787,1789,1757,1276,1401,0,0,0,102,37,0,1,1,1,1,0,1,6.0177,6.0177,6.0177,6.0177,6.4208,12.3552,1836.4417,1828.0861,1812.2857,1650.1571,1298.1611,1385.6529,1,on,1,1.5000
1786353690.215178,1,1,,1850.0000,1850.0000,1762.0000,1544.0000,1305.0000,1323.0000,23.137,39.132,53.816,90.054,43.459,58.481,1804,1787,1789,1731,1279,1396,0,0,0,91,35,31,1,1,1,1,0,1,6.0177,6.0177,6.0177,6.0177,6.4208,12.3552,1836.4417,1828.0861,1800.4446,1622.8977,1298.1611,1363.4374,1,on,1,1.5000
1786353690.251161,1,1,,1850.0000,1850.0000,1754.0000,1537.0000,1309.0000,1368.0000,23.128,39.228,55.144,91.203,42.772,54.863,1804,1787,1789,1704,1282,1389,0,0,0,78,35,17,1,1,1,1,0,1,6.0177,6.0177,6.0177,6.0177,6.4208,12.3552,1836.4417,1828.0861,1800.4446,1601.2190,1298.1611,1363.4374,1,on,1,1.5000
1786353690.283191,1,1,,1850.0000,1850.0000,1762.0000,1542.0000,1326.0000,1295.0000,23.872,37.136,53.833,90.342,40.211,60.779,1804,1787,1789,1689,1285,1388,0,0,0,81,31,34,1,1,1,1,0,1,6.0177,6.0177,6.0177,6.0177,6.4208,12.3552,1836.4417,1828.0861,1791.2942,1589.2262,1298.1611,1363.4374,1,on,1,1.5000
1786353690.315163,1,1,,1850.0000,1850.0000,1760.0000,1535.0000,1323.0000,1267.0000,20.952,37.657,54.227,91.555,40.563,63.047,1804,1787,1789,1665,1288,1382,0,0,0,62,25,19,1,1,1,1,0,1,6.0177,6.0177,6.0177,6.0177,6.4208,12.3552,1836.4417,1828.0861,1791.2942,1579.4143,1298.1611,1339.9786,1,on,1,1.5000
1786353690.351189,1,1,,1850.0000,1850.0000,1759.0000,1532.0000,1322.0000,1307.0000,24.269,38.880,54.357,92.024,40.793,59.797,1804,1787,1789,1645,1291,1378,0,0,0,71,30,0,1,1,1,1,0,1,6.0177,6.0177,6.0177,6.0177,6.4208,12.3552,1836.4417,1828.0861,1791.2942,1579.4143,1298.1611,1339.9786,0,on,1,1.5000
1786353690.383235,1,1,,1850.0000,1846.0000,1758.0000,1526.0000,1326.0000,1308.0000,22.850,39.824,54.497,93.100,40.112,59.768,1804,1787,1789,1626,1294,1371,0,0,0,74,0,50,1,1,1,1,0,1,6.0177,6.0177,6.0177,6.0177,6.4208,12.3552,1836.4417,1828.0861,1791.2942,1564.7135,1298.1611,1339.9786,1,on,1,1.5000
1786353690.415197,1,1,,1850.0000,1850.0000,1762.0000,1525.0000,1322.0000,1319.0000,22.483,37.777,53.847,93.146,40.708,58.854,1804,1787,1789,1612,1295,1362,0,0,0,76,0,28,1,1,1,1,0,1,6.0177,6.0177,6.0177,6.0177,6.4208,12.3552,1836.4417,1828.0861,1780.9311,1564.7135,1308.4560,1339.9786,1,on,1,1.5000
1786353690.451210,1,1,,1850.0000,1850.0000,1762.0000,1532.0000,1324.0000,1329.0000,23.890,38.931,53.775,92.054,40.470,58.049,1804,1787,1789,1587,1295,1356,0,0,0,57,19,0,1,1,1,1,0,1,6.0177,6.0177,6.0177,6.0177,6.4208,12.3552,1836.4417,1828.0861,1780.9311,1564.7135,1308.4560,1339.9786,0,on,1,1.5000
1786353690.483218,1,1,,1850.0000,1850.0000,1763.0000,1532.0000,1323.0000,1336.0000,24.500,38.061,53.654,92.132,40.568,57.494,1805,1787,1789,1576,1297,1354,0,0,0,0,38,40,1,1,1,1,0,1,6.0177,6.0177,6.0177,6.0177,6.4208,12.3552,1836.4417,1837.6043,1780.9311,1553.7947,1308.4560,1339.9786,1,on,1,1.5000
1786353690.515435,1,1,,1850.0000,1850.0000,1764.0000,1512.0000,1333.0000,1311.0000,24.191,38.333,53.584,95.346,39.098,59.445,1804,1787,1789,1571,1300,1348,0,0,0,0,37,28,1,1,1,1,0,1,6.0177,6.0177,6.0177,6.0177,6.4208,12.3552,1836.4417,1837.6043,1780.9311,1553.7947,1308.4560,1339.9786,0,on,1,1.5000
1786353690.551171,1,1,,1850.0000,1850.0000,1757.0000,1521.0000,1331.0000,1320.0000,23.208,39.245,54.622,93.873,39.440,58.742,1804,1787,1789,1567,1304,1344,0,0,0,14,18,24,1,1,1,1,0,1,6.0177,6.0177,6.0177,6.0177,6.4208,12.3552,1836.4417,1837.6043,1780.9311,1553.7947,1308.4560,1339.9786,0,on,1,1.5000
1786353690.583215,1,1,,1850.0000,1848.0000,1753.0000,1522.0000,1325.0000,1311.0000,21.841,39.551,55.261,93.795,40.274,59.457,1804,1787,1789,1566,1304,1342,0,0,0,8,10,17,1,1,1,1,0,1,6.0177,6.0177,6.0177,6.0177,6.4208,12.3552,1836.4417,1837.6043,1780.9311,1544.0949,1308.4560,1339.9786,1,on,1,1.5000
1786353690.615193,1,1,,1850.0000,1845.0000,1751.0000,1526.0000,1314.0000,1305.0000,22.185,40.076,55.686,93.064,42.007,59.958,1804,1787,1789,1565,1305,1342,0,0,17,27,15,17,1,1,1,1,0,1,6.0177,6.0177,6.0177,6.0177,6.4208,12.3552,1836.4417,1837.6043,1780.9311,1544.0949,1308.4560,1339.9786,0,on,1,1.5000
1786353690.651203,1,1,,1850.0000,1850.0000,1761.0000,1542.0000,1309.0000,1314.0000,24.116,38.072,54.010,90.444,42.809,59.216,1804,1787,1789,1556,1306,1342,0,0,0,21,13,20,1,1,1,1,0,1,6.0177,6.0177,6.0177,6.0177,6.4208,12.3552,1836.4417,1837.6043,1780.9311,1544.0949,1308.4560,1339.9786,0,on,1,1.5000
1786353690.683216,1,1,,1850.0000,1850.0000,1762.0000,1538.0000,1316.0000,1302.0000,24.632,38.650,53.848,91.052,41.741,60.186,1804,1787,1789,1552,1308,1342,0,0,0,0,0,19,1,1,1,1,1,1,6.0177,6.0177,6.0177,6.0177,6.4208,12.3552,1836.4417,1837.6043,1771.5665,1544.0949,1308.4560,1339.9786,1,on,1,1.5000
1786353690.715200,1,1,,1850.0000,1850.0000,1768.0000,1542.0000,1311.0000,1265.0000,27.837,36.687,52.804,90.322,42.544,63.233,1804,1787,1789,1549,1308,1341,0,0,22,26,0,20,1,1,1,1,1,1,6.0177,6.0177,6.0177,6.0177,6.4208,12.3552,1836.4417,1837.6043,1771.5665,1544.0949,1308.4560,1317.9267,1,on,1,1.5000
1786353690.751194,1,1,,1850.0000,1850.0000,1769.0000,1554.0000,1304.0000,1265.0000,29.986,36.022,52.724,88.448,43.617,63.181,1804,1787,1782,1546,1308,1341,0,0,47,0,0,19,1,1,1,1,1,1,6.0177,6.0177,6.0177,6.0177,6.4208,12.3552,1845.4965,1837.6043,1771.5665,1544.0949,1308.4560,1317.9267,1,on,1,1.5000
1786353690.783180,1,1,,1850.0000,1850.0000,1780.0000,1551.0000,1317.0000,1292.0000,31.831,36.966,50.918,88.902,41.499,61.041,1804,1787,1779,1546,1308,1339,0,0,22,0,0,26,1,1,1,1,1,1,6.0177,6.0177,6.0177,6.0177,6.4208,12.3552,1845.4965,1837.6043,1771.5665,1544.0949,1308.4560,1317.9267,0,on,1,1.5000
1786353690.815234,1,1,,1850.0000,1850.0000,1780.0000,1588.0000,1321.0000,1283.0000,32.665,37.313,50.930,82.722,40.978,61.737,1804,1787,1779,1546,1308,1337,0,0,26,0,0,22,1,1,1,1,1,1,6.0177,6.0177,6.0177,6.0177,6.4208,12.3552,1845.4965,1837.6043,1771.5665,1544.0949,1308.4560,1317.9267,0,on,1,1.5000
1786353690.851171,1,1,,1850.0000,1850.0000,1780.0000,1590.0000,1319.0000,1256.0000,35.055,37.245,50.813,82.473,41.245,63.974,1804,1787,1779,1546,1308,1336,0,0,27,10,0,20,1,1,1,1,1,1,6.0177,6.0177,6.0177,6.0177,6.4208,12.3552,1845.4965,1837.6043,1771.5665,1544.0949,1308.4560,1317.9267,0,on,1,1.5000
1786353690.883222,1,1,,1850.0000,1850.0000,1777.0000,1596.0000,1327.0000,1209.0000,37.141,39.299,51.394,81.361,39.951,67.709,1804,1787,1777,1543,1308,1335,0,0,27,0,0,22,1,1,1,1,1,1,6.0177,6.0177,6.0177,6.0177,6.4208,12.3552,1845.4965,1837.6043,1771.5665,1555.9918,1308.4560,1284.9322,1,on,1,1.5000
1786353690.915213,1,1,,1850.0000,1850.0000,1779.0000,1601.0000,1333.0000,1167.0000,38.827,38.973,51.038,80.609,38.999,71.161,1804,1787,1776,1542,1308,1334,0,0,25,0,0,21,1,1,1,0,1,1,6.0177,6.0177,6.0177,6.0177,6.4208,12.3552,1845.4965,1837.6043,1771.5665,1555.9918,1308.4560,1259.0512,1,on,1,1.5000
1786353690.951198,1,1,,1847.0000,1840.0000,1775.0000,1596.0000,1345.0000,1153.0000,39.636,40.817,51.599,81.469,37.234,72.281,1804,1787,1776,1542,1308,1325,0,0,24,0,0,110,1,1,1,0,1,1,6.0177,6.0177,6.0177,6.0177,6.4208,12.3552,1845.4965,1837.6043,1771.5665,1565.6223,1308.4560,1232.7580,1,on,1,1.5000
1786353690.983211,1,1,,1850.0000,1818.0000,1764.0000,1576.0000,1342.0000,1192.0000,34.509,44.606,53.520,84.804,37.716,69.102,1804,1787,1776,1542,1308,1299,0,0,24,0,0,113,1,1,1,0,1,1,6.0177,6.0177,6.0177,6.0177,6.4208,12.3552,1845.4965,1837.6043,1771.5665,1565.6223,1319.0111,1232.7580,1,on,1,1.5000
1786353691.015168,1,1,,1850.0000,1828.0000,1763.0000,1560.0000,1335.0000,1221.0000,31.113,42.875,53.649,87.403,38.680,66.773,1804,1787,1774,1542,1308,1281,0,0,20,40,0,99,1,1,1,0,0,1,6.0177,6.0177,6.0177,6.0177,6.4208,12.3552,1845.4965,1837.6043,1771.5665,1565.6223,1319.0111,1232.7580,0,on,1,1.5000
1786353691.051178,1,1,,1850.0000,1819.0000,1752.0000,1582.0000,1326.0000,1213.0000,31.269,44.412,55.562,83.802,40.117,67.384,1804,1787,1774,1549,1308,1252,0,0,20,13,23,20,1,1,1,0,0,1,6.0177,6.0177,6.0177,6.0177,6.4208,12.3552,1845.4965,1837.6043,1771.5665,1565.6223,1319.0111,1232.7580,0,on,1,1.5000
1786353691.083200,1,1,,1850.0000,1822.0000,1762.0000,1620.0000,1318.0000,1174.0000,35.316,43.947,53.893,77.445,41.332,70.589,1804,1787,1774,1554,1311,1245,0,0,20,0,31,40,1,1,1,0,0,1,6.0177,6.0177,6.0177,6.0177,6.4208,12.3552,1845.4965,1837.6043,1771.5665,1565.6223,1319.0111,1232.7580,0,on,1,1.5000
1786353691.115183,1,1,,1850.0000,1828.0000,1777.0000,1647.0000,1299.0000,1184.0000,35.663,42.875,51.361,72.906,44.309,69.729,1804,1787,1774,1558,1314,1240,0,0,24,15,16,26,1,1,1,0,0,1,6.0177,6.0177,6.0177,6.0177,6.4208,12.3552,1845.4965,1837.6043,1771.5665,1582.8453,1319.0111,1232.7580,1,on,1,1.5000
1786353691.151222,1,1,,1850.0000,1848.0000,1778.0000,1671.0000,1291.0000,1125.0000,38.963,39.599,51.190,68.910,45.550,74.564,1804,1787,1774,1560,1315,1237,0,0,0,0,17,22,1,1,1,0,0,1,6.0177,6.0177,6.0177,6.0177,6.4208,12.3552,1845.4965,1837.6043,1771.5665,1599.6942,1319.0111,1198.9096,1,on,1,1.5000
1786353691.183216,1,1,,1849.0000,1850.0000,1784.0000,1685.0000,1272.0000,1065.0000,39.323,38.522,50.168,66.576,48.626,79.420,1804,1787,1774,1563,1317,1236,0,0,0,55,16,33,1,1,1,0,0,1,6.0177,6.0177,6.0177,6.0177,6.4208,12.3552,1845.4965,1837.6043,1771.5665,1616.2160,1319.0111,1168.3507,1,on,1,1.5000
1786353691.215171,1,1,,1841.0000,1847.0000,1779.0000,1697.0000,1272.0000,1026.0000,40.659,39.789,50.947,64.666,48.563,82.574,1804,1787,1774,1575,1318,1230,0,0,0,62,0,97,1,1,1,0,0,1,6.0177,6.0177,6.0177,6.0177,6.4208,12.3552,1845.4965,1837.6043,1771.5665,1632.4019,1309.2807,1130.0997,1,on,1,1.5000
1786353691.251205,1,1,,1850.0000,1838.0000,1785.0000,1708.0000,1277.0000,978.0000,38.497,41.138,50.081,62.768,47.814,86.420,1804,1787,1774,1595,1318,1211,0,0,0,25,0,83,1,1,1,0,1,1,6.0177,6.0177,6.0177,6.0177,6.4208,12.3552,1845.4965,1837.6043,1771.5665,1648.3103,1309.2807,1082.9036,1,on,1,1.5000
1786353691.283170,1,1,,1850.0000,1822.0000,1790.0000,1688.0000,1260.0000,933.0000,36.711,43.813,49.130,66.167,50.496,90.040,1804,1787,1774,1610,1318,1184,0,0,0,53,0,124,1,1,1,0,1,1,6.0177,6.0177,6.0177,6.0177,6.4208,12.3552,1845.4965,1837.6043,1771.5665,1648.3103,1309.2807,1037.4211,1,on,1,1.5000
1786353691.315438,1,1,,1850.0000,1830.0000,1790.0000,1684.0000,1267.0000,935.0000,38.663,42.496,49.164,66.758,49.310,89.881,1804,1787,1774,1628,1318,1151,0,0,0,52,42,98,1,1,1,0,1,1,6.0177,6.0177,6.0177,6.0177,6.4208,12.3552,1845.4965,1837.6043,1771.5665,1658.5546,1296.7948,1008.6085,1,on,1,1.5000
1786353691.351175,1,1,,1850.0000,1829.0000,1785.0000,1667.0000,1269.0000,950.0000,37.838,42.681,50.091,69.594,49.004,88.674,1805,1787,1774,1639,1315,1126,0,0,0,0,30,125,1,1,1,0,1,1,6.0177,6.0177,6.0177,6.0177,6.4208,12.3552,1845.4965,1837.6043,1771.5665,1658.5546,1296.7948,1008.6085,0,on,1,1.5000
1786353691.383259,1,1,,1850.0000,1833.0000,1807.0000,1666.0000,1284.0000,935.0000,36.619,42.022,46.443,69.854,46.727,89.949,1804,1787,1774,1642,1312,1096,0,0,0,9,48,115,1,1,1,0,1,1,6.0177,6.0177,6.0177,6.0177,6.4208,12.3552,1845.4965,1837.6043,1771.5665,1658.5546,1296.7948,982.6044,1,on,1,1.5000
1786353691.415167,1,1,,1850.0000,1836.0000,1799.0000,1663.0000,1281.0000,941.0000,36.688,41.615,47.666,70.334,47.091,89.455,1804,1787,1774,1644,1310,1073,0,0,0,0,47,115,1,1,1,0,1,1,6.0177,6.0177,6.0177,6.0177,6.4208,12.3552,1845.4965,1837.6043,1771.5665,1658.5546,1296.7948,982.6044,0,on,1,1.5000
1786353691.451142,1,1,,1850.0000,1819.0000,1782.0000,1640.0000,1285.0000,996.0000,34.494,44.400,50.482,74.078,46.601,84.993,1804,1787,1774,1644,1306,1049,0,0,0,0,52,125,1,1,1,0,1,1,6.0177,6.0177,6.0177,6.0177,6.4208,12.3552,1845.4965,1837.6043,1771.5665,1658.5546,1296.7948,982.6044,0,on,1,1.5000
1786353691.483197,1,1,,1850.0000,1826.0000,1788.0000,1628.0000,1260.0000,1042.0000,33.994,43.281,49.544,76.084,50.474,81.277,1804,1787,1774,1644,1303,1023,0,0,0,0,62,126,1,1,1,0,1,1,6.0177,6.0177,6.0177,6.0177,6.4208,12.3552,1845.4965,1837.6043,1771.5665,1658.5546,1296.7948,982.6044,0,on,1,1.5000
1786353691.515227,1,1,,1850.0000,1834.0000,1792.0000,1623.0000,1264.0000,1043.0000,31.303,41.805,48.823,76.942,49.791,81.161,1804,1787,1774,1644,1300,995,0,0,0,0,0,0,1,1,1,0,1,1,6.0177,6.0177,6.0177,6.0177,6.4208,12.3552,1845.4965,1837.6043,1771.5665,1658.5546,1296.7948,982.6044,0,on,1,1.5000
1786353691.551179,1,1,,1850.0000,1828.0000,1785.0000,1609.0000,1313.0000,1086.0000,28.055,42.924,50.030,79.235,42.148,77.683,1804,1787,1774,1646,1300,995,0,0,0,0,27,56,1,1,1,0,1,1,6.0177,6.0177,6.0177,6.0177,6.4208,12.3552,1845.4965,1837.6043,1771.5665,1658.5546,1296.7948,1005.9657,1,on,1,1.5000
1786353691.583176,1,1,,1850.0000,1802.0000,1756.0000,1594.0000,1318.0000,1111.0000,28.167,47.199,54.867,81.697,41.336,75.668,1804,1787,1774,1652,1298,992,0,0,0,0,22,17,1,1,1,0,1,0,6.0177,6.0177,6.0177,6.0177,6.4208,12.3552,1845.4965,1837.6043,1771.5665,1642.8989,1296.7948,1027.8091,1,on,1,1.5000
1786353691.615225,1,1,,1850.0000,1812.0000,1749.0000,1564.0000,1336.0000,1135.0000,26.604,45.526,56.013,86.799,38.577,73.721,1804,1787,1774,1652,1297,992,0,0,0,0,16,37,1,1,1,1,1,0,6.0177,6.0177,6.0177,6.0177,6.4208,12.3552,1845.4965,1837.6043,1771.5665,1630.0185,1296.7948,1052.5704,1,on,1,1.5000
1786353691.651209,1,1,,1850.0000,1835.0000,1759.0000,1582.0000,1335.0000,1150.0000,29.157,41.727,54.327,83.746,38.828,72.533,1804,1787,1774,1653,1297,995,0,0,0,26,0,56,1,1,1,1,1,0,6.0177,6.0177,6.0177,6.0177,6.4208,12.3552,1845.4965,1837.6043,1771.5665,1630.0185,1296.7948,1076.6248,1,on,1,1.5000
1786353691.683221,1,1,,1850.0000,1821.0000,1745.0000,1559.0000,1336.0000,1161.0000,28.026,44.041,56.689,87.618,38.647,71.604,1804,1787,1774,1651,1297,1017,0,0,0,37,0,73,1,1,1,1,1,0,6.0177,6.0177,6.0177,6.0177,6.4208,12.3552,1845.4965,1837.6043,1771.5665,1612.2775,1296.7948,1095.3019,1,on,1,1.5000
1786353691.715160,1,1,,1850.0000,1835.0000,1753.0000,1560.0000,1344.0000,1153.0000,29.069,41.699,55.381,87.483,37.343,72.303,1804,1786,1774,1644,1297,1041,0,0,0,17,0,90,1,0,1,1,1,0,6.0177,6.0177,6.0177,6.0177,6.4208,12.3552,1845.4965,1837.6043,1771.5665,1612.2775,1307.0036,1095.3019,1,on,1,1.5000
1786353691.751217,1,1,,1850.0000,1837.0000,1753.0000,1562.0000,1346.0000,1157.0000,30.560,41.422,55.267,87.143,37.048,71.928,1804,1787,1774,1630,1297,1069,0,0,0,49,0,71,1,1,1,1,0,0,6.0177,6.0177,6.0177,6.0177,6.4208,12.3552,1845.4965,1837.6043,1771.5665,1597.9234,1307.0036,1115.8052,1,on,1,1.5000
1786353691.783214,1,1,,1850.0000,1840.0000,1755.0000,1550.0000,1338.0000,1194.0000,31.736,40.932,54.942,89.005,38.287,68.915,1804,1787,1774,1626,1297,1083,0,0,0,53,24,19,1,1,1,1,0,0,6.0177,6.0177,6.0177,6.0177,6.4208,12.3552,1845.4965,1837.6043,1771.5665,1597.9234,1307.0036,1115.8052,0,on,1,1.5000
1786353691.815211,1,1,,1850.0000,1838.0000,1755.0000,1567.0000,1339.0000,1193.0000,33.888,41.278,55.054,86.300,38.166,69.059,1804,1787,1774,1612,1297,1090,0,0,0,42,52,21,1,1,1,1,0,0,6.0177,6.0177,6.0177,6.0177,6.4208,12.3552,1845.4965,1837.6043,1771.5665,1588.6459,1307.0036,1141.3354,1,on,1,1.5000
1786353691.851231,1,1,,1850.0000,1847.0000,1755.0000,1563.0000,1333.0000,1189.0000,34.196,39.721,55.061,86.877,39.026,69.380,1804,1787,1774,1606,1301,1095,0,0,0,12,15,15,1,1,1,1,0,0,6.0177,6.0177,6.0177,6.0177,6.4208,12.3552,1845.4965,1837.6043,1771.5665,1588.6459,1317.9526,1141.3354,1,on,1,1.5000
1786353691.883234,1,1,,1850.0000,1841.0000,1749.0000,1557.0000,1330.0000,1213.0000,32.688,40.770,56.045,87.841,39.562,67.434,1804,1787,1774,1600,1303,1101,0,0,0,50,20,64,1,1,1,1,0,0,6.0177,6.0177,6.0177,6.0177,6.4208,12.3552,1845.4965,1837.6043,1771.5665,1588.6459,1317.9526,1141.3354,0,on,1,1.5000
1786353691.915228,1,1,,1850.0000,1842.0000,1749.0000,1558.0000,1340.0000,1225.0000,31.391,40.610,56.040,87.734,38.014,66.418,1804,1787,1774,1594,1304,1121,0,0,0,0,29,27,1,1,1,1,0,0,6.0177,6.0177,6.0177,6.0177,6.4208,12.3552,1845.4965,1837.6043,1771.5665,1588.6459,1317.9526,1170.8013,1,on,1,1.5000
1786353691.951220,1,1,,1850.0000,1840.0000,1747.0000,1565.0000,1344.0000,1227.0000,33.886,40.934,56.328,86.589,37.379,66.277,1804,1787,1774,1591,1307,1127,0,0,0,23,40,30,1,1,1,1,0,0,6.0177,6.0177,6.0177,6.0177,6.4208,12.3552,1845.4965,1837.6043,1771.5665,1588.6459,1317.9526,1170.8013,0,on,1,1.5000
1786353691.983218,1,1,,1850.0000,1848.0000,1753.0000,1558.0000,1340.0000,1228.0000,33.882,39.591,55.361,87.717,38.024,66.183,1804,1787,1774,1589,1312,1138,0,0,0,0,27,54,1,1,1,1,0,0,6.0177,6.0177,6.0177,6.0177,6.4208,12.3552,1845.4965,1837.6043,1771.5665,1578.1582,1317.9526,1170.8013,1,on,1,1.5000
1786353692.015200,1,1,,1850.0000,1841.0000,1745.0000,1565.0000,1324.0000,1216.0000,35.235,40.794,56.737,86.621,40.390,67.189,1804,1787,1774,1589,1313,1149,0,0,0,0,17,23,1,1,1,1,0,0,6.0177,6.0177,6.0177,6.0177,6.4208,12.3552,1845.4965,1837.6043,1771.5665,1578.1582,1317.9526,1191.0799,1,on,1,1.5000
1786353692.051238,1,1,,1850.0000,1836.0000,1742.0000,1569.0000,1332.0000,1225.0000,35.506,41.465,57.121,85.922,39.294,66.486,1804,1787,1774,1589,1314,1154,0,0,0,0,19,21,1,1,1,1,0,0,6.0177,6.0177,6.0177,6.0177,6.4208,12.3552,1845.4965,1837.6043,1761.5092,1578.1582,1317.9526,1191.0799,1,on,1,1.5000
1786353692.083192,1,1,,1850.0000,1833.0000,1746.0000,1561.0000,1336.0000,1201.0000,35.635,42.048,56.573,87.245,38.588,68.385,1804,1787,1774,1589,1315,1165,0,0,0,0,15,25,1,1,1,1,0,0,6.0177,6.0177,6.0177,6.0177,6.4208,12.3552,1845.4965,1837.6043,1761.5092,1578.1582,1317.9526,1191.0799,0,on,1,1.5000
1786353692.115434,1,1,,1850.0000,1828.0000,1739.0000,1560.0000,1329.0000,1201.0000,35.819,42.857,57.740,87.370,39.743,68.413,1804,1787,1773,1589,1316,1172,0,0,43,0,0,15,1,1,1,1,0,0,6.0177,6.0177,6.0177,6.0177,6.4208,12.3552,1845.4965,1837.6043,1761.5092,1578.1582,1317.9526,1191.0799,0,on,1,1.5000
1786353692.151163,1,1,,1850.0000,1828.0000,1738.0000,1564.0000,1318.0000,1224.0000,36.486,42.916,57.852,86.817,41.372,66.527,1804,1787,1768,1589,1316,1174,0,0,0,0,0,20,1,1,1,1,0,0,6.0177,6.0177,6.0177,6.0177,6.4208,12.3552,1845.4965,1837.6043,1761.5092,1578.1582,1317.9526,1191.0799,0,on,1,1.5000
1786353692.183240,1,1,,1850.0000,1831.0000,1747.0000,1567.0000,1326.0000,1210.0000,35.380,42.328,56.411,86.319,40.117,67.684,1804,1787,1768,1589,1316,1180,0,0,0,0,0,0,1,1,1,1,0,0,6.0177,6.0177,6.0177,6.0177,6.4208,12.3552,1845.4965,1837.6043,1761.5092,1578.1582,1317.9526,1191.0799,0,on,1,1.5000
1786353692.215219,1,1,,1850.0000,1823.0000,1739.0000,1567.0000,1324.0000,1205.0000,36.634,43.734,57.670,86.265,40.458,68.065,1804,1787,1768,1589,1316,1181,0,0,0,8,0,23,1,1,1,1,0,0,6.0177,6.0177,6.0177,6.0177,6.4208,12.3552,1845.4965,1837.6043,1761.5092,1578.1582,1317.9526,1191.0799,0,on,1,1.5000
1786353692.251132,1,1,,1850.0000,1828.0000,1735.0000,1567.0000,1316.0000,1205.0000,36.160,42.903,58.344,86.232,41.704,68.031,1804,1787,1768,1589,1316,1185,0,0,8,8,0,19,1,1,1,1,0,0,6.0177,6.0177,6.0177,6.0177,6.4208,12.3552,1845.4965,1837.6043,1761.5092,1578.1582,1317.9526,1191.0799,0,on,1,1.5000
1786353692.283033,1,1,,1850.0000,1825.0000,1744.0000,1567.0000,1321.0000,1225.0000,36.149,43.349,56.795,86.299,40.864,66.434,1804,1787,1767,1589,1316,1189,0,0,23,8,0,17,1,1,1,1,0,0,6.0177,6.0177,6.0177,6.0177,6.4208,12.3552,1845.4965,1837.6043,1761.5092,1578.1582,1317.9526,1191.0799,0,on,1,1.5000
1786353692.315067,1,1,,1850.0000,1831.0000,1751.0000,1567.0000,1339.0000,1195.0000,36.576,42.407,55.704,86.286,38.171,68.852,1804,1787,1766,1589,1316,1190,0,0,24,9,0,0,1,1,1,1,0,1,6.0177,6.0177,6.0177,6.0177,6.4208,12.3552,1845.4965,1837.6043,1761.5092,1578.1582,1317.9526,1191.0799,0,on,1,1.5000
1786353692.351253,1,1,,1850.0000,1826.0000,1744.0000,1564.0000,1333.0000,1195.0000,35.959,43.174,56.763,86.687,39.127,68.864,1804,1787,1766,1589,1316,1190,0,0,24,9,0,0,1,1,1,1,0,1,6.0177,6.0177,6.0177,6.0177,6.4208,12.3552,1845.4965,1837.6043,1761.5092,1578.1582,1317.9526,1191.0799,0,on,1,1.5000
1786353692.384433,1,1,,1850.0000,1830.0000,1744.0000,1561.0000,1337.0000,1208.0000,35.080,42.587,56.857,87.164,38.407,67.843,1804,1787,1765,1589,1316,1190,0,0,24,9,0,0,1,1,1,1,0,1,6.0177,6.0177,6.0177,6.0177,6.4208,12.3552,1845.4965,1837.6043,1761.5092,1578.1582,1317.9526,1191.0799,0,on,1,1.5000
1786353692.415223,1,1,,1850.0000,1823.0000,1739.0000,1557.0000,1333.0000,1211.0000,36.145,43.697,57.599,87.854,39.049,67.571,1804,1787,1763,1589,1316,1190,0,0,0,10,0,0,1,1,1,1,0,1,6.0177,6.0177,6.0177,6.0177,6.4208,12.3552,1845.4965,1837.6043,1761.5092,1578.1582,1317.9526,1191.0799,0,on,1,1.5000
1786353692.451241,1,1,,1850.0000,1818.0000,1748.0000,1568.0000,1340.0000,1236.0000,38.472,44.578,56.184,86.025,37.967,65.560,1804,1787,1763,1589,1316,1190,0,0,0,10,0,0,1,1,1,1,0,1,6.0177,6.0177,6.0177,6.0177,6.4208,12.3552,1845.4965,1837.6043,1752.3669,1578.1582,1317.9526,1191.0799,1,on,1,1.5000
1786353692.483212,1,1,,1850.0000,1801.0000,1736.0000,1571.0000,1318.0000,1247.0000,37.160,47.329,58.121,85.657,41.446,64.683,1804,1787,1763,1588,1316,1190,0,0,0,19,0,0,1,1,1,1,0,1,6.0177,6.0177,6.0177,6.0177,6.4208,12.3552,1845.4965,1837.6043,1752.3669,1578.1582,1317.9526,1191.0799,0,on,1,1.5000
1786353692.515231,1,1,,1850.0000,1789.0000,1728.0000,1578.0000,1316.0000,1246.0000,35.545,49.282,59.430,84.426,41.703,64.760,1804,1787,1763,1582,1316,1190,0,0,0,0,0,0,1,1,1,1,0,1,6.0177,6.0177,6.0177,6.0177,6.4208,12.3552,1845.4965,1826.2660,1752.3669,1578.1582,1317.9526,1211.5003,1,on,1,1.5000
1786353692.551237,1,1,,1850.0000,1788.0000,1726.0000,1579.0000,1318.0000,1262.0000,33.695,49.580,59.785,84.170,41.455,63.465,1804,1786,1762,1582,1316,1190,0,0,29,0,0,0,1,0,1,1,0,0,6.0177,6.0177,6.0177,6.0177,6.4208,12.3552,1845.4965,1826.2660,1752.3669,1578.1582,1317.9526,1211.5003,0,on,1,1.5000
1786353692.583233,1,1,,1849.0000,1766.0000,1700.0000,1615.0000,1322.0000,1314.0000,39.376,53.210,64.204,78.257,40.702,59.219,1804,1787,1760,1582,1316,1190,0,0,0,9,14,0,1,1,1,1,0,0,6.0177,6.0177,6.0177,6.0177,6.4208,12.3552,1845.4965,1815.0662,1752.3669,1578.1582,1317.9526,1234.8454,1,on,1,1.5000
1786353692.615235,1,1,,1850.0000,1720.0000,1676.0000,1621.0000,1329.0000,1373.0000,32.385,60.765,68.070,77.195,39.666,54.466,1804,1787,1759,1581,1317,1190,0,0,0,29,0,0,1,1,1,1,1,0,6.0177,6.0177,6.0177,6.0177,6.4208,12.3552,1845.4965,1798.1131,1734.2315,1578.1582,1317.9526,1267.9868,1,on,1,1.5000
1786353692.651216,1,1,,1850.0000,1662.0000,1660.0000,1641.0000,1362.0000,1400.0000,35.321,70.458,70.709,73.944,34.552,52.305,1804,1787,1759,1578,1317,1199,0,0,0,8,0,68,1,1,1,1,1,0,6.0177,6.0177,6.0177,6.0177,6.4208,12.3552,1845.4965,1763.8378,1721.2946,1588.1377,1327.6538,1304.9336,1,on,1,1.5000
1786353692.683234,1,1,,1850.0000,1648.0000,1650.0000,1685.0000,1334.0000,1434.0000,37.216,72.859,72.496,66.642,38.975,49.563,1804,1787,1756,1578,1317,1223,0,0,64,0,0,93,1,1,1,0,0,0,6.0177,6.0177,6.0177,6.0177,6.4208,12.3552,1845.4965,1734.9188,1708.9978,1605.6283,1327.6538,1340.2644,1,on,1,1.5000
1786353692.715168,1,1,,1850.0000,1695.0000,1681.0000,1733.0000,1375.0000,1541.0000,33.301,64.981,67.314,58.701,29.187,40.910,1804,1787,1746,1578,1317,1244,0,0,53,66,28,99,1,1,1,0,0,0,6.0177,6.0177,6.0177,6.0177,6.4208,12.3552,1845.4965,1734.9188,1708.9978,1635.3639,1327.6538,1406.6204,1,on,1,1.5000
1786353692.756540,1,1,,1850.0000,1715.0000,1730.0000,1776.0000,1375.0000,1664.0000,32.424,61.679,59.210,51.480,27.179,30.917,1804,1785,1732,1593,1320,1284,0,143,64,0,25,83,1,1,1,0,0,0,6.0177,6.0177,6.0177,6.0177,6.4208,12.3552,1845.4965,1725.2262,1708.9978,1677.3272,1327.6538,1515.4340,1,on,1,1.5000
1786353692.783204,1,1,,1850.0000,1749.0000,1759.0000,1799.0000,1375.0000,1706.0000,31.334,56.066,54.378,47.651,23.803,27.478,1804,1766,1723,1595,1322,1304,0,64,0,52,0,95,1,1,1,0,0,0,6.0177,6.0177,6.0177,6.0177,6.4208,12.3552,1845.4965,1725.2262,1708.9978,1706.8832,1340.7169,1581.1393,1,on,1,1.5000
1786353692.815238,1,1,,1850.0000,1795.0000,1806.0000,1836.0000,1375.0000,1731.0000,36.815,48.344,46.566,41.602,22.375,25.468,1804,1749,1721,1609,1323,1333,0,62,35,76,0,107,1,1,1,0,0,0,6.0177,6.0177,6.0177,6.0177,6.4208,12.3552,1845.4965,1725.2262,1723.7790,1743.7045,1340.7169,1635.2241,1,on,1,1.5000
1786353692.851223,1,1,,1794.0000,1819.0000,1818.0000,1850.0000,1375.0000,1724.0000,48.461,44.414,44.584,35.784,22.800,26.081,1804,1740,1718,1629,1324,1360,0,29,0,71,35,98,1,1,0,0,0,0,6.0177,6.0177,6.0177,6.0177,6.4208,12.3552,1845.4965,1745.1567,1742.5811,1774.0354,1340.7169,1663.6455,1,on,1,1.5000
1786353692.883255,1,1,,1768.0000,1793.0000,1797.0000,1850.0000,1375.0000,1680.0000,52.867,48.661,47.943,36.356,27.086,29.621,1804,1735,1718,1653,1328,1389,0,0,34,65,43,94,1,0,0,0,0,0,6.0177,6.0177,6.0177,6.0177,6.4208,12.3552,1833.7803,1745.1567,1751.7897,1791.9157,1340.7169,1663.6455,1,on,1,1.5000
1786353692.916119,1,1,,1787.0000,1814.0000,1791.0000,1848.0000,1375.0000,1637.0000,49.604,45.195,49.095,39.562,29.513,33.117,1804,1735,1723,1673,1332,1415,0,30,33,68,37,88,1,0,0,0,0,0,6.0177,6.0177,6.0177,6.0177,6.4208,12.3552,1833.7803,1761.5306,1751.7897,1803.3942,1352.5101,1663.6455,1,on,1,1.5000
1786353692.951239,1,1,,1826.0000,1781.0000,1767.0000,1820.0000,1370.0000,1573.0000,43.144,50.710,52.977,44.144,33.304,38.309,1804,1737,1736,1699,1336,1438,0,12,31,60,0,100,1,0,0,0,0,0,6.0177,6.0177,6.0177,6.0177,6.4208,12.3552,1833.7803,1761.5306,1751.7897,1803.3942,1352.5101,1663.6455,0,on,1,1.5000
1786353692.983208,1,1,,1809.0000,1766.0000,1752.0000,1788.0000,1375.0000,1566.0000,46.006,53.138,55.485,49.463,29.700,38.875,1804,1741,1739,1713,1336,1455,0,22,31,58,24,95,1,0,0,0,0,0,6.0177,6.0177,6.0177,6.0177,6.4208,12.3552,1833.7803,1761.5306,1751.7897,1803.3942,1352.5101,1642.9896,1,on,1,1.5000
1786353693.015210,1,1,,1826.0000,1731.0000,1722.0000,1683.0000,1375.0000,1629.0000,43.238,59.010,60.429,66.933,17.348,33.778,1804,1746,1745,1734,1338,1481,0,19,27,55,40,100,1,0,0,0,0,0,6.0177,6.0177,6.0177,6.0177,6.4208,12.3552,1833.7803,1761.5306,1751.7897,1789.0135,1352.5101,1642.9896,1,on,1,1.5000
1786353693.051218,1,1,,1704.0000,1712.0000,1685.0000,1642.0000,1375.0000,1674.0000,63.397,62.173,66.567,73.830,18.892,30.098,1804,1749,1748,1753,1342,1510,0,33,20,73,43,90,1,0,0,0,0,0,6.0177,6.0177,6.0177,6.0177,6.4208,12.3552,1804.2842,1761.5306,1751.7897,1754.0203,1352.5101,1642.9896,1,on,1,1.5000
1786353693.083182,1,1,,1624.0000,1682.0000,1637.0000,1575.0000,1375.0000,1708.0000,76.822,67.213,74.577,84.844,15.805,27.322,1804,1756,1751,1771,1345,1536,0,19,0,20,46,100,1,0,0,1,0,0,6.0177,6.0177,6.0177,6.0177,6.4208,12.3552,1756.2681,1748.5161,1727.9057,1702.0750,1352.5101,1642.9896,1,on,1,1.5000
1786353693.115222,1,1,,1511.0000,1553.0000,1568.0000,1542.0000,1375.0000,1764.0000,95.613,88.614,86.106,90.336,24.608,22.804,1804,1759,1751,1767,1348,1560,0,0,0,20,14,92,1,1,1,1,0,0,6.0177,6.0177,6.0177,6.0177,6.4208,12.3552,1669.2615,1696.0944,1686.0682,1651.9577,1352.5101,1668.8081,1,on,1,1.5000
1786353693.151189,1,1,,1527.0000,1403.0000,1442.0000,1477.0000,1375.0000,1471.0000,92.857,113.478,106.967,101.272,10.321,46.504,1804,1759,1751,1758,1349,1590,83,20,13,66,13,85,1,1,1,1,0,0,6.0177,6.0177,6.0177,6.0177,6.4208,12.3552,1619.2757,1579.7193,1596.6367,1590.9746,1352.5101,1638.1733,1,on,1,1.5000
1786353693.183218,1,1,,1341.0000,1216.0000,1301.0000,1318.0000,1316.0000,914.0000,123.820,144.587,130.445,127.608,41.726,91.637,1797,1757,1751,1747,1349,1604,139,85,108,78,16,91,1,1,1,1,0,0,6.0177,6.0177,6.0177,6.0177,6.4208,12.3552,1508.4715,1413.7828,1474.4929,1483.3464,1352.5101,1257.2873,1,on,1,1.5000
1786353693.215212,1,1,,1282.0000,1171.0000,1297.0000,1308.0000,1375.0000,890.0000,133.565,152.087,131.175,129.247,30.866,130.436,1770,1736,1734,1721,1350,1628,130,86,127,73,17,0,1,1,1,1,0,1,6.0177,6.0177,6.0177,6.0177,6.4208,12.3552,1416.1722,1305.2119,1405.0422,1416.8835,1352.5101,1062.1866,1,on,1,1.5000
1786353693.251190,1,1,,1248.0000,1206.0000,1286.0000,1272.0000,1356.0000,890.0000,139.267,146.315,132.957,135.252,35.505,135.552,1741,1711,1707,1697,1351,1628,126,112,93,69,13,87,1,1,1,1,0,1,6.0177,6.0177,6.0177,6.0177,6.4208,12.3552,1349.1564,1266.8251,1362.1837,1363.5837,1352.5101,979.1523,1,on,1,1.5000
1786353693.283221,1,1,,1445.0000,1362.0000,1482.0000,1462.0000,1375.0000,890.0000,106.585,120.249,100.435,103.676,29.236,120.098,1713,1685,1681,1672,1352,1600,102,78,98,46,0,102,1,1,1,1,1,1,6.0177,6.0177,6.0177,6.0177,6.4208,12.3552,1364.9277,1281.5080,1374.4533,1376.6909,1352.5101,946.1135,1,on,1,1.5000
1786353693.315241,1,1,,1668.0000,1600.0000,1579.0000,1704.0000,1329.0000,890.0000,69.442,80.790,84.263,63.530,39.678,95.149,1692,1663,1654,1652,1352,1563,91,80,81,65,0,88,1,1,1,1,1,1,6.0177,6.0177,6.0177,6.0177,6.4208,12.3552,1440.3133,1365.9442,1413.9071,1468.3629,1352.5101,946.1135,1,on,1,1.5000
1786353693.351249,1,1,,1384.0000,1482.0000,1510.0000,1502.0000,1375.0000,890.0000,116.701,100.390,95.700,96.969,30.956,126.796,1665,1640,1634,1629,1352,1533,85,67,82,45,0,95,1,1,1,1,1,1,6.0177,6.0177,6.0177,6.0177,6.4208,12.3552,1440.3133,1398.5992,1435.5015,1468.3629,1352.5101,920.4805,1,on,1,1.5000
1786353693.388616,1,1,,1447.0000,1361.0000,1385.0000,1454.0000,1375.0000,890.0000,106.207,120.408,116.509,104.980,12.410,105.596,1646,1621,1612,1612,1352,1499,85,72,72,57,0,84,1,1,1,1,1,1,6.0177,6.0177,6.0177,6.0177,6.4208,12.3552,1440.3133,1398.5992,1435.5015,1468.3629,1352.5101,920.4805,0,on,1,1.5000
1786353693.415289,1,1,,1546.0000,1448.0000,1417.0000,1425.0000,1375.0000,1032.0000,89.684,106.047,111.237,109.922,28.126,82.047,1632,1608,1602,1602,1352,1480,74,71,77,60,0,70,1,1,1,1,1,1,6.0177,6.0177,6.0177,6.0177,6.4208,12.3552,1452.3065,1398.5992,1435.5015,1468.3629,1352.5101,920.4805,1,on,1,1.5000
1786353693.451351,1,1,,1555.0000,1522.0000,1472.0000,1482.0000,1316.0000,890.0000,88.239,93.677,102.105,100.297,41.657,100.141,1615,1592,1582,1581,1352,1453,87,86,67,59,0,78,1,1,1,1,1,1,6.0177,6.0177,6.0177,6.0177,6.4208,12.3552,1475.1753,1427.2802,1435.5015,1468.3629,1352.5101,920.4805,1,on,1,1.5000
1786353693.488717,1,1,,1552.0000,1501.0000,1428.0000,1469.0000,1375.0000,890.0000,88.728,97.216,109.393,102.511,29.030,104.227,1595,1572,1565,1565,1352,1430,96,82,81,49,0,106,1,1,1,1,1,1,6.0177,6.0177,6.0177,6.0177,6.4208,12.3552,1491.7762,1442.9938,1435.5015,1468.3629,1352.5101,920.4805,1,on,1,1.5000
1786353693.515307,1,1,,1517.0000,1426.0000,1388.0000,1453.0000,1375.0000,1503.0000,94.629,109.681,115.926,105.183,14.871,43.979,1579,1556,1547,1549,1352,1403,80,80,73,67,0,89,1,1,1,1,1,1,6.0177,6.0177,6.0177,6.0177,6.4208,12.3552,1491.7762,1442.9938,1435.5015,1468.3629,1352.5101,1164.0587,1,on,1,1.5000
1786353693.551824,1,1,,1576.0000,1433.0000,1483.0000,1536.0000,1375.0000,1371.0000,84.817,108.587,100.251,91.402,18.428,54.597,1561,1538,1530,1531,1352,1374,65,86,74,63,0,74,1,1,1,1,1,1,6.0177,6.0177,6.0177,6.0177,6.4208,12.3552,1510.5831,1442.9938,1435.5015,1468.3629,1352.5101,1258.0441,1,on,1,1.5000
1786353693.583868,1,1,,1533.0000,1420.0000,1484.0000,1538.0000,1375.0000,1433.0000,91.969,110.637,100.116,90.991,22.257,49.637,1550,1526,1518,1519,1352,1358,73,77,82,72,0,89,1,1,1,1,1,1,6.0177,6.0177,6.0177,6.0177,6.4208,12.3552,1510.5831,1442.9938,1435.5015,1484.3003,1352.5101,1327.2292,1,on,1,1.5000
1786353693.615827,1,1,,1555.0000,1395.0000,1464.0000,1516.0000,1375.0000,1372.0000,88.263,114.751,103.322,94.640,20.756,54.527,1533,1508,1501,1500,1352,1333,79,80,85,48,0,95,1,1,1,1,1,1,6.0177,6.0177,6.0177,6.0177,6.4208,12.3552,1510.5831,1442.9938,1435.5015,1484.3003,1352.5101,1327.2292,0,on,1,1.5000
1786353693.651298,1,1,,1606.0000,1498.0000,1505.0000,1509.0000,1375.0000,1492.0000,79.714,97.748,96.583,95.852,16.782,44.828,1518,1491,1485,1490,1352,1331,0,76,85,0,0,29,1,1,1,1,1,1,6.0177,6.0177,6.0177,6.0177,6.4208,12.3552,1534.5272,1442.9938,1449.7428,1484.3003,1352.5101,1389.8181,1,on,1,1.5000
1786353693.685642,1,1,,1573.0000,1437.0000,1468.0000,1497.0000,1375.0000,1529.0000,85.188,107.807,102.678,97.835,16.622,41.845,1518,1474,1468,1490,1352,1331,0,82,90,29,0,86,0,1,1,1,1,0,6.0177,6.0177,6.0177,6.0177,6.4208,12.3552,1534.5272,1442.9938,1449.7428,1484.3003,1362.2811,1433.5082,1,on,1,1.5000
1786353693.725871,1,1,,1595.0000,1436.0000,1479.0000,1528.0000,1375.0000,1491.0000,81.608,108.073,100.886,92.793,14.406,44.918,1518,1457,1457,1487,1352,1358,0,86,22,0,0,89,0,1,1,1,0,0,6.0177,6.0177,6.0177,6.0177,6.4208,12.3552,1549.1943,1442.9938,1449.7428,1493.9858,1362.2811,1433.5082,1,on,1,1.5000
1786353693.752047,1,1,,1551.0000,1410.0000,1427.0000,1507.0000,1375.0000,1358.0000,88.866,112.313,109.534,96.207,14.124,55.695,1518,1450,1456,1487,1352,1388,0,0,36,0,31,88,0,1,1,0,0,0,6.0177,6.0177,6.0177,6.0177,6.4208,12.3552,1549.1943,1442.9938,1449.7428,1493.9858,1362.2811,1433.5082,0,on,1,1.5000
1786353693.783933,1,1,,1539.0000,1406.0000,1445.0000,1529.0000,1375.0000,1399.0000,90.908,112.970,106.462,92.506,20.704,52.382,1518,1450,1454,1486,1353,1408,63,32,20,0,31,0,0,1,1,0,0,0,6.0177,6.0177,6.0177,6.0177,6.4208,12.3552,1549.1943,1442.9938,1449.7428,1493.9858,1362.2811,1433.5082,0,on,1,1.5000
1786353693.815851,1,1,,1544.0000,1406.0000,1437.0000,1539.0000,1375.0000,1346.0000,90.006,113.077,107.879,90.906,19.787,56.649,1529,1446,1452,1487,1356,1419,34,20,19,16,24,21,0,1,1,0,0,0,6.0177,6.0177,6.0177,6.0177,6.4208,12.3552,1549.1943,1442.9938,1449.7428,1493.9858,1362.2811,1433.5082,0,on,1,1.5000
1786353693.851346,1,1,,1542.0000,1411.0000,1430.0000,1525.0000,1375.0000,1429.0000,90.465,112.167,108.943,93.238,18.555,49.899,1535,1445,1450,1488,1358,1425,15,18,13,20,0,30,0,1,1,0,0,0,6.0177,6.0177,6.0177,6.0177,6.4208,12.3552,1549.1943,1432.2794,1449.7428,1504.1577,1362.2811,1433.5082,1,on,1,1.5000
1786353693.883399,1,1,,1559.0000,1436.0000,1447.0000,1478.0000,1375.0000,1259.0000,87.554,108.039,106.196,101.054,18.408,63.711,1539,1444,1449,1492,1358,1427,25,29,0,11,24,25,0,1,1,0,0,0,6.0177,6.0177,6.0177,6.0177,6.4208,12.3552,1549.1943,1432.2794,1449.7428,1504.1577,1362.2811,1390.1138,1,on,1,1.5000
1786353693.915882,1,1,,1493.0000,1435.0000,1422.0000,1470.0000,1375.0000,1320.0000,98.529,108.234,110.279,102.430,18.767,58.778,1543,1443,1450,1494,1360,1429,21,0,0,8,18,22,0,1,1,0,0,1,6.0177,6.0177,6.0177,6.0177,6.4208,12.3552,1549.1943,1432.2794,1449.7428,1504.1577,1362.2811,1390.1138,0,on,1,1.5000
1786353693.951357,1,1,,1511.0000,1478.0000,1427.0000,1473.0000,1365.0000,1121.0000,95.539,101.079,109.447,101.895,34.054,74.824,1546,1437,1449,1498,1360,1430,0,27,0,0,14,52,0,1,1,0,0,1,6.0177,6.0177,6.0177,6.0177,6.4208,12.3552,1549.1943,1432.2794,1449.7428,1504.1577,1362.2811,1286.4237,1,on,1,1.5000
1786353693.983342,1,1,,1453.0000,1447.0000,1460.0000,1466.0000,1375.0000,1265.0000,105.178,106.224,104.049,103.006,27.470,63.177,1546,1436,1449,1500,1361,1428,0,23,0,0,0,104,0,1,1,0,0,1,6.0177,6.0177,6.0177,6.0177,6.4208,12.3552,1528.0759,1432.2794,1449.7428,1504.1577,1362.2811,1286.4237,1,on,1,1.5000
1786353694.015333,1,1,,1405.0000,1390.0000,1423.0000,1466.0000,1375.0000,1132.0000,113.137,115.576,110.235,102.989,25.741,73.975,1546,1434,1449,1500,1361,1405,0,20,0,0,0,111,1,1,1,0,0,1,6.0177,6.0177,6.0177,6.0177,6.4208,12.3552,1501.4247,1432.2794,1449.7428,1494.2763,1362.2811,1240.1633,1,on,1,1.5000
1786353694.051314,1,1,,1444.0000,1362.0000,1436.0000,1385.0000,1375.0000,1108.0000,106.717,120.283,108.042,116.540,23.683,75.881,1546,1434,1449,1500,1361,1371,20,20,0,0,0,94,1,1,1,1,0,1,6.0177,6.0177,6.0177,6.0177,6.4208,12.3552,1489.7831,1432.2794,1449.7428,1474.0990,1362.2811,1200.5552,1,on,1,1.5000
1786353694.086215,0,1,,,,,,,,,,,,,,1540,1434,1449,1500,1361,1339,97,20,0,52,0,91,1,1,1,1,0,1,6.0177,6.0177,6.0177,6.0177,6.4208,12.3552,,,,,,,0,on,1,1.5000
1786353694.123773,1,1,,1503.0000,1404.0000,1372.0000,1452.0000,1375.0000,1342.0000,96.866,113.404,118.587,105.277,19.414,56.961,1522,1434,1450,1489,1361,1312,94,20,0,31,0,101,1,1,1,1,0,1,6.0177,6.0177,6.0177,6.0177,6.4208,12.3552,1489.7831,1422.1813,1434.2502,1474.0990,1362.2811,1200.5552,1,on,1,1.5000
1786353694.151926,1,1,,1631.0000,1532.0000,1576.0000,1595.0000,1375.0000,1240.0000,75.637,92.128,84.823,81.576,18.707,65.220,1502,1433,1449,1482,1361,1283,56,19,0,0,0,105,1,1,1,1,0,1,6.0177,6.0177,6.0177,6.0177,6.4208,12.3552,1510.3198,1433.8644,1452.6813,1483.9291,1362.2811,1200.5552,1,on,1,1.5000
1786353694.183858,1,1,,1652.0000,1579.0000,1581.0000,1566.0000,1375.0000,1185.0000,72.148,84.290,83.857,86.329,17.198,69.673,1498,1433,1449,1480,1361,1264,0,0,33,0,0,100,0,1,0,0,0,1,6.0177,6.0177,6.0177,6.0177,6.4208,12.3552,1543.0224,1465.8232,1480.5935,1497.4299,1362.2811,1200.5552,1,on,1,1.5000
1786353694.215485,1,1,,1595.0000,1559.0000,1426.0000,1420.0000,1375.0000,890.0000,81.618,87.652,109.739,110.604,18.064,95.546,1498,1433,1446,1480,1361,1237,21,0,26,0,0,103,0,0,0,0,0,1,6.0177,6.0177,6.0177,6.0177,6.4208,12.3552,1553.1606,1486.7622,1480.5935,1497.4299,1362.2811,1107.8821,1,on,1,1.5000
1786353694.251242,1,1,,1562.0000,1440.0000,1436.0000,1428.0000,1375.0000,926.0000,87.024,107.332,107.990,109.369,24.549,90.650,1504,1433,1444,1480,1361,1215,69,77,35,31,0,20,0,0,0,0,0,1,6.0177,6.0177,6.0177,6.0177,6.4208,12.3552,1553.1606,1486.7622,1480.5935,1497.4299,1362.2811,1043.7497,1,on,1,1.5000
1786353694.283141,1,1,,1510.0000,1413.0000,1421.0000,1373.0000,1375.0000,890.0000,95.755,111.829,110.574,118.422,26.318,101.129,1524,1449,1451,1487,1361,1208,85,87,51,0,0,86,0,0,0,0,0,1,6.0177,6.0177,6.0177,6.0177,6.4208,12.3552,1553.1606,1486.7622,1470.6439,1467.9548,1362.2811,993.2517,1,on,1,1.5000
1786353694.315230,1,1,,1476.0000,1374.0000,1368.0000,1365.0000,1375.0000,919.0000,101.331,118.380,119.284,119.753,28.199,91.218,1541,1472,1465,1491,1361,1185,16,26,20,12,0,124,0,0,0,1,0,1,6.0177,6.0177,6.0177,6.0177,6.4208,12.3552,1553.1606,1462.1754,1453.4566,1445.8292,1362.2811,972.7674,1,on,1,1.5000
1786353694.356743,1,1,,1548.0000,1456.0000,1406.0000,1397.0000,1375.0000,970.0000,89.379,104.739,112.959,114.487,19.289,87.065,1542,1474,1466,1491,1361,1151,33,39,26,47,0,119,0,1,1,1,0,1,6.0177,6.0177,6.0177,6.0177,6.4208,12.3552,1553.1606,1462.1754,1453.4566,1435.8059,1362.2811,972.7674,1,on,1,1.5000
1786353694.383373,1,1,,1490.0000,1424.0000,1358.0000,1365.0000,1375.0000,890.0000,99.105,109.954,120.955,119.746,21.713,110.996,1548,1477,1462,1485,1361,1134,0,0,30,86,0,127,0,1,1,1,0,1,6.0177,6.0177,6.0177,6.0177,6.4208,12.3552,1540.6440,1462.1754,1431.0481,1424.4109,1362.2811,972.7674,1,on,1,1.5000
1786353694.415386,1,1,,1500.0000,1493.0000,1348.0000,1393.0000,1375.0000,890.0000,97.395,98.598,122.668,115.164,19.892,107.544,1549,1477,1456,1463,1361,1102,0,0,0,71,0,106,1,1,1,1,0,1,6.0177,6.0177,6.0177,6.0177,6.4208,12.3552,1540.6440,1462.1754,1414.4376,1424.4109,1362.2811,945.2521,1,on,1,1.5000
1786353694.451822,0,1,,,,,,,,,,,,,,1549,1477,1452,1442,1361,1069,47,14,47,72,0,127,1,1,1,1,0,1,6.0177,6.0177,6.0177,6.0177,6.4208,12.3552,,,,,,,0,on,1,1.5000
1786353694.487428,0,1,,,,,,,,,,,,,,1542,1477,1440,1432,1361,1043,18,19,87,19,8,124,1,1,1,1,0,1,6.0177,6.0177,6.0177,6.0177,6.4208,12.3552,,,,,,,0,on,1,1.5000
1786353694.519408,0,1,,,,,,,,,,,,,,1541,1477,1426,1430,1361,1019,17,30,12,30,19,140,1,1,1,1,0,1,6.0177,6.0177,6.0177,6.0177,6.4208,12.3552,,,,,,,0,on,1,1.5000
1786353694.555388,0,1,,,,,,,,,,,,,,1541,1474,1422,1429,1361,989,0,22,37,0,0,116,1,1,1,1,0,1,6.0177,6.0177,6.0177,6.0177,6.4208,12.3552,,,,,,,0,on,1,1.5000
1786353694.587396,0,1,,,,,,,,,,,,,,1541,1473,1420,1429,1361,964,0,21,24,23,0,121,1,1,1,1,0,1,6.0177,6.0177,6.0177,6.0177,6.4208,12.3552,,,,,,,0,on,1,1.5000
1786353694.619442,0,1,,,,,,,,,,,,,,1541,1473,1420,1426,1361,959,0,0,10,9,0,53,1,1,1,1,0,1,6.0177,6.0177,6.0177,6.0177,6.4208,12.3552,,,,,,,0,on,1,1.5000
1786353694.655368,0,1,,,,,,,,,,,,,,1541,1472,1419,1425,1361,954,0,26,24,10,0,0,1,1,1,1,0,1,6.0177,6.0177,6.0177,6.0177,6.4208,12.3552,,,,,,,0,on,1,1.5000
1786353694.687520,0,1,,,,,,,,,,,,,,1540,1464,1416,1425,1361,953,19,0,24,0,0,25,1,1,1,1,0,1,6.0177,6.0177,6.0177,6.0177,6.4208,12.3552,,,,,,,0,on,1,1.5000
1786353694.719498,0,1,,,,,,,,,,,,,,1539,1464,1415,1425,1361,953,18,0,20,0,0,63,1,1,1,1,0,1,6.0177,6.0177,6.0177,6.0177,6.4208,12.3552,,,,,,,0,on,1,1.5000
1786353694.755438,0,1,,,,,,,,,,,,,,1539,1464,1414,1425,1361,951,0,0,0,8,18,27,1,1,1,1,0,1,6.0177,6.0177,6.0177,6.0177,6.4208,12.3552,,,,,,,0,on,1,1.5000
1786353694.787401,0,1,,,,,,,,,,,,,,1539,1465,1414,1425,1362,951,8,0,0,10,0,51,1,1,1,1,1,1,6.0177,6.0177,6.0177,6.0177,6.4208,12.3552,,,,,,,0,on,1,1.5000
1786353694.819411,0,1,,,,,,,,,,,,,,1540,1464,1414,1425,1362,951,11,0,0,13,0,69,1,1,1,1,1,1,6.0177,6.0177,6.0177,6.0177,6.4208,12.3552,,,,,,,0,on,1,1.5000
1786353694.857580,0,1,,,,,,,,,,,,,,1539,1464,1414,1424,1362,945,23,0,0,11,0,51,1,1,1,1,1,1,6.0177,6.0177,6.0177,6.0177,6.4208,12.3552,,,,,,,0,on,1,1.5000
1786353694.887454,0,1,,,,,,,,,,,,,,1538,1464,1414,1424,1362,945,0,0,0,0,0,53,1,1,1,1,1,1,6.0177,6.0177,6.0177,6.0177,6.4208,12.3552,,,,,,,0,on,1,1.5000
1786353694.919444,0,1,,,,,,,,,,,,,,1538,1464,1414,1424,1362,944,0,0,0,0,0,0,1,1,1,1,1,1,6.0177,6.0177,6.0177,6.0177,6.4208,12.3552,,,,,,,0,on,1,1.5000
1786353694.955335,0,1,,,,,,,,,,,,,,1538,1464,1414,1424,1362,944,0,0,0,0,0,0,1,1,1,1,1,1,6.0177,6.0177,6.0177,6.0177,6.4208,12.3552,,,,,,,0,on,1,1.5000
1786353694.987382,0,1,,,,,,,,,,,,,,1538,1464,1414,1424,1362,944,0,0,0,0,0,0,1,1,1,1,1,1,6.0177,6.0177,6.0177,6.0177,6.4208,12.3552,,,,,,,0,on,1,1.5000
1786353695.019600,0,1,,,,,,,,,,,,,,1538,1464,1414,1424,1362,944,0,0,0,0,0,0,1,1,1,1,1,1,6.0177,6.0177,6.0177,6.0177,6.4208,12.3552,,,,,,,0,on,1,1.5000
1786353695.065828,0,1,,,,,,,,,,,,,,1538,1464,1414,1424,1362,944,0,23,0,0,0,0,1,1,1,1,1,1,6.0177,6.0177,6.0177,6.0177,6.4208,12.3552,,,,,,,0,on,1,1.5000
1786353695.087524,0,1,,,,,,,,,,,,,,1538,1464,1414,1424,1362,944,0,25,0,0,0,0,1,1,1,1,1,1,6.0177,6.0177,6.0177,6.0177,6.4208,12.3552,,,,,,,0,on,1,1.5000
1786353695.119413,0,1,,,,,,,,,,,,,,1538,1463,1414,1424,1362,944,0,0,0,0,0,0,1,1,1,1,1,1,6.0177,6.0177,6.0177,6.0177,6.4208,12.3552,,,,,,,0,on,1,1.5000
1786353695.155356,0,1,,,,,,,,,,,,,,1538,1463,1414,1424,1362,944,0,0,0,0,0,0,1,1,1,1,1,1,6.0177,6.0177,6.0177,6.0177,6.4208,12.3552,,,,,,,0,on,1,1.5000
1786353695.187403,0,1,,,,,,,,,,,,,,1538,1463,1414,1424,1362,944,0,0,0,0,0,0,1,1,1,1,1,1,6.0177,6.0177,6.0177,6.0177,6.4208,12.3552,,,,,,,0,on,1,1.5000
1786353695.219399,0,1,,,,,,,,,,,,,,1538,1463,1414,1424,1362,944,0,0,0,0,0,0,1,1,1,1,1,1,6.0177,6.0177,6.0177,6.0177,6.4208,12.3552,,,,,,,0,on,1,1.5000
1786353695.255432,0,1,,,,,,,,,,,,,,1538,1463,1414,1424,1362,944,0,23,0,0,0,0,1,1,1,1,1,1,6.0177,6.0177,6.0177,6.0177,6.4208,12.3552,,,,,,,0,on,1,1.5000
1786353695.287422,0,1,,,,,,,,,,,,,,1538,1463,1414,1424,1362,944,0,10,0,0,0,0,1,1,1,1,1,1,6.0177,6.0177,6.0177,6.0177,6.4208,12.3552,,,,,,,0,on,1,1.5000
1786353695.319465,0,1,,,,,,,,,,,,,,1538,1463,1414,1424,1362,944,0,28,0,0,0,0,1,1,1,1,1,1,6.0177,6.0177,6.0177,6.0177,6.4208,12.3552,,,,,,,0,on,1,1.5000
1786353695.355367,0,1,,,,,,,,,,,,,,1538,1462,1414,1424,1362,944,0,24,0,0,0,0,1,1,1,1,1,1,6.0177,6.0177,6.0177,6.0177,6.4208,12.3552,,,,,,,0,on,1,1.5000
1786353695.387414,0,1,,,,,,,,,,,,,,1538,1461,1414,1424,1362,944,0,21,0,0,0,0,1,1,1,1,1,1,6.0177,6.0177,6.0177,6.0177,6.4208,12.3552,,,,,,,0,on,1,1.5000
1786353695.419394,0,1,,,,,,,,,,,,,,1538,1461,1414,1424,1362,944,0,22,0,0,0,0,1,1,1,1,1,1,6.0177,6.0177,6.0177,6.0177,6.4208,12.3552,,,,,,,0,on,1,1.5000
1786353695.455380,0,1,,,,,,,,,,,,,,1538,1461,1414,1424,1362,944,0,0,0,0,0,0,1,1,1,1,1,1,6.0177,6.0177,6.0177,6.0177,6.4208,12.3552,,,,,,,0,on,1,1.5000
1786353695.487360,0,1,,,,,,,,,,,,,,1538,1461,1414,1424,1362,944,0,0,0,0,0,0,1,1,1,1,1,1,6.0177,6.0177,6.0177,6.0177,6.4208,12.3552,,,,,,,0,on,1,1.5000
1786353695.519343,0,1,,,,,,,,,,,,,,1538,1461,1414,1424,1362,944,0,0,0,0,0,0,1,1,1,1,1,1,6.0177,6.0177,6.0177,6.0177,6.4208,12.3552,,,,,,,0,on,1,1.5000
1786353695.555418,0,1,,,,,,,,,,,,,,1538,1461,1414,1424,1362,944,0,0,0,0,0,0,1,1,1,1,1,1,6.0177,6.0177,6.0177,6.0177,6.4208,12.3552,,,,,,,0,on,1,1.5000
1786353695.587408,0,1,,,,,,,,,,,,,,1538,1461,1414,1424,1362,944,0,0,0,0,0,0,1,1,1,1,1,1,6.0177,6.0177,6.0177,6.0177,6.4208,12.3552,,,,,,,0,on,1,1.5000
1786353695.619450,0,1,,,,,,,,,,,,,,1538,1461,1414,1424,1362,944,0,0,0,0,0,0,1,1,1,1,1,1,6.0177,6.0177,6.0177,6.0177,6.4208,12.3552,,,,,,,0,on,1,1.5000
1786353695.655404,0,1,,,,,,,,,,,,,,1538,1461,1414,1424,1362,944,0,0,0,0,0,0,1,1,1,1,1,1,6.0177,6.0177,6.0177,6.0177,6.4208,12.3552,,,,,,,0,on,1,1.5000
1786353695.687391,0,1,,,,,,,,,,,,,,1538,1461,1414,1424,1362,944,0,0,0,0,0,0,1,1,1,1,1,1,6.0177,6.0177,6.0177,6.0177,6.4208,12.3552,,,,,,,0,on,1,1.5000
1786353695.719381,0,1,,,,,,,,,,,,,,1538,1461,1414,1424,1362,944,0,0,0,0,0,0,1,1,1,1,1,1,6.0177,6.0177,6.0177,6.0177,6.4208,12.3552,,,,,,,0,on,1,1.5000
1786353695.755387,0,1,,,,,,,,,,,,,,1538,1461,1414,1424,1362,944,0,0,0,0,0,0,1,1,1,1,1,1,6.0177,6.0177,6.0177,6.0177,6.4208,12.3552,,,,,,,0,on,1,1.5000
1786353695.787402,0,1,,,,,,,,,,,,,,1538,1461,1414,1424,1362,944,0,0,0,0,0,0,1,1,1,1,1,1,6.0177,6.0177,6.0177,6.0177,6.4208,12.3552,,,,,,,0,on,1,1.5000
1786353695.819439,0,1,,,,,,,,,,,,,,1538,1461,1414,1424,1362,944,0,0,0,0,0,0,1,1,1,1,1,1,6.0177,6.0177,6.0177,6.0177,6.4208,12.3552,,,,,,,0,on,1,1.5000
1786353695.855228,0,1,,,,,,,,,,,,,,1538,1461,1414,1424,1362,944,0,0,0,0,0,0,1,1,1,1,1,1,6.0177,6.0177,6.0177,6.0177,6.4208,12.3552,,,,,,,0,on,1,1.5000
1786353695.887270,0,1,,,,,,,,,,,,,,1538,1461,1414,1424,1362,944,0,0,0,0,0,0,1,1,1,1,1,1,6.0177,6.0177,6.0177,6.0177,6.4208,12.3552,,,,,,,0,on,1,1.5000
1786353695.919245,0,1,,,,,,,,,,,,,,1538,1461,1414,1424,1362,944,0,0,0,0,0,0,1,1,1,1,1,1,6.0177,6.0177,6.0177,6.0177,6.4208,12.3552,,,,,,,0,on,1,1.5000
1786353695.955312,0,1,,,,,,,,,,,,,,1538,1461,1414,1424,1362,944,0,0,0,0,0,0,1,1,1,1,1,1,6.0177,6.0177,6.0177,6.0177,6.4208,12.3552,,,,,,,0,on,1,1.5000
1786353695.987273,0,1,,,,,,,,,,,,,,1538,1461,1414,1424,1362,944,0,0,0,0,0,0,1,1,1,1,1,1,6.0177,6.0177,6.0177,6.0177,6.4208,12.3552,,,,,,,0,on,1,1.5000
1786353696.019302,0,1,,,,,,,,,,,,,,1538,1461,1414,1424,1362,944,0,0,0,0,0,0,1,1,1,1,1,1,6.0177,6.0177,6.0177,6.0177,6.4208,12.3552,,,,,,,0,on,1,1.5000
1786353696.055295,0,1,,,,,,,,,,,,,,1538,1461,1414,1424,1362,944,0,0,0,0,0,0,1,1,1,1,1,1,6.0177,6.0177,6.0177,6.0177,6.4208,12.3552,,,,,,,0,on,1,1.5000
1786353696.087302,0,1,,,,,,,,,,,,,,1538,1461,1414,1424,1362,944,0,0,0,0,0,0,1,1,1,1,1,1,6.0177,6.0177,6.0177,6.0177,6.4208,12.3552,,,,,,,0,on,1,1.5000
1786353696.119257,0,1,,,,,,,,,,,,,,1538,1461,1414,1424,1362,944,0,0,0,0,0,0,1,1,1,1,1,1,6.0177,6.0177,6.0177,6.0177,6.4208,12.3552,,,,,,,0,on,1,1.5000
1786353696.155227,0,1,,,,,,,,,,,,,,1538,1461,1414,1424,1362,944,0,0,0,0,0,0,1,1,1,1,1,1,6.0177,6.0177,6.0177,6.0177,6.4208,12.3552,,,,,,,0,on,1,1.5000
1786353696.187302,0,1,,,,,,,,,,,,,,1538,1461,1414,1424,1362,944,0,0,0,0,0,0,1,1,1,1,1,1,6.0177,6.0177,6.0177,6.0177,6.4208,12.3552,,,,,,,0,on,1,1.5000
1786353696.219271,0,1,,,,,,,,,,,,,,1538,1461,1414,1424,1362,944,0,0,0,0,0,0,1,1,1,1,1,1,6.0177,6.0177,6.0177,6.0177,6.4208,12.3552,,,,,,,0,on,1,1.5000
1786353696.255252,0,1,,,,,,,,,,,,,,1538,1461,1414,1424,1362,944,0,0,0,0,0,0,1,1,1,1,1,1,6.0177,6.0177,6.0177,6.0177,6.4208,12.3552,,,,,,,0,on,1,1.5000
1786353696.287261,0,1,,,,,,,,,,,,,,1538,1461,1414,1424,1362,944,0,0,0,0,0,0,1,1,1,1,1,1,6.0177,6.0177,6.0177,6.0177,6.4208,12.3552,,,,,,,0,on,1,1.5000
1786353696.319258,0,1,,,,,,,,,,,,,,1538,1461,1414,1424,1362,944,0,0,0,0,0,0,1,1,1,1,1,1,6.0177,6.0177,6.0177,6.0177,6.4208,12.3552,,,,,,,0,on,1,1.5000
1786353696.359717,1,0,hand looks flipped,1713.0000,1555.0000,1498.0000,1644.0000,1375.0000,1850.0000,61.947,88.182,97.704,73.485,26.087,-77.001,1538,1461,1414,1424,1362,944,0,0,0,0,0,0,1,1,1,1,1,1,6.0177,6.0177,6.0177,6.0177,6.4208,12.3552,1574.1950,1474.7705,1414.4376,1475.5443,1362.2811,945.2521,0,on,1,1.5000
1786353696.383331,1,0,hand looks flipped,1708.0000,1392.0000,1361.0000,1560.0000,1375.0000,1850.0000,62.801,115.352,120.430,87.338,26.437,-125.485,1538,1461,1414,1424,1362,944,0,0,0,0,0,0,1,1,1,1,1,1,6.0177,6.0177,6.0177,6.0177,6.4208,12.3552,1598.4246,1474.7705,1414.4376,1488.1845,1362.2811,945.2521,0,on,1,1.5000
1786353696.415220,1,0,hand looks flipped,1614.0000,1478.0000,1490.0000,1568.0000,1375.0000,1850.0000,78.482,100.961,99.017,86.144,26.835,-129.470,1538,1461,1414,1424,1362,944,0,0,0,0,0,0,1,1,1,1,1,1,6.0177,6.0177,6.0177,6.0177,6.4208,12.3552,1598.4246,1474.7705,1414.4376,1504.0429,1362.2811,945.2521,0,on,1,1.5000
1786353696.451137,1,0,hand looks flipped,1511.0000,1405.0000,1457.0000,1484.0000,1375.0000,1850.0000,95.506,113.127,104.593,99.967,23.468,-128.940,1538,1461,1414,1424,1362,944,0,0,0,0,0,0,1,1,1,1,1,1,6.0177,6.0177,6.0177,6.0177,6.4208,12.3552,1598.4246,1462.7806,1414.4376,1504.0429,1362.2811,945.2521,0,on,1,1.5000
1786353696.483195,1,0,hand looks flipped,1496.0000,1364.0000,1382.0000,1389.0000,1375.0000,1850.0000,98.075,120.001,117.052,115.859,21.282,-108.133,1538,1461,1414,1424,1362,944,0,0,0,0,0,0,1,1,1,1,1,1,6.0177,6.0177,6.0177,6.0177,6.4208,12.3552,1583.2280,1445.9351,1414.4376,1490.3628,1362.2811,945.2521,0,on,1,1.5000
1786353696.515186,1,0,hand looks flipped,1361.0000,1270.0000,1349.0000,1299.0000,1356.0000,1850.0000,120.422,135.572,122.451,130.748,35.515,-109.099,1538,1461,1414,1424,1362,944,0,0,0,0,0,0,1,1,1,1,1,1,6.0177,6.0177,6.0177,6.0177,6.4208,12.3552,1518.9181,1398.9339,1414.4376,1442.3265,1362.2811,945.2521,0,on,1,1.5000
1786353696.551136,1,1,,1576.0000,1467.0000,1517.0000,1443.0000,1352.0000,1850.0000,84.789,102.819,94.528,106.771,36.110,-10.361,1538,1461,1414,1424,1362,944,0,0,0,0,0,0,1,1,1,1,1,1,6.0177,6.0177,6.0177,6.0177,6.4208,12.3552,1518.9181,1398.9339,1414.4376,1442.3265,1362.2811,1443.7699,0,on,1,1.5000
1786353696.583285,0,1,,,,,,,,,,,,,,1538,1461,1414,1424,1362,944,0,0,0,0,0,0,1,1,1,1,1,1,6.0177,6.0177,6.0177,6.0177,6.4208,12.3552,,,,,,,0,on,1,1.5000
1786353696.659563,1,0,hand looks flipped,1548.0000,1452.0000,1385.0000,1417.0000,1306.0000,1850.0000,89.335,105.313,116.498,111.187,43.204,-42.156,1538,1461,1414,1424,1362,944,0,0,0,0,0,0,1,1,1,1,1,1,6.0177,6.0177,6.0177,6.0177,6.4208,12.3552,1528.4310,1398.9339,1414.4376,1442.3265,1362.2811,1443.7699,0,on,1,1.5000
1786353696.679252,1,1,,1727.0000,1817.0000,1745.0000,1739.0000,1375.0000,1112.0000,59.718,44.732,56.655,57.633,31.645,75.602,1538,1461,1414,1424,1362,944,0,0,0,0,0,0,1,1,1,1,1,1,6.0177,6.0177,6.0177,6.0177,6.4208,12.3552,1561.5799,1531.7926,1503.8231,1504.4777,1362.2811,1411.8024,0,on,1,1.5000
1786353696.703145,1,0,handedness unsure,1811.0000,1748.0000,1775.0000,1751.0000,1235.0000,947.0000,45.681,56.247,51.716,55.742,54.305,88.951,1538,1461,1414,1424,1362,944,0,0,0,0,0,0,1,1,1,1,1,1,6.0177,6.0177,6.0177,6.0177,6.4208,12.3552,1638.8376,1611.7945,1603.3936,1587.5030,1362.2811,1411.8024,0,on,1,1.5000
1786353696.731052,0,1,,,,,,,,,,,,,,1538,1461,1414,1424,1362,944,0,0,0,0,0,0,1,1,1,1,1,1,6.0177,6.0177,6.0177,6.0177,6.4208,12.3552,,,,,,,0,on,1,1.5000
1786353696.778142,1,0,hand looks flipped,1683.0000,1743.0000,1719.0000,1739.0000,1375.0000,1850.0000,66.903,57.013,60.996,57.601,22.453,-135.001,1538,1461,1414,1424,1362,944,0,0,0,0,0,0,1,1,1,1,1,1,6.0177,6.0177,6.0177,6.0177,6.4208,12.3552,1654.7942,1673.2224,1656.2506,1656.5508,1362.2811,1411.8024,0,on,1,1.5000
1786353696.792917,1,0,hand looks flipped,1705.0000,1696.0000,1599.0000,1633.0000,1375.0000,1850.0000,63.292,64.854,80.905,75.198,24.728,-126.387,1538,1461,1414,1424,1362,944,0,0,0,0,0,0,1,1,1,1,1,1,6.0177,6.0177,6.0177,6.0177,6.4208,12.3552,1654.7942,1673.2224,1656.2506,1656.5508,1362.2811,1411.8024,0,on,1,1.5000
1786353696.820663,1,0,hand looks flipped,1808.0000,1742.0000,1631.0000,1654.0000,1375.0000,1850.0000,46.188,57.237,75.691,71.725,16.736,-129.657,1538,1461,1414,1424,1362,944,0,0,0,0,0,0,1,1,1,1,1,1,6.0177,6.0177,6.0177,6.0177,6.4208,12.3552,1698.5190,1690.3771,1656.2506,1656.5508,1362.2811,1411.8024,0,on,1,1.5000
1786353696.851235,0,1,,,,,,,,,,,,,,1538,1461,1414,1424,1362,944,0,0,0,0,0,0,1,1,1,1,1,1,6.0177,6.0177,6.0177,6.0177,6.4208,12.3552,,,,,,,0,on,1,1.5000
1786353696.894034,0,1,,,,,,,,,,,,,,1538,1461,1414,1424,1362,944,0,0,0,0,0,0,1,1,1,1,1,1,6.0177,6.0177,6.0177,6.0177,6.4208,12.3552,,,,,,,0,on,1,1.5000
1786353696.925796,0,1,,,,,,,,,,,,,,1538,1461,1414,1424,1362,944,0,0,0,0,0,0,1,1,1,1,1,1,6.0177,6.0177,6.0177,6.0177,6.4208,12.3552,,,,,,,0,on,1,1.5000
1786353696.959934,0,1,,,,,,,,,,,,,,1538,1461,1414,1424,1362,944,0,0,0,0,0,0,1,1,1,1,1,1,6.0177,6.0177,6.0177,6.0177,6.4208,12.3552,,,,,,,0,on,1,1.5000
1786353696.991718,0,1,,,,,,,,,,,,,,1538,1461,1414,1424,1362,944,0,0,0,0,0,0,1,1,1,1,1,1,6.0177,6.0177,6.0177,6.0177,6.4208,12.3552,,,,,,,0,on,1,1.5000
