t,seen,trust,why,tgt_pinky,tgt_ring,tgt_middle,tgt_index,tgt_thumb_bend,tgt_thumb_rot,curl_pinky,curl_ring,curl_middle,curl_index,thumb_flexion,opposition,ang_pinky,ang_ring,ang_middle,ang_index,ang_thumb_bend,ang_thumb_rot,cur_pinky,cur_ring,cur_middle,cur_index,cur_thumb_bend,cur_thumb_rot,gain_pinky,gain_ring,gain_middle,gain_index,gain_thumb_bend,gain_thumb_rot,sent_pinky,sent_ring,sent_middle,sent_index,sent_thumb_bend,sent_thumb_rot,sent,mode,applying
1786105425.885712,0,1,,,,,,,,,,,,,,1342,1399,1466,1364,1375,1371,0,0,0,0,0,0,4.9908,4.9908,4.9908,4.9908,10.0990,4.5916,,,,,,,0,on,1
1786105425.910842,0,1,,,,,,,,,,,,,,1343,1399,1466,1364,1375,1371,0,0,0,0,0,0,4.9908,4.9908,4.9908,4.9908,10.0990,4.5916,,,,,,,0,on,1
1786105425.936340,0,1,,,,,,,,,,,,,,1343,1399,1466,1364,1375,1371,0,0,0,0,0,0,4.9908,4.9908,4.9908,4.9908,10.0990,4.5916,,,,,,,0,on,1
1786105425.967605,0,1,,,,,,,,,,,,,,1343,1399,1466,1364,1375,1371,0,0,0,0,0,0,4.9908,4.9908,4.9908,4.9908,10.0990,4.5916,,,,,,,0,on,1
1786105426.002984,0,1,,,,,,,,,,,,,,1342,1399,1466,1364,1375,1371,0,0,0,0,0,0,4.9908,4.9908,4.9908,4.9908,10.0990,4.5916,,,,,,,0,on,1
1786105426.034991,0,1,,,,,,,,,,,,,,1343,1399,1466,1364,1375,1371,0,0,0,0,0,0,4.9908,4.9908,4.9908,4.9908,10.0990,4.5916,,,,,,,0,on,1
1786105426.072198,0,1,,,,,,,,,,,,,,1342,1399,1466,1364,1375,1371,0,0,0,0,0,0,4.9908,4.9908,4.9908,4.9908,10.0990,4.5916,,,,,,,0,on,1
1786105426.103077,0,1,,,,,,,,,,,,,,1342,1399,1466,1364,1375,1371,0,0,0,0,0,0,4.9908,4.9908,4.9908,4.9908,10.0990,4.5916,,,,,,,0,on,1
1786105426.135055,0,1,,,,,,,,,,,,,,1342,1399,1466,1364,1375,1371,0,0,0,0,0,0,4.9908,4.9908,4.9908,4.9908,10.0990,4.5916,,,,,,,0,on,1
1786105426.167008,0,1,,,,,,,,,,,,,,1342,1399,1466,1364,1375,1371,0,0,0,0,0,0,4.9908,4.9908,4.9908,4.9908,10.0990,4.5916,,,,,,,0,on,1
1786105426.202928,0,1,,,,,,,,,,,,,,1343,1399,1466,1364,1375,1371,0,0,0,0,0,0,4.9908,4.9908,4.9908,4.9908,10.0990,4.5916,,,,,,,0,on,1
1786105426.234891,0,1,,,,,,,,,,,,,,1343,1399,1466,1364,1375,1371,0,0,0,0,0,0,4.9908,4.9908,4.9908,4.9908,10.0990,4.5916,,,,,,,0,on,1
1786105426.266944,0,1,,,,,,,,,,,,,,1343,1399,1466,1364,1375,1371,0,0,0,0,0,0,4.9908,4.9908,4.9908,4.9908,10.0990,4.5916,,,,,,,0,on,1
1786105426.302956,0,1,,,,,,,,,,,,,,1342,1399,1466,1364,1375,1371,0,0,0,0,0,0,4.9908,4.9908,4.9908,4.9908,10.0990,4.5916,,,,,,,0,on,1
1786105426.335037,0,1,,,,,,,,,,,,,,1343,1399,1466,1364,1375,1371,0,0,0,0,0,0,4.9908,4.9908,4.9908,4.9908,10.0990,4.5916,,,,,,,0,on,1
1786105426.366930,0,1,,,,,,,,,,,,,,1342,1399,1466,1364,1375,1371,0,0,0,0,0,0,4.9908,4.9908,4.9908,4.9908,10.0990,4.5916,,,,,,,0,on,1
1786105426.402845,0,1,,,,,,,,,,,,,,1343,1399,1466,1364,1375,1371,0,0,0,0,0,0,4.9908,4.9908,4.9908,4.9908,10.0990,4.5916,,,,,,,0,on,1
1786105426.444922,1,1,,1551.0000,1526.0000,1556.0000,1641.0000,1635.0000,1702.0000,69.120,74.129,68.224,51.275,33.429,20.375,1342,1399,1466,1364,1375,1371,0,0,0,0,0,0,4.9908,4.9908,4.9908,4.9908,10.0990,4.5916,1551.0000,1526.0000,1556.0000,1641.0000,1635.0000,1702.0000,0,on,1
1786105426.468036,1,1,,1639.0000,1566.0000,1582.0000,1671.0000,1675.0000,1799.0000,51.618,66.201,63.069,45.185,29.478,-0.780,1342,1399,1466,1364,1375,1371,0,0,0,0,0,0,4.9908,4.9908,4.9908,4.9908,10.0990,4.5916,1559.6384,1526.0000,1556.0000,1641.0000,1635.0000,1712.3339,0,on,1
1786105426.498585,1,1,,1671.0000,1549.0000,1574.0000,1642.0000,1706.0000,1740.0000,45.068,69.593,64.516,50.878,26.405,12.163,1343,1399,1466,1364,1375,1371,0,0,0,0,0,0,4.9908,4.9908,4.9908,4.9908,10.0990,4.5916,1581.0103,1526.0000,1556.0000,1641.0000,1635.0000,1712.3339,0,on,1
1786105426.530682,1,1,,1707.0000,1627.0000,1625.0000,1667.0000,1749.0000,1754.0000,38.021,53.985,54.296,46.053,22.190,9.155,1342,1399,1466,1364,1375,1371,0,0,0,0,0,0,4.9908,4.9908,4.9908,4.9908,10.0990,4.5916,1611.5062,1544.5853,1565.6038,1641.0000,1664.7905,1720.1046,0,on,1
1786105426.562675,1,1,,1732.0000,1671.0000,1695.0000,1691.0000,1694.0000,1763.0000,32.906,45.174,40.399,41.091,27.637,7.121,1343,1399,1466,1364,1375,1371,0,0,0,0,0,0,4.9908,4.9908,4.9908,4.9908,10.0990,4.5916,1642.7214,1572.4654,1592.1400,1641.0000,1664.7905,1720.1046,0,on,1
1786105426.600111,1,1,,1734.0000,1687.0000,1714.0000,1705.0000,1651.0000,1785.0000,32.613,41.904,36.503,38.357,31.824,2.324,1343,1399,1466,1364,1375,1371,0,0,0,0,0,0,4.9908,4.9908,4.9908,4.9908,10.0990,4.5916,1666.6606,1602.2042,1623.5200,1655.7017,1664.7905,1734.4530,0,on,1
1786105426.631399,1,0,handedness unsure,1719.0000,1707.0000,1745.0000,1716.0000,1589.0000,1781.0000,35.499,37.869,30.434,36.237,37.957,3.273,1342,1399,1466,1364,1375,1371,0,0,0,0,0,0,4.9908,4.9908,4.9908,4.9908,10.0990,4.5916,1676.8940,1627.2067,1653.9760,1664.0302,1664.7905,1734.4530,0,on,1
1786105426.662652,1,0,handedness unsure,1746.0000,1719.0000,1747.0000,1704.0000,1628.0000,1751.0000,30.178,35.470,29.987,38.458,34.159,9.757,1343,1399,1466,1364,1375,1371,0,0,0,0,0,0,4.9908,4.9908,4.9908,4.9908,10.0990,4.5916,1690.0798,1648.7402,1676.5312,1664.0302,1664.7905,1734.4530,0,on,1
1786105426.700597,1,1,,1698.0000,1706.0000,1738.0000,1719.0000,1608.0000,1752.0000,39.764,38.059,31.828,35.626,36.160,9.574,1342,1399,1466,1364,1375,1371,0,0,0,0,0,0,4.9908,4.9908,4.9908,4.9908,10.0990,4.5916,1690.0798,1661.4084,1690.6797,1676.6300,1664.7905,1734.4530,0,on,1
1786105426.730734,1,1,,1711.0000,1701.0000,1714.0000,1726.0000,1601.0000,1731.0000,37.131,39.234,36.576,34.211,36.828,14.030,1342,1399,1466,1364,1375,1371,0,0,0,0,0,0,4.9908,4.9908,4.9908,4.9908,10.0990,4.5916,1690.0798,1661.4084,1690.6797,1676.6300,1664.7905,1734.4530,0,on,1
1786105426.762659,1,1,,1630.0000,1724.0000,1688.0000,1764.0000,1542.0000,1734.0000,53.288,34.448,41.755,26.471,42.626,13.399,1343,1399,1466,1364,1375,1371,0,0,0,0,0,0,4.9908,4.9908,4.9908,4.9908,10.0990,4.5916,1690.0798,1676.7280,1690.6797,1696.8807,1635.2431,1734.4530,0,on,1
1786105426.798808,1,1,,1614.0000,1714.0000,1699.0000,1800.0000,1557.0000,1702.0000,56.513,36.650,39.583,19.298,41.139,20.443,1342,1399,1466,1364,1375,1371,0,0,0,0,0,0,4.9908,4.9908,4.9908,4.9908,10.0990,4.5916,1680.8628,1676.7280,1690.6797,1719.5462,1618.9798,1734.4530,0,on,1
1786105426.830755,1,1,,1664.0000,1703.0000,1696.0000,1771.0000,1558.0000,1712.0000,46.524,38.682,40.233,25.079,41.018,18.223,1343,1399,1466,1364,1375,1371,0,0,0,0,0,0,4.9908,4.9908,4.9908,4.9908,10.0990,4.5916,1680.8628,1684.5014,1690.6797,1728.6354,1618.9798,1734.4530,0,on,1
1786105426.862709,1,0,handedness unsure,1651.0000,1668.0000,1678.0000,1760.0000,1581.0000,1715.0000,49.149,45.780,43.763,27.236,38.823,17.595,1342,1399,1466,1364,1375,1371,0,0,0,0,0,0,4.9908,4.9908,4.9908,4.9908,10.0990,4.5916,1680.8628,1684.5014,1690.6797,1728.6354,1618.9798,1734.4530,0,on,1
1786105426.898685,1,1,,1645.0000,1657.0000,1675.0000,1752.0000,1578.0000,1678.0000,50.407,47.983,44.341,28.887,39.064,25.682,1343,1399,1466,1364,1375,1371,0,0,0,0,0,0,4.9908,4.9908,4.9908,4.9908,10.0990,4.5916,1680.8628,1684.5014,1690.6797,1728.6354,1603.4790,1727.1726,0,on,1
1786105426.930718,1,1,,1648.0000,1633.0000,1632.0000,1678.0000,1615.0000,1660.0000,49.751,52.845,52.982,43.832,35.412,29.525,1342,1399,1466,1364,1375,1371,0,0,0,0,0,0,4.9908,4.9908,4.9908,4.9908,10.0990,4.5916,1671.3757,1684.5014,1690.6797,1728.6354,1603.4790,1717.9407,0,on,1
1786105426.964414,1,1,,1525.0000,1564.0000,1598.0000,1595.0000,1654.0000,1714.0000,74.503,66.582,59.716,60.382,31.565,17.832,1342,1399,1466,1364,1375,1371,0,0,0,0,0,0,4.9908,4.9908,4.9908,4.9908,10.0990,4.5916,1640.2569,1658.1183,1672.3516,1708.4479,1603.4790,1717.9407,0,on,1
1786105426.999409,1,1,,1445.0000,1510.0000,1482.0000,1501.0000,1680.0000,1728.0000,90.527,77.419,82.994,79.171,28.955,14.710,1342,1399,1466,1364,1375,1371,0,0,0,0,0,0,4.9908,4.9908,4.9908,4.9908,10.0990,4.5916,1580.4655,1620.1246,1618.6211,1645.7861,1603.4790,1717.9407,0,on,1
1786105427.031333,1,1,,1299.0000,1217.0000,1243.0000,1328.0000,1537.0000,1668.0000,119.696,136.087,130.825,113.827,43.136,27.921,1343,1399,1466,1364,1375,1371,0,0,0,0,0,0,4.9908,4.9908,4.9908,4.9908,10.0990,4.5916,1472.5828,1448.2992,1460.2676,1518.5246,1603.4790,1717.9407,0,on,1
1786105427.062756,1,1,,1149.0000,1093.0000,1161.0000,1199.0000,1242.0000,1692.0000,149.768,160.979,147.437,139.666,72.311,22.674,1342,1399,1466,1364,1375,1371,0,0,0,0,0,0,4.9908,4.9908,4.9908,4.9908,10.0990,4.5916,1329.2960,1279.4652,1325.4278,1375.0805,1480.7137,1717.9407,0,on,1
1786105427.099397,1,1,,1215.0000,1114.0000,1148.0000,1136.0000,1449.0000,1633.0000,136.594,156.792,149.892,152.448,51.861,35.544,1343,1399,1466,1364,1375,1371,0,0,0,0,0,0,4.9908,4.9908,4.9908,4.9908,10.0990,4.5916,1283.8487,1205.7020,1248.2100,1264.5286,1480.7137,1699.9462,0,on,1
1786105427.130579,1,0,handedness unsure,1200.0000,1121.0000,1115.0000,1157.0000,1630.0000,1619.0000,139.559,155.375,156.530,148.238,33.895,38.579,1343,1399,1466,1364,1375,1371,0,0,0,0,0,0,4.9908,4.9908,4.9908,4.9908,10.0990,4.5916,1258.4319,1177.2807,1200.6208,1225.7918,1480.7137,1699.9462,0,on,1
1786105427.162658,0,1,,,,,,,,,,,,,,1342,1399,1466,1364,1375,1371,0,0,0,0,0,0,4.9908,4.9908,4.9908,4.9908,10.0990,4.5916,,,,,,,0,on,1
1786105427.202822,0,1,,,,,,,,,,,,,,1343,1399,1466,1364,1375,1371,0,0,0,0,0,0,4.9908,4.9908,4.9908,4.9908,10.0990,4.5916,,,,,,,0,on,1
1786105427.239405,1,0,hand looks flipped,1340.0000,1212.0000,1374.0000,1470.0000,1753.0000,1850.0000,111.565,137.228,104.691,85.448,21.770,-142.416,1342,1399,1466,1364,1375,1371,0,0,0,0,0,0,4.9908,4.9908,4.9908,4.9908,10.0990,4.5916,1271.9894,1186.2228,1218.5847,1239.3765,1480.7137,1699.9462,0,on,1
1786105427.263479,1,0,hand looks flipped,1170.0000,1148.0000,1127.0000,1372.0000,1434.0000,1850.0000,145.574,149.932,154.170,104.991,53.391,-109.411,1342,1399,1466,1364,1375,1371,0,0,0,0,0,0,4.9908,4.9908,4.9908,4.9908,10.0990,4.5916,1257.2500,1186.2228,1207.5085,1258.9651,1480.7137,1699.9462,0,on,1
1786105427.298587,1,0,hand looks flipped,1247.0000,1247.0000,1198.0000,1384.0000,1487.0000,1850.0000,130.115,130.140,140.016,102.652,48.104,-126.714,1342,1399,1466,1364,1375,1371,0,0,0,0,0,0,4.9908,4.9908,4.9908,4.9908,10.0990,4.5916,1257.2500,1186.2228,1207.5085,1289.5319,1480.7137,1699.9462,0,on,1
1786105427.330576,1,0,hand looks flipped,1340.0000,1340.0000,1313.0000,1442.0000,1648.0000,1850.0000,111.393,111.464,116.962,91.101,32.139,-122.956,1343,1399,1466,1364,1375,1371,0,0,0,0,0,0,4.9908,4.9908,4.9908,4.9908,10.0990,4.5916,1257.2500,1212.4118,1216.2461,1331.6257,1480.7137,1699.9462,0,on,1
1786105427.362638,1,0,hand looks flipped,1424.0000,1404.0000,1405.0000,1493.0000,1732.0000,1850.0000,94.622,98.639,98.436,80.769,23.882,-172.276,1342,1399,1466,1364,1375,1371,0,0,0,0,0,0,4.9908,4.9908,4.9908,4.9908,10.0990,4.5916,1294.7485,1267.3196,1262.5789,1381.1209,1480.7137,1699.9462,0,on,1
1786105427.398748,1,0,hand looks flipped,1703.0000,1648.0000,1575.0000,1667.0000,1546.0000,1850.0000,38.677,49.841,64.475,46.022,42.300,-119.276,1342,1399,1466,1364,1375,1371,0,0,0,0,0,0,4.9908,4.9908,4.9908,4.9908,10.0990,4.5916,1472.6499,1437.8614,1387.2960,1498.2290,1480.7137,1699.9462,0,on,1
1786105427.430572,1,0,hand looks flipped,1808.0000,1656.0000,1587.0000,1732.0000,1663.0000,1850.0000,17.623,48.215,62.044,32.940,30.671,-132.553,1343,1399,1466,1364,1375,1371,0,0,0,0,0,0,4.9908,4.9908,4.9908,4.9908,10.0990,4.5916,1626.8083,1528.1635,1462.8526,1592.0666,1480.7137,1699.9462,0,on,1
1786105427.462699,1,1,,1806.0000,1814.0000,1790.0000,1635.0000,1717.0000,1586.0000,18.167,16.426,21.268,52.293,25.353,45.675,1342,1399,1466,1364,1375,1371,0,0,0,0,0,0,4.9908,4.9908,4.9908,4.9908,10.0990,4.5916,1702.4922,1655.2196,1608.6104,1605.1707,1508.0176,1677.1127,0,on,1
1786105427.498595,1,0,hand looks flipped,1720.0000,1662.0000,1647.0000,1664.0000,1617.0000,1850.0000,35.363,46.990,50.029,46.566,35.204,-56.781,1343,1399,1466,1364,1375,1371,0,0,0,0,0,0,4.9908,4.9908,4.9908,4.9908,10.0990,4.5916,1702.4922,1655.2196,1621.9833,1620.4566,1508.0176,1677.1127,0,on,1
1786105427.530653,1,0,hand looks flipped,1829.0000,1671.0000,1700.0000,1662.0000,1705.0000,1699.0000,13.595,45.157,39.437,46.924,26.484,21.155,1342,1399,1466,1364,1375,1371,0,0,0,0,0,0,4.9908,4.9908,4.9908,4.9908,10.0990,4.5916,1742.7100,1655.2196,1643.3942,1628.3985,1508.0176,1677.1127,0,on,1
1786105427.562724,1,0,hand looks flipped,1772.0000,1607.0000,1610.0000,1544.0000,1803.0000,1829.0000,24.928,57.973,57.403,70.638,16.761,-7.331,1342,1399,1466,1364,1375,1371,0,0,0,0,0,0,4.9908,4.9908,4.9908,4.9908,10.0990,4.5916,1742.7100,1655.2196,1643.3942,1628.3985,1508.0176,1677.1127,0,on,1
1786105427.598769,1,0,hand looks flipped,1718.0000,1481.0000,1558.0000,1381.0000,1792.0000,1850.0000,35.670,83.309,67.861,103.226,17.921,-20.751,1343,1399,1466,1364,1375,1371,0,0,0,0,0,0,4.9908,4.9908,4.9908,4.9908,10.0990,4.5916,1742.7100,1623.1571,1635.5817,1559.9598,1508.0176,1677.1127,0,on,1
1786105427.630846,1,0,hand looks flipped,1721.0000,1442.0000,1503.0000,1381.0000,1675.0000,1850.0000,35.231,91.089,78.775,103.174,29.450,-14.986,1342,1399,1466,1364,1375,1371,0,0,0,0,0,0,4.9908,4.9908,4.9908,4.9908,10.0990,4.5916,1742.7100,1573.8347,1612.6036,1505.2810,1508.0176,1677.1127,0,on,1
1786105427.662707,1,0,hand looks flipped,1730.0000,1420.0000,1390.0000,1459.0000,1770.0000,1850.0000,33.269,95.361,101.515,87.570,20.072,-51.180,1343,1399,1466,1364,1375,1371,0,0,0,0,0,0,4.9908,4.9908,4.9908,4.9908,10.0990,4.5916,1742.7100,1527.9000,1545.5513,1494.2811,1508.0176,1677.1127,0,on,1
1786105427.698710,1,0,hand looks flipped,1758.0000,1455.0000,1393.0000,1344.0000,1806.0000,1850.0000,27.824,88.368,100.813,110.617,16.556,-21.935,1342,1399,1466,1364,1375,1371,0,0,0,0,0,0,4.9908,4.9908,4.9908,4.9908,10.0990,4.5916,1742.7100,1508.3398,1495.4695,1450.2360,1508.0176,1677.1127,0,on,1
1786105427.730686,1,0,hand looks flipped,1768.0000,1512.0000,1465.0000,1467.0000,1821.0000,1771.0000,25.769,76.959,86.487,86.129,14.994,5.466,1343,1399,1466,1364,1375,1371,0,0,0,0,0,0,4.9908,4.9908,4.9908,4.9908,10.0990,4.5916,1742.7100,1508.3398,1495.4695,1450.2360,1508.0176,1677.1127,0,on,1
1786105427.762743,1,0,hand looks flipped,1786.0000,1487.0000,1387.0000,1429.0000,1699.0000,1743.0000,22.080,81.937,102.094,93.667,27.124,11.497,1343,1399,1466,1364,1375,1371,0,0,0,0,0,0,4.9908,4.9908,4.9908,4.9908,10.0990,4.5916,1742.7100,1508.3398,1464.7943,1450.2360,1508.0176,1677.1127,0,on,1
1786105427.798911,1,0,hand looks flipped,1780.0000,1728.0000,1595.0000,1661.0000,1792.0000,1730.0000,23.334,33.763,60.480,47.088,17.928,14.284,1343,1399,1466,1364,1375,1371,0,0,0,0,0,0,4.9908,4.9908,4.9908,4.9908,10.0990,4.5916,1752.1540,1553.3076,1464.7943,1492.1171,1508.0176,1677.1127,0,on,1
1786105427.830733,0,1,,,,,,,,,,,,,,1342,1399,1466,1364,1375,1371,0,0,0,0,0,0,4.9908,4.9908,4.9908,4.9908,10.0990,4.5916,,,,,,,0,on,1
1786105427.876612,0,1,,,,,,,,,,,,,,1343,1399,1466,1364,1375,1371,0,0,0,0,0,0,4.9908,4.9908,4.9908,4.9908,10.0990,4.5916,,,,,,,0,on,1
1786105427.914893,0,1,,,,,,,,,,,,,,1343,1399,1466,1364,1375,1371,0,0,0,0,0,0,4.9908,4.9908,4.9908,4.9908,10.0990,4.5916,,,,,,,0,on,1
1786105427.939193,1,0,handedness unsure,1574.0000,1620.0000,1509.0000,1578.0000,1692.0000,1389.0000,64.589,55.389,77.618,63.791,27.814,88.586,1342,1399,1466,1364,1375,1371,0,0,0,0,0,0,4.9908,4.9908,4.9908,4.9908,10.0990,4.5916,1710.3125,1569.7939,1472.7784,1514.5141,1508.0176,1677.1127,0,on,1
1786105427.962830,1,1,,1647.0000,1736.0000,1571.0000,1557.0000,1634.0000,1351.0000,50.016,32.206,65.263,67.918,33.492,96.894,1343,1399,1466,1364,1375,1371,0,0,0,0,0,0,4.9908,4.9908,4.9908,4.9908,10.0990,4.5916,1702.2534,1605.2460,1485.0797,1514.5141,1531.5790,1568.3726,0,on,1
1786105428.004116,1,1,,1600.0000,1787.0000,1611.0000,1507.0000,1539.0000,1366.0000,59.465,21.902,57.130,78.006,42.909,93.665,1342,1399,1466,1364,1375,1371,0,0,0,0,0,0,4.9908,4.9908,4.9908,4.9908,10.0990,4.5916,1678.9469,1668.1904,1516.3785,1514.5141,1531.5790,1481.0386,0,on,1
1786105428.033186,1,1,,1608.0000,1784.0000,1601.0000,1554.0000,1608.0000,1340.0000,57.847,22.503,59.288,68.658,36.072,99.215,1342,1399,1466,1364,1375,1371,0,0,0,0,0,0,4.9908,4.9908,4.9908,4.9908,10.0990,4.5916,1666.2457,1699.6522,1533.3389,1514.5141,1531.5790,1434.0391,0,on,1
1786105428.062877,1,1,,1609.0000,1784.0000,1626.0000,1585.0000,1628.0000,1354.0000,57.554,22.437,54.102,62.448,34.177,96.197,1343,1399,1466,1364,1375,1371,0,0,0,0,0,0,4.9908,4.9908,4.9908,4.9908,10.0990,4.5916,1656.3737,1720.8368,1553.3247,1529.2985,1560.3333,1411.0174,0,on,1
1786105428.098897,1,0,edge-on,1599.0000,1786.0000,1629.0000,1578.0000,1672.0000,1331.0000,59.516,22.137,53.507,63.702,29.794,101.146,1343,1399,1466,1364,1375,1371,0,0,0,0,0,0,4.9908,4.9908,4.9908,4.9908,10.0990,4.5916,1645.8854,1736.4914,1570.4928,1529.2985,1560.3333,1411.0174,0,on,1
1786105428.130884,1,0,edge-on,1559.0000,1783.0000,1619.0000,1538.0000,1548.0000,1326.0000,67.541,22.763,55.554,71.807,42.022,102.230,1342,1399,1466,1364,1375,1371,0,0,0,0,0,0,4.9908,4.9908,4.9908,4.9908,10.0990,4.5916,1629.2815,1745.0417,1579.1370,1529.2985,1560.3333,1411.0174,0,on,1
1786105428.168121,1,0,edge-on,1589.0000,1778.0000,1612.0000,1576.0000,1641.0000,1326.0000,61.569,23.777,57.046,64.154,32.821,102.411,1343,1399,1466,1364,1375,1371,0,0,0,0,0,0,4.9908,4.9908,4.9908,4.9908,10.0990,4.5916,1629.2815,1745.0417,1579.1370,1540.7117,1560.3333,1411.0174,0,on,1
1786105428.198782,1,0,edge-on,1589.0000,1794.0000,1621.0000,1544.0000,1610.0000,1319.0000,61.666,20.608,55.200,70.629,35.951,103.751,1343,1399,1466,1364,1375,1371,0,0,0,0,0,0,4.9908,4.9908,4.9908,4.9908,10.0990,4.5916,1618.0529,1756.1193,1588.8229,1540.7117,1560.3333,1411.0174,0,on,1
1786105428.231352,1,0,edge-on,1586.0000,1755.0000,1572.0000,1494.0000,1571.0000,1329.0000,62.122,28.368,65.085,80.580,39.800,101.734,1343,1399,1466,1364,1375,1371,0,0,0,0,0,0,4.9908,4.9908,4.9908,4.9908,10.0990,4.5916,1618.0529,1756.1193,1588.8229,1540.7117,1560.3333,1411.0174,0,on,1
1786105428.263358,1,0,edge-on,1594.0000,1788.0000,1624.0000,1573.0000,1644.0000,1309.0000,60.541,21.753,54.509,64.787,32.594,105.930,1343,1399,1466,1364,1375,1371,0,0,0,0,0,0,4.9908,4.9908,4.9908,4.9908,10.0990,4.5916,1618.0529,1756.1193,1588.8229,1540.7117,1560.3333,1411.0174,0,on,1
1786105428.298790,1,0,edge-on,1578.0000,1734.0000,1547.0000,1480.0000,1509.0000,1291.0000,63.870,32.487,70.013,83.381,45.901,110.004,1342,1399,1466,1364,1375,1371,0,0,0,0,0,0,4.9908,4.9908,4.9908,4.9908,10.0990,4.5916,1608.6422,1756.1193,1588.8229,1540.7117,1560.3333,1411.0174,0,on,1
1786105428.331405,1,0,edge-on,1590.0000,1782.0000,1601.0000,1520.0000,1579.0000,1304.0000,61.490,22.871,59.137,75.329,38.938,107.170,1343,1399,1466,1364,1375,1371,0,0,0,0,0,0,4.9908,4.9908,4.9908,4.9908,10.0990,4.5916,1608.6422,1756.1193,1588.8229,1540.7117,1560.3333,1411.0174,0,on,1
1786105428.363390,1,0,edge-on,1588.0000,1770.0000,1604.0000,1596.0000,1590.0000,1303.0000,61.817,25.423,58.498,60.264,37.902,107.384,1343,1399,1466,1364,1375,1371,0,0,0,0,0,0,4.9908,4.9908,4.9908,4.9908,10.0990,4.5916,1608.6422,1756.1193,1588.8229,1540.7117,1560.3333,1411.0174,1,on,1
1786105428.399319,1,0,edge-on,1575.0000,1759.0000,1583.0000,1563.0000,1482.0000,1310.0000,64.391,27.630,62.705,66.809,48.541,105.794,1342,1399,1466,1364,1375,1371,0,0,0,0,0,0,4.9908,4.9908,4.9908,4.9908,10.0990,4.5916,1608.6422,1756.1193,1588.8229,1540.7117,1560.3333,1411.0174,0,on,1
1786105428.431384,1,0,edge-on,1588.0000,1725.0000,1636.0000,1622.0000,1629.0000,1343.0000,61.860,34.437,52.112,54.914,34.066,98.559,1342,1401,1470,1364,1375,1371,77,75,65,76,0,64,4.9908,4.9908,4.9908,4.9908,10.0990,4.5916,1608.6422,1756.1193,1588.8229,1551.3396,1560.3333,1411.0174,1,on,1
1786105428.462822,1,0,edge-on,1562.0000,1763.0000,1606.0000,1605.0000,1552.0000,1336.0000,67.063,26.799,58.227,58.451,41.672,100.224,1350,1410,1480,1376,1375,1375,103,80,61,52,0,62,4.9908,4.9908,4.9908,4.9908,10.0990,4.5916,1598.2465,1756.1193,1588.8229,1558.9710,1560.3333,1411.0174,1,on,1
1786105428.498775,1,0,edge-on,1579.0000,1748.0000,1609.0000,1607.0000,1567.0000,1355.0000,63.654,29.804,57.494,58.053,40.175,96.071,1377,1437,1504,1402,1375,1397,97,83,70,77,0,0,4.9908,4.9908,4.9908,4.9908,10.0990,4.5916,1598.2465,1756.1193,1588.8229,1558.9710,1560.3333,1411.0174,0,on,1
1786105428.530758,1,0,edge-on,1616.0000,1811.0000,1591.0000,1661.0000,1435.0000,1291.0000,56.125,17.165,61.189,47.182,53.274,109.956,1393,1451,1519,1418,1375,1397,88,86,81,44,0,48,4.9908,4.9908,4.9908,4.9908,10.0990,4.5916,1598.2465,1756.1193,1588.8229,1583.5518,1560.3333,1411.0174,1,on,1
1786105428.562811,1,1,,1823.0000,1503.0000,1595.0000,1452.0000,1333.0000,1226.0000,14.735,78.778,60.365,89.053,63.337,170.460,1412,1472,1538,1437,1375,1403,84,46,75,30,0,0,4.9908,4.9908,4.9908,4.9908,10.0990,4.5916,1651.7076,1696.2667,1588.8229,1574.3131,1522.7010,1348.9159,1,on,1
1786105428.600070,1,0,handedness unsure,1710.0000,1561.0000,1694.0000,1600.0000,1464.0000,1850.0000,37.261,67.214,40.507,59.314,50.323,-44.037,1431,1489,1559,1455,1375,1403,69,67,67,45,0,24,4.9908,4.9908,4.9908,4.9908,10.0990,4.5916,1664.6647,1656.6583,1609.2579,1574.3131,1522.7010,1348.9159,1,on,1
1786105428.631394,1,0,hand looks flipped,1694.0000,1698.0000,1715.0000,1686.0000,1501.0000,1850.0000,40.515,39.770,36.407,42.207,46.734,-54.014,1449,1508,1576,1472,1375,1403,64,60,13,52,0,45,4.9908,4.9908,4.9908,4.9908,10.0990,4.5916,1664.6647,1656.6583,1629.0556,1590.2977,1522.7010,1348.9159,1,on,1
1786105428.662833,1,1,,1558.0000,1692.0000,1617.0000,1641.0000,1279.0000,1271.0000,67.726,40.934,55.978,51.138,68.718,114.338,1461,1520,1579,1484,1375,1403,69,66,39,52,0,105,4.9908,4.9908,4.9908,4.9908,10.0990,4.5916,1664.6647,1656.6583,1629.0556,1590.2977,1446.9558,1327.0859,1,on,1
1786105428.699371,1,1,,1491.0000,1349.0000,1401.0000,1496.0000,1424.0000,1483.0000,81.306,109.741,99.242,80.252,54.285,68.206,1551,1556,1596,1575,1375,1334,68,0,35,43,0,26,4.9908,4.9908,4.9908,4.9908,10.0990,4.5916,1622.0690,1557.8968,1577.1133,1590.2977,1446.9558,1327.0859,1,on,1
1786105428.852179,1,1,,1335.0000,1265.0000,1340.0000,1431.0000,1414.0000,1492.0000,112.470,126.467,111.460,93.156,55.293,66.228,1556,1556,1593,1579,1375,1333,73,0,23,0,0,26,4.9908,4.9908,4.9908,4.9908,10.0990,4.5916,1496.0604,1416.8477,1481.7131,1547.4588,1446.9558,1370.9825,1,on,1
1786105428.864218,0,1,,,,,,,,,,,,,,1563,1556,1591,1580,1375,1332,63,0,22,0,0,26,4.9908,4.9908,4.9908,4.9908,10.0990,4.5916,,,,,,,0,on,1
1786105428.887618,1,1,,1260.0000,1163.0000,1168.0000,1211.0000,1593.0000,1686.0000,127.422,146.910,145.947,137.322,37.594,23.818,1574,1556,1589,1580,1375,1332,14,0,50,0,0,0,4.9908,4.9908,4.9908,4.9908,10.0990,4.5916,1409.7082,1317.3392,1356.9018,1420.0747,1446.9558,1485.1818,1,on,1
1786105428.900223,1,1,,1196.0000,1114.0000,1276.0000,1286.0000,1405.0000,1568.0000,140.333,156.831,124.351,122.271,56.245,49.604,1575,1556,1586,1580,1375,1332,11,50,62,0,0,35,4.9908,4.9908,4.9908,4.9908,10.0990,4.5916,1358.1126,1267.0267,1341.2138,1391.8328,1446.9558,1499.9571,1,on,1
1786105428.910544,0,1,,,,,,,,,,,,,,1575,1556,1586,1580,1375,1332,44,72,69,47,0,46,4.9908,4.9908,4.9908,4.9908,10.0990,4.5916,,,,,,,0,on,1
1786105428.938424,0,1,,,,,,,,,,,,,,1573,1544,1569,1576,1375,1332,117,94,85,85,0,128,4.9908,4.9908,4.9908,4.9908,10.0990,4.5916,,,,,,,0,on,1
1786105428.976057,1,1,,1294.0000,1245.0000,1286.0000,1300.0000,1141.0000,1733.0000,120.725,130.472,122.278,119.447,82.321,13.737,1548,1525,1552,1554,1375,1371,135,87,85,70,0,108,4.9908,4.9908,4.9908,4.9908,10.0990,4.5916,1330.3163,1257.9294,1320.6187,1353.4388,1334.7177,1610.1742,1,on,1
1786105428.998809,1,1,,1308.0000,1205.0000,1214.0000,1248.0000,1210.0000,1659.0000,117.918,138.512,136.646,129.899,75.507,29.731,1530,1510,1538,1536,1375,1398,121,98,86,57,0,93,4.9908,4.9908,4.9908,4.9908,10.0990,4.5916,1330.3163,1248.4772,1298.9599,1330.3304,1307.0701,1620.1014,1,on,1
1786105429.030925,1,1,,1309.0000,1217.0000,1227.0000,1290.0000,1304.0000,1625.0000,117.753,136.088,134.221,121.500,66.206,37.155,1506,1490,1518,1515,1375,1429,91,109,87,56,19,115,4.9908,4.9908,4.9908,4.9908,10.0990,4.5916,1330.3163,1248.4772,1282.1585,1321.4999,1307.0701,1620.1014,1,on,1
1786105429.062637,1,1,,1339.0000,1236.0000,1245.0000,1380.0000,1228.0000,1717.0000,111.751,132.277,130.475,103.380,73.778,17.198,1492,1476,1505,1501,1375,1449,102,110,87,69,83,118,4.9908,4.9908,4.9908,4.9908,10.0990,4.5916,1330.3163,1248.4772,1282.1585,1321.4999,1291.2564,1640.4102,1,on,1
1786105429.098692,1,1,,1390.0000,1300.0000,1378.0000,1506.0000,1438.0000,1697.0000,101.402,119.421,103.944,78.313,52.923,21.595,1471,1457,1487,1484,1371,1476,86,99,87,56,87,84,4.9908,4.9908,4.9908,4.9908,10.0990,4.5916,1330.3163,1248.4772,1282.1585,1360.6601,1291.2564,1651.4154,1,on,1
1786105429.130719,1,1,,1568.0000,1428.0000,1456.0000,1596.0000,1595.0000,1684.0000,65.810,93.796,88.278,60.248,37.389,24.296,1451,1437,1468,1465,1366,1509,94,89,93,53,89,90,4.9908,4.9908,4.9908,4.9908,10.0990,4.5916,1393.6840,1283.1913,1316.7463,1433.9928,1395.2465,1651.4154,1,on,1
1786105429.168216,1,1,,1681.0000,1520.0000,1557.0000,1645.0000,1619.0000,1692.0000,43.236,75.412,67.959,50.401,35.020,22.571,1434,1421,1450,1448,1362,1536,79,78,86,68,52,93,4.9908,4.9908,4.9908,4.9908,10.0990,4.5916,1508.6694,1365.4623,1400.4909,1513.1344,1481.1327,1661.1326,1,on,1
1786105429.199362,1,1,,1707.0000,1638.0000,1642.0000,1685.0000,1718.0000,1676.0000,37.864,51.877,51.036,42.315,25.266,25.997,1417,1403,1435,1441,1359,1560,88,78,75,14,14,95,4.9908,4.9908,4.9908,4.9908,10.0990,4.5916,1582.1664,1470.6227,1489.7959,1572.0052,1571.9020,1661.1326,1,on,1
1786105429.231384,1,1,,1701.0000,1703.0000,1698.0000,1687.0000,1698.0000,1685.0000,39.108,38.822,39.680,42.051,27.210,24.169,1411,1388,1420,1441,1359,1589,59,25,23,41,31,86,4.9908,4.9908,4.9908,4.9908,10.0990,4.5916,1622.1117,1565.3303,1570.2992,1608.3646,1615.8547,1661.1326,1,on,1
1786105429.262829,1,1,,1703.0000,1728.0000,1731.0000,1703.0000,1670.0000,1698.0000,38.843,33.716,33.200,38.838,29.980,21.303,1414,1387,1417,1443,1360,1602,94,81,92,62,70,89,4.9908,4.9908,4.9908,4.9908,10.0990,4.5916,1644.9852,1626.7919,1628.8377,1634.8784,1615.8547,1661.1326,1,on,1
1786105429.304121,1,1,,1727.0000,1725.0000,1733.0000,1699.0000,1661.0000,1677.0000,34.034,34.296,32.806,39.506,30.817,25.789,1447,1406,1438,1474,1366,1637,92,83,74,51,56,101,4.9908,4.9908,4.9908,4.9908,10.0990,4.5916,1668.0768,1661.8464,1665.4718,1651.8521,1637.5072,1668.2827,1,on,1
1786105429.331378,1,1,,1737.0000,1739.0000,1747.0000,1698.0000,1660.0000,1684.0000,31.891,31.561,30.033,39.751,30.922,24.307,1463,1423,1453,1489,1370,1649,89,81,66,54,34,0,4.9908,4.9908,4.9908,4.9908,10.0990,4.5916,1681.6414,1680.5265,1685.2422,1659.6537,1637.5072,1668.2827,1,on,1
1786105429.362837,1,1,,1751.0000,1765.0000,1786.0000,1706.0000,1505.0000,1717.0000,29.217,26.297,22.030,38.166,46.293,17.246,1485,1448,1480,1510,1371,1651,91,70,58,58,0,74,4.9908,4.9908,4.9908,4.9908,10.0990,4.5916,1695.8882,1701.3641,1711.3904,1667.3712,1637.5072,1668.2827,1,on,1
1786105429.399394,1,1,,1775.0000,1761.0000,1785.0000,1710.0000,1481.0000,1708.0000,24.363,27.033,22.342,37.428,48.726,19.178,1532,1496,1527,1553,1372,1671,74,69,60,41,27,44,4.9908,4.9908,4.9908,4.9908,10.0990,4.5916,1713.2453,1714.8965,1729.5912,1667.3712,1594.2868,1677.5363,1,on,1
1786105429.451982,1,1,,1767.0000,1737.0000,1771.0000,1763.0000,1399.0000,1715.0000,25.941,31.866,25.202,26.764,56.839,17.653,1538,1502,1533,1560,1373,1674,62,77,56,45,26,38,4.9908,4.9908,4.9908,4.9908,10.0990,4.5916,1724.9941,1714.8965,1738.8251,1693.9637,1525.9061,1677.5363,1,on,1
1786105429.462638,1,1,,1761.0000,1729.0000,1767.0000,1765.0000,1446.0000,1693.0000,27.125,33.465,25.873,26.371,52.163,22.385,,,,,,,,,,,,,4.9908,4.9908,4.9908,4.9908,10.0990,4.5916,1724.9941,1714.8965,1738.8251,1693.9637,1525.9061,1677.5363,0,on,
1786105429.498868,1,1,,1756.0000,1733.0000,1762.0000,1747.0000,1441.0000,1687.0000,28.187,32.644,26.923,30.017,52.659,23.713,1538,1502,1533,1560,1373,1674,84,59,65,54,25,29,4.9908,4.9908,4.9908,4.9908,10.0990,4.5916,1724.9941,1714.8965,1738.8251,1709.2033,1495.9493,1677.5363,1,on,1
1786105429.530851,1,1,,1744.0000,1745.0000,1774.0000,1743.0000,1448.0000,1696.0000,30.512,30.387,24.517,30.754,51.945,21.760,1574,1538,1569,1596,1373,1678,67,59,64,49,24,0,4.9908,4.9908,4.9908,4.9908,10.0990,4.5916,1732.7238,1722.7351,1746.7479,1709.2033,1495.9493,1677.5363,1,on,1
1786105429.568135,1,1,,1734.0000,1734.0000,1761.0000,1742.0000,1456.0000,1680.0000,32.449,32.635,27.104,30.864,51.198,25.119,1596,1560,1593,1615,1373,1678,76,71,58,62,25,0,4.9908,4.9908,4.9908,4.9908,10.0990,4.5916,1732.7238,1722.7351,1746.7479,1717.7714,1495.9493,1677.5363,1,on,1
1786105429.598739,1,1,,1726.0000,1724.0000,1750.0000,1739.0000,1415.0000,1696.0000,34.083,34.478,29.254,31.541,55.212,21.678,1609,1574,1604,1630,1373,1678,75,50,58,59,26,0,4.9908,4.9908,4.9908,4.9908,10.0990,4.5916,1732.7238,1722.7351,1746.7479,1717.7714,1470.6990,1677.5363,1,on,1
1786105429.630711,1,1,,1709.0000,1732.0000,1762.0000,1743.0000,1462.0000,1680.0000,37.585,33.014,26.873,30.715,50.523,25.122,1628,1591,1624,1652,1373,1678,65,58,56,38,27,0,4.9908,4.9908,4.9908,4.9908,10.0990,4.5916,1732.7238,1722.7351,1746.7479,1717.7714,1470.6990,1677.5363,0,on,1
1786105429.662715,1,1,,1689.0000,1726.0000,1766.0000,1745.0000,1451.0000,1672.0000,41.522,34.112,26.123,30.296,51.637,27.025,1648,1608,1641,1669,1374,1677,65,62,68,53,23,0,4.9908,4.9908,4.9908,4.9908,10.0990,4.5916,1732.7238,1722.7351,1746.7479,1717.7714,1470.6990,1677.5363,0,on,1
1786105429.698658,1,1,,1666.0000,1723.0000,1747.0000,1739.0000,1439.0000,1689.0000,46.209,34.672,29.921,31.529,52.813,23.299,1665,1626,1659,1691,1374,1678,80,55,67,48,24,0,4.9908,4.9908,4.9908,4.9908,10.0990,4.5916,1720.5668,1722.7351,1746.7479,1717.7714,1470.6990,1677.5363,1,on,1
1786105429.730617,1,1,,1675.0000,1729.0000,1747.0000,1727.0000,1447.0000,1690.0000,44.454,33.470,29.880,33.876,52.095,23.051,1678,1637,1675,1701,1374,1677,71,52,55,46,23,0,4.9908,4.9908,4.9908,4.9908,10.0990,4.5916,1720.5668,1722.7351,1746.7479,1717.7714,1470.6990,1677.5363,0,on,1
1786105429.762693,1,1,,1662.0000,1718.0000,1739.0000,1745.0000,1435.0000,1690.0000,46.887,35.807,31.448,30.309,53.218,23.083,1698,1656,1694,1709,1374,1678,70,69,62,0,24,0,4.9908,4.9908,4.9908,4.9908,10.0990,4.5916,1707.7530,1722.7351,1746.7479,1726.0958,1470.6990,1677.5363,1,on,1
1786105429.798698,1,1,,1676.0000,1734.0000,1750.0000,1730.0000,1473.0000,1678.0000,44.129,32.524,29.283,33.391,49.488,25.544,1709,1676,1712,1713,1374,1677,8,63,66,12,25,0,4.9908,4.9908,4.9908,4.9908,10.0990,4.5916,1707.7530,1722.7351,1746.7479,1726.0958,1470.6990,1677.5363,0,on,1
1786105429.830706,1,1,,1675.0000,1731.0000,1737.0000,1712.0000,1443.0000,1696.0000,44.329,33.198,31.951,36.976,52.459,21.803,1710,1696,1732,1715,1374,1678,0,69,68,9,28,0,4.9908,4.9908,4.9908,4.9908,10.0990,4.5916,1707.7530,1722.7351,1746.7479,1726.0958,1470.6990,1677.5363,0,on,1
1786105429.862642,1,1,,1686.0000,1741.0000,1739.0000,1720.0000,1422.0000,1709.0000,42.095,31.056,31.518,35.353,54.543,18.821,1709,1712,1737,1720,1374,1678,0,24,20,11,0,0,4.9908,4.9908,4.9908,4.9908,10.0990,4.5916,1699.5226,1722.7351,1746.7479,1726.0958,1470.6990,1685.5640,1,on,1
1786105429.898803,1,1,,1683.0000,1739.0000,1737.0000,1721.0000,1441.0000,1699.0000,42.729,31.591,31.952,35.086,52.643,21.006,1710,1714,1742,1722,1375,1678,0,32,21,0,0,0,4.9908,4.9908,4.9908,4.9908,10.0990,4.5916,1699.5226,1722.7351,1746.7479,1726.0958,1470.6990,1685.5640,0,on,1
1786105429.930707,1,1,,1676.0000,1726.0000,1739.0000,1737.0000,1463.0000,1701.0000,44.091,34.111,31.448,31.857,50.483,20.642,1710,1718,1745,1722,1375,1678,0,16,15,12,0,0,4.9908,4.9908,4.9908,4.9908,10.0990,4.5916,1699.5226,1722.7351,1746.7479,1726.0958,1470.6990,1685.5640,0,on,1
1786105429.962640,1,1,,1673.0000,1725.0000,1734.0000,1728.0000,1477.0000,1693.0000,44.803,34.389,32.554,33.648,49.129,22.408,1709,1720,1746,1725,1375,1678,0,0,13,13,0,0,4.9908,4.9908,4.9908,4.9908,10.0990,4.5916,1699.5226,1722.7351,1746.7479,1726.0958,1470.6990,1685.5640,0,on,1
1786105429.999414,1,1,,1697.0000,1720.0000,1740.0000,1731.0000,1495.0000,1700.0000,39.920,35.379,31.276,33.230,47.298,20.839,1710,1720,1745,1729,1375,1678,24,0,0,0,0,33,4.9908,4.9908,4.9908,4.9908,10.0990,4.5916,1699.5226,1722.7351,1746.7479,1726.0958,1470.6990,1685.5640,0,on,1
1786105430.030910,1,1,,1735.0000,1695.0000,1732.0000,1707.0000,1553.0000,1727.0000,32.264,40.272,32.888,37.991,41.541,14.959,1710,1720,1746,1729,1375,1679,0,0,0,0,0,0,4.9908,4.9908,4.9908,4.9908,10.0990,4.5916,1699.5226,1722.7351,1746.7479,1726.0958,1470.6990,1685.5640,0,on,1
1786105430.062866,1,1,,1705.0000,1599.0000,1631.0000,1643.0000,1575.0000,1727.0000,38.284,59.604,53.108,50.812,39.358,14.951,1709,1720,1746,1729,1375,1679,47,0,0,0,0,24,4.9908,4.9908,4.9908,4.9908,10.0990,4.5916,1699.5226,1702.4025,1727.7797,1715.6445,1493.2799,1694.1966,1,on,1
1786105430.099357,1,1,,1597.0000,1475.0000,1492.0000,1533.0000,1679.0000,1720.0000,59.925,84.421,81.050,72.802,29.126,16.417,1707,1720,1746,1729,1375,1679,21,0,0,0,0,35,4.9908,4.9908,4.9908,4.9908,10.0990,4.5916,1684.6353,1629.4683,1651.9468,1667.1171,1549.0335,1694.1966,1,on,1
1786105430.130809,1,1,,1320.0000,1260.0000,1255.0000,1384.0000,1635.0000,1715.0000,115.431,127.472,128.603,102.660,33.429,17.499,1706,1720,1746,1729,1375,1687,63,23,21,77,0,49,4.9908,4.9908,4.9908,4.9908,10.0990,4.5916,1550.9529,1471.8376,1477.6084,1564.1885,1570.3688,1694.1966,1,on,1
1786105430.162790,1,1,,1198.0000,1092.0000,1126.0000,1161.0000,1512.0000,1674.0000,139.947,161.135,154.417,147.278,45.588,26.511,1703,1719,1746,1715,1375,1692,53,93,112,76,0,19,4.9908,4.9908,4.9908,4.9908,10.0990,4.5916,1391.4130,1286.2235,1307.4128,1374.2250,1570.3688,1694.1966,1,on,1
1786105430.198712,1,1,,1156.0000,1074.0000,1075.0000,1072.0000,1248.0000,1674.0000,148.404,164.755,164.622,165.166,71.751,26.423,1692,1697,1726,1692,1375,1693,80,92,116,71,0,21,4.9908,4.9908,4.9908,4.9908,10.0990,4.5916,1283.7216,1186.5363,1196.9642,1224.5046,1470.2132,1694.1966,1,on,1
1786105430.230710,1,1,,1171.0000,1078.0000,1085.0000,1078.0000,1202.0000,1656.0000,145.407,164.066,162.535,164.075,76.344,30.413,1672,1673,1700,1667,1375,1693,92,85,106,70,0,20,4.9908,4.9908,4.9908,4.9908,10.0990,4.5916,1242.4050,1146.0983,1154.6132,1164.4667,1370.7015,1694.1966,1,on,1
1786105430.262668,1,1,,1173.0000,1088.0000,1087.0000,1084.0000,1200.0000,1662.0000,144.871,161.911,162.197,162.782,76.555,29.055,1651,1649,1672,1644,1375,1693,102,104,97,64,0,22,4.9908,4.9908,4.9908,4.9908,10.0990,4.5916,1221.8054,1129.0684,1134.0829,1137.5855,1308.7234,1694.1966,1,on,1
1786105430.298701,1,1,,1179.0000,1087.0000,1097.0000,1088.0000,1160.0000,1685.0000,143.744,162.191,160.211,161.938,80.515,24.199,1628,1626,1649,1624,1375,1693,96,90,86,80,0,24,4.9908,4.9908,4.9908,4.9908,10.0990,4.5916,1211.4524,1119.0267,1125.1198,1124.0300,1255.0482,1694.1966,1,on,1
1786105430.330887,1,1,,1186.0000,1101.0000,1131.0000,1115.0000,1147.0000,1710.0000,142.316,159.371,153.452,156.620,81.719,18.593,1607,1603,1627,1605,1375,1693,81,74,76,69,30,26,4.9908,4.9908,4.9908,4.9908,10.0990,4.5916,1211.4524,1119.0267,1125.1198,1124.0300,1222.2861,1694.1966,1,on,1
1786105430.368167,1,1,,1224.0000,1174.0000,1178.0000,1186.0000,1145.0000,1704.0000,134.636,144.753,143.942,142.343,81.947,20.005,1588,1583,1605,1582,1372,1693,85,60,73,54,78,30,4.9908,4.9908,4.9908,4.9908,10.0990,4.5916,1211.4524,1119.0267,1125.1198,1124.0300,1200.8694,1694.1966,1,on,1
1786105430.398787,1,1,,1266.0000,1224.0000,1201.0000,1241.0000,1164.0000,1706.0000,126.324,134.702,139.323,131.225,80.048,19.582,1574,1572,1596,1571,1370,1693,77,60,75,44,80,30,4.9908,4.9908,4.9908,4.9908,10.0990,4.5916,1211.4524,1131.4172,1134.0619,1140.4900,1200.8694,1694.1966,1,on,1
1786105430.431364,1,1,,1274.0000,1232.0000,1217.0000,1279.0000,1159.0000,1736.0000,124.764,133.083,136.194,123.641,80.610,13.022,1555,1554,1575,1555,1365,1695,84,61,75,52,83,0,4.9908,4.9908,4.9908,4.9908,10.0990,4.5916,1211.4524,1150.4145,1147.0091,1171.9762,1200.8694,1694.1966,1,on,1
1786105430.462838,1,1,,1281.0000,1250.0000,1237.0000,1290.0000,1143.0000,1719.0000,123.272,129.469,132.200,121.419,82.123,16.765,1538,1536,1558,1535,1361,1695,83,72,85,56,80,0,4.9908,4.9908,4.9908,4.9908,10.0990,4.5916,1226.6429,1171.4723,1163.7785,1201.0486,1181.7604,1694.1966,1,on,1
1786105430.498757,1,1,,1275.0000,1272.0000,1235.0000,1276.0000,1070.0000,1706.0000,124.601,125.123,132.546,124.400,89.390,19.560,1521,1518,1539,1519,1355,1695,89,70,62,58,59,0,4.9908,4.9908,4.9908,4.9908,10.0990,4.5916,1226.6429,1195.6124,1177.9712,1218.9199,1157.7413,1694.1966,1,on,1
1786105430.530762,1,1,,1296.0000,1270.0000,1243.0000,1256.0000,1034.0000,1702.0000,120.235,125.508,130.897,128.255,93.183,20.485,1503,1502,1524,1501,1351,1695,73,75,76,46,54,0,4.9908,4.9908,4.9908,4.9908,10.0990,4.5916,1243.0624,1211.1828,1189.6301,1218.9199,1128.2453,1694.1966,1,on,1
1786105430.563370,1,1,,1253.0000,1217.0000,1208.0000,1213.0000,1034.0000,1717.0000,128.842,136.189,137.901,136.913,94.817,17.131,1493,1491,1512,1491,1349,1695,86,79,60,63,47,0,4.9908,4.9908,4.9908,4.9908,10.0990,4.5916,1243.0624,1211.1828,1189.6301,1218.9199,1105.7671,1694.1966,1,on,1
1786105430.604120,1,1,,1250.0000,1187.0000,1193.0000,1183.0000,1034.0000,1694.0000,129.422,142.111,140.900,142.885,93.137,22.090,1471,1470,1490,1469,1345,1695,87,78,74,60,56,0,4.9908,4.9908,4.9908,4.9908,10.0990,4.5916,1243.0624,1211.1828,1189.6301,1218.9199,1088.6202,1694.1966,1,on,1
1786105430.630785,1,1,,1214.0000,1140.0000,1148.0000,1145.0000,1034.0000,1688.0000,136.680,151.481,149.978,150.546,95.816,23.557,1460,1457,1479,1458,1344,1695,85,84,77,54,61,0,4.9908,4.9908,4.9908,4.9908,10.0990,4.5916,1243.0624,1211.1828,1189.6301,1218.9199,1088.6202,1694.1966,0,on,1
1786105430.662823,1,1,,1198.0000,1102.0000,1112.0000,1105.0000,1034.0000,1681.0000,139.930,159.078,157.240,158.530,95.320,25.073,1443,1441,1461,1442,1340,1695,93,88,78,63,55,0,4.9908,4.9908,4.9908,4.9908,10.0990,4.5916,1243.0624,1188.1922,1181.5666,1194.7600,1072.1318,1694.1966,1,on,1
1786105430.698795,1,1,,1188.0000,1107.0000,1123.0000,1123.0000,1034.0000,1691.0000,141.957,158.181,154.975,154.978,99.621,22.808,1426,1423,1445,1427,1337,1695,92,76,80,60,64,0,4.9908,4.9908,4.9908,4.9908,10.0990,4.5916,1234.5179,1172.2392,1172.9741,1180.4258,1072.1318,1694.1966,1,on,1
1786105430.730777,1,1,,1208.0000,1129.0000,1145.0000,1148.0000,1034.0000,1701.0000,137.953,153.715,150.471,149.950,98.577,20.543,1410,1406,1428,1408,1333,1695,99,68,71,64,47,0,4.9908,4.9908,4.9908,4.9908,10.0990,4.5916,1234.5179,1172.2392,1172.9741,1180.4258,1072.1318,1694.1966,0,on,1
1786105430.762829,1,1,,1213.0000,1140.0000,1154.0000,1181.0000,1034.0000,1747.0000,136.938,151.638,148.756,143.281,103.465,10.606,1397,1398,1419,1399,1330,1695,95,74,84,64,41,0,4.9908,4.9908,4.9908,4.9908,10.0990,4.5916,1234.5179,1162.2819,1172.9741,1180.4258,1072.1318,1701.1970,1,on,1
1786105430.798843,1,1,,1212.0000,1129.0000,1136.0000,1157.0000,1034.0000,1693.0000,137.175,153.733,152.437,148.179,97.431,22.407,1383,1381,1403,1382,1327,1695,84,75,74,67,46,0,4.9908,4.9908,4.9908,4.9908,10.0990,4.5916,1234.5179,1162.2819,1165.1363,1180.4258,1056.7403,1701.1970,1,on,1
1786105430.836117,1,1,,1229.0000,1160.0000,1173.0000,1165.0000,1034.0000,1754.0000,133.779,147.458,144.995,146.461,97.911,8.998,1363,1359,1382,1360,1323,1695,105,81,92,77,39,0,4.9908,4.9908,4.9908,4.9908,10.0990,4.5916,1234.5179,1162.2819,1165.1363,1180.4258,1056.7403,1701.1970,0,on,1
1786105430.862729,1,1,,1288.0000,1241.0000,1223.0000,1303.0000,1074.0000,1729.0000,121.863,131.343,134.934,118.822,88.942,14.489,1352,1348,1368,1348,1321,1695,93,76,74,57,40,0,4.9908,4.9908,4.9908,4.9908,10.0990,4.5916,1234.5179,1162.2819,1165.1363,1190.4768,1056.7403,1701.1970,1,on,1
1786105430.898764,1,1,,1327.0000,1271.0000,1280.0000,1432.0000,1288.0000,1697.0000,114.092,125.333,123.589,93.126,67.809,21.442,1335,1332,1352,1333,1318,1695,95,78,77,67,43,0,4.9908,4.9908,4.9908,4.9908,10.0990,4.5916,1247.8608,1184.1981,1188.6590,1267.7439,1115.3484,1701.1970,1,on,1
1786105430.930769,1,1,,1612.0000,1604.0000,1622.0000,1631.0000,1520.0000,1747.0000,57.060,58.680,55.000,53.260,44.795,10.521,1319,1315,1335,1316,1315,1695,97,77,74,64,41,30,4.9908,4.9908,4.9908,4.9908,10.0990,4.5916,1385.7501,1357.4365,1369.7126,1422.8014,1287.8470,1710.2220,1,on,1
1786105430.962665,1,0,handedness unsure,1684.0000,1675.0000,1728.0000,1754.0000,1457.0000,1792.0000,42.562,44.400,33.749,28.624,51.087,0.825,1308,1306,1325,1305,1313,1696,102,92,84,71,43,0,4.9908,4.9908,4.9908,4.9908,10.0990,4.5916,1514.3961,1502.1328,1539.6538,1577.7754,1287.8470,1710.2220,1,on,1
1786105430.998805,1,0,handedness unsure,1672.0000,1744.0000,1771.0000,1762.0000,1442.0000,1792.0000,45.027,30.501,25.071,27.000,52.562,0.718,1300,1297,1319,1299,1310,1700,53,49,52,62,46,53,4.9908,4.9908,4.9908,4.9908,10.0990,4.5916,1578.8220,1614.2468,1648.4040,1659.8245,1287.8470,1710.2220,1,on,1
1786105431.030792,1,0,handedness unsure,1696.0000,1762.0000,1794.0000,1757.0000,1435.0000,1742.0000,40.207,26.965,20.605,27.995,53.238,11.682,1314,1308,1331,1314,1306,1704,75,101,64,64,40,23,4.9908,4.9908,4.9908,4.9908,10.0990,4.5916,1618.2844,1671.6467,1705.4137,1693.6739,1287.8470,1710.2220,1,on,1
1786105431.065053,1,1,,1688.0000,1756.0000,1786.0000,1757.0000,1421.0000,1737.0000,41.735,28.219,22.188,27.920,54.622,12.870,1335,1332,1356,1339,1303,1705,80,76,74,65,50,30,4.9908,4.9908,4.9908,4.9908,10.0990,4.5916,1638.1518,1699.5091,1732.0059,1711.9173,1339.1067,1710.2220,1,on,1
1786105431.098678,1,1,,1690.0000,1751.0000,1778.0000,1769.0000,1457.0000,1733.0000,41.348,29.081,23.681,25.563,51.067,13.618,1361,1357,1381,1361,1300,1707,71,69,64,47,41,30,4.9908,4.9908,4.9908,4.9908,10.0990,4.5916,1649.8524,1712.6105,1743.4954,1725.1651,1378.7911,1710.2220,1,on,1
1786105431.130623,1,1,,1692.0000,1758.0000,1786.0000,1741.0000,1477.0000,1734.0000,40.904,27.804,22.083,31.162,49.056,13.390,1375,1373,1393,1376,1298,1707,68,72,62,46,0,28,4.9908,4.9908,4.9908,4.9908,10.0990,4.5916,1657.3680,1721.6246,1751.7056,1725.1651,1407.3113,1710.2220,1,on,1
1786105431.162670,1,0,handedness unsure,1689.0000,1751.0000,1776.0000,1765.0000,1479.0000,1726.0000,41.527,29.223,24.136,26.428,48.906,15.282,1394,1392,1414,1395,1298,1707,78,72,60,49,33,28,4.9908,4.9908,4.9908,4.9908,10.0990,4.5916,1657.3680,1721.6246,1751.7056,1732.8028,1407.3113,1710.2220,1,on,1
1786105431.198652,1,0,handedness unsure,1721.0000,1761.0000,1800.0000,1768.0000,1502.0000,1744.0000,35.141,27.122,19.252,25.731,46.578,11.180,1413,1412,1431,1411,1301,1708,59,54,63,52,53,28,4.9908,4.9908,4.9908,4.9908,10.0990,4.5916,1671.5176,1731.1194,1761.8700,1732.8028,1407.3113,1710.2220,1,on,1
1786105431.230687,1,0,handedness unsure,1751.0000,1772.0000,1809.0000,1770.0000,1499.0000,1759.0000,29.147,24.958,17.477,25.423,46.884,7.988,1430,1430,1449,1428,1306,1710,62,53,65,54,57,23,4.9908,4.9908,4.9908,4.9908,10.0990,4.5916,1685.3784,1731.1194,1761.8700,1741.0760,1407.3113,1710.2220,1,on,1
1786105431.262625,1,0,handedness unsure,1744.0000,1767.0000,1801.0000,1764.0000,1512.0000,1747.0000,30.492,26.028,19.141,26.491,45.582,10.695,1447,1446,1466,1444,1312,1711,64,60,60,54,53,0,4.9908,4.9908,4.9908,4.9908,10.0990,4.5916,1695.2820,1739.7056,1772.1674,1741.0760,1407.3113,1710.2220,1,on,1
1786105431.298635,1,0,handedness unsure,1747.0000,1771.0000,1809.0000,1771.0000,1486.0000,1751.0000,29.993,25.176,17.578,25.056,48.222,9.836,1464,1459,1484,1461,1317,1711,63,78,58,54,40,0,4.9908,4.9908,4.9908,4.9908,10.0990,4.5916,1704.0049,1739.7056,1772.1674,1741.0760,1407.3113,1710.2220,1,on,1
1786105431.333138,1,0,handedness unsure,1748.0000,1770.0000,1812.0000,1754.0000,1507.0000,1750.0000,29.679,25.418,16.829,28.633,46.161,9.986,1481,1477,1499,1480,1322,1711,64,60,63,38,32,0,4.9908,4.9908,4.9908,4.9908,10.0990,4.5916,1704.0049,1739.7056,1780.7534,1741.0760,1407.3113,1710.2220,1,on,1
1786105431.362650,1,0,handedness unsure,1745.0000,1794.0000,1806.0000,1767.0000,1509.0000,1753.0000,30.414,20.578,18.176,25.877,45.883,9.243,1492,1489,1510,1490,1324,1711,69,60,56,50,33,0,4.9908,4.9908,4.9908,4.9908,10.0990,4.5916,1714.6132,1751.1064,1780.7534,1741.0760,1407.3113,1710.2220,1,on,1
1786105431.398638,1,0,handedness unsure,1740.0000,1786.0000,1801.0000,1770.0000,1496.0000,1753.0000,31.280,22.201,19.218,25.410,47.216,9.414,1507,1505,1527,1509,1327,1711,60,62,52,43,32,0,4.9908,4.9908,4.9908,4.9908,10.0990,4.5916,1714.6132,1751.1064,1780.7534,1749.5000,1407.3113,1710.2220,1,on,1
1786105431.430664,1,0,handedness unsure,1744.0000,1791.0000,1798.0000,1768.0000,1490.0000,1757.0000,30.563,21.057,19.630,25.669,47.760,8.518,1525,1522,1545,1523,1330,1711,66,67,59,38,35,0,4.9908,4.9908,4.9908,4.9908,10.0990,4.5916,1714.6132,1759.1391,1780.7534,1749.5000,1407.3113,1710.2220,1,on,1
1786105431.462696,1,0,handedness unsure,1743.0000,1779.0000,1800.0000,1772.0000,1494.0000,1767.0000,30.825,23.508,19.266,24.844,47.411,6.296,1542,1541,1561,1541,1334,1711,58,55,63,42,23,0,4.9908,4.9908,4.9908,4.9908,10.0990,4.5916,1714.6132,1759.1391,1780.7534,1749.5000,1407.3113,1710.2220,0,on,1
1786105431.498642,1,0,handedness unsure,1734.0000,1758.0000,1785.0000,1766.0000,1495.0000,1762.0000,32.618,27.743,22.237,26.097,47.287,7.433,1559,1557,1579,1558,1337,1711,67,64,63,48,30,0,4.9908,4.9908,4.9908,4.9908,10.0990,4.5916,1722.9288,1759.1391,1780.7534,1749.5000,1407.3113,1710.2220,1,on,1
1786105431.530641,1,1,,1728.0000,1757.0000,1781.0000,1758.0000,1472.0000,1758.0000,33.834,27.862,23.037,27.665,49.617,8.315,1576,1577,1597,1575,1339,1712,72,56,66,42,33,0,4.9908,4.9908,4.9908,4.9908,10.0990,4.5916,1722.9288,1759.1391,1780.7534,1749.5000,1423.0780,1719.5338,1,on,1
1786105431.562779,1,1,,1716.0000,1754.0000,1774.0000,1753.0000,1491.0000,1738.0000,36.081,28.576,24.604,28.769,47.662,12.477,1588,1588,1608,1587,1342,1711,78,64,66,37,35,0,4.9908,4.9908,4.9908,4.9908,10.0990,4.5916,1722.9288,1759.1391,1780.7534,1749.5000,1423.0780,1719.5338,0,on,1
1786105431.599451,1,1,,1726.0000,1754.0000,1781.0000,1747.0000,1485.0000,1751.0000,34.219,28.512,23.064,29.991,48.278,9.724,,,,,,,,,,,,,4.9908,4.9908,4.9908,4.9908,10.0990,4.5916,1722.9288,1759.1391,1780.7534,1749.5000,1447.0737,1719.5338,1,on,
1786105431.631409,1,1,,1696.0000,1748.0000,1785.0000,1733.0000,1482.0000,1733.0000,40.183,29.755,22.373,32.809,48.554,13.706,1630,1629,1654,1629,1347,1714,70,59,55,47,42,29,4.9908,4.9908,4.9908,4.9908,10.0990,4.5916,1722.9288,1759.1391,1780.7534,1749.5000,1447.0737,1719.5338,0,on,1
1786105431.663460,1,1,,1686.0000,1732.0000,1781.0000,1725.0000,1469.0000,1740.0000,42.122,32.943,23.187,34.374,49.902,12.239,1644,1642,1666,1644,1352,1718,77,64,70,29,32,27,4.9908,4.9908,4.9908,4.9908,10.0990,4.5916,1722.9288,1759.1391,1780.7534,1749.5000,1447.0737,1719.5338,0,on,1
1786105431.698887,1,1,,1620.0000,1676.0000,1715.0000,1693.0000,1440.0000,1734.0000,55.363,44.078,36.311,40.802,52.756,13.562,1662,1658,1685,1661,1355,1718,77,81,61,51,34,23,4.9908,4.9908,4.9908,4.9908,10.0990,4.5916,1702.9414,1746.8730,1780.7534,1749.5000,1447.0737,1719.5338,1,on,1
1786105431.730906,1,1,,1530.0000,1534.0000,1592.0000,1556.0000,1434.0000,1727.0000,73.486,72.526,60.895,68.114,53.344,14.979,1682,1681,1704,1680,1359,1718,66,63,68,49,28,24,4.9908,4.9908,4.9908,4.9908,10.0990,4.5916,1658.4893,1687.7600,1732.2339,1697.2983,1447.0737,1719.5338,1,on,1
1786105431.768193,1,1,,1408.0000,1458.0000,1518.0000,1522.0000,1480.0000,1728.0000,97.825,87.761,75.865,75.032,48.787,14.838,1692,1696,1721,1694,1361,1718,13,0,16,19,38,30,4.9908,4.9908,4.9908,4.9908,10.0990,4.5916,1565.1120,1602.8704,1658.2516,1641.0990,1447.0737,1719.5338,1,on,1
1786105431.798863,1,1,,1361.0000,1323.0000,1333.0000,1465.0000,1464.0000,1609.0000,107.345,114.917,112.893,86.389,50.391,40.580,1692,1697,1725,1694,1364,1719,38,0,20,20,38,28,4.9908,4.9908,4.9908,4.9908,10.0990,4.5916,1491.8928,1491.6885,1525.0027,1585.2706,1447.0737,1709.6780,1,on,1
1786105431.830894,1,1,,1281.0000,1155.0000,1186.0000,1328.0000,1355.0000,1574.0000,123.333,148.506,142.428,113.807,61.168,48.235,1689,1697,1728,1689,1366,1720,90,75,40,62,47,0,4.9908,4.9908,4.9908,4.9908,10.0990,4.5916,1410.8894,1336.2508,1366.2230,1485.4930,1447.0737,1679.3423,1,on,1
1786105431.862860,1,1,,1180.0000,1089.0000,1137.0000,1234.0000,1413.0000,1509.0000,143.459,161.705,152.178,132.768,55.385,62.414,1665,1686,1725,1667,1370,1720,116,92,90,65,47,0,4.9908,4.9908,4.9908,4.9908,10.0990,4.5916,1318.0316,1224.4730,1263.4448,1381.3265,1447.0737,1630.4788,1,on,1
1786105431.898853,1,1,,1157.0000,1067.0000,1124.0000,1316.0000,1314.0000,1473.0000,148.148,166.176,154.787,116.330,65.215,70.341,1641,1660,1700,1647,1371,1720,113,74,100,64,0,60,4.9908,4.9908,4.9908,4.9908,10.0990,4.5916,1254.9898,1158.1242,1206.3186,1358.9544,1413.5868,1579.5384,1,on,1
1786105431.930813,1,1,,1147.0000,1066.0000,1141.0000,1288.0000,1212.0000,1502.0000,150.118,166.411,151.367,121.914,75.298,63.977,1617,1635,1674,1625,1372,1695,112,86,100,74,37,88,4.9908,4.9908,4.9908,4.9908,10.0990,4.5916,1220.3431,1127.7484,1186.4358,1340.1634,1354.3190,1559.5029,1,on,1
1786105431.962888,1,1,,1121.0000,1044.0000,1141.0000,1245.0000,1273.0000,1498.0000,155.416,170.711,151.401,130.485,69.292,64.754,1594,1614,1649,1603,1372,1659,97,90,87,72,0,88,4.9908,4.9908,4.9908,4.9908,10.0990,4.5916,1191.6423,1104.0229,1175.6477,1316.1181,1333.2397,1545.8867,1,on,1
1786105431.998629,1,1,,1099.0000,1055.0000,1149.0000,1258.0000,1264.0000,1510.0000,159.796,168.514,149.837,127.908,70.154,62.335,1580,1597,1635,1588,1372,1640,88,81,84,50,19,77,4.9908,4.9908,4.9908,4.9908,10.0990,4.5916,1166.0578,1092.4157,1175.6477,1303.0465,1316.7077,1545.8867,1,on,1
1786105432.032455,1,1,,1140.0000,1060.0000,1130.0000,1236.0000,1315.0000,1471.0000,151.509,167.494,153.518,132.235,65.116,70.837,1560,1578,1611,1568,1372,1608,90,79,73,67,67,90,4.9908,4.9908,4.9908,4.9908,10.0990,4.5916,1166.0578,1092.4157,1164.4925,1289.6325,1316.7077,1527.0216,1,on,1
1786105432.062671,1,1,,1158.0000,1078.0000,1148.0000,1258.0000,1273.0000,1492.0000,147.908,163.971,150.027,127.861,69.292,66.053,1542,1557,1593,1551,1368,1577,83,70,84,49,77,67,4.9908,4.9908,4.9908,4.9908,10.0990,4.5916,1166.0578,1092.4157,1164.4925,1289.6325,1316.7077,1527.0216,0,on,1
1786105432.098654,1,1,,1151.0000,1085.0000,1144.0000,1257.0000,1277.0000,1496.0000,149.267,162.493,150.819,128.113,68.841,65.344,1526,1542,1573,1533,1364,1551,89,84,72,50,74,75,4.9908,4.9908,4.9908,4.9908,10.0990,4.5916,1166.0578,1092.4157,1164.4925,1281.1768,1316.7077,1518.7917,1,on,1
1786105432.130675,1,1,,1164.0000,1076.0000,1138.0000,1240.0000,1260.0000,1484.0000,146.694,164.371,152.025,131.444,70.573,67.982,1507,1523,1555,1515,1359,1539,76,70,73,53,77,23,4.9908,4.9908,4.9908,4.9908,10.0990,4.5916,1166.0578,1092.4157,1164.4925,1281.1768,1300.6646,1518.7917,1,on,1
1786105432.162714,1,1,,1149.0000,1075.0000,1147.0000,1276.0000,1231.0000,1502.0000,149.678,164.614,150.172,124.389,73.398,63.926,1498,1511,1544,1505,1355,1536,93,76,81,53,67,0,4.9908,4.9908,4.9908,4.9908,10.0990,4.5916,1166.0578,1084.7104,1164.4925,1281.1768,1300.6646,1518.7917,1,on,1
1786105432.198640,1,1,,1144.0000,1079.0000,1156.0000,1279.0000,1156.0000,1548.0000,150.827,163.841,148.342,123.791,80.918,53.861,1481,1495,1527,1489,1351,1533,85,88,68,51,51,31,4.9908,4.9908,4.9908,4.9908,10.0990,4.5916,1166.0578,1084.7104,1164.4925,1281.1768,1258.1228,1518.7917,1,on,1
1786105432.230700,1,1,,1153.0000,1061.0000,1160.0000,1280.0000,1186.0000,1559.0000,148.903,167.302,147.592,123.481,77.902,51.503,1465,1477,1509,1471,1347,1525,76,87,70,50,63,15,4.9908,4.9908,4.9908,4.9908,10.0990,4.5916,1158.4785,1084.7104,1164.4925,1281.1768,1258.1228,1518.7917,1,on,1
1786105432.262736,1,1,,1132.0000,1067.0000,1157.0000,1251.0000,1137.0000,1594.0000,153.195,166.278,148.129,129.314,82.716,43.846,1448,1460,1494,1456,1344,1524,92,77,87,65,55,0,4.9908,4.9908,4.9908,4.9908,10.0990,4.5916,1158.4785,1084.7104,1164.4925,1281.1768,1218.9121,1527.5391,1,on,1
1786105432.298766,1,1,,1114.0000,1068.0000,1163.0000,1262.0000,1141.0000,1645.0000,156.834,166.013,146.968,127.214,82.341,32.828,1431,1445,1475,1440,1341,1524,93,76,72,74,62,0,4.9908,4.9908,4.9908,4.9908,10.0990,4.5916,1158.4785,1084.7104,1164.4925,1281.1768,1201.0676,1552.5797,1,on,1
1786105432.330707,1,1,,1096.0000,1065.0000,1157.0000,1227.0000,1034.0000,1635.0000,160.454,166.676,148.193,134.043,94.855,34.988,1414,1428,1458,1423,1337,1524,95,80,65,79,49,35,4.9908,4.9908,4.9908,4.9908,10.0990,4.5916,1145.9270,1084.7104,1164.4925,1270.1391,1154.6897,1569.2220,1,on,1
1786105432.362808,1,1,,1138.0000,1084.0000,1160.0000,1214.0000,1040.0000,1653.0000,151.977,162.852,147.515,136.824,92.387,30.999,1403,1417,1447,1411,1335,1524,75,78,65,53,47,91,4.9908,4.9908,4.9908,4.9908,10.0990,4.5916,1145.9270,1084.7104,1164.4925,1270.1391,1123.1602,1586.6549,1,on,1
1786105432.404219,1,1,,1138.0000,1089.0000,1181.0000,1254.0000,1063.0000,1693.0000,152.030,161.841,143.278,128.719,90.090,22.320,1383,1396,1426,1390,1330,1546,100,77,74,65,37,54,4.9908,4.9908,4.9908,4.9908,10.0990,4.5916,1145.9270,1084.7104,1164.4925,1262.4156,1107.8058,1613.8223,1,on,1
1786105432.430837,1,1,,1180.0000,1122.0000,1189.0000,1244.0000,1072.0000,1726.0000,143.480,155.253,141.763,130.771,89.214,15.232,1373,1386,1416,1377,1328,1560,99,82,89,79,38,53,4.9908,4.9908,4.9908,4.9908,10.0990,4.5916,1145.9270,1084.7104,1164.4925,1262.4156,1107.8058,1638.1385,1,on,1
1786105432.463364,1,1,,1226.0000,1166.0000,1199.0000,1242.0000,1052.0000,1759.0000,134.358,146.389,139.734,131.073,91.200,8.007,1354,1369,1399,1361,1325,1580,83,87,77,68,39,77,4.9908,4.9908,4.9908,4.9908,10.0990,4.5916,1155.4054,1094.6500,1164.4925,1262.4156,1107.8058,1670.2264,1,on,1
1786105432.499356,1,1,,1247.0000,1192.0000,1210.0000,1251.0000,1051.0000,1792.0000,130.032,141.066,137.582,129.315,91.254,0.916,1340,1352,1383,1346,1322,1604,98,77,70,76,41,103,4.9908,4.9908,4.9908,4.9908,10.0990,4.5916,1172.0282,1113.8006,1164.4925,1262.4156,1087.3564,1704.8362,1,on,1
1786105432.530785,1,1,,1273.0000,1204.0000,1209.0000,1236.0000,1044.0000,1767.0000,124.935,138.798,137.791,132.389,92.005,6.227,1323,1337,1367,1331,1319,1631,106,86,86,67,47,99,4.9908,4.9908,4.9908,4.9908,10.0990,4.5916,1192.3849,1131.7763,1173.9920,1262.4156,1087.3564,1718.5956,1,on,1
1786105432.599380,1,1,,1298.0000,1230.0000,1223.0000,1267.0000,1034.0000,1744.0000,119.974,133.493,134.895,126.125,94.727,11.168,1290,1305,1335,1297,1312,1687,98,85,91,71,41,113,4.9908,4.9908,4.9908,4.9908,10.0990,4.5916,1223.5910,1159.9419,1182.3578,1262.4156,1087.3564,1718.5956,1,on,1
1786105432.629318,1,1,,1274.0000,1240.0000,1234.0000,1294.0000,1034.0000,1753.0000,124.723,131.591,132.813,120.706,100.136,9.418,1279,1293,1323,1287,1311,1704,98,91,83,67,49,0,4.9908,4.9908,4.9908,4.9908,10.0990,4.5916,1231.3019,1174.1678,1182.3578,1262.4156,1068.7270,1727.2779,1,on,1
1786105432.659598,1,1,,1263.0000,1237.0000,1232.0000,1267.0000,1034.0000,1718.0000,126.948,132.213,133.110,126.084,95.480,16.981,1262,1276,1307,1273,1307,1706,99,95,84,0,38,34,4.9908,4.9908,4.9908,4.9908,10.0990,4.5916,1231.3019,1185.2232,1193.4411,1262.4156,1068.7270,1727.2779,1,on,1
1786105432.683429,1,1,,1282.0000,1260.0000,1244.0000,1267.0000,1067.0000,1662.0000,123.014,127.537,130.792,126.016,89.702,29.196,1250,1263,1295,1273,1305,1714,91,82,87,16,43,52,4.9908,4.9908,4.9908,4.9908,10.0990,4.5916,1240.8783,1197.4724,1193.4411,1262.4156,1068.7270,1727.2779,1,on,1
1786105432.706605,1,1,,1278.0000,1337.0000,1324.0000,1375.0000,1088.0000,1672.0000,123.909,112.145,114.716,104.388,87.594,27.035,1243,1253,1284,1271,1303,1720,0,85,81,26,47,14,4.9908,4.9908,4.9908,4.9908,10.0990,4.5916,1240.8783,1228.3689,1222.2813,1275.8057,1068.7270,1718.5516,1,on,1
1786105432.734606,1,1,,1384.0000,1442.0000,1457.0000,1524.0000,1411.0000,1655.0000,102.710,91.150,88.014,74.606,55.576,30.680,1243,1242,1274,1270,1301,1720,0,85,82,0,46,25,4.9908,4.9908,4.9908,4.9908,10.0990,4.5916,1274.9122,1297.9027,1297.2045,1351.0835,1173.3066,1709.9833,1,on,1
1786105432.762846,1,1,,1621.0000,1684.0000,1728.0000,1721.0000,1680.0000,1663.0000,55.256,42.609,33.797,35.053,28.958,28.895,1243,1235,1263,1270,1299,1720,8,51,21,34,41,0,4.9908,4.9908,4.9908,4.9908,10.0990,4.5916,1406.9025,1468.5249,1494.1346,1508.7574,1417.7526,1709.9833,1,on,1
1786105432.799393,1,1,,1648.0000,1721.0000,1737.0000,1755.0000,1710.0000,1657.0000,49.836,35.127,31.944,28.409,25.998,30.235,1243,1246,1258,1278,1294,1720,94,69,76,70,44,21,4.9908,4.9908,4.9908,4.9908,10.0990,4.5916,1512.8548,1589.4602,1611.7346,1623.8099,1569.0783,1696.4542,1,on,1
1786105432.830827,1,1,,1695.0000,1729.0000,1752.0000,1748.0000,1622.0000,1742.0000,40.357,33.455,28.865,29.752,34.721,11.616,1258,1261,1268,1292,1293,1720,81,64,85,49,8,36,4.9908,4.9908,4.9908,4.9908,10.0990,4.5916,1583.5014,1643.8936,1666.9872,1670.2812,1588.7933,1696.4542,1,on,1
1786105432.863397,1,0,handedness unsure,1771.0000,1696.0000,1745.0000,1747.0000,1659.0000,1752.0000,25.220,40.103,30.249,30.008,31.102,9.552,1279,1283,1292,1314,1293,1702,66,80,69,39,33,37,4.9908,4.9908,4.9908,4.9908,10.0990,4.5916,1656.0237,1659.8830,1692.4744,1694.2281,1588.7933,1696.4542,1,on,1
1786105432.899401,1,1,,1756.0000,1688.0000,1706.0000,1755.0000,1699.0000,1762.0000,28.039,41.687,38.067,28.400,27.131,7.338,1374,1374,1392,1400,1316,1696,68,56,59,61,34,10,4.9908,4.9908,4.9908,4.9908,10.0990,4.5916,1690.2522,1659.8830,1692.4744,1710.2949,1626.8200,1703.3490,1,on,1
1786105433.051797,1,1,,1766.0000,1691.0000,1713.0000,1740.0000,1684.0000,1766.0000,26.111,41.180,36.787,31.417,28.581,6.399,1378,1380,1397,1403,1317,1696,68,56,59,61,34,10,4.9908,4.9908,4.9908,4.9908,10.0990,4.5916,1716.1772,1671.6755,1692.4744,1710.2949,1645.5789,1713.8779,1,on,1
1786105433.064923,1,1,,1777.0000,1690.0000,1709.0000,1725.0000,1683.0000,1774.0000,23.856,41.415,37.556,34.331,28.640,4.845,1384,1385,1403,1410,1318,1696,54,59,58,45,34,22,4.9908,4.9908,4.9908,4.9908,10.0990,4.5916,1716.1772,1671.6755,1692.4744,1717.8676,1645.5789,1713.8779,1,on,1
1786105433.076190,1,1,,1769.0000,1684.0000,1706.0000,1718.0000,1669.0000,1756.0000,25.583,42.558,38.198,35.657,30.087,8.638,1391,1390,1409,1416,1319,1696,67,58,58,45,34,22,4.9908,4.9908,4.9908,4.9908,10.0990,4.5916,1727.8180,1671.6755,1692.4744,1717.8676,1645.5789,1721.0042,1,on,1
1786105433.085823,1,1,,1767.0000,1688.0000,1711.0000,1720.0000,1657.0000,1758.0000,26.004,41.845,37.135,35.352,31.304,8.188,1394,1395,1415,1423,1321,1696,62,63,51,49,30,33,4.9908,4.9908,4.9908,4.9908,10.0990,4.5916,1727.8180,1671.6755,1700.2378,1717.8676,1645.5789,1721.0042,1,on,1
1786105433.098880,1,1,,1762.0000,1687.0000,1718.0000,1723.0000,1633.0000,1716.0000,26.938,41.995,35.656,34.703,33.633,17.460,1401,1401,1420,1427,1322,1698,55,63,62,56,26,88,4.9908,4.9908,4.9908,4.9908,10.0990,4.5916,1727.8180,1671.6755,1700.2378,1717.8676,1645.5789,1721.0042,0,on,1
1786105433.130632,1,1,,1750.0000,1699.0000,1717.0000,1722.0000,1638.0000,1736.0000,29.244,39.547,36.005,34.864,33.138,13.061,1417,1418,1437,1443,1325,1716,56,55,52,56,31,37,4.9908,4.9908,4.9908,4.9908,10.0990,4.5916,1737.6211,1671.6755,1700.2378,1717.8676,1645.5789,1721.0042,1,on,1
1786105433.167549,1,1,,1720.0000,1696.0000,1728.0000,1729.0000,1612.0000,1737.0000,35.331,40.195,33.817,33.477,35.693,12.791,1432,1433,1452,1460,1328,1720,66,60,63,37,30,19,4.9908,4.9908,4.9908,4.9908,10.0990,4.5916,1737.6211,1671.6755,1700.2378,1717.8676,1645.5789,1721.0042,0,on,1
1786105433.199368,1,1,,1713.0000,1704.0000,1743.0000,1734.0000,1596.0000,1738.0000,36.773,38.499,30.828,32.627,37.307,12.653,1449,1450,1470,1476,1331,1720,59,56,52,44,32,18,4.9908,4.9908,4.9908,4.9908,10.0990,4.5916,1737.6211,1680.6910,1708.3759,1717.8676,1645.5789,1721.0042,1,on,1
1786105433.231299,1,1,,1730.0000,1707.0000,1740.0000,1724.0000,1584.0000,1741.0000,33.444,37.921,31.304,34.450,38.531,11.867,1465,1463,1486,1492,1335,1720,61,70,58,56,24,18,4.9908,4.9908,4.9908,4.9908,10.0990,4.5916,1737.6211,1680.6910,1708.3759,1717.8676,1645.5789,1721.0042,0,on,1
1786105433.262700,1,1,,1729.0000,1721.0000,1753.0000,1746.0000,1578.0000,1732.0000,33.618,35.151,28.787,30.157,39.127,13.786,1475,1475,1497,1502,1337,1720,66,66,58,50,33,17,4.9908,4.9908,4.9908,4.9908,10.0990,4.5916,1737.6211,1680.6910,1715.9319,1717.8676,1627.9580,1721.0042,1,on,1
1786105433.298621,1,1,,1712.0000,1720.0000,1764.0000,1750.0000,1566.0000,1738.0000,37.040,35.422,26.551,29.247,40.251,12.555,1492,1493,1512,1521,1339,1720,68,58,58,36,39,18,4.9908,4.9908,4.9908,4.9908,10.0990,4.5916,1737.6211,1690.1273,1715.9319,1717.8676,1627.9580,1728.0119,1,on,1
1786105433.330580,1,1,,1708.0000,1718.0000,1753.0000,1738.0000,1537.0000,1745.0000,37.836,35.800,28.794,31.786,43.170,11.098,1509,1510,1529,1536,1343,1720,61,58,62,51,34,22,4.9908,4.9908,4.9908,4.9908,10.0990,4.5916,1737.6211,1690.1273,1725.5299,1717.8676,1603.5810,1728.0119,1,on,1
1786105433.365098,1,1,,1704.0000,1715.0000,1766.0000,1755.0000,1528.0000,1755.0000,38.611,36.285,26.147,28.244,43.988,8.866,1528,1528,1547,1555,1345,1721,60,56,65,51,47,39,4.9908,4.9908,4.9908,4.9908,10.0990,4.5916,1737.6211,1690.1273,1725.5299,1726.9504,1603.5810,1728.0119,1,on,1
1786105433.398687,1,1,,1704.0000,1708.0000,1774.0000,1755.0000,1538.0000,1764.0000,38.647,37.799,24.479,28.371,43.054,6.926,1542,1544,1565,1572,1348,1725,68,63,54,47,47,30,4.9908,4.9908,4.9908,4.9908,10.0990,4.5916,1728.1784,1690.1273,1735.6376,1726.9504,1580.3443,1728.0119,1,on,1
1786105433.430840,1,1,,1712.0000,1708.0000,1773.0000,1732.0000,1535.0000,1746.0000,36.896,37.745,24.706,32.893,43.391,10.871,1561,1562,1583,1591,1353,1729,67,58,58,44,32,21,4.9908,4.9908,4.9908,4.9908,10.0990,4.5916,1728.1784,1690.1273,1735.6376,1726.9504,1580.3443,1728.0119,0,on,1
1786105433.462642,1,1,,1727.0000,1716.0000,1779.0000,1744.0000,1556.0000,1733.0000,33.931,36.233,23.562,30.638,41.282,13.704,1572,1575,1596,1605,1355,1729,71,65,60,34,32,20,4.9908,4.9908,4.9908,4.9908,10.0990,4.5916,1728.1784,1690.1273,1744.4558,1726.9504,1580.3443,1728.0119,1,on,1
1786105433.498715,1,1,,1721.0000,1722.0000,1780.0000,1744.0000,1565.0000,1725.0000,35.189,34.970,23.324,30.585,40.338,15.354,1590,1592,1613,1620,1358,1729,73,65,58,41,36,23,4.9908,4.9908,4.9908,4.9908,10.0990,4.5916,1728.1784,1699.3796,1744.4558,1726.9504,1580.3443,1728.0119,1,on,1
1786105433.530743,1,1,,1734.0000,1720.0000,1760.0000,1750.0000,1557.0000,1723.0000,32.640,35.264,27.427,29.376,41.180,15.783,1607,1610,1632,1639,1361,1729,77,61,61,40,37,24,4.9908,4.9908,4.9908,4.9908,10.0990,4.5916,1728.1784,1699.3796,1744.4558,1726.9504,1580.3443,1728.0119,0,on,1
1786105433.562908,1,1,,1734.0000,1714.0000,1758.0000,1747.0000,1554.0000,1717.0000,32.617,36.607,27.829,30.031,41.462,17.049,1626,1628,1650,1659,1364,1729,75,60,62,40,40,0,4.9908,4.9908,4.9908,4.9908,10.0990,4.5916,1728.1784,1699.3796,1744.4558,1726.9504,1580.3443,1728.0119,0,on,1
1786105433.599408,1,1,,1734.0000,1703.0000,1752.0000,1726.0000,1599.0000,1708.0000,32.519,38.832,28.994,34.072,37.027,19.149,1647,1648,1672,1677,1367,1729,64,63,48,48,44,0,4.9908,4.9908,4.9908,4.9908,10.0990,4.5916,1728.1784,1699.3796,1744.4558,1726.9504,1580.3443,1728.0119,0,on,1
1786105433.630909,1,1,,1740.0000,1695.0000,1746.0000,1733.0000,1568.0000,1714.0000,31.345,40.311,30.197,32.798,40.060,17.754,1662,1667,1688,1696,1371,1729,78,53,57,45,0,0,4.9908,4.9908,4.9908,4.9908,10.0990,4.5916,1728.1784,1699.3796,1744.4558,1726.9504,1580.3443,1728.0119,0,on,1
1786105433.663405,1,1,,1774.0000,1684.0000,1713.0000,1683.0000,1595.0000,1716.0000,24.555,42.464,36.683,42.815,37.431,17.288,1684,1685,1710,1716,1371,1729,65,69,56,0,0,0,4.9908,4.9908,4.9908,4.9908,10.0990,4.5916,1728.1784,1699.3796,1744.4558,1726.9504,1580.3443,1728.0119,0,on,1
1786105433.704246,1,1,,1764.0000,1665.0000,1679.0000,1634.0000,1600.0000,1715.0000,26.489,46.448,43.642,52.617,36.896,17.633,1703,1689,1729,1718,1372,1729,62,21,62,28,34,0,4.9908,4.9908,4.9908,4.9908,10.0990,4.5916,1728.1784,1699.3796,1744.4558,1713.0592,1580.3443,1728.0119,1,on,1
1786105433.730887,1,1,,1770.0000,1623.0000,1578.0000,1500.0000,1651.0000,1728.0000,25.400,54.749,63.779,79.369,31.832,14.665,1711,1692,1735,1722,1372,1729,0,21,11,0,0,0,4.9908,4.9908,4.9908,4.9908,10.0990,4.5916,1737.7736,1689.5544,1705.2673,1657.6178,1580.3443,1728.0119,1,on,1
1786105433.762957,1,1,,1674.0000,1496.0000,1475.0000,1497.0000,1650.0000,1738.0000,44.591,80.240,84.441,79.963,31.961,12.558,1718,1697,1738,1722,1373,1729,0,15,26,0,0,0,4.9908,4.9908,4.9908,4.9908,10.0990,4.5916,1737.7736,1638.0158,1628.0747,1606.7007,1580.3443,1728.0119,1,on,1
1786105433.798935,1,1,,1584.0000,1403.0000,1386.0000,1414.0000,1659.0000,1791.0000,62.662,98.847,102.359,96.691,31.021,1.138,1726,1697,1739,1718,1373,1729,47,15,28,82,22,0,4.9908,4.9908,4.9908,4.9908,10.0990,4.5916,1704.2639,1552.7136,1531.5136,1537.0302,1604.7209,1728.0119,1,on,1
1786105433.836181,1,1,,1345.0000,1251.0000,1218.0000,1198.0000,1645.0000,1761.0000,110.548,129.374,135.994,139.905,32.461,7.602,1731,1692,1733,1695,1373,1729,0,88,105,84,29,0,4.9908,4.9908,4.9908,4.9908,10.0990,4.5916,1557.7703,1421.5939,1388.6943,1383.9302,1604.7209,1737.0851,1,on,1
1786105433.862883,1,1,,1327.0000,1216.0000,1192.0000,1206.0000,1599.0000,1752.0000,114.065,136.325,141.219,138.299,36.989,9.506,1731,1669,1707,1669,1373,1729,39,79,92,81,29,0,4.9908,4.9908,4.9908,4.9908,10.0990,4.5916,1472.1500,1345.1034,1314.1357,1318.5363,1604.7209,1737.0851,1,on,1
1786105433.898948,1,1,,1304.0000,1206.0000,1194.0000,1210.0000,1653.0000,1776.0000,118.612,138.321,140.646,137.517,31.697,4.338,1722,1647,1679,1646,1374,1729,137,83,95,63,30,36,4.9908,4.9908,4.9908,4.9908,10.0990,4.5916,1404.4191,1291.1860,1268.2795,1278.7280,1604.7209,1737.0851,1,on,1
1786105433.930840,1,1,,1318.0000,1222.0000,1211.0000,1210.0000,1666.0000,1774.0000,115.994,135.117,137.336,137.563,30.398,4.648,1708,1630,1660,1630,1375,1732,113,84,87,76,24,32,4.9908,4.9908,4.9908,4.9908,10.0990,4.5916,1377.3410,1271.0043,1252.2814,1259.6294,1620.6779,1744.7277,1,on,1
1786105433.962927,1,1,,1339.0000,1239.0000,1217.0000,1211.0000,1691.0000,1756.0000,111.772,131.812,136.213,137.391,27.936,8.727,1678,1607,1638,1611,1375,1736,97,70,81,68,0,26,4.9908,4.9908,4.9908,4.9908,10.0990,4.5916,1368.2139,1271.0043,1244.7844,1248.7841,1620.6779,1744.7277,1,on,1
1786105433.999422,1,1,,1355.0000,1256.0000,1238.0000,1228.0000,1690.0000,1762.0000,108.463,128.259,131.980,133.910,27.963,7.370,1619,1562,1593,1567,1375,1744,94,75,75,42,0,23,4.9908,4.9908,4.9908,4.9908,10.0990,4.5916,1368.2139,1262.7862,1244.7844,1248.7841,1641.0194,1744.7277,1,on,1
1786105434.051699,1,1,,1333.0000,1241.0000,1221.0000,1238.0000,1659.0000,1783.0000,112.794,131.246,135.402,131.884,31.084,2.762,1619,1562,1593,1567,1375,1744,97,75,82,68,0,24,4.9908,4.9908,4.9908,4.9908,10.0990,4.5916,1360.4636,1262.7862,1244.7844,1248.7841,1641.0194,1744.7277,1,on,1
1786105434.068105,1,1,,1342.0000,1254.0000,1243.0000,1258.0000,1691.0000,1781.0000,111.099,128.692,130.880,127.860,27.859,3.157,1606,1550,1579,1557,1375,1744,88,66,74,61,0,24,4.9908,4.9908,4.9908,4.9908,10.0990,4.5916,1360.4636,1262.7862,1244.7844,1248.7841,1641.0194,1752.2496,1,on,1
1786105434.098916,1,1,,1347.0000,1251.0000,1227.0000,1231.0000,1675.0000,1755.0000,110.040,129.366,134.136,133.400,29.507,8.830,1586,1532,1561,1537,1375,1744,88,73,75,41,0,27,4.9908,4.9908,4.9908,4.9908,10.0990,4.5916,1360.4636,1262.7862,1244.7844,1248.7841,1641.0194,1752.2496,0,on,1
1786105434.130923,1,1,,1352.0000,1263.0000,1254.0000,1264.0000,1687.0000,1770.0000,109.009,126.840,128.708,126.755,28.267,5.612,1574,1520,1549,1529,1375,1745,77,72,85,80,0,37,4.9908,4.9908,4.9908,4.9908,10.0990,4.5916,1360.4636,1262.7862,1244.7844,1248.7841,1641.0194,1752.2496,0,on,1
1786105434.168198,1,1,,1369.0000,1277.0000,1252.0000,1269.0000,1672.0000,1764.0000,105.618,124.021,129.110,125.618,29.798,7.021,1556,1504,1533,1512,1375,1748,85,82,85,66,0,37,4.9908,4.9908,4.9908,4.9908,10.0990,4.5916,1360.4636,1262.7862,1244.7844,1248.7841,1656.2733,1752.2496,1,on,1
1786105434.198808,1,1,,1359.0000,1274.0000,1259.0000,1273.0000,1689.0000,1765.0000,107.583,124.776,127.724,124.890,28.068,6.755,1538,1487,1514,1495,1375,1750,85,84,74,66,0,34,4.9908,4.9908,4.9908,4.9908,10.0990,4.5916,1360.4636,1262.7862,1244.7844,1248.7841,1656.2733,1752.2496,0,on,1
1786105434.230812,1,1,,1359.0000,1293.0000,1263.0000,1291.0000,1655.0000,1759.0000,107.763,120.882,126.958,121.401,31.468,7.934,1523,1472,1498,1476,1375,1753,81,87,76,55,0,26,4.9908,4.9908,4.9908,4.9908,10.0990,4.5916,1360.4636,1262.7862,1244.7844,1248.7841,1656.2733,1752.2496,0,on,1
1786105434.262665,1,1,,1343.0000,1271.0000,1254.0000,1283.0000,1643.0000,1772.0000,110.827,125.321,128.779,122.853,32.648,5.174,1509,1459,1487,1465,1375,1753,81,94,71,51,0,27,4.9908,4.9908,4.9908,4.9908,10.0990,4.5916,1360.4636,1262.7862,1244.7844,1248.7841,1656.2733,1752.2496,0,on,1
1786105434.298659,1,1,,1327.0000,1269.0000,1264.0000,1288.0000,1671.0000,1770.0000,114.134,125.758,126.683,121.869,29.841,5.661,1494,1443,1469,1449,1375,1753,82,64,77,65,0,27,4.9908,4.9908,4.9908,4.9908,10.0990,4.5916,1360.4636,1262.7862,1244.7844,1257.9852,1656.2733,1752.2496,1,on,1
1786105434.330659,1,1,,1335.0000,1261.0000,1245.0000,1276.0000,1660.0000,1778.0000,112.399,127.350,130.533,124.335,30.982,3.863,1477,1424,1452,1432,1375,1753,95,72,77,40,0,29,4.9908,4.9908,4.9908,4.9908,10.0990,4.5916,1360.4636,1262.7862,1244.7844,1257.9852,1656.2733,1752.2496,0,on,1
1786105434.362648,1,1,,1355.0000,1271.0000,1246.0000,1262.0000,1656.0000,1766.0000,108.458,125.347,130.354,127.203,31.342,6.511,1460,1407,1437,1415,1375,1753,90,63,79,48,0,30,4.9908,4.9908,4.9908,4.9908,10.0990,4.5916,1360.4636,1262.7862,1244.7844,1257.9852,1656.2733,1752.2496,0,on,1
1786105434.398677,1,1,,1331.0000,1257.0000,1250.0000,1267.0000,1670.0000,1768.0000,113.380,128.113,129.580,126.054,29.989,6.068,1444,1394,1421,1401,1375,1754,92,84,82,64,0,0,4.9908,4.9908,4.9908,4.9908,10.0990,4.5916,1360.4636,1262.7862,1244.7844,1257.9852,1656.2733,1752.2496,0,on,1
1786105434.430681,1,1,,1338.0000,1268.0000,1258.0000,1287.0000,1670.0000,1753.0000,111.961,125.925,127.996,122.014,29.980,9.380,1426,1377,1404,1384,1375,1753,81,87,75,66,0,0,4.9908,4.9908,4.9908,4.9908,10.0990,4.5916,1352.2216,1262.7862,1244.7844,1257.9852,1656.2733,1752.2496,1,on,1
1786105434.462707,1,1,,1298.0000,1213.0000,1226.0000,1289.0000,1670.0000,1685.0000,119.866,137.017,134.326,121.655,29.925,24.039,1416,1366,1393,1374,1375,1754,94,79,80,71,0,0,4.9908,4.9908,4.9908,4.9908,10.0990,4.5916,1352.2216,1262.7862,1244.7844,1257.9852,1656.2733,1752.2496,0,on,1
1786105434.498616,1,1,,1281.0000,1243.0000,1265.0000,1367.0000,1510.0000,1675.0000,123.347,130.966,126.441,106.120,45.850,26.398,1399,1350,1379,1356,1375,1753,98,84,72,60,0,0,4.9908,4.9908,4.9908,4.9908,10.0990,4.5916,1337.2130,1262.7862,1244.7844,1281.3488,1633.1830,1739.5965,1,on,1
1786105434.530604,1,1,,1271.0000,1241.0000,1244.0000,1266.0000,1258.0000,1639.0000,125.410,131.386,130.795,126.294,70.787,34.092,1384,1333,1362,1343,1375,1754,91,80,87,66,0,19,4.9908,4.9908,4.9908,4.9908,10.0990,4.5916,1327.0693,1262.7862,1244.7844,1281.3488,1487.0553,1720.4424,1,on,1
1786105434.563416,1,1,,1252.0000,1232.0000,1226.0000,1251.0000,1182.0000,1628.0000,129.028,133.042,134.234,129.320,78.329,36.512,1368,1317,1344,1324,1375,1754,88,77,72,59,0,43,4.9908,4.9908,4.9908,4.9908,10.0990,4.5916,1313.8901,1262.7862,1244.7844,1281.3488,1351.8134,1700.8972,1,on,1
1786105434.599340,1,1,,1238.0000,1212.0000,1211.0000,1227.0000,1128.0000,1679.0000,132.000,137.192,137.318,134.212,83.641,25.362,1352,1303,1327,1306,1375,1746,105,86,82,61,0,42,4.9908,4.9908,4.9908,4.9908,10.0990,4.5916,1299.1523,1251.0774,1244.7844,1281.3488,1252.5336,1700.8972,1,on,1
1786105434.631371,1,1,,1241.0000,1207.0000,1209.0000,1218.0000,1098.0000,1667.0000,131.290,138.156,137.765,135.913,86.603,28.023,1335,1284,1313,1293,1375,1726,91,91,88,17,19,48,4.9908,4.9908,4.9908,4.9908,10.0990,4.5916,1289.2587,1251.0774,1244.7844,1268.9024,1193.6984,1693.5901,1,on,1
1786105434.662810,1,1,,1238.0000,1217.0000,1220.0000,1238.0000,1047.0000,1695.0000,131.954,136.205,135.597,131.972,91.684,21.922,1324,1272,1300,1292,1375,1716,101,87,94,42,67,8,4.9908,4.9908,4.9908,4.9908,10.0990,4.5916,1281.1526,1243.2912,1244.7844,1268.9024,1141.9579,1693.5901,1,on,1
1786105434.698839,1,1,,1232.0000,1214.0000,1216.0000,1232.0000,1059.0000,1689.0000,133.115,136.827,136.413,133.102,90.520,23.255,1308,1263,1283,1285,1371,1715,97,35,80,19,71,0,4.9908,4.9908,4.9908,4.9908,10.0990,4.5916,1273.2448,1243.2912,1236.4741,1268.9024,1115.9407,1693.5901,1,on,1
1786105434.730773,1,1,,1215.0000,1194.0000,1192.0000,1197.0000,1060.0000,1692.0000,136.539,140.751,141.160,140.155,90.419,22.530,1292,1260,1268,1281,1366,1715,96,66,78,0,62,0,4.9908,4.9908,4.9908,4.9908,10.0990,4.5916,1264.3511,1235.0379,1236.4741,1253.0349,1115.9407,1693.5901,1,on,1
1786105434.763339,1,1,,1217.0000,1202.0000,1201.0000,1210.0000,1056.0000,1683.0000,136.182,139.151,139.270,137.580,90.814,24.554,1286,1254,1251,1281,1362,1714,10,26,88,8,69,16,4.9908,4.9908,4.9908,4.9908,10.0990,4.5916,1264.3511,1235.0379,1236.4741,1253.0349,1093.6371,1693.5901,1,on,1
1786105434.834795,1,1,,1221.0000,1201.0000,1202.0000,1226.0000,1034.0000,1697.0000,135.346,139.341,139.066,134.289,93.037,21.514,1281,1249,1245,1265,1353,1704,25,0,33,15,60,24,4.9908,4.9908,4.9908,4.9908,10.0990,4.5916,1250.9226,1227.1096,1225.4991,1244.1758,1093.6371,1693.5901,1,on,1
1786105434.858812,1,1,,1218.0000,1193.0000,1205.0000,1211.0000,1034.0000,1699.0000,136.024,140.913,138.628,137.333,95.209,20.987,1280,1249,1244,1264,1351,1701,27,56,23,41,52,20,4.9908,4.9908,4.9908,4.9908,10.0990,4.5916,1250.9226,1227.1096,1225.4991,1244.1758,1074.2009,1693.5901,1,on,1
1786105434.890660,1,1,,1221.0000,1208.0000,1214.0000,1218.0000,1034.0000,1716.0000,135.290,137.939,136.798,135.862,98.099,17.268,1275,1238,1243,1254,1347,1698,83,55,26,32,53,15,4.9908,4.9908,4.9908,4.9908,10.0990,4.5916,1250.9226,1227.1096,1225.4991,1244.1758,1074.2009,1693.5901,0,on,1
1786105434.918667,1,1,,1228.0000,1208.0000,1214.0000,1216.0000,1034.0000,1696.0000,133.853,137.921,136.817,136.366,94.068,21.671,1268,1237,1242,1252,1345,1697,53,29,24,0,53,0,4.9908,4.9908,4.9908,4.9908,10.0990,4.5916,1250.9226,1227.1096,1225.4991,1244.1758,1074.2009,1693.5901,0,on,1
1786105434.948151,1,1,,1263.0000,1242.0000,1239.0000,1257.0000,1034.0000,1715.0000,126.899,131.056,131.680,128.071,97.829,17.495,1264,1235,1241,1252,1343,1697,0,30,25,10,64,0,4.9908,4.9908,4.9908,4.9908,10.0990,4.5916,1250.9226,1227.1096,1225.4991,1244.1758,1074.2009,1693.5901,0,on,1
1786105434.970773,1,1,,1267.0000,1250.0000,1237.0000,1256.0000,1061.0000,1703.0000,126.182,129.611,132.163,128.390,90.301,20.132,1262,1232,1240,1251,1340,1697,49,24,25,19,53,0,4.9908,4.9908,4.9908,4.9908,10.0990,4.5916,1250.9226,1227.1096,1225.4991,1244.1758,1074.2009,1693.5901,0,on,1
1786105435.001805,1,1,,1271.0000,1268.0000,1241.0000,1264.0000,1123.0000,1678.0000,125.221,125.952,131.234,126.772,84.176,25.688,1260,1232,1240,1249,1337,1697,0,24,26,13,49,0,4.9908,4.9908,4.9908,4.9908,10.0990,4.5916,1250.9226,1227.1096,1225.4991,1244.1758,1074.2009,1693.5901,0,on,1
1786105435.030916,1,1,,1286.0000,1265.0000,1257.0000,1301.0000,1191.0000,1665.0000,122.393,126.580,128.206,119.376,77.361,28.445,1260,1232,1240,1247,1336,1697,29,25,26,0,52,0,4.9908,4.9908,4.9908,4.9908,10.0990,4.5916,1250.9226,1227.1096,1225.4991,1244.1758,1074.2009,1693.5901,0,on,1
1786105435.062687,1,1,,1306.0000,1296.0000,1285.0000,1350.0000,1181.0000,1688.0000,118.310,120.335,122.443,109.394,78.379,23.520,1258,1231,1240,1247,1332,1697,40,27,25,0,43,0,4.9908,4.9908,4.9908,4.9908,10.0990,4.5916,1250.9226,1239.6888,1233.2788,1264.7196,1105.1267,1693.5901,1,on,1
1786105435.098737,1,1,,1290.0000,1285.0000,1286.0000,1371.0000,1204.0000,1706.0000,121.501,122.502,122.407,105.329,76.092,19.642,1255,1231,1239,1247,1328,1697,39,29,24,0,47,0,4.9908,4.9908,4.9908,4.9908,10.0990,4.5916,1260.5082,1239.6888,1233.2788,1288.8684,1128.3561,1693.5901,1,on,1
1786105435.130642,1,1,,1311.0000,1310.0000,1305.0000,1350.0000,1289.0000,1645.0000,117.333,117.592,118.467,109.549,67.668,32.905,1254,1231,1239,1247,1325,1697,17,34,22,39,38,0,4.9908,4.9908,4.9908,4.9908,10.0990,4.5916,1260.5082,1255.7237,1250.1108,1300.4743,1172.5814,1693.5901,1,on,1
1786105435.162655,1,1,,1359.0000,1387.0000,1382.0000,1451.0000,1295.0000,1707.0000,107.720,102.079,102.982,89.236,67.097,19.393,1254,1233,1245,1258,1322,1697,37,12,10,43,40,0,4.9908,4.9908,4.9908,4.9908,10.0990,4.5916,1282.9539,1284.9285,1279.4192,1339.1367,1206.7498,1693.5901,1,on,1
1786105435.198799,1,1,,1495.0000,1474.0000,1455.0000,1531.0000,1514.0000,1665.0000,80.401,84.716,88.452,73.265,45.417,28.555,1260,1243,1248,1279,1319,1697,8,24,0,54,42,0,4.9908,4.9908,4.9908,4.9908,10.0990,4.5916,1348.5874,1344.2696,1332.8144,1402.8172,1332.6168,1693.5901,1,on,1
1786105435.230683,1,1,,1695.0000,1616.0000,1595.0000,1625.0000,1562.0000,1774.0000,40.345,56.259,60.389,54.285,40.653,4.700,1262,1250,1251,1293,1317,1697,63,59,56,58,19,0,4.9908,4.9908,4.9908,4.9908,10.0990,4.5916,1492.1969,1447.0371,1429.5714,1482.4163,1424.2212,1693.5901,1,on,1
1786105435.262730,1,0,handedness unsure,1687.0000,1713.0000,1694.0000,1730.0000,1593.0000,1779.0000,41.901,36.671,40.505,33.349,37.646,3.616,1275,1265,1259,1314,1315,1697,63,70,68,47,0,0,4.9908,4.9908,4.9908,4.9908,10.0990,4.5916,1570.4715,1557.9953,1538.5174,1581.0564,1424.2212,1693.5901,1,on,1
1786105435.298649,1,0,handedness unsure,1689.0000,1732.0000,1760.0000,1734.0000,1500.0000,1776.0000,41.493,33.016,27.421,32.599,46.766,4.267,1291,1283,1279,1332,1315,1697,87,70,66,61,48,0,4.9908,4.9908,4.9908,4.9908,10.0990,4.5916,1613.8730,1628.8180,1633.3105,1639.7902,1424.2212,1693.5901,1,on,1
1786105435.330704,1,0,handedness unsure,1695.0000,1734.0000,1759.0000,1734.0000,1460.0000,1766.0000,40.405,32.503,27.527,32.599,50.759,6.520,1311,1303,1303,1349,1320,1697,75,57,47,58,57,0,4.9908,4.9908,4.9908,4.9908,10.0990,4.5916,1637.2064,1663.4633,1677.9351,1668.7883,1424.2212,1693.5901,1,on,1
1786105435.362900,1,0,handedness unsure,1709.0000,1744.0000,1789.0000,1727.0000,1456.0000,1752.0000,37.622,30.585,21.576,33.931,51.135,9.628,1328,1318,1319,1368,1326,1697,84,67,62,29,54,0,4.9908,4.9908,4.9908,4.9908,10.0990,4.5916,1655.0014,1686.0753,1713.2494,1683.3364,1424.2212,1693.5901,1,on,1
1786105435.399379,1,0,handedness unsure,1718.0000,1754.0000,1800.0000,1729.0000,1458.0000,1733.0000,35.753,28.556,19.281,33.575,50.979,13.719,1366,1354,1354,1399,1336,1697,64,58,51,52,38,16,4.9908,4.9908,4.9908,4.9908,10.0990,4.5916,1669.3503,1703.2455,1738.5361,1693.0741,1424.2212,1693.5901,1,on,1
1786105435.451540,1,0,handedness unsure,1736.0000,1781.0000,1813.0000,1739.0000,1440.0000,1747.0000,32.055,23.026,16.807,31.579,52.701,10.706,1370,1361,1362,1402,1337,1696,74,60,47,41,44,14,4.9908,4.9908,4.9908,4.9908,10.0990,4.5916,1685.1444,1723.7089,1759.6802,1702.5176,1424.2212,1693.5901,1,on,1
1786105435.462703,1,0,handedness unsure,1731.0000,1786.0000,1813.0000,1727.0000,1447.0000,1754.0000,33.064,22.045,16.785,33.910,52.088,9.177,,,,,,,,,,,,,4.9908,4.9908,4.9908,4.9908,10.0990,4.5916,1685.1444,1723.7089,1759.6802,1702.5176,1424.2212,1693.5901,0,on,
1786105435.504031,1,1,,1728.0000,1784.0000,1817.0000,1725.0000,1460.0000,1749.0000,33.695,22.556,15.847,34.407,50.756,10.098,1376,1366,1367,1410,1338,1695,74,60,47,41,44,14,4.9908,4.9908,4.9908,4.9908,10.0990,4.5916,1695.8576,1741.5030,1776.0936,1702.5176,1424.2212,1704.2682,1,on,1
1786105435.530678,1,0,handedness unsure,1725.0000,1786.0000,1818.0000,1727.0000,1459.0000,1745.0000,34.280,22.109,15.632,33.959,50.826,11.026,1410,1400,1397,1442,1345,1694,66,64,63,48,45,0,4.9908,4.9908,4.9908,4.9908,10.0990,4.5916,1695.8576,1741.5030,1776.0936,1702.5176,1424.2212,1704.2682,0,on,1
1786105435.563439,1,0,handedness unsure,1725.0000,1786.0000,1816.0000,1712.0000,1452.0000,1748.0000,34.356,22.070,16.058,36.908,51.520,10.336,1426,1417,1415,1459,1348,1694,70,56,59,53,48,21,4.9908,4.9908,4.9908,4.9908,10.0990,4.5916,1695.8576,1753.4983,1786.7666,1702.5176,1424.2212,1704.2682,1,on,1
1786105435.598795,1,1,,1720.0000,1782.0000,1820.0000,1714.0000,1459.0000,1753.0000,35.308,22.922,15.373,36.497,50.884,9.230,1442,1432,1429,1475,1352,1694,70,58,67,55,31,42,4.9908,4.9908,4.9908,4.9908,10.0990,4.5916,1703.7145,1753.4983,1786.7666,1702.5176,1440.6887,1704.2682,1,on,1
1786105435.631405,1,1,,1725.0000,1781.0000,1816.0000,1706.0000,1466.0000,1751.0000,34.257,23.148,16.167,38.120,50.147,9.710,1458,1449,1447,1492,1355,1698,66,60,55,55,32,27,4.9908,4.9908,4.9908,4.9908,10.0990,4.5916,1703.7145,1753.4983,1786.7666,1702.5176,1440.6887,1715.4295,1,on,1
1786105435.662778,1,1,,1742.0000,1782.0000,1818.0000,1701.0000,1472.0000,1755.0000,30.911,22.827,15.651,39.127,49.564,8.939,1469,1457,1457,1501,1358,1700,62,72,59,42,29,60,4.9908,4.9908,4.9908,4.9908,10.0990,4.5916,1703.7145,1761.4967,1795.8273,1702.5176,1440.6887,1715.4295,1,on,1
1786105435.694882,1,1,,1732.0000,1790.0000,1821.0000,1704.0000,1482.0000,1750.0000,32.867,21.380,15.195,38.636,48.576,10.072,1484,1475,1475,1519,1361,1708,65,70,56,51,33,49,4.9908,4.9908,4.9908,4.9908,10.0990,4.5916,1703.7145,1761.4967,1795.8273,1702.5176,1440.6887,1723.3170,1,on,1
1786105435.731352,1,1,,1735.0000,1786.0000,1811.0000,1710.0000,1495.0000,1768.0000,32.367,22.201,17.197,37.437,47.346,6.140,1501,1491,1493,1536,1363,1716,64,58,53,53,39,0,4.9908,4.9908,4.9908,4.9908,10.0990,4.5916,1712.9790,1761.4967,1795.8273,1702.5176,1457.1826,1723.3170,1,on,1
1786105435.762851,1,1,,1745.0000,1803.0000,1817.0000,1691.0000,1503.0000,1757.0000,30.245,18.650,15.824,41.090,46.511,8.453,1518,1509,1507,1554,1366,1717,70,61,57,50,44,0,4.9908,4.9908,4.9908,4.9908,10.0990,4.5916,1712.9790,1769.4384,1795.8273,1702.5176,1457.1826,1731.8148,1,on,1
1786105435.799047,1,1,,1733.0000,1797.0000,1812.0000,1696.0000,1499.0000,1746.0000,32.667,19.938,16.969,40.167,46.900,10.767,1534,1526,1525,1572,1370,1716,68,63,55,46,49,19,4.9908,4.9908,4.9908,4.9908,10.0990,4.5916,1712.9790,1769.4384,1795.8273,1702.5176,1457.1826,1731.8148,0,on,1
1786105435.830845,1,1,,1732.0000,1795.0000,1821.0000,1701.0000,1509.0000,1749.0000,33.017,20.299,15.064,39.227,45.918,10.108,1554,1543,1540,1590,1371,1721,62,58,64,48,0,45,4.9908,4.9908,4.9908,4.9908,10.0990,4.5916,1712.9790,1769.4384,1795.8273,1702.5176,1457.1826,1731.8148,0,on,1
1786105435.862855,1,0,handedness unsure,1725.0000,1785.0000,1813.0000,1696.0000,1487.0000,1752.0000,34.398,22.422,16.732,40.205,48.122,9.474,1571,1560,1559,1608,1372,1723,63,64,65,47,33,31,4.9908,4.9908,4.9908,4.9908,10.0990,4.5916,1712.9790,1769.4384,1795.8273,1702.5176,1457.1826,1731.8148,0,on,1
1786105435.898814,1,1,,1734.0000,1771.0000,1812.0000,1687.0000,1482.0000,1751.0000,32.642,25.048,16.952,42.043,48.616,9.758,1588,1579,1577,1626,1372,1727,77,61,56,47,0,28,4.9908,4.9908,4.9908,4.9908,10.0990,4.5916,1712.9790,1769.4384,1795.8273,1702.5176,1473.0719,1731.8148,1,on,1
1786105435.930827,1,1,,1727.0000,1763.0000,1812.0000,1696.0000,1474.0000,1744.0000,34.013,26.678,16.826,40.213,49.370,11.341,1600,1591,1589,1638,1372,1730,69,60,48,38,0,21,4.9908,4.9908,4.9908,4.9908,10.0990,4.5916,1712.9790,1769.4384,1803.5021,1702.5176,1473.0719,1731.8148,1,on,1
1786105435.963385,1,1,,1731.0000,1765.0000,1811.0000,1703.0000,1473.0000,1729.0000,33.061,26.328,17.112,38.678,49.514,14.456,1618,1608,1606,1659,1372,1731,71,61,64,44,27,0,4.9908,4.9908,4.9908,4.9908,10.0990,4.5916,1712.9790,1769.4384,1803.5021,1702.5176,1473.0719,1731.8148,0,on,1
1786105435.999366,1,1,,1744.0000,1673.0000,1658.0000,1613.0000,1454.0000,1656.0000,30.528,44.774,47.751,56.734,51.397,30.481,1637,1626,1626,1675,1373,1731,74,63,61,44,26,0,4.9908,4.9908,4.9908,4.9908,10.0990,4.5916,1721.6743,1759.4678,1778.2736,1692.3132,1473.0719,1731.8148,1,on,1
1786105436.031415,1,1,,1488.0000,1366.0000,1355.0000,1427.0000,1305.0000,1584.0000,81.760,106.228,108.511,94.116,66.108,46.096,1658,1647,1645,1690,1373,1732,65,59,55,0,29,0,4.9908,4.9908,4.9908,4.9908,10.0990,4.5916,1666.3850,1605.9030,1603.6374,1609.1403,1438.8950,1697.0155,1,on,1
1786105436.063393,1,1,,1252.0000,1154.0000,1189.0000,1263.0000,1346.0000,1560.0000,129.179,148.811,141.745,126.880,62.082,51.333,1676,1666,1662,1690,1374,1731,62,50,65,10,28,0,4.9908,4.9908,4.9908,4.9908,10.0990,4.5916,1487.9827,1380.9548,1399.1095,1461.7465,1418.9200,1662.0407,1,on,1
1786105436.098773,1,1,,1198.0000,1108.0000,1132.0000,1230.0000,1323.0000,1470.0000,140.038,157.905,153.172,133.621,64.336,70.891,1678,1671,1673,1683,1375,1732,27,52,69,69,26,41,4.9908,4.9908,4.9908,4.9908,10.0990,4.5916,1352.5121,1245.2110,1267.5691,1360.0317,1396.3619,1598.8928,1,on,1
1786105436.130843,1,1,,1270.0000,1175.0000,1156.0000,1271.0000,1039.0000,1570.0000,125.493,144.529,148.435,125.235,92.443,49.129,1677,1667,1660,1670,1375,1725,101,96,107,76,0,106,4.9908,4.9908,4.9908,4.9908,10.0990,4.5916,1322.8839,1218.8959,1223.7026,1329.4987,1254.2931,1598.8928,1,on,1
1786105436.162863,1,1,,1222.0000,1140.0000,1168.0000,1242.0000,1034.0000,1581.0000,135.107,151.618,145.938,131.119,93.295,46.838,1657,1638,1636,1647,1375,1692,122,84,95,68,0,87,4.9908,4.9908,4.9908,4.9908,10.0990,4.5916,1291.3007,1194.5370,1206.6567,1303.8016,1165.2726,1590.6344,1,on,1
1786105436.198781,1,1,,1273.0000,1180.0000,1179.0000,1333.0000,1034.0000,1584.0000,124.972,143.623,143.662,112.881,96.534,46.043,1631,1611,1609,1627,1375,1657,97,81,86,67,17,75,4.9908,4.9908,4.9908,4.9908,10.0990,4.5916,1291.3007,1194.5370,1206.6567,1303.8016,1116.0034,1590.6344,1,on,1
1786105436.231350,1,1,,1265.0000,1169.0000,1173.0000,1283.0000,1034.0000,1599.0000,126.595,145.736,144.920,122.889,99.652,42.817,1608,1586,1586,1608,1373,1629,84,78,97,75,65,97,4.9908,4.9908,4.9908,4.9908,10.0990,4.5916,1283.6023,1194.5370,1195.7181,1303.8016,1091.7435,1590.6344,1,on,1
1786105436.262788,1,1,,1275.0000,1207.0000,1187.0000,1382.0000,1034.0000,1617.0000,124.422,138.073,142.070,103.102,101.300,38.989,1586,1562,1562,1584,1369,1604,92,71,78,50,76,16,4.9908,4.9908,4.9908,4.9908,10.0990,4.5916,1283.6023,1194.5370,1195.7181,1303.8016,1091.7435,1590.6344,0,on,1
1786105436.298826,1,1,,1294.0000,1217.0000,1194.0000,1401.0000,1034.0000,1609.0000,120.621,136.038,140.714,99.199,100.407,40.691,1565,1544,1544,1565,1365,1601,87,86,83,53,72,26,4.9908,4.9908,4.9908,4.9908,10.0990,4.5916,1283.6023,1194.5370,1195.7181,1322.1068,1069.0072,1590.6344,1,on,1
1786105436.330848,1,1,,1286.0000,1216.0000,1199.0000,1436.0000,1034.0000,1626.0000,122.310,136.317,139.785,92.324,99.792,36.871,1553,1531,1530,1555,1362,1597,87,83,76,59,74,15,4.9908,4.9908,4.9908,4.9908,10.0990,4.5916,1283.6023,1194.5370,1195.7181,1344.6962,1069.0072,1590.6344,1,on,1
1786105436.363383,1,1,,1281.0000,1204.0000,1192.0000,1423.0000,1034.0000,1622.0000,123.248,138.757,141.224,94.920,99.671,37.884,1533,1512,1512,1535,1357,1596,75,79,75,53,58,0,4.9908,4.9908,4.9908,4.9908,10.0990,4.5916,1283.6023,1194.5370,1195.7181,1360.5347,1069.0072,1590.6344,1,on,1
1786105436.398816,1,1,,1294.0000,1224.0000,1212.0000,1447.0000,1034.0000,1623.0000,120.647,134.668,137.160,90.039,99.668,37.615,1516,1495,1495,1517,1353,1595,80,79,80,39,59,0,4.9908,4.9908,4.9908,4.9908,10.0990,4.5916,1283.6023,1194.5370,1195.7181,1379.4102,1069.0072,1598.6833,1,on,1
1786105436.431373,1,1,,1285.0000,1218.0000,1200.0000,1429.0000,1034.0000,1610.0000,122.483,135.993,139.486,93.676,97.257,40.460,1499,1478,1479,1501,1349,1595,84,73,84,40,47,0,4.9908,4.9908,4.9908,4.9908,10.0990,4.5916,1283.6023,1194.5370,1195.7181,1388.2133,1069.0072,1598.6833,1,on,1
1786105436.463362,1,1,,1281.0000,1219.0000,1203.0000,1404.0000,1034.0000,1598.0000,123.282,135.744,138.976,98.632,95.694,43.056,1488,1468,1465,1491,1347,1595,84,71,79,48,57,0,4.9908,4.9908,4.9908,4.9908,10.0990,4.5916,1283.6023,1194.5370,1195.7181,1388.2133,1053.0820,1598.6833,1,on,1
1786105436.499382,1,1,,1301.0000,1222.0000,1218.0000,1417.0000,1034.0000,1598.0000,119.232,135.035,135.996,95.997,100.004,43.068,1465,1445,1444,1468,1344,1595,82,75,74,53,61,13,4.9908,4.9908,4.9908,4.9908,10.0990,4.5916,1283.6023,1194.5370,1195.7181,1388.2133,1053.0820,1598.6833,0,on,1
1786105436.530793,1,1,,1275.0000,1208.0000,1200.0000,1419.0000,1034.0000,1598.0000,124.577,137.917,139.443,95.666,95.066,42.976,1455,1434,1434,1458,1342,1595,90,85,74,71,63,14,4.9908,4.9908,4.9908,4.9908,10.0990,4.5916,1283.6023,1194.5370,1195.7181,1395.7098,1053.0820,1598.6833,1,on,1
1786105436.562795,1,1,,1305.0000,1226.0000,1217.0000,1408.0000,1034.0000,1597.0000,118.592,134.336,136.187,97.796,101.254,43.390,1439,1418,1417,1441,1337,1595,86,75,75,67,48,17,4.9908,4.9908,4.9908,4.9908,10.0990,4.5916,1283.6023,1194.5370,1195.7181,1395.7098,1053.0820,1598.6833,0,on,1
1786105436.598988,1,1,,1278.0000,1211.0000,1206.0000,1431.0000,1034.0000,1622.0000,123.999,137.251,138.269,93.288,100.323,37.763,1423,1401,1402,1425,1335,1596,102,81,90,58,48,24,4.9908,4.9908,4.9908,4.9908,10.0990,4.5916,1283.6023,1202.3059,1195.7181,1395.7098,1053.0820,1598.6833,1,on,1
1786105436.630775,1,1,,1294.0000,1213.0000,1205.0000,1424.0000,1034.0000,1609.0000,120.665,136.844,138.455,94.661,100.156,40.639,1405,1386,1385,1407,1330,1599,87,83,76,59,36,0,4.9908,4.9908,4.9908,4.9908,10.0990,4.5916,1283.6023,1202.3059,1195.7181,1395.7098,1053.0820,1598.6833,0,on,1
1786105436.662812,1,1,,1287.0000,1205.0000,1196.0000,1389.0000,1034.0000,1582.0000,122.202,138.537,140.269,101.686,96.657,46.541,1395,1374,1373,1403,1328,1599,104,85,80,19,42,0,4.9908,4.9908,4.9908,4.9908,10.0990,4.5916,1283.6023,1202.3059,1195.7181,1395.7098,1053.0820,1598.6833,0,on,1
1786105436.698786,1,1,,1275.0000,1205.0000,1201.0000,1397.0000,1034.0000,1614.0000,124.527,138.607,139.312,100.039,98.729,39.491,1379,1358,1357,1401,1325,1599,88,76,77,0,37,0,4.9908,4.9908,4.9908,4.9908,10.0990,4.5916,1283.6023,1202.3059,1195.7181,1395.7098,1053.0820,1598.6833,0,on,1
1786105436.730804,1,1,,1279.0000,1203.0000,1191.0000,1391.0000,1034.0000,1610.0000,123.638,138.981,141.340,101.181,97.586,40.559,1364,1342,1340,1401,1322,1599,100,81,73,0,41,0,4.9908,4.9908,4.9908,4.9908,10.0990,4.5916,1283.6023,1202.3059,1195.7181,1395.7098,1053.0820,1598.6833,0,on,1
1786105436.762700,1,1,,1286.0000,1209.0000,1189.0000,1349.0000,1034.0000,1596.0000,122.321,137.789,141.751,109.748,96.198,43.488,1347,1325,1325,1399,1319,1599,96,79,89,28,45,0,4.9908,4.9908,4.9908,4.9908,10.0990,4.5916,1283.6023,1202.3059,1195.7181,1395.7098,1053.0820,1598.6833,0,on,1
1786105436.798681,1,1,,1296.0000,1211.0000,1198.0000,1372.0000,1034.0000,1579.0000,120.251,137.254,139.963,104.991,94.907,47.147,1330,1309,1308,1396,1316,1599,96,84,82,19,41,0,4.9908,4.9908,4.9908,4.9908,10.0990,4.5916,1283.6023,1202.3059,1195.7181,1395.7098,1053.0820,1598.6833,0,on,1
1786105436.830728,1,1,,1263.0000,1206.0000,1205.0000,1394.0000,1034.0000,1594.0000,126.861,138.373,138.560,100.739,94.299,43.853,1320,1299,1296,1395,1314,1599,111,89,78,0,40,0,4.9908,4.9908,4.9908,4.9908,10.0990,4.5916,1283.6023,1202.3059,1195.7181,1395.7098,1053.0820,1598.6833,0,on,1
1786105436.865116,1,1,,1285.0000,1201.0000,1185.0000,1353.0000,1034.0000,1583.0000,122.513,139.238,142.605,108.908,100.029,46.435,1298,1276,1275,1395,1309,1599,116,92,80,0,44,0,4.9908,4.9908,4.9908,4.9908,10.0990,4.5916,1283.6023,1202.3059,1195.7181,1395.7098,1053.0820,1598.6833,0,on,1
1786105436.898669,1,1,,1281.0000,1216.0000,1208.0000,1355.0000,1034.0000,1601.0000,123.343,136.391,138.026,108.547,97.648,42.365,1295,1263,1264,1395,1307,1599,0,90,84,0,38,0,4.9908,4.9908,4.9908,4.9908,10.0990,4.5916,1283.6023,1202.3059,1195.7181,1387.5439,1053.0820,1598.6833,1,on,1
1786105436.930826,1,1,,1292.0000,1221.0000,1210.0000,1389.0000,1034.0000,1588.0000,121.170,135.423,137.449,101.654,98.121,45.146,1292,1247,1247,1395,1304,1599,37,82,90,0,44,0,4.9908,4.9908,4.9908,4.9908,10.0990,4.5916,1283.6023,1202.3059,1195.7181,1387.5439,1053.0820,1598.6833,0,on,1
1786105436.963357,1,1,,1300.0000,1230.0000,1216.0000,1399.0000,1034.0000,1578.0000,119.493,133.465,136.381,99.730,97.524,47.510,1291,1231,1231,1392,1301,1599,0,89,95,25,43,0,4.9908,4.9908,4.9908,4.9908,10.0990,4.5916,1283.6023,1202.3059,1195.7181,1387.5439,1053.0820,1598.6833,0,on,1
1786105436.998805,1,1,,1287.0000,1237.0000,1222.0000,1404.0000,1034.0000,1594.0000,122.203,132.057,135.190,98.679,93.875,43.845,1291,1215,1213,1388,1298,1599,32,0,92,0,44,0,4.9908,4.9908,4.9908,4.9908,10.0990,4.5916,1283.6023,1202.3059,1195.7181,1387.5439,1053.0820,1598.6833,0,on,1
1786105437.031404,1,1,,1282.0000,1225.0000,1209.0000,1372.0000,1034.0000,1590.0000,123.058,134.603,137.721,105.107,94.189,44.810,1290,1214,1206,1388,1294,1599,45,45,0,0,44,0,4.9908,4.9908,4.9908,4.9908,10.0990,4.5916,1283.6023,1202.3059,1195.7181,1387.5439,1053.0820,1598.6833,0,on,1
1786105437.062870,1,1,,1280.0000,1215.0000,1206.0000,1339.0000,1034.0000,1608.0000,123.570,136.529,138.305,111.734,95.466,40.878,1289,1212,1206,1388,1292,1599,22,31,28,0,39,0,4.9908,4.9908,4.9908,4.9908,10.0990,4.5916,1283.6023,1209.9577,1195.7181,1387.5439,1053.0820,1598.6833,1,on,1
1786105437.099397,1,1,,1275.0000,1218.0000,1211.0000,1379.0000,1045.0000,1607.0000,124.461,135.981,137.424,103.715,91.885,41.189,1289,1210,1205,1389,1289,1599,27,0,0,0,35,0,4.9908,4.9908,4.9908,4.9908,10.0990,4.5916,1283.6023,1209.9577,1195.7181,1387.5439,1053.0820,1598.6833,0,on,1
1786105437.130893,1,1,,1271.0000,1219.0000,1198.0000,1354.0000,1034.0000,1620.0000,125.398,135.632,139.982,108.762,95.353,38.298,1288,1210,1204,1388,1285,1599,26,0,19,0,38,0,4.9908,4.9908,4.9908,4.9908,10.0990,4.5916,1283.6023,1209.9577,1195.7181,1387.5439,1053.0820,1598.6833,0,on,1
1786105437.163383,1,1,,1284.0000,1235.0000,1219.0000,1390.0000,1034.0000,1636.0000,122.682,132.441,135.774,101.392,95.774,34.901,1288,1210,1204,1388,1282,1599,27,0,43,0,40,0,4.9908,4.9908,4.9908,4.9908,10.0990,4.5916,1283.6023,1209.9577,1195.7181,1387.5439,1053.0820,1598.6833,0,on,1
1786105437.198834,1,1,,1274.0000,1222.0000,1204.0000,1383.0000,1034.0000,1654.0000,124.697,135.185,138.729,102.854,96.071,30.961,1288,1210,1201,1388,1279,1599,28,0,17,0,40,0,4.9908,4.9908,4.9908,4.9908,10.0990,4.5916,1283.6023,1209.9577,1195.7181,1387.5439,1053.0820,1607.6452,1,on,1
1786105437.230840,1,1,,1275.0000,1222.0000,1200.0000,1393.0000,1051.0000,1629.0000,124.515,135.096,139.605,100.943,91.246,36.418,1288,1210,1201,1388,1276,1599,30,0,0,14,44,0,4.9908,4.9908,4.9908,4.9908,10.0990,4.5916,1283.6023,1209.9577,1195.7181,1387.5439,1053.0820,1607.6452,0,on,1
1786105437.263414,1,1,,1272.0000,1226.0000,1200.0000,1376.0000,1041.0000,1629.0000,125.045,134.319,139.585,104.332,92.246,36.267,1287,1210,1201,1388,1274,1599,27,0,9,0,40,29,4.9908,4.9908,4.9908,4.9908,10.0990,4.5916,1283.6023,1209.9577,1195.7181,1387.5439,1053.0820,1607.6452,0,on,1
1786105437.298810,1,1,,1281.0000,1217.0000,1192.0000,1345.0000,1051.0000,1626.0000,123.216,136.225,141.094,110.432,91.308,37.014,1287,1210,1201,1388,1271,1601,31,0,24,0,43,31,4.9908,4.9908,4.9908,4.9908,10.0990,4.5916,1283.6023,1209.9577,1195.7181,1379.7075,1053.0820,1607.6452,1,on,1
1786105437.330829,1,1,,1281.0000,1221.0000,1208.0000,1387.0000,1086.0000,1619.0000,123.355,135.395,137.836,102.047,87.757,38.576,1287,1210,1200,1388,1267,1605,33,0,22,0,41,25,4.9908,4.9908,4.9908,4.9908,10.0990,4.5916,1283.6023,1209.9577,1195.7181,1379.7075,1053.0820,1607.6452,0,on,1
1786105437.363386,1,1,,1268.0000,1230.0000,1214.0000,1431.0000,1062.0000,1639.0000,125.981,133.485,136.689,93.338,90.210,34.218,1286,1210,1199,1384,1265,1607,34,0,23,24,48,17,4.9908,4.9908,4.9908,4.9908,10.0990,4.5916,1283.6023,1209.9577,1195.7181,1379.7075,1053.0820,1607.6452,0,on,1
1786105437.395047,1,1,,1298.0000,1247.0000,1221.0000,1331.0000,1034.0000,1670.0000,119.864,130.168,135.328,113.357,99.693,27.371,1286,1210,1199,1382,1262,1608,0,0,22,0,45,0,4.9908,4.9908,4.9908,4.9908,10.0990,4.5916,1283.6023,1209.9577,1195.7181,1379.7075,1053.0820,1620.3366,1,on,1
1786105437.430834,1,1,,1286.0000,1240.0000,1221.0000,1279.0000,1034.0000,1646.0000,122.374,131.593,135.253,123.769,95.377,32.533,1286,1210,1198,1382,1258,1608,0,14,22,0,49,0,4.9908,4.9908,4.9908,4.9908,10.0990,4.5916,1283.6023,1218.6982,1204.1247,1364.8952,1053.0820,1620.3366,1,on,1
1786105437.462813,1,1,,1296.0000,1246.0000,1228.0000,1279.0000,1034.0000,1664.0000,120.348,130.305,133.937,123.689,97.777,28.739,1286,1210,1198,1382,1256,1610,0,13,23,0,43,42,4.9908,4.9908,4.9908,4.9908,10.0990,4.5916,1283.6023,1218.6982,1204.1247,1349.5809,1053.0820,1627.3514,1,on,1
1786105437.498786,1,1,,1328.0000,1269.0000,1241.0000,1307.0000,1050.0000,1669.0000,113.857,125.767,131.257,118.046,91.339,27.702,1286,1210,1198,1377,1253,1615,0,32,19,19,51,20,4.9908,4.9908,4.9908,4.9908,10.0990,4.5916,1283.6023,1226.2509,1204.1247,1349.5809,1053.0820,1627.3514,1,on,1
1786105437.536121,1,1,,1317.0000,1262.0000,1237.0000,1294.0000,1087.0000,1654.0000,116.092,127.178,132.164,120.752,87.750,30.783,1286,1222,1206,1367,1248,1618,0,19,11,39,37,54,4.9908,4.9908,4.9908,4.9908,10.0990,4.5916,1283.6023,1226.2509,1204.1247,1334.9861,1053.0820,1634.5770,1,on,1
1786105437.562825,1,1,,1326.0000,1257.0000,1231.0000,1284.0000,1080.0000,1660.0000,114.378,128.161,133.322,122.638,88.382,29.627,1286,1225,1206,1360,1246,1627,0,13,0,0,44,31,4.9908,4.9908,4.9908,4.9908,10.0990,4.5916,1292.7030,1226.2509,1212.6732,1334.9861,1053.0820,1634.5770,1,on,1
1786105437.598822,1,1,,1309.0000,1239.0000,1211.0000,1260.0000,1115.0000,1641.0000,117.681,131.750,137.405,127.474,84.895,33.643,1286,1228,1206,1358,1244,1630,0,19,0,53,48,28,4.9908,4.9908,4.9908,4.9908,10.0990,4.5916,1292.7030,1226.2509,1212.6732,1316.5052,1053.0820,1634.5770,1,on,1
1786105437.630806,1,1,,1298.0000,1243.0000,1208.0000,1258.0000,1107.0000,1634.0000,119.803,131.012,137.879,128.009,85.679,35.183,1286,1229,1206,1350,1242,1630,29,0,20,45,48,30,4.9908,4.9908,4.9908,4.9908,10.0990,4.5916,1292.7030,1226.2509,1212.6732,1307.1410,1053.0820,1634.5770,1,on,1
1786105437.662841,1,1,,1304.0000,1236.0000,1202.0000,1274.0000,1128.0000,1623.0000,118.616,132.290,139.113,124.800,83.632,37.604,1286,1229,1212,1342,1238,1631,29,0,8,84,46,31,4.9908,4.9908,4.9908,4.9908,10.0990,4.5916,1292.7030,1226.2509,1212.6732,1307.1410,1074.4966,1634.5770,1,on,1
1786105437.699353,1,1,,1293.0000,1242.0000,1182.0000,1247.0000,1093.0000,1609.0000,120.900,131.199,143.079,130.160,87.117,40.571,1290,1229,1213,1323,1235,1633,12,0,10,0,50,24,4.9908,4.9908,4.9908,4.9908,10.0990,4.5916,1292.7030,1234.0043,1212.6732,1294.0728,1074.4966,1634.5770,1,on,1
1786105437.731364,1,1,,1273.0000,1225.0000,1165.0000,1222.0000,1078.0000,1596.0000,124.960,134.490,146.476,135.167,88.632,43.425,1291,1229,1216,1318,1232,1633,12,0,0,30,51,26,4.9908,4.9908,4.9908,4.9908,10.0990,4.5916,1292.7030,1234.0043,1212.6732,1282.3631,1074.4966,1634.5770,1,on,1
1786105437.763385,1,1,,1275.0000,1217.0000,1190.0000,1234.0000,1034.0000,1621.0000,124.518,136.051,141.447,132.749,95.169,37.959,1291,1230,1216,1311,1228,1633,0,18,0,22,39,26,4.9908,4.9908,4.9908,4.9908,10.0990,4.5916,1292.7030,1234.0043,1212.6732,1282.3631,1074.4966,1634.5770,0,on,1
1786105437.798758,1,1,,1280.0000,1225.0000,1191.0000,1224.0000,1034.0000,1659.0000,123.541,134.477,141.383,134.728,99.369,29.894,1291,1235,1216,1302,1225,1633,0,12,0,45,46,29,4.9908,4.9908,4.9908,4.9908,10.0990,4.5916,1292.7030,1234.0043,1204.2647,1267.0061,1074.4966,1634.5770,1,on,1
1786105437.836102,1,1,,1279.0000,1221.0000,1195.0000,1260.0000,1034.0000,1656.0000,123.656,135.399,140.546,127.499,95.057,30.514,1291,1237,1216,1293,1222,1633,0,0,20,45,47,31,4.9908,4.9908,4.9908,4.9908,10.0990,4.5916,1292.7030,1234.0043,1204.2647,1267.0061,1074.4966,1634.5770,0,on,1
1786105437.863363,1,1,,1281.0000,1215.0000,1190.0000,1263.0000,1034.0000,1677.0000,123.320,136.441,141.584,126.877,102.423,25.897,1291,1236,1215,1287,1220,1633,0,0,47,54,42,32,4.9908,4.9908,4.9908,4.9908,10.0990,4.5916,1292.7030,1234.0043,1204.2647,1267.0061,1074.4966,1634.5770,0,on,1
1786105437.898869,1,1,,1265.0000,1202.0000,1185.0000,1269.0000,1034.0000,1690.0000,126.601,139.078,142.500,125.710,101.193,23.018,1291,1237,1212,1279,1216,1635,14,0,24,48,38,28,4.9908,4.9908,4.9908,4.9908,10.0990,4.5916,1292.7030,1234.0043,1204.2647,1267.0061,1074.4966,1642.9886,1,on,1
1786105437.930768,1,1,,1259.0000,1182.0000,1174.0000,1242.0000,1034.0000,1692.0000,127.781,143.129,144.684,131.087,102.773,22.620,1292,1237,1212,1275,1214,1635,13,0,36,23,47,0,4.9908,4.9908,4.9908,4.9908,10.0990,4.5916,1292.7030,1224.8303,1204.2647,1267.0061,1074.4966,1642.9886,1,on,1
1786105437.962795,1,1,,1266.0000,1190.0000,1178.0000,1259.0000,1034.0000,1696.0000,126.227,141.587,143.895,127.632,99.972,21.789,1292,1237,1208,1273,1210,1635,0,0,22,0,37,0,4.9908,4.9908,4.9908,4.9908,10.0990,4.5916,1292.7030,1224.8303,1204.2647,1267.0061,1057.1585,1655.2523,1,on,1
1786105437.998817,1,1,,1265.0000,1190.0000,1178.0000,1266.0000,1034.0000,1689.0000,126.581,141.483,143.918,126.225,101.145,23.202,1293,1237,1207,1273,1207,1635,0,49,20,0,42,0,4.9908,4.9908,4.9908,4.9908,10.0990,4.5916,1284.0715,1224.8303,1204.2647,1267.0061,1057.1585,1655.2523,1,on,1
1786105438.036082,1,1,,1255.0000,1186.0000,1175.0000,1242.0000,1034.0000,1693.0000,128.574,142.320,144.559,131.089,99.217,22.422,1293,1235,1206,1273,1205,1643,0,39,0,0,52,56,4.9908,4.9908,4.9908,4.9908,10.0990,4.5916,1284.0715,1214.5208,1195.2438,1267.0061,1057.1585,1663.4558,1,on,1
1786105438.062800,1,1,,1250.0000,1177.0000,1176.0000,1220.0000,1034.0000,1705.0000,129.575,144.066,144.285,135.490,99.050,19.763,1293,1231,1206,1273,1203,1645,22,36,0,8,60,29,4.9908,4.9908,4.9908,4.9908,10.0990,4.5916,1284.0715,1214.5208,1195.2438,1267.0061,1057.1585,1663.4558,0,on,1
1786105438.104065,1,1,,1281.0000,1223.0000,1206.0000,1319.0000,1034.0000,1715.0000,123.253,135.001,138.315,115.786,104.156,17.648,1291,1220,1204,1273,1197,1655,46,50,45,17,40,29,4.9908,4.9908,4.9908,4.9908,10.0990,4.5916,1284.0715,1214.5208,1195.2438,1267.0061,1057.1585,1674.4862,1,on,1
1786105438.130836,1,1,,1284.0000,1221.0000,1202.0000,1293.0000,1034.0000,1698.0000,122.732,135.356,139.070,120.919,102.317,21.334,1290,1217,1201,1271,1196,1656,30,24,35,12,49,39,4.9908,4.9908,4.9908,4.9908,10.0990,4.5916,1284.0715,1214.5208,1195.2438,1267.0061,1057.1585,1674.4862,0,on,1
1786105438.163380,1,1,,1282.0000,1222.0000,1209.0000,1313.0000,1034.0000,1711.0000,123.022,135.202,137.777,116.802,104.586,18.463,1289,1217,1197,1271,1192,1660,27,0,0,9,40,17,4.9908,4.9908,4.9908,4.9908,10.0990,4.5916,1284.0715,1214.5208,1195.2438,1267.0061,1057.1585,1674.4862,0,on,1
1786105438.199376,1,1,,1287.0000,1225.0000,1201.0000,1309.0000,1034.0000,1696.0000,122.169,134.445,139.305,117.740,102.963,21.792,1288,1217,1197,1271,1189,1664,28,0,0,10,48,44,4.9908,4.9908,4.9908,4.9908,10.0990,4.5916,1284.0715,1214.5208,1195.2438,1267.0061,1057.1585,1681.6534,1,on,1
1786105438.230764,1,1,,1278.0000,1218.0000,1207.0000,1288.0000,1034.0000,1717.0000,123.832,135.945,138.180,121.846,99.594,17.248,1288,1217,1197,1271,1187,1665,24,0,0,11,50,77,4.9908,4.9908,4.9908,4.9908,10.0990,4.5916,1284.0715,1214.5208,1195.2438,1275.2889,1057.1585,1681.6534,1,on,1
1786105438.268070,1,1,,1282.0000,1223.0000,1204.0000,1305.0000,1034.0000,1705.0000,123.036,134.831,138.801,118.583,104.141,19.672,1288,1217,1197,1271,1184,1675,27,0,0,0,52,21,4.9908,4.9908,4.9908,4.9908,10.0990,4.5916,1284.0715,1214.5208,1195.2438,1275.2889,1057.1585,1681.6534,0,on,1
1786105438.298757,1,1,,1285.0000,1225.0000,1204.0000,1282.0000,1034.0000,1697.0000,122.553,134.606,138.698,123.017,101.588,21.609,1288,1217,1197,1271,1181,1675,29,0,0,20,49,28,4.9908,4.9908,4.9908,4.9908,10.0990,4.5916,1284.0715,1214.5208,1195.2438,1275.2889,1057.1585,1681.6534,0,on,1
1786105438.330829,1,1,,1271.0000,1210.0000,1213.0000,1308.0000,1034.0000,1707.0000,125.273,137.597,136.894,117.939,100.488,19.338,1288,1217,1197,1272,1178,1676,30,0,0,27,60,31,4.9908,4.9908,4.9908,4.9908,10.0990,4.5916,1284.0715,1214.5208,1195.2438,1275.2889,1057.1585,1688.5867,1,on,1
1786105438.363346,1,1,,1279.0000,1215.0000,1205.0000,1305.0000,1034.0000,1705.0000,123.629,136.526,138.440,118.487,106.290,19.728,1287,1217,1197,1278,1175,1677,31,0,0,0,59,35,4.9908,4.9908,4.9908,4.9908,10.0990,4.5916,1284.0715,1214.5208,1195.2438,1275.2889,1057.1585,1688.5867,0,on,1
1786105438.398829,1,1,,1287.0000,1217.0000,1197.0000,1283.0000,1034.0000,1706.0000,122.067,136.219,140.217,122.878,102.616,19.643,1287,1217,1197,1280,1172,1682,29,0,0,0,58,42,4.9908,4.9908,4.9908,4.9908,10.0990,4.5916,1284.0715,1214.5208,1195.2438,1275.2889,1057.1585,1688.5867,0,on,1
1786105438.431361,1,1,,1285.0000,1219.0000,1206.0000,1294.0000,1034.0000,1709.0000,122.413,135.781,138.352,120.644,102.130,18.856,1287,1217,1197,1280,1169,1686,31,0,0,0,48,35,4.9908,4.9908,4.9908,4.9908,10.0990,4.5916,1284.0715,1214.5208,1195.2438,1282.9538,1057.1585,1688.5867,1,on,1
1786105438.462846,1,1,,1281.0000,1219.0000,1206.0000,1303.0000,1034.0000,1722.0000,123.246,135.685,138.348,118.919,102.882,16.018,1287,1217,1197,1281,1166,1687,34,0,0,0,53,36,4.9908,4.9908,4.9908,4.9908,10.0990,4.5916,1284.0715,1214.5208,1195.2438,1282.9538,1057.1585,1688.5867,0,on,1
1786105438.504052,1,1,,1267.0000,1194.0000,1191.0000,1253.0000,1034.0000,1703.0000,126.023,140.641,141.246,128.861,98.683,20.200,1287,1217,1197,1281,1162,1688,0,0,0,0,51,32,4.9908,4.9908,4.9908,4.9908,10.0990,4.5916,1284.0715,1214.5208,1195.2438,1282.9538,1057.1585,1688.5867,0,on,1
1786105438.536059,1,1,,1284.0000,1215.0000,1205.0000,1274.0000,1034.0000,1721.0000,122.667,136.582,138.615,124.722,103.075,16.375,1287,1217,1197,1281,1159,1689,0,0,0,0,47,0,4.9908,4.9908,4.9908,4.9908,10.0990,4.5916,1284.0715,1214.5208,1195.2438,1282.9538,1057.1585,1696.4388,1,on,1
1786105438.562822,1,1,,1260.0000,1198.0000,1195.0000,1268.0000,1034.0000,1711.0000,127.572,140.020,140.572,125.963,100.894,18.471,1287,1217,1197,1281,1157,1689,0,0,0,0,50,0,4.9908,4.9908,4.9908,4.9908,10.0990,4.5916,1284.0715,1214.5208,1195.2438,1282.9538,1057.1585,1696.4388,0,on,1
1786105438.598743,1,1,,1280.0000,1212.0000,1205.0000,1289.0000,1034.0000,1709.0000,123.440,137.212,138.618,121.805,101.933,18.855,1287,1217,1197,1281,1154,1689,0,0,0,13,57,0,4.9908,4.9908,4.9908,4.9908,10.0990,4.5916,1284.0715,1214.5208,1195.2438,1282.9538,1057.1585,1696.4388,0,on,1
1786105438.631350,1,1,,1270.0000,1205.0000,1202.0000,1287.0000,1034.0000,1722.0000,125.434,138.487,139.130,122.049,106.316,16.000,1287,1217,1197,1281,1152,1689,0,0,0,11,55,21,4.9908,4.9908,4.9908,4.9908,10.0990,4.5916,1284.0715,1214.5208,1195.2438,1282.9538,1041.7881,1696.4388,1,on,1
1786105438.662776,1,1,,1262.0000,1194.0000,1200.0000,1276.0000,1034.0000,1736.0000,127.186,140.818,139.444,124.293,106.579,13.030,1287,1217,1197,1283,1149,1689,0,0,0,13,60,37,4.9908,4.9908,4.9908,4.9908,10.0990,4.5916,1284.0715,1214.5208,1195.2438,1282.9538,1041.7881,1696.4388,0,on,1
1786105438.698758,1,1,,1248.0000,1175.0000,1187.0000,1269.0000,1034.0000,1733.0000,129.891,144.490,142.233,125.709,102.701,13.718,1287,1217,1197,1283,1146,1690,0,0,0,0,57,0,4.9908,4.9908,4.9908,4.9908,10.0990,4.5916,1275.8024,1214.5208,1195.2438,1282.9538,1041.7881,1705.5556,1,on,1
1786105438.736067,1,1,,1251.0000,1182.0000,1184.0000,1260.0000,1034.0000,1718.0000,129.275,143.075,142.698,127.454,105.866,16.898,1287,1217,1197,1285,1143,1690,34,0,0,0,54,69,4.9908,4.9908,4.9908,4.9908,10.0990,4.5916,1275.8024,1206.4325,1195.2438,1282.9538,1041.7881,1705.5556,1,on,1
1786105438.768028,1,1,,1237.0000,1169.0000,1184.0000,1252.0000,1034.0000,1759.0000,132.197,145.821,142.671,129.030,103.685,7.906,1284,1217,1197,1286,1139,1698,48,0,0,0,55,28,4.9908,4.9908,4.9908,4.9908,10.0990,4.5916,1275.8024,1206.4325,1195.2438,1282.9538,1041.7881,1705.5556,0,on,1
1786105438.799311,1,1,,1251.0000,1186.0000,1195.0000,1269.0000,1034.0000,1710.0000,129.332,142.252,140.517,125.712,106.770,18.722,1282,1217,1197,1287,1136,1698,0,27,0,0,63,40,4.9908,4.9908,4.9908,4.9908,10.0990,4.5916,1275.8024,1206.4325,1195.2438,1282.9538,1041.7881,1705.5556,0,on,1
1786105438.830792,1,1,,1267.0000,1199.0000,1203.0000,1282.0000,1034.0000,1732.0000,126.082,139.684,138.897,123.093,108.697,13.894,1282,1216,1197,1287,1135,1700,27,39,0,0,109,41,4.9908,4.9908,4.9908,4.9908,10.0990,4.5916,1275.8024,1206.4325,1195.2438,1282.9538,1041.7881,1713.1626,1,on,1
1786105438.862821,1,1,,1270.0000,1201.0000,1201.0000,1272.0000,1034.0000,1718.0000,125.608,139.358,139.284,125.083,103.446,17.009,1281,1212,1197,1288,1133,1701,29,18,0,0,127,39,4.9908,4.9908,4.9908,4.9908,10.0990,4.5916,1275.8024,1206.4325,1195.2438,1282.9538,1041.7881,1713.1626,0,on,1
1786105438.898816,1,1,,1265.0000,1203.0000,1201.0000,1306.0000,1034.0000,1724.0000,126.569,139.034,139.402,118.254,108.078,15.569,1281,1212,1197,1288,1131,1707,36,22,0,0,263,46,4.9908,4.9908,4.9908,4.9908,10.0990,4.5916,1275.8024,1206.4325,1195.2438,1282.9538,1041.7881,1713.1626,0,on,1
1786105438.930806,1,1,,1258.0000,1184.0000,1188.0000,1247.0000,1034.0000,1720.0000,127.951,142.699,141.930,130.041,102.024,16.603,1279,1212,1197,1288,1130,1712,36,25,0,11,445,33,4.9908,4.9908,4.9908,4.9908,10.0990,4.5916,1275.8024,1206.4325,1195.2438,1282.9538,1041.7881,1713.1626,0,on,1
1786105438.963028,1,1,,1270.0000,1199.0000,1198.0000,1287.0000,1034.0000,1722.0000,125.423,139.829,139.920,122.197,104.714,16.012,1279,1212,1197,1288,1129,1712,32,28,0,0,675,33,4.9908,4.9908,4.9908,4.9908,10.0990,4.5916,1275.8024,1206.4325,1195.2438,1282.9538,1041.7881,1713.1626,0,on,1
1786105438.999364,1,1,,1265.0000,1191.0000,1192.0000,1259.0000,1034.0000,1722.0000,126.549,141.301,141.110,127.701,106.052,16.115,1277,1212,1197,1288,1127,1712,0,32,0,9,806,35,4.9908,4.9908,4.9908,4.9908,10.0990,4.5916,1275.8024,1206.4325,1195.2438,1282.9538,1041.7881,1713.1626,0,on,1
1786105439.030787,1,1,,1268.0000,1199.0000,1201.0000,1272.0000,1034.0000,1723.0000,125.974,139.703,139.312,125.135,102.544,15.851,1277,1212,1197,1288,1125,1712,0,29,0,13,1397,34,4.9908,4.9908,4.9908,4.9908,10.0990,4.5916,1275.8024,1206.4325,1195.2438,1282.9538,1041.7881,1713.1626,0,on,1
1786105439.063373,1,1,,1274.0000,1211.0000,1202.0000,1320.0000,1034.0000,1714.0000,124.808,137.314,139.210,115.521,105.697,17.794,1277,1210,1197,1288,1125,1712,0,28,0,19,1393,37,4.9908,4.9908,4.9908,4.9908,10.0990,4.5916,1275.8024,1206.4325,1195.2438,1282.9538,1041.7881,1713.1626,0,on,1
1786105439.098953,1,1,,1271.0000,1195.0000,1195.0000,1263.0000,1034.0000,1710.0000,125.289,140.492,140.468,126.866,102.254,18.690,1277,1209,1197,1287,1125,1712,0,25,0,26,1387,42,4.9908,4.9908,4.9908,4.9908,10.0990,4.5916,1275.8024,1206.4325,1195.2438,1282.9538,1041.7881,1713.1626,0,on,1
1786105439.130839,1,1,,1278.0000,1208.0000,1196.0000,1282.0000,1034.0000,1696.0000,123.857,137.914,140.251,123.099,101.329,21.660,1277,1209,1197,1286,1125,1712,0,0,0,26,1382,42,4.9908,4.9908,4.9908,4.9908,10.0990,4.5916,1275.8024,1206.4325,1195.2438,1282.9538,1041.7881,1713.1626,0,on,1
1786105439.163359,1,1,,1268.0000,1204.0000,1200.0000,1290.0000,1034.0000,1708.0000,125.923,138.822,139.448,121.509,100.686,19.128,1277,1209,1197,1286,1125,1713,0,0,0,29,1377,0,4.9908,4.9908,4.9908,4.9908,10.0990,4.5916,1275.8024,1206.4325,1195.2438,1282.9538,1041.7881,1713.1626,0,on,1
1786105439.199346,1,1,,1270.0000,1203.0000,1200.0000,1293.0000,1034.0000,1712.0000,125.596,138.874,139.497,120.875,103.217,18.293,1277,1209,1197,1286,1125,1714,0,0,0,31,1372,0,4.9908,4.9908,4.9908,4.9908,10.0990,4.5916,1275.8024,1206.4325,1195.2438,1282.9538,1041.7881,1713.1626,0,on,1
1786105439.230817,1,1,,1292.0000,1232.0000,1200.0000,1314.0000,1034.0000,1689.0000,121.079,133.213,139.444,116.672,95.426,23.152,1277,1209,1197,1286,1125,1714,0,0,0,33,1368,0,4.9908,4.9908,4.9908,4.9908,10.0990,4.5916,1275.8024,1206.4325,1195.2438,1282.9538,1041.7881,1713.1626,0,on,1
1786105439.262826,1,1,,1266.0000,1201.0000,1202.0000,1218.0000,1034.0000,1717.0000,126.265,139.408,139.080,135.869,96.366,17.068,1277,1209,1197,1286,1125,1714,0,0,0,35,1364,0,4.9908,4.9908,4.9908,4.9908,10.0990,4.5916,1275.8024,1206.4325,1195.2438,1282.9538,1041.7881,1713.1626,0,on,1
1786105439.298728,1,1,,1324.0000,1276.0000,1234.0000,1330.0000,1196.0000,1724.0000,114.738,124.316,132.735,113.582,76.877,15.602,1277,1209,1197,1286,1125,1714,0,0,0,41,1360,0,4.9908,4.9908,4.9908,4.9908,10.0990,4.5916,1275.8024,1206.4325,1195.2438,1282.9538,1068.6853,1713.1626,1,on,1
1786105439.330805,1,1,,1372.0000,1318.0000,1317.0000,1436.0000,1479.0000,1749.0000,105.145,115.924,116.191,92.234,48.862,10.140,1277,1209,1197,1285,1125,1713,0,0,0,21,1356,0,4.9908,4.9908,4.9908,4.9908,10.0990,4.5916,1290.2952,1230.5488,1219.6053,1312.0376,1237.2575,1713.1626,1,on,1
1786105439.363384,1,0,handedness unsure,1489.0000,1478.0000,1506.0000,1596.0000,1509.0000,1850.0000,81.626,83.839,78.283,60.272,45.889,-13.439,1277,1209,1197,1285,1125,1714,0,18,19,0,1352,0,4.9908,4.9908,4.9908,4.9908,10.0990,4.5916,1346.2653,1310.5975,1318.1043,1412.2400,1237.2575,1713.1626,1,on,1
1786105439.398799,1,0,handedness unsure,1593.0000,1530.0000,1524.0000,1558.0000,1442.0000,1834.0000,60.879,73.398,74.711,67.874,52.596,-8.241,1277,1209,1202,1285,1125,1714,0,40,21,41,1347,0,4.9908,4.9908,4.9908,4.9908,10.0990,4.5916,1438.3839,1393.2875,1396.2210,1463.0109,1237.2575,1713.1626,1,on,1
1786105439.430816,1,1,,1682.0000,1556.0000,1582.0000,1578.0000,1432.0000,1850.0000,43.044,68.131,62.940,63.798,53.580,-16.376,1277,1218,1210,1291,1125,1714,85,70,42,78,1345,0,4.9908,4.9908,4.9908,4.9908,10.0990,4.5916,1533.8340,1450.0271,1463.7434,1497.7744,1314.8942,1740.2452,1,on,1
1786105439.463362,1,1,,1725.0000,1672.0000,1680.0000,1655.0000,1392.0000,1805.0000,34.248,44.928,43.456,48.274,57.471,-2.115,1291,1236,1226,1314,1125,1714,93,77,58,66,1340,0,4.9908,4.9908,4.9908,4.9908,10.0990,4.5916,1608.0798,1534.7873,1547.2894,1547.9800,1340.0515,1752.0901,1,on,1
1786105439.499356,1,0,handedness unsure,1785.0000,1707.0000,1747.0000,1664.0000,1464.0000,1838.0000,22.347,37.962,30.014,46.473,50.409,-9.189,1314,1257,1245,1336,1125,1714,58,60,71,84,1307,41,4.9908,4.9908,4.9908,4.9908,10.0990,4.5916,1676.9967,1600.7640,1627.3358,1584.0358,1340.0515,1752.0901,1,on,1
1786105439.531358,1,0,handedness unsure,1780.0000,1724.0000,1765.0000,1712.0000,1438.0000,1841.0000,23.308,34.458,26.365,36.902,52.984,-9.806,1331,1279,1265,1355,1125,1722,85,60,58,75,1001,79,4.9908,4.9908,4.9908,4.9908,10.0990,4.5916,1709.6021,1640.9057,1674.8401,1620.9787,1340.0515,1752.0901,1,on,1
1786105439.562825,1,0,handedness unsure,1761.0000,1732.0000,1761.0000,1712.0000,1469.0000,1816.0000,27.124,32.968,27.222,37.044,49.838,-4.440,1353,1295,1283,1376,1124,1734,81,69,62,76,792,44,4.9908,4.9908,4.9908,4.9908,10.0990,4.5916,1722.3540,1666.7453,1700.0314,1644.7503,1340.0515,1752.0901,1,on,1
1786105439.598822,1,0,handedness unsure,1738.0000,1749.0000,1770.0000,1713.0000,1451.0000,1800.0000,31.804,29.515,25.230,36.674,51.691,-0.880,1370,1312,1301,1395,1123,1737,67,65,61,59,500,39,4.9908,4.9908,4.9908,4.9908,10.0990,4.5916,1722.3540,1688.7818,1718.4745,1661.2769,1340.0515,1752.0901,1,on,1
1786105439.631365,1,0,handedness unsure,1723.0000,1754.0000,1804.0000,1720.0000,1491.0000,1782.0000,34.666,28.586,18.562,35.268,47.723,2.965,1388,1329,1318,1411,1123,1737,58,64,63,51,76,42,4.9908,4.9908,4.9908,4.9908,10.0990,4.5916,1722.3540,1702.9992,1738.3875,1672.8897,1340.0515,1752.0901,1,on,1
1786105439.663354,1,0,handedness unsure,1746.0000,1768.0000,1807.0000,1714.0000,1453.0000,1798.0000,30.069,25.706,17.969,36.496,51.441,-0.519,1399,1341,1331,1424,1124,1737,66,66,50,43,91,40,4.9908,4.9908,4.9908,4.9908,10.0990,4.5916,1722.3540,1715.8904,1752.8001,1672.8897,1340.0515,1752.0901,1,on,1
1786105439.699328,1,0,handedness unsure,1752.0000,1788.0000,1813.0000,1713.0000,1461.0000,1796.0000,28.997,21.807,16.644,36.793,50.694,-0.065,1417,1358,1349,1440,1129,1738,56,57,52,39,69,56,4.9908,4.9908,4.9908,4.9908,10.0990,4.5916,1722.3540,1730.7264,1764.9252,1684.5114,1340.0515,1752.0901,1,on,1
1786105439.730749,1,0,handedness unsure,1745.0000,1787.0000,1819.0000,1714.0000,1506.0000,1785.0000,30.415,22.002,15.550,36.500,46.255,2.322,1431,1374,1365,1457,1136,1743,61,62,45,29,60,19,4.9908,4.9908,4.9908,4.9908,10.0990,4.5916,1730.2418,1740.4461,1774.0279,1684.5114,1340.0515,1752.0901,1,on,1
1786105439.763536,1,0,handedness unsure,1757.0000,1789.0000,1817.0000,1711.0000,1484.0000,1791.0000,27.859,21.570,15.954,37.187,48.435,1.012,1448,1391,1381,1471,1142,1745,56,59,53,40,42,43,4.9908,4.9908,4.9908,4.9908,10.0990,4.5916,1730.2418,1748.3011,1774.0279,1684.5114,1340.0515,1752.0901,1,on,1
1786105439.804055,1,0,handedness unsure,1743.0000,1782.0000,1823.0000,1713.0000,1510.0000,1784.0000,30.678,22.966,14.703,36.787,45.827,2.616,1464,1406,1394,1489,1146,1748,63,48,55,57,28,22,4.9908,4.9908,4.9908,4.9908,10.0990,4.5916,1730.2418,1748.3011,1787.2325,1692.4596,1340.0515,1752.0901,1,on,1
1786105439.831344,1,0,handedness unsure,1758.0000,1771.0000,1810.0000,1708.0000,1466.0000,1802.0000,27.749,25.068,17.361,37.698,50.140,-1.283,1481,1423,1413,1505,1150,1748,62,63,54,42,29,27,4.9908,4.9908,4.9908,4.9908,10.0990,4.5916,1730.2418,1748.3011,1787.2325,1692.4596,1340.0515,1752.0901,0,on,1
1786105439.862812,1,0,handedness unsure,1741.0000,1780.0000,1818.0000,1727.0000,1465.0000,1783.0000,31.183,23.378,15.620,34.036,50.285,2.777,1491,1434,1422,1514,1152,1749,72,61,65,36,32,28,4.9908,4.9908,4.9908,4.9908,10.0990,4.5916,1730.2418,1757.2628,1787.2325,1692.4596,1340.0515,1752.0901,1,on,1
1786105439.898856,1,0,handedness unsure,1743.0000,1772.0000,1821.0000,1717.0000,1482.0000,1791.0000,30.826,24.988,15.134,35.977,48.552,1.062,1509,1450,1439,1532,1155,1749,63,58,54,47,27,38,4.9908,4.9908,4.9908,4.9908,10.0990,4.5916,1730.2418,1757.2628,1795.2895,1692.4596,1340.0515,1752.0901,1,on,1
1786105439.930821,1,0,handedness unsure,1742.0000,1785.0000,1828.0000,1717.0000,1491.0000,1779.0000,30.868,22.281,13.711,35.882,47.732,3.761,1524,1463,1456,1550,1157,1751,76,77,59,55,31,35,4.9908,4.9908,4.9908,4.9908,10.0990,4.5916,1730.2418,1757.2628,1795.2895,1692.4596,1340.0515,1752.0901,0,on,1
1786105439.962805,1,0,handedness unsure,1744.0000,1774.0000,1823.0000,1711.0000,1480.0000,1781.0000,30.444,24.500,14.780,37.211,48.815,3.127,1542,1483,1471,1566,1160,1751,70,60,64,52,27,31,4.9908,4.9908,4.9908,4.9908,10.0990,4.5916,1730.2418,1757.2628,1795.2895,1700.1282,1340.0515,1752.0901,1,on,1
1786105439.998809,1,0,handedness unsure,1739.0000,1783.0000,1831.0000,1716.0000,1495.0000,1776.0000,31.622,22.794,13.190,36.209,47.275,4.317,1559,1499,1488,1585,1164,1753,67,61,56,59,26,27,4.9908,4.9908,4.9908,4.9908,10.0990,4.5916,1730.2418,1757.2628,1803.6304,1700.1282,1340.0515,1752.0901,1,on,1
1786105440.031393,1,0,handedness unsure,1740.0000,1783.0000,1836.0000,1717.0000,1499.0000,1777.0000,31.326,22.761,12.193,35.857,46.880,4.041,1576,1516,1503,1604,1166,1753,78,64,62,38,35,34,4.9908,4.9908,4.9908,4.9908,10.0990,4.5916,1730.2418,1757.2628,1803.6304,1700.1282,1340.0515,1752.0901,0,on,1
1786105440.063343,1,0,handedness unsure,1726.0000,1779.0000,1833.0000,1716.0000,1490.0000,1770.0000,34.203,23.608,12.785,36.234,47.766,5.581,1588,1528,1516,1614,1168,1753,72,69,60,27,33,31,4.9908,4.9908,4.9908,4.9908,10.0990,4.5916,1730.2418,1765.2451,1803.6304,1700.1282,1340.0515,1752.0901,1,on,1
1786105440.098664,1,0,handedness unsure,1716.0000,1778.0000,1829.0000,1708.0000,1485.0000,1760.0000,36.175,23.766,13.564,37.710,48.262,7.868,1606,1545,1533,1630,1171,1753,75,64,68,48,31,0,4.9908,4.9908,4.9908,4.9908,10.0990,4.5916,1730.2418,1765.2451,1803.6304,1700.1282,1340.0515,1752.0901,0,on,1
1786105440.130709,1,0,handedness unsure,1724.0000,1784.0000,1835.0000,1704.0000,1492.0000,1758.0000,34.450,22.524,12.379,38.556,47.593,8.277,1624,1562,1551,1653,1174,1753,74,63,57,52,38,0,4.9908,4.9908,4.9908,4.9908,10.0990,4.5916,1730.2418,1765.2451,1812.6254,1700.1282,1340.0515,1752.0901,1,on,1
1786105440.162710,1,0,handedness unsure,1732.0000,1782.0000,1831.0000,1718.0000,1489.0000,1755.0000,33.041,22.951,13.075,35.844,47.902,8.832,1644,1580,1567,1670,1177,1753,69,63,64,48,35,0,4.9908,4.9908,4.9908,4.9908,10.0990,4.5916,1730.2418,1765.2451,1812.6254,1700.1282,1340.0515,1752.0901,0,on,1
1786105440.198774,1,0,handedness unsure,1717.0000,1774.0000,1828.0000,1710.0000,1502.0000,1758.0000,35.972,24.489,13.655,37.301,46.640,8.201,1662,1597,1587,1690,1180,1753,78,65,51,0,36,0,4.9908,4.9908,4.9908,4.9908,10.0990,4.5916,1730.2418,1765.2451,1812.6254,1700.1282,1340.0515,1752.0901,0,on,1
1786105440.230724,1,0,handedness unsure,1723.0000,1788.0000,1838.0000,1713.0000,1516.0000,1753.0000,34.736,21.741,11.624,36.726,45.207,9.335,1682,1616,1602,1691,1184,1753,63,69,67,22,31,0,4.9908,4.9908,4.9908,4.9908,10.0990,4.5916,1730.2418,1765.2451,1812.6254,1700.1282,1340.0515,1752.0901,0,on,1
1786105440.262745,1,0,handedness unsure,1722.0000,1774.0000,1833.0000,1711.0000,1517.0000,1764.0000,34.917,24.597,12.796,37.197,45.077,6.907,1695,1629,1614,1695,1186,1753,73,61,65,0,30,0,4.9908,4.9908,4.9908,4.9908,10.0990,4.5916,1730.2418,1765.2451,1812.6254,1700.1282,1340.0515,1752.0901,0,on,1
1786105440.298721,1,0,handedness unsure,1723.0000,1778.0000,1833.0000,1709.0000,1498.0000,1757.0000,34.829,23.803,12.727,37.639,47.040,8.444,1711,1648,1636,1695,1189,1753,62,64,65,0,31,0,4.9908,4.9908,4.9908,4.9908,10.0990,4.5916,1730.2418,1765.2451,1812.6254,1700.1282,1340.0515,1752.0901,0,on,1
1786105440.332054,1,0,handedness unsure,1732.0000,1779.0000,1832.0000,1709.0000,1512.0000,1768.0000,32.956,23.553,12.975,37.616,45.608,5.977,1719,1672,1659,1696,1193,1753,32,73,61,0,26,0,4.9908,4.9908,4.9908,4.9908,10.0990,4.5916,1730.2418,1765.2451,1812.6254,1700.1282,1340.0515,1752.0901,0,on,1
1786105440.363376,1,0,handedness unsure,1724.0000,1774.0000,1832.0000,1713.0000,1494.0000,1764.0000,34.578,24.470,12.980,36.807,47.396,7.023,1724,1685,1674,1695,1196,1753,25,70,58,0,28,0,4.9908,4.9908,4.9908,4.9908,10.0990,4.5916,1730.2418,1765.2451,1812.6254,1700.1282,1340.0515,1752.0901,0,on,1
1786105440.399359,1,0,handedness unsure,1736.0000,1781.0000,1832.0000,1711.0000,1494.0000,1764.0000,32.047,23.217,12.959,37.123,47.437,7.001,1728,1733,1718,1699,1202,1753,0,73,65,0,31,0,4.9908,4.9908,4.9908,4.9908,10.0990,4.5916,1730.2418,1765.2451,1820.5118,1700.1282,1340.0515,1752.0901,1,on,1
1786105440.452204,1,0,handedness unsure,1738.0000,1795.0000,1835.0000,1711.0000,1514.0000,1769.0000,31.841,20.332,12.353,37.112,45.433,5.808,1728,1740,1725,1699,1203,1753,0,75,67,0,31,0,4.9908,4.9908,4.9908,4.9908,10.0990,4.5916,1730.2418,1765.2451,1820.5118,1700.1282,1340.0515,1752.0901,0,on,1
1786105440.469154,1,0,handedness unsure,1736.0000,1777.0000,1833.0000,1717.0000,1466.0000,1764.0000,32.177,23.895,12.737,36.004,50.197,6.885,1728,1746,1732,1699,1204,1753,0,82,71,0,34,0,4.9908,4.9908,4.9908,4.9908,10.0990,4.5916,1730.2418,1765.2451,1820.5118,1700.1282,1340.0515,1752.0901,0,on,1
1786105440.504083,1,0,handedness unsure,1742.0000,1783.0000,1837.0000,1714.0000,1512.0000,1765.0000,30.848,22.787,11.927,36.496,45.606,6.721,1728,1756,1751,1700,1207,1753,0,0,65,0,41,0,4.9908,4.9908,4.9908,4.9908,10.0990,4.5916,1730.2418,1772.9817,1820.5118,1700.1282,1340.0515,1752.0901,1,on,1
1786105440.535885,1,0,handedness unsure,1718.0000,1781.0000,1838.0000,1717.0000,1501.0000,1749.0000,35.691,23.105,11.647,35.902,46.732,10.142,1728,1759,1773,1700,1211,1753,0,25,9,0,31,0,4.9908,4.9908,4.9908,4.9908,10.0990,4.5916,1730.2418,1772.9817,1820.5118,1700.1282,1340.0515,1752.0901,0,on,1
1786105440.563078,1,0,handedness unsure,1733.0000,1784.0000,1841.0000,1710.0000,1538.0000,1761.0000,32.812,22.540,11.045,37.297,43.078,7.591,1728,1763,1776,1700,1214,1753,0,42,15,0,27,0,4.9908,4.9908,4.9908,4.9908,10.0990,4.5916,1730.2418,1772.9817,1820.5118,1700.1282,1340.0515,1752.0901,0,on,1
1786105440.594906,1,0,handedness unsure,1722.0000,1790.0000,1832.0000,1715.0000,1503.0000,1749.0000,34.973,21.288,12.906,36.344,46.477,10.225,1728,1767,1781,1700,1216,1753,0,18,24,0,32,0,4.9908,4.9908,4.9908,4.9908,10.0990,4.5916,1730.2418,1772.9817,1820.5118,1700.1282,1340.0515,1752.0901,0,on,1
1786105440.666862,1,0,handedness unsure,1727.0000,1795.0000,1845.0000,1713.0000,1541.0000,1749.0000,33.979,20.289,10.384,36.818,42.751,10.134,1728,1769,1785,1700,1223,1753,0,26,14,0,27,0,4.9908,4.9908,4.9908,4.9908,10.0990,4.5916,1730.2418,1772.9817,1820.5118,1700.1282,1340.0515,1752.0901,0,on,1
1786105440.696462,1,0,handedness unsure,1721.0000,1786.0000,1840.0000,1707.0000,1479.0000,1749.0000,35.226,22.145,11.396,38.037,48.865,10.238,1728,1771,1785,1700,1224,1753,13,21,0,0,34,0,4.9908,4.9908,4.9908,4.9908,10.0990,4.5916,1730.2418,1772.9817,1820.5118,1700.1282,1340.0515,1752.0901,0,on,1
1786105440.726824,1,0,handedness unsure,1714.0000,1804.0000,1844.0000,1714.0000,1520.0000,1740.0000,36.631,18.574,10.505,36.505,44.832,12.069,1728,1772,1785,1700,1227,1753,23,21,0,0,31,0,4.9908,4.9908,4.9908,4.9908,10.0990,4.5916,1730.2418,1772.9817,1820.5118,1700.1282,1340.0515,1752.0901,0,on,1
1786105440.750784,1,0,handedness unsure,1717.0000,1801.0000,1850.0000,1717.0000,1533.0000,1751.0000,36.047,19.206,8.661,35.977,43.506,9.778,1730,1772,1785,1700,1230,1753,22,23,0,0,30,0,4.9908,4.9908,4.9908,4.9908,10.0990,4.5916,1730.2418,1772.9817,1829.0366,1700.1282,1340.0515,1752.0901,1,on,1
1786105440.784076,1,0,handedness unsure,1714.0000,1806.0000,1850.0000,1714.0000,1553.0000,1749.0000,36.485,18.182,8.860,36.513,41.596,10.215,1731,1773,1785,1700,1233,1753,21,23,0,0,26,0,4.9908,4.9908,4.9908,4.9908,10.0990,4.5916,1730.2418,1781.7649,1829.0366,1707.6847,1340.0515,1752.0901,1,on,1
1786105440.806689,1,0,handedness unsure,1722.0000,1797.0000,1850.0000,1717.0000,1533.0000,1743.0000,35.002,19.826,9.361,35.928,43.498,11.417,1731,1773,1785,1700,1234,1753,18,25,0,0,38,0,4.9908,4.9908,4.9908,4.9908,10.0990,4.5916,1730.2418,1781.7649,1829.0366,1707.6847,1340.0515,1752.0901,0,on,1
1786105440.834687,1,0,handedness unsure,1719.0000,1792.0000,1845.0000,1718.0000,1541.0000,1750.0000,35.501,20.965,10.378,35.698,42.759,9.912,1731,1773,1785,1700,1237,1753,11,40,0,0,29,0,4.9908,4.9908,4.9908,4.9908,10.0990,4.5916,1730.2418,1781.7649,1829.0366,1707.6847,1340.0515,1752.0901,0,on,1
1786105440.862676,1,0,handedness unsure,1701.0000,1787.0000,1835.0000,1719.0000,1525.0000,1747.0000,39.184,22.023,12.354,35.449,44.373,10.647,1731,1777,1785,1703,1241,1753,21,45,0,8,30,0,4.9908,4.9908,4.9908,4.9908,10.0990,4.5916,1730.2418,1781.7649,1829.0366,1707.6847,1340.0515,1752.0901,0,on,1
1786105440.898745,1,0,handedness unsure,1706.0000,1797.0000,1830.0000,1715.0000,1487.0000,1739.0000,38.055,19.893,13.396,36.378,48.058,12.372,1731,1782,1785,1704,1243,1753,0,34,0,20,35,0,4.9908,4.9908,4.9908,4.9908,10.0990,4.5916,1730.2418,1781.7649,1829.0366,1707.6847,1340.0515,1752.0901,0,on,1
1786105440.930722,1,0,handedness unsure,1699.0000,1784.0000,1837.0000,1711.0000,1450.0000,1742.0000,39.539,22.512,11.810,37.093,51.722,11.730,1731,1783,1785,1707,1245,1753,0,0,0,0,36,0,4.9908,4.9908,4.9908,4.9908,10.0990,4.5916,1730.2418,1781.7649,1829.0366,1707.6847,1340.0515,1752.0901,0,on,1
1786105440.962715,1,0,handedness unsure,1718.0000,1795.0000,1841.0000,1722.0000,1486.0000,1742.0000,35.808,20.260,11.076,34.903,48.200,11.757,1731,1784,1785,1708,1248,1753,0,0,0,0,35,0,4.9908,4.9908,4.9908,4.9908,10.0990,4.5916,1730.2418,1781.7649,1829.0366,1707.6847,1340.0515,1752.0901,0,on,1
1786105440.998731,1,0,handedness unsure,1703.0000,1776.0000,1825.0000,1714.0000,1445.0000,1739.0000,38.833,24.148,14.271,36.525,52.212,12.349,1731,1784,1785,1708,1253,1753,0,0,0,0,26,0,4.9908,4.9908,4.9908,4.9908,10.0990,4.5916,1721.8249,1781.7649,1829.0366,1707.6847,1340.0515,1752.0901,1,on,1
1786105441.030828,1,0,handedness unsure,1693.0000,1786.0000,1830.0000,1727.0000,1485.0000,1724.0000,40.755,22.130,13.267,33.884,48.341,15.623,1731,1784,1785,1708,1255,1753,0,0,0,0,33,0,4.9908,4.9908,4.9908,4.9908,10.0990,4.5916,1721.8249,1781.7649,1829.0366,1707.6847,1340.0515,1752.0901,0,on,1
1786105441.062760,1,0,handedness unsure,1690.0000,1768.0000,1829.0000,1734.0000,1529.0000,1724.0000,41.321,25.715,13.561,32.538,43.972,15.550,1731,1784,1785,1708,1258,1753,0,0,0,0,29,0,4.9908,4.9908,4.9908,4.9908,10.0990,4.5916,1721.8249,1781.7649,1829.0366,1707.6847,1340.0515,1752.0901,0,on,1
1786105441.098736,1,0,handedness unsure,1696.0000,1766.0000,1821.0000,1740.0000,1536.0000,1720.0000,40.101,26.089,15.108,31.356,43.212,16.396,1731,1783,1785,1708,1261,1753,16,0,0,0,32,0,4.9908,4.9908,4.9908,4.9908,10.0990,4.5916,1721.8249,1781.7649,1829.0366,1707.6847,1340.0515,1752.0901,0,on,1
1786105441.130712,1,0,handedness unsure,1701.0000,1767.0000,1823.0000,1740.0000,1531.0000,1723.0000,39.105,25.919,14.661,31.371,43.742,15.799,1731,1784,1785,1708,1263,1753,0,0,0,0,31,0,4.9908,4.9908,4.9908,4.9908,10.0990,4.5916,1721.8249,1781.7649,1829.0366,1715.9742,1340.0515,1752.0901,1,on,1
1786105441.162692,1,0,handedness unsure,1710.0000,1769.0000,1816.0000,1756.0000,1520.0000,1718.0000,37.367,25.628,16.074,28.090,44.862,17.006,1731,1784,1785,1708,1267,1753,8,0,9,0,33,0,4.9908,4.9908,4.9908,4.9908,10.0990,4.5916,1721.8249,1781.7649,1829.0366,1715.9742,1340.0515,1752.0901,0,on,1
1786105441.198634,1,0,handedness unsure,1710.0000,1765.0000,1805.0000,1757.0000,1508.0000,1720.0000,37.304,26.403,18.218,27.896,46.056,16.531,1730,1784,1785,1708,1270,1753,38,0,20,0,29,0,4.9908,4.9908,4.9908,4.9908,10.0990,4.5916,1714.1858,1781.7649,1829.0366,1723.9090,1340.0515,1752.0901,1,on,1
1786105441.230758,1,0,handedness unsure,1714.0000,1763.0000,1806.0000,1749.0000,1493.0000,1723.0000,36.551,26.746,18.143,29.635,47.477,15.931,1726,1783,1786,1714,1274,1753,46,0,15,35,22,0,4.9908,4.9908,4.9908,4.9908,10.0990,4.5916,1714.1858,1781.7649,1829.0366,1723.9090,1340.0515,1752.0901,0,on,1
1786105441.263338,1,0,handedness unsure,1705.0000,1756.0000,1811.0000,1756.0000,1514.0000,1722.0000,38.309,28.063,17.178,28.163,45.390,16.156,1720,1784,1787,1722,1277,1753,48,0,13,18,28,0,4.9908,4.9908,4.9908,4.9908,10.0990,4.5916,1714.1858,1781.7649,1829.0366,1723.9090,1340.0515,1752.0901,0,on,1
1786105441.299445,1,0,handedness unsure,1708.0000,1764.0000,1804.0000,1766.0000,1525.0000,1722.0000,37.750,26.477,18.432,26.036,44.339,16.105,1715,1784,1787,1725,1280,1753,0,0,0,0,27,0,4.9908,4.9908,4.9908,4.9908,10.0990,4.5916,1714.1858,1781.7649,1829.0366,1732.9697,1340.0515,1752.0901,1,on,1
1786105441.331401,1,0,handedness unsure,1716.0000,1765.0000,1805.0000,1749.0000,1504.0000,1741.0000,36.187,26.316,18.336,29.632,46.424,12.030,1715,1784,1787,1725,1282,1753,0,0,0,0,31,0,4.9908,4.9908,4.9908,4.9908,10.0990,4.5916,1714.1858,1781.7649,1829.0366,1732.9697,1340.0515,1752.0901,0,on,1
1786105441.363631,1,0,handedness unsure,1702.0000,1768.0000,1807.0000,1765.0000,1554.0000,1732.0000,38.968,25.819,18.016,26.407,41.484,13.903,1715,1783,1787,1725,1285,1753,0,0,0,32,28,0,4.9908,4.9908,4.9908,4.9908,10.0990,4.5916,1714.1858,1781.7649,1829.0366,1732.9697,1340.0515,1752.0901,0,on,1
1786105441.399378,1,0,handedness unsure,1694.0000,1768.0000,1809.0000,1768.0000,1554.0000,1723.0000,40.634,25.641,17.499,25.635,41.453,15.816,1715,1783,1787,1732,1288,1753,0,0,0,14,26,0,4.9908,4.9908,4.9908,4.9908,10.0990,4.5916,1714.1858,1781.7649,1829.0366,1732.9697,1340.0515,1752.0901,0,on,1
1786105441.431380,1,0,handedness unsure,1697.0000,1764.0000,1803.0000,1769.0000,1553.0000,1723.0000,40.015,26.452,18.737,25.466,41.518,15.794,1715,1784,1787,1733,1291,1753,0,0,0,0,29,0,4.9908,4.9908,4.9908,4.9908,10.0990,4.5916,1714.1858,1781.7649,1820.7461,1742.5474,1340.0515,1752.0901,1,on,1
1786105441.463410,1,0,handedness unsure,1682.0000,1759.0000,1810.0000,1762.0000,1528.0000,1723.0000,42.917,27.620,17.298,27.018,44.061,15.833,1715,1783,1787,1733,1294,1753,0,0,0,0,33,0,4.9908,4.9908,4.9908,4.9908,10.0990,4.5916,1714.1858,1781.7649,1820.7461,1742.5474,1340.0515,1752.0901,0,on,1
1786105441.498878,1,0,handedness unsure,1689.0000,1769.0000,1804.0000,1772.0000,1556.0000,1729.0000,41.627,25.589,18.521,24.957,41.266,14.612,1715,1784,1787,1735,1298,1753,0,0,0,38,29,0,4.9908,4.9908,4.9908,4.9908,10.0990,4.5916,1714.1858,1781.7649,1820.7461,1742.5474,1340.0515,1752.0901,0,on,1
1786105441.531396,1,0,handedness unsure,1676.0000,1759.0000,1804.0000,1764.0000,1541.0000,1732.0000,44.179,27.564,18.501,26.534,42.724,13.803,1715,1783,1787,1739,1300,1753,0,0,0,0,26,0,4.9908,4.9908,4.9908,4.9908,10.0990,4.5916,1705.4403,1773.5808,1820.7461,1742.5474,1340.0515,1752.0901,1,on,1
1786105441.562917,1,0,handedness unsure,1678.0000,1767.0000,1808.0000,1769.0000,1540.0000,1724.0000,43.763,26.015,17.723,25.547,42.893,15.564,1715,1784,1787,1740,1303,1753,0,0,0,0,26,0,4.9908,4.9908,4.9908,4.9908,10.0990,4.5916,1705.4403,1773.5808,1820.7461,1742.5474,1340.0515,1752.0901,0,on,1
1786105441.598682,1,0,handedness unsure,1678.0000,1755.0000,1804.0000,1761.0000,1523.0000,1722.0000,43.761,28.339,18.587,27.189,44.533,15.967,1715,1784,1787,1740,1306,1753,32,0,0,0,33,0,4.9908,4.9908,4.9908,4.9908,10.0990,4.5916,1705.4403,1773.5808,1820.7461,1750.0709,1340.0515,1752.0901,1,on,1
1786105441.630722,1,0,handedness unsure,1678.0000,1764.0000,1807.0000,1764.0000,1519.0000,1716.0000,43.852,26.582,17.882,26.470,44.963,17.416,1713,1783,1787,1740,1310,1753,42,0,0,31,24,0,4.9908,4.9908,4.9908,4.9908,10.0990,4.5916,1705.4403,1773.5808,1820.7461,1750.0709,1340.0515,1752.0901,0,on,1
1786105441.662712,1,0,handedness unsure,1676.0000,1759.0000,1804.0000,1760.0000,1524.0000,1712.0000,44.157,27.572,18.501,27.398,44.397,18.290,1712,1783,1787,1748,1313,1753,0,31,0,24,31,0,4.9908,4.9908,4.9908,4.9908,10.0990,4.5916,1697.3374,1773.5808,1820.7461,1750.0709,1340.0515,1752.0901,1,on,1
1786105441.698642,1,0,handedness unsure,1678.0000,1756.0000,1796.0000,1763.0000,1515.0000,1724.0000,43.717,28.099,20.180,26.691,45.314,15.674,1712,1783,1787,1752,1316,1753,25,0,0,20,27,0,4.9908,4.9908,4.9908,4.9908,10.0990,4.5916,1697.3374,1773.5808,1820.7461,1750.0709,1340.0515,1752.0901,0,on,1
1786105441.730710,1,0,handedness unsure,1693.0000,1765.0000,1813.0000,1769.0000,1521.0000,1706.0000,40.833,26.261,16.812,25.518,44.685,19.450,1710,1784,1787,1752,1318,1753,66,31,0,0,31,0,4.9908,4.9908,4.9908,4.9908,10.0990,4.5916,1697.3374,1773.5808,1820.7461,1750.0709,1340.0515,1752.0901,0,on,1
1786105441.762715,1,0,handedness unsure,1691.0000,1769.0000,1813.0000,1769.0000,1520.0000,1723.0000,41.137,25.605,16.790,25.553,44.798,15.796,1705,1783,1787,1752,1322,1753,34,51,0,0,27,0,4.9908,4.9908,4.9908,4.9908,10.0990,4.5916,1697.3374,1773.5808,1820.7461,1750.0709,1340.0515,1752.0901,0,on,1
1786105441.798766,1,0,handedness unsure,1689.0000,1769.0000,1807.0000,1767.0000,1520.0000,1719.0000,41.468,25.473,17.834,25.854,44.811,16.749,1701,1777,1787,1752,1324,1753,21,17,0,0,30,0,4.9908,4.9908,4.9908,4.9908,10.0990,4.5916,1697.3374,1773.5808,1820.7461,1750.0709,1340.0515,1752.0901,0,on,1
1786105441.830661,1,0,handedness unsure,1685.0000,1772.0000,1815.0000,1772.0000,1528.0000,1711.0000,42.349,24.865,16.326,25.026,44.008,18.505,1700,1777,1787,1752,1328,1753,0,15,0,0,30,0,4.9908,4.9908,4.9908,4.9908,10.0990,4.5916,1697.3374,1773.5808,1820.7461,1750.0709,1340.0515,1752.0901,0,on,1
1786105441.862717,1,0,handedness unsure,1682.0000,1768.0000,1790.0000,1777.0000,1535.0000,1715.0000,42.864,25.692,21.318,23.993,43.346,17.642,1700,1777,1787,1752,1329,1753,0,18,0,0,29,0,4.9908,4.9908,4.9908,4.9908,10.0990,4.5916,1697.3374,1773.5808,1820.7461,1750.0709,1340.0515,1752.0901,0,on,1
1786105441.898741,1,0,handedness unsure,1692.0000,1772.0000,1819.0000,1768.0000,1538.0000,1712.0000,41.008,24.877,15.580,25.690,43.084,18.259,1700,1777,1787,1752,1335,1753,0,18,0,0,25,0,4.9908,4.9908,4.9908,4.9908,10.0990,4.5916,1697.3374,1773.5808,1820.7461,1750.0709,1340.0515,1752.0901,0,on,1
1786105441.930772,1,0,handedness unsure,1689.0000,1767.0000,1803.0000,1774.0000,1530.0000,1721.0000,41.519,25.888,18.701,24.446,43.850,16.296,1700,1777,1787,1752,1336,1753,0,19,0,0,0,0,4.9908,4.9908,4.9908,4.9908,10.0990,4.5916,1697.3374,1773.5808,1813.2169,1758.2695,1340.0515,1752.0901,1,on,1
1786105441.962703,1,0,handedness unsure,1690.0000,1764.0000,1800.0000,1755.0000,1506.0000,1721.0000,41.420,26.440,19.277,28.409,46.255,16.360,1700,1777,1787,1752,1336,1753,0,20,0,0,25,0,4.9908,4.9908,4.9908,4.9908,10.0990,4.5916,1697.3374,1773.5808,1813.2169,1758.2695,1340.0515,1752.0901,0,on,1
1786105441.998682,1,0,handedness unsure,1680.0000,1768.0000,1800.0000,1768.0000,1515.0000,1709.0000,43.334,25.776,19.406,25.635,45.336,18.960,1700,1777,1787,1752,1338,1753,0,25,0,21,20,0,4.9908,4.9908,4.9908,4.9908,10.0990,4.5916,1697.3374,1773.5808,1813.2169,1758.2695,1340.0515,1752.0901,0,on,1
1786105442.030706,1,0,handedness unsure,1688.0000,1776.0000,1806.0000,1765.0000,1522.0000,1715.0000,41.676,24.133,18.141,26.429,44.595,17.676,1700,1776,1787,1755,1339,1753,0,0,0,12,15,0,4.9908,4.9908,4.9908,4.9908,10.0990,4.5916,1697.3374,1773.5808,1813.2169,1758.2695,1340.0515,1752.0901,0,on,1
1786105442.063492,1,0,handedness unsure,1700.0000,1777.0000,1803.0000,1780.0000,1524.0000,1712.0000,39.313,23.905,18.658,23.295,44.479,18.192,1700,1776,1787,1758,1339,1753,0,0,0,9,0,0,4.9908,4.9908,4.9908,4.9908,10.0990,4.5916,1697.3374,1773.5808,1813.2169,1758.2695,1340.0515,1752.0901,0,on,1
1786105442.099409,1,0,handedness unsure,1695.0000,1775.0000,1804.0000,1773.0000,1541.0000,1724.0000,40.361,24.351,18.549,24.771,42.704,15.569,1700,1776,1787,1758,1339,1753,0,0,0,12,0,0,4.9908,4.9908,4.9908,4.9908,10.0990,4.5916,1697.3374,1773.5808,1813.2169,1758.2695,1340.0515,1752.0901,0,on,1
1786105442.130956,1,0,handedness unsure,1704.0000,1776.0000,1811.0000,1781.0000,1528.0000,1721.0000,38.479,24.119,17.122,23.103,43.989,16.389,1700,1776,1787,1760,1339,1753,0,0,0,15,0,0,4.9908,4.9908,4.9908,4.9908,10.0990,4.5916,1697.3374,1773.5808,1813.2169,1758.2695,1340.0515,1752.0901,0,on,1
1786105442.163132,1,0,handedness unsure,1709.0000,1786.0000,1805.0000,1778.0000,1522.0000,1732.0000,37.503,22.086,18.328,23.674,44.623,13.879,1700,1776,1787,1760,1339,1753,8,0,0,0,0,0,4.9908,4.9908,4.9908,4.9908,10.0990,4.5916,1697.3374,1773.5808,1813.2169,1758.2695,1340.0515,1752.0901,0,on,1
1786105442.204215,1,0,handedness unsure,1696.0000,1792.0000,1813.0000,1777.0000,1527.0000,1735.0000,40.231,20.859,16.792,23.885,44.159,13.227,1700,1776,1787,1760,1339,1753,12,0,0,0,0,0,4.9908,4.9908,4.9908,4.9908,10.0990,4.5916,1697.3374,1773.5808,1813.2169,1758.2695,1340.0515,1752.0901,0,on,1
1786105442.231424,1,0,handedness unsure,1704.0000,1786.0000,1812.0000,1769.0000,1539.0000,1738.0000,38.520,22.162,16.994,25.549,42.909,12.559,1700,1776,1787,1760,1339,1753,0,0,0,0,0,0,4.9908,4.9908,4.9908,4.9908,10.0990,4.5916,1697.3374,1773.5808,1813.2169,1758.2695,1340.0515,1752.0901,0,on,1
1786105442.263417,1,0,handedness unsure,1708.0000,1782.0000,1809.0000,1759.0000,1533.0000,1738.0000,37.669,22.842,17.606,27.610,43.539,12.587,1700,1776,1787,1760,1339,1753,0,0,0,0,0,0,4.9908,4.9908,4.9908,4.9908,10.0990,4.5916,1697.3374,1773.5808,1813.2169,1758.2695,1340.0515,1752.0901,0,on,1
1786105442.298866,1,0,handedness unsure,1717.0000,1772.0000,1797.0000,1750.0000,1512.0000,1751.0000,35.971,24.988,19.911,29.397,45.649,9.768,1700,1776,1787,1760,1339,1753,10,0,0,0,0,0,4.9908,4.9908,4.9908,4.9908,10.0990,4.5916,1697.3374,1773.5808,1813.2169,1758.2695,1340.0515,1752.0901,0,on,1
1786105442.331410,1,0,handedness unsure,1728.0000,1766.0000,1793.0000,1750.0000,1527.0000,1742.0000,33.759,26.227,20.807,29.267,44.114,11.821,1700,1776,1787,1760,1339,1753,11,0,0,0,0,0,4.9908,4.9908,4.9908,4.9908,10.0990,4.5916,1697.3374,1773.5808,1813.2169,1758.2695,1340.0515,1752.0901,0,on,1
1786105442.362904,1,0,handedness unsure,1723.0000,1747.0000,1765.0000,1730.0000,1508.0000,1755.0000,34.826,29.919,26.232,33.389,45.995,8.774,1700,1776,1787,1760,1339,1753,27,0,0,0,0,0,4.9908,4.9908,4.9908,4.9908,10.0990,4.5916,1697.3374,1773.5808,1813.2169,1758.2695,1340.0515,1752.0901,0,on,1
1786105442.399385,1,1,,1739.0000,1728.0000,1738.0000,1711.0000,1525.0000,1740.0000,31.542,33.787,31.725,37.247,44.286,12.194,1698,1776,1787,1760,1339,1753,0,0,0,0,0,0,4.9908,4.9908,4.9908,4.9908,10.0990,4.5916,1697.3374,1773.5808,1796.5230,1758.2695,1406.9418,1752.0901,1,on,1
1786105442.431393,1,1,,1725.0000,1638.0000,1670.0000,1651.0000,1432.0000,1719.0000,34.337,51.710,45.283,49.199,53.578,16.794,1698,1776,1787,1760,1339,1753,0,0,0,0,0,0,4.9908,4.9908,4.9908,4.9908,10.0990,4.5916,1706.1520,1743.3325,1770.3241,1737.2155,1406.9418,1752.0901,1,on,1
1786105442.462905,1,1,,1573.0000,1558.0000,1569.0000,1606.0000,1446.0000,1617.0000,64.808,67.729,65.509,58.170,52.154,38.971,1698,1776,1787,1760,1340,1753,0,0,0,0,27,0,4.9908,4.9908,4.9908,4.9908,10.0990,4.5916,1688.5819,1691.2360,1710.0450,1706.7887,1406.9418,1728.9054,1,on,1
1786105442.499409,1,1,,1470.0000,1489.0000,1460.0000,1563.0000,1476.0000,1541.0000,85.527,81.730,87.478,66.727,49.165,55.520,1698,1774,1787,1760,1343,1753,18,49,60,20,42,0,4.9908,4.9908,4.9908,4.9908,10.0990,4.5916,1623.2950,1619.8372,1612.5089,1665.4129,1429.4971,1674.9056,1,on,1
1786105442.531394,1,1,,1547.0000,1504.0000,1445.0000,1523.0000,1471.0000,1529.0000,69.959,78.589,90.455,74.768,49.683,58.198,1699,1765,1779,1758,1344,1753,0,91,119,72,53,39,4.9908,4.9908,4.9908,4.9908,10.0990,4.5916,1604.8799,1584.9077,1553.0955,1624.7164,1429.4971,1632.8750,1,on,1
1786105442.562869,1,1,,1466.0000,1386.0000,1393.0000,1530.0000,1502.0000,1485.0000,86.330,102.336,100.835,73.433,46.643,67.750,1698,1746,1754,1737,1349,1753,74,98,106,93,55,127,4.9908,4.9908,4.9908,4.9908,10.0990,4.5916,1567.2334,1517.0706,1497.7405,1599.8696,1446.2604,1588.2743,1,on,1
1786105442.598901,1,1,,1394.0000,1328.0000,1343.0000,1460.0000,1581.0000,1586.0000,100.582,113.920,110.925,87.419,38.754,45.664,1680,1718,1731,1711,1354,1718,118,82,117,77,53,96,4.9908,4.9908,4.9908,4.9908,10.0990,4.5916,1510.4660,1446.2741,1442.5823,1557.9591,1479.0347,1588.2743,1,on,1
1786105442.631382,1,1,,1334.0000,1221.0000,1231.0000,1363.0000,1499.0000,1506.0000,112.702,135.408,133.408,106.962,46.905,63.084,1658,1694,1704,1687,1358,1683,115,92,79,81,36,81,4.9908,4.9908,4.9908,4.9908,10.0990,4.5916,1451.9858,1360.0804,1365.0629,1493.6524,1479.0347,1571.2680,1,on,1
1786105442.662918,1,1,,1257.0000,1201.0000,1202.0000,1295.0000,1519.0000,1634.0000,128.031,139.435,139.087,120.507,44.913,35.171,1631,1670,1681,1663,1361,1652,95,79,82,59,48,85,4.9908,4.9908,4.9908,4.9908,10.0990,4.5916,1383.3120,1302.9081,1307.6061,1423.4194,1479.0347,1571.2680,1,on,1
1786105442.704156,1,1,,1241.0000,1166.0000,1201.0000,1387.0000,1455.0000,1571.0000,131.296,146.288,139.331,102.115,51.248,48.848,1609,1650,1657,1641,1365,1620,95,92,80,46,42,62,4.9908,4.9908,4.9908,4.9908,10.0990,4.5916,1330.8861,1252.3372,1270.8413,1412.7198,1479.0347,1571.2680,1,on,1
1786105442.730831,1,1,,1173.0000,1129.0000,1196.0000,1230.0000,1569.0000,1630.0000,145.015,153.854,140.249,133.612,39.982,36.111,1595,1636,1645,1628,1368,1603,92,73,74,72,40,80,4.9908,4.9908,4.9908,4.9908,10.0990,4.5916,1283.5414,1218.0071,1253.5005,1360.9964,1495.2095,1571.2680,1,on,1
1786105442.762840,1,1,,1205.0000,1143.0000,1205.0000,1411.0000,1421.0000,1568.0000,138.551,150.870,138.474,97.304,54.638,49.522,1574,1616,1626,1609,1371,1584,90,72,70,66,0,0,4.9908,4.9908,4.9908,4.9908,10.0990,4.5916,1261.1290,1197.9090,1243.1007,1369.2265,1495.2095,1571.2680,1,on,1
1786105442.798846,1,1,,1284.0000,1210.0000,1230.0000,1502.0000,1492.0000,1594.0000,122.749,137.445,133.456,79.031,47.587,43.961,1555,1596,1606,1590,1371,1583,82,70,59,51,8,18,4.9908,4.9908,4.9908,4.9908,10.0990,4.5916,1261.1290,1197.9090,1243.1007,1381.1937,1495.2095,1578.2289,1,on,1
1786105442.830871,1,1,,1271.0000,1221.0000,1235.0000,1362.0000,1290.0000,1611.0000,125.413,135.232,132.539,107.106,67.605,40.275,1538,1579,1590,1572,1372,1579,79,77,79,58,30,0,4.9908,4.9908,4.9908,4.9908,10.0990,4.5916,1261.1290,1197.9090,1243.1007,1381.1937,1445.8628,1578.2289,1,on,1
1786105442.863384,1,1,,1323.0000,1210.0000,1128.0000,1391.0000,1360.0000,1538.0000,114.874,137.436,153.990,101.282,60.703,56.118,1521,1560,1570,1556,1373,1578,86,63,67,58,0,0,4.9908,4.9908,4.9908,4.9908,10.0990,4.5916,1261.1290,1197.9090,1220.0422,1381.1937,1426.3388,1578.2289,1,on,1
1786105442.898670,1,1,,1186.0000,1135.0000,1082.0000,1204.0000,1554.0000,1495.0000,142.252,152.618,163.237,138.660,41.417,65.540,1503,1544,1554,1536,1373,1578,83,72,81,53,0,0,4.9908,4.9908,4.9908,4.9908,10.0990,4.5916,1261.1290,1197.9090,1185.2697,1344.6317,1426.3388,1568.2222,1,on,1
1786105442.930704,1,1,,1216.0000,1175.0000,1151.0000,1189.0000,1671.0000,1434.0000,136.419,144.565,149.348,141.813,29.849,78.792,1494,1532,1542,1528,1373,1579,81,74,73,52,0,0,4.9908,4.9908,4.9908,4.9908,10.0990,4.5916,1261.1290,1197.9090,1185.2697,1304.0482,1494.2832,1539.8987,1,on,1
1786105442.962806,1,1,,1129.0000,1180.0000,1214.0000,1237.0000,1596.0000,1556.0000,153.798,143.569,136.814,132.077,37.281,52.117,1476,1515,1526,1510,1373,1578,96,75,80,66,23,22,4.9908,4.9908,4.9908,4.9908,10.0990,4.5916,1229.7084,1197.9090,1185.2697,1288.8063,1520.4556,1539.8987,1,on,1
1786105442.998647,1,1,,1259.0000,1240.0000,1319.0000,1336.0000,1565.0000,1554.0000,127.795,131.574,115.724,112.279,40.360,52.711,1459,1499,1509,1492,1373,1566,91,91,82,37,25,40,4.9908,4.9908,4.9908,4.9908,10.0990,4.5916,1229.7084,1197.9090,1202.1205,1288.8063,1520.4556,1539.8987,1,on,1
1786105443.030675,0,1,,,,,,,,,,,,,,1443,1482,1493,1476,1373,1555,94,85,81,51,29,15,4.9908,4.9908,4.9908,4.9908,10.0990,4.5916,,,,,,,0,on,1
1786105443.077528,0,1,,,,,,,,,,,,,,1422,1459,1469,1455,1375,1547,94,80,86,59,21,22,4.9908,4.9908,4.9908,4.9908,10.0990,4.5916,,,,,,,0,on,1
1786105443.112581,1,1,,1377.0000,1323.0000,1372.0000,1371.0000,1342.0000,1500.0000,104.163,114.867,104.983,105.276,62.415,64.326,1404,1443,1452,1439,1375,1544,92,85,77,65,0,17,4.9908,4.9908,4.9908,4.9908,10.0990,4.5916,1260.2209,1223.4956,1256.2425,1300.8329,1497.8692,1539.8987,1,on,1
1786105443.131315,1,1,,1560.0000,1480.0000,1403.0000,1418.0000,1299.0000,1495.0000,67.399,83.369,98.939,95.863,66.741,65.399,1397,1436,1447,1431,1375,1544,98,85,67,59,0,15,4.9908,4.9908,4.9908,4.9908,10.0990,4.5916,1337.7862,1285.2650,1284.6180,1315.2352,1459.1540,1539.8987,1,on,1
1786105443.163344,1,1,,1559.0000,1444.0000,1410.0000,1437.0000,1462.0000,1471.0000,67.576,90.736,97.375,92.012,50.592,70.801,1384,1420,1430,1414,1375,1543,99,79,63,48,0,0,4.9908,4.9908,4.9908,4.9908,10.0990,4.5916,1424.5292,1340.0718,1320.9002,1343.8966,1459.1540,1525.6416,1,on,1
1786105443.198668,1,1,,1502.0000,1462.0000,1412.0000,1441.0000,1505.0000,1451.0000,78.933,87.113,97.034,91.271,46.318,75.174,1368,1403,1415,1400,1375,1543,94,74,77,79,0,0,4.9908,4.9908,4.9908,4.9908,10.0990,4.5916,1450.2334,1380.3581,1345.8761,1367.9093,1459.1540,1512.7082,1,on,1
