t,seen,trust,why,tgt_pinky,tgt_ring,tgt_middle,tgt_index,tgt_thumb_bend,tgt_thumb_rot,curl_pinky,curl_ring,curl_middle,curl_index,thumb_flexion,opposition,ang_pinky,ang_ring,ang_middle,ang_index,ang_thumb_bend,ang_thumb_rot,cur_pinky,cur_ring,cur_middle,cur_index,cur_thumb_bend,cur_thumb_rot,sta_pinky,sta_ring,sta_middle,sta_index,sta_thumb_bend,sta_thumb_rot,gain_pinky,gain_ring,gain_middle,gain_index,gain_thumb_bend,gain_thumb_rot,sent_pinky,sent_ring,sent_middle,sent_index,sent_thumb_bend,sent_thumb_rot,sent,mode,applying,deg
1786346225.859098,1,1,,1771.0000,1774.0000,1621.0000,1704.0000,1144.0000,1065.0000,25.190,24.579,55.188,38.645,91.504,99.367,1804,1787,1789,1782,1375,1843,0,0,0,0,0,0,1,1,1,1,1,0,4.9908,4.9908,4.9908,4.9908,2.9084,7.0640,1771.0000,1774.0000,1621.0000,1704.0000,1144.0000,1065.0000,1,on,1,1.5000
1786346225.916518,1,1,,1764.0000,1706.0000,1594.0000,1737.0000,1182.0000,1050.0000,26.587,38.152,60.571,31.911,78.452,101.522,1804,1787,1789,1782,1375,1843,38,0,45,33,0,34,1,1,1,1,1,1,4.9908,4.9908,4.9908,4.9908,2.9084,7.0640,1771.0000,1765.4288,1621.0000,1704.0000,1144.0000,1065.0000,1,on,1,1.5000
1786346225.989734,1,1,,1761.0000,1703.0000,1621.0000,1759.0000,1165.0000,1028.0000,27.123,38.664,55.229,27.456,84.167,104.582,1796,1777,1749,1746,1371,1798,61,55,104,114,86,95,1,1,1,1,1,1,4.9908,4.9908,4.9908,4.9908,2.9084,7.0640,1771.0000,1755.1262,1621.0000,1713.2920,1148.5144,1065.0000,1,on,1,1.5000
1786346226.057721,1,1,,1772.0000,1700.0000,1619.0000,1766.0000,1161.0000,1032.0000,24.885,39.298,55.486,26.187,85.675,104.061,1789,1771,1697,1722,1362,1733,42,48,79,0,63,92,1,1,1,1,1,1,4.9908,4.9908,4.9908,4.9908,2.9084,7.0640,1771.0000,1746.1183,1621.0000,1721.0563,1148.5144,1065.0000,1,on,1,1.5000
1786346226.121805,1,1,,1757.0000,1705.0000,1628.0000,1762.0000,1161.0000,1014.0000,27.947,38.302,53.727,27.019,85.519,106.533,1784,1765,1657,1722,1354,1682,36,0,80,0,59,69,1,1,1,0,1,1,4.9908,4.9908,4.9908,4.9908,2.9084,7.0640,1771.0000,1746.1183,1621.0000,1721.0563,1148.5144,1052.7266,1,on,1,1.5000
1786346226.184389,1,1,,1738.0000,1695.0000,1615.0000,1750.0000,1165.0000,1046.0000,31.814,40.339,56.458,29.402,84.304,101.991,1782,1765,1630,1722,1348,1638,31,0,0,0,45,64,1,1,1,0,1,1,4.9908,4.9908,4.9908,4.9908,2.9084,7.0640,1771.0000,1734.0008,1621.0000,1729.0207,1148.5144,1052.7266,1,on,1,1.5000
1786346226.257101,1,1,,1716.0000,1694.0000,1613.0000,1750.0000,1168.0000,1061.0000,36.217,40.588,56.837,29.385,83.062,99.918,1780,1759,1625,1722,1343,1589,48,29,19,38,59,60,1,1,1,0,1,1,4.9908,4.9908,4.9908,4.9908,2.9084,7.0640,1760.4786,1734.0008,1621.0000,1729.0207,1148.5144,1052.7266,1,on,1,1.5000
1786346226.316429,1,1,,1710.0000,1700.0000,1615.0000,1744.0000,1161.0000,1063.0000,37.294,39.343,56.461,30.460,85.595,99.571,1774,1750,1623,1731,1337,1545,57,41,0,0,58,82,1,1,1,1,1,1,4.9908,4.9908,4.9908,4.9908,2.9084,7.0640,1760.4786,1725.5295,1621.0000,1729.0207,1148.5144,1052.7266,1,on,1,1.5000
1786346226.389705,1,1,,1693.0000,1714.0000,1623.0000,1743.0000,1168.0000,1078.0000,40.830,36.647,54.817,30.729,83.056,97.446,1764,1736,1623,1731,1328,1483,36,42,0,0,40,66,1,1,1,1,1,1,4.9908,4.9908,4.9908,4.9908,2.9084,7.0640,1743.4938,1725.5295,1621.0000,1729.0207,1153.4640,1052.7266,1,on,1,1.5000
1786346226.457672,1,1,,1649.0000,1722.0000,1615.0000,1736.0000,1179.0000,1120.0000,49.656,34.979,56.441,32.050,79.327,91.635,1760,1732,1624,1731,1323,1441,37,19,0,0,44,80,1,1,1,1,1,1,4.9908,4.9908,4.9908,4.9908,2.9084,7.0640,1723.2410,1725.5295,1621.0000,1729.0207,1153.4640,1064.1511,1,on,1,1.5000
1786346226.516907,1,1,,1632.0000,1714.0000,1617.0000,1730.0000,1204.0000,1161.0000,52.891,36.493,55.942,33.275,70.965,85.832,1757,1730,1624,1731,1318,1398,115,0,0,0,43,73,1,1,1,1,1,1,4.9908,4.9908,4.9908,4.9908,2.9084,7.0640,1703.2277,1725.5295,1621.0000,1729.0207,1161.2478,1083.7990,1,on,1,1.5000
1786346226.589798,1,1,,1607.0000,1690.0000,1620.0000,1740.0000,1234.0000,1279.0000,58.086,41.388,55.327,31.262,60.379,69.053,1732,1730,1623,1731,1311,1337,102,0,0,0,46,78,1,1,1,1,1,1,4.9908,4.9908,4.9908,4.9908,2.9084,7.0640,1679.9390,1725.5295,1621.0000,1729.0207,1173.9553,1149.0550,1,on,1,1.5000
1786346226.657674,1,1,,1605.0000,1671.0000,1627.0000,1732.0000,1299.0000,1274.0000,58.354,45.109,54.060,32.971,38.009,69.803,1709,1730,1623,1731,1305,1293,105,0,0,0,42,89,1,1,1,1,1,1,4.9908,4.9908,4.9908,4.9908,2.9084,7.0640,1663.5504,1714.4552,1621.0000,1729.0207,1205.5171,1187.6348,1,on,1,1.5000
1786346226.716921,1,1,,1630.0000,1698.0000,1653.0000,1736.0000,1335.0000,1334.0000,53.341,39.689,48.820,32.174,25.654,61.307,1692,1729,1623,1731,1300,1253,45,50,0,0,36,106,1,1,1,1,1,1,4.9908,4.9908,4.9908,4.9908,2.9084,7.0640,1663.5504,1714.4552,1621.0000,1729.0207,1240.9163,1232.8717,1,on,1,1.5000
1786346226.784873,1,1,,1676.0000,1721.0000,1694.0000,1749.0000,1347.0000,1411.0000,44.127,35.240,40.469,29.473,21.749,50.426,1680,1714,1624,1731,1293,1216,23,0,0,0,37,33,1,0,1,1,1,0,4.9908,4.9908,4.9908,4.9908,2.9084,7.0640,1663.5504,1714.4552,1633.5789,1729.0207,1270.0443,1296.0406,1,on,1,1.5000
1786346226.852882,1,1,,1677.0000,1730.0000,1707.0000,1745.0000,1342.0000,1460.0000,43.967,33.317,37.866,30.317,23.499,43.483,1676,1715,1623,1731,1287,1226,40,0,26,0,32,79,1,1,0,1,1,0,4.9908,4.9908,4.9908,4.9908,2.9084,7.0640,1663.5504,1714.4552,1647.2344,1729.0207,1286.4927,1353.5996,1,on,1,1.5000
1786346226.921751,1,1,,1683.0000,1738.0000,1733.0000,1753.0000,1333.0000,1501.0000,42.845,31.825,32.709,28.830,26.426,37.618,1671,1714,1636,1731,1284,1287,0,0,17,0,14,81,1,0,0,1,0,0,4.9908,4.9908,4.9908,4.9908,2.9084,7.0640,1663.5504,1714.4552,1665.3066,1729.0207,1294.7395,1403.0794,1,on,1,1.5000
1786346226.989644,1,1,,1685.0000,1717.0000,1728.0000,1747.0000,1334.0000,1521.0000,42.379,35.905,33.767,29.998,25.992,34.816,1668,1714,1647,1731,1283,1345,35,0,18,0,0,84,1,0,0,1,0,0,4.9908,4.9908,4.9908,4.9908,2.9084,7.0640,1663.5504,1714.4552,1677.2865,1729.0207,1300.4714,1438.7745,1,on,1,1.5000
1786346227.052854,1,1,,1682.0000,1719.0000,1751.0000,1768.0000,1333.0000,1545.0000,42.969,35.562,29.198,25.783,26.593,31.454,1664,1714,1659,1731,1286,1394,0,0,27,0,51,79,1,0,0,1,0,0,4.9908,4.9908,4.9908,4.9908,2.9084,7.0640,1663.5504,1714.4552,1691.6352,1739.0291,1300.4714,1467.8908,1,on,1,1.5000
1786346227.121698,1,1,,1676.0000,1715.0000,1740.0000,1767.0000,1338.0000,1558.0000,44.066,36.310,31.307,25.988,24.667,29.572,1664,1714,1679,1735,1296,1442,23,0,13,27,0,88,1,0,0,0,0,0,4.9908,4.9908,4.9908,4.9908,2.9084,7.0640,1663.5504,1714.4552,1699.7848,1739.0291,1308.3619,1490.6457,1,on,1,1.5000
1786346227.184907,1,1,,1686.0000,1710.0000,1733.0000,1762.0000,1336.0000,1559.0000,42.103,37.344,32.741,27.007,25.530,29.364,1664,1714,1689,1741,1297,1458,0,0,35,0,25,56,1,0,0,1,0,0,4.9908,4.9908,4.9908,4.9908,2.9084,7.0640,1663.5504,1714.4552,1699.7848,1739.0291,1308.3619,1505.1336,1,on,1,1.5000
1786346227.252897,1,1,,1677.0000,1713.0000,1735.0000,1766.0000,1339.0000,1555.0000,43.969,36.769,32.285,26.216,24.425,29.929,1664,1714,1696,1741,1303,1480,0,0,0,0,17,49,1,0,0,1,0,0,4.9908,4.9908,4.9908,4.9908,2.9084,7.0640,1663.5504,1714.4552,1707.7639,1739.0291,1314.0149,1505.1336,1,on,1,1.5000
1786346227.321735,1,1,,1682.0000,1710.0000,1734.0000,1747.0000,1334.0000,1552.0000,43.026,37.293,32.592,29.882,26.003,30.380,1664,1714,1703,1741,1306,1495,0,0,21,0,27,33,1,0,0,1,0,0,4.9908,4.9908,4.9908,4.9908,2.9084,7.0640,1663.5504,1714.4552,1707.7639,1739.0291,1314.0149,1519.4885,1,on,1,1.5000
1786346227.384989,1,1,,1676.0000,1713.0000,1741.0000,1747.0000,1335.0000,1563.0000,44.070,36.764,31.130,29.875,25.704,28.806,1664,1714,1708,1741,1310,1499,0,0,0,0,0,23,1,0,1,1,0,0,4.9908,4.9908,4.9908,4.9908,2.9084,7.0640,1663.5504,1714.4552,1707.7639,1739.0291,1314.0149,1519.4885,0,on,1,1.5000
1786346227.457698,1,1,,1677.0000,1714.0000,1737.0000,1741.0000,1343.0000,1549.0000,43.990,36.466,31.892,31.212,23.182,30.842,1664,1714,1708,1741,1312,1502,0,0,0,0,16,19,1,0,1,1,0,0,4.9908,4.9908,4.9908,4.9908,2.9084,7.0640,1663.5504,1714.4552,1715.7617,1739.0291,1319.5035,1519.4885,1,on,1,1.5000
1786346227.521645,1,1,,1680.0000,1701.0000,1730.0000,1731.0000,1339.0000,1558.0000,43.335,39.090,33.420,33.205,24.560,29.607,1664,1714,1708,1741,1313,1502,0,0,17,0,0,24,1,0,0,1,0,0,4.9908,4.9908,4.9908,4.9908,2.9084,7.0640,1663.5504,1714.4552,1715.7617,1739.0291,1319.5035,1531.1017,1,on,1,1.5000
1786346227.584866,1,1,,1693.0000,1698.0000,1725.0000,1716.0000,1343.0000,1560.0000,40.701,39.841,34.258,36.073,23.145,29.331,1664,1714,1712,1741,1314,1505,0,0,14,0,0,33,1,0,0,1,0,0,4.9908,4.9908,4.9908,4.9908,2.9084,7.0640,1671.4227,1714.4552,1715.7617,1739.0291,1319.5035,1531.1017,1,on,1,1.5000
1786346227.652408,1,1,,1693.0000,1696.0000,1722.0000,1715.0000,1343.0000,1557.0000,40.802,40.116,34.929,36.323,23.091,29.737,1664,1714,1715,1741,1316,1511,0,0,0,0,21,24,0,0,0,1,0,0,4.9908,4.9908,4.9908,4.9908,2.9084,7.0640,1671.4227,1714.4552,1715.7617,1739.0291,1324.4238,1531.1017,1,on,1,1.5000
1786346227.716910,1,1,,1683.0000,1696.0000,1724.0000,1729.0000,1340.0000,1570.0000,42.817,40.156,34.484,33.579,24.024,27.880,1665,1714,1715,1741,1319,1513,0,0,0,0,14,24,0,0,0,1,0,0,4.9908,4.9908,4.9908,4.9908,2.9084,7.0640,1671.4227,1714.4552,1715.7617,1739.0291,1324.4238,1531.1017,0,on,1,1.5000
1786346227.784882,1,1,,1704.0000,1675.0000,1696.0000,1691.0000,1336.0000,1564.0000,38.621,44.272,40.255,41.189,25.318,28.670,1668,1714,1715,1741,1320,1515,13,0,0,0,22,60,0,0,0,1,0,0,4.9908,4.9908,4.9908,4.9908,2.9084,7.0640,1671.4227,1714.4552,1715.7617,1739.0291,1324.4238,1541.9896,1,on,1,1.5000
1786346227.852845,1,1,,1645.0000,1539.0000,1551.0000,1554.0000,1375.0000,1488.0000,50.430,71.652,69.166,68.520,9.265,39.427,1668,1714,1715,1741,1323,1529,0,0,0,0,13,58,0,0,0,1,0,0,4.9908,4.9908,4.9908,4.9908,2.9084,7.0640,1671.4227,1660.7614,1672.9204,1680.7897,1331.8352,1541.9896,1,on,1,1.5000
1786346227.921736,1,1,,1361.0000,1248.0000,1226.0000,1277.0000,1302.0000,1427.0000,107.266,129.963,134.382,124.198,37.094,48.095,1671,1710,1712,1736,1324,1536,13,108,92,87,25,22,1,1,1,1,0,0,4.9908,4.9908,4.9908,4.9908,2.9084,7.0640,1551.3879,1457.8425,1446.8545,1482.9551,1331.8352,1514.2235,1,on,1,1.5000
1786346227.989643,1,1,,1258.0000,1163.0000,1134.0000,1208.0000,1250.0000,1427.0000,128.005,147.003,152.859,137.879,54.838,48.160,1672,1667,1678,1686,1327,1537,63,92,83,87,20,0,1,1,1,1,0,1,4.9908,4.9908,4.9908,4.9908,2.9084,7.0640,1418.1686,1313.8508,1289.5625,1351.7199,1318.1396,1494.9585,1,on,1,1.5000
1786346228.052842,1,1,,1210.0000,1126.0000,1107.0000,1138.0000,1233.0000,1357.0000,137.608,154.349,158.138,151.877,60.745,58.063,1640,1629,1643,1646,1329,1537,111,82,69,65,0,52,1,1,1,1,1,1,4.9908,4.9908,4.9908,4.9908,2.9084,7.0640,1330.9436,1234.7440,1212.0297,1259.2929,1301.3932,1456.7516,1,on,1,1.5000
1786346228.121752,1,1,,1178.0000,1098.0000,1090.0000,1115.0000,1224.0000,1360.0000,143.932,160.018,161.502,156.602,63.841,57.548,1592,1589,1600,1607,1325,1497,99,74,80,71,59,74,1,1,1,1,1,1,4.9908,4.9908,4.9908,4.9908,2.9084,7.0640,1273.8303,1185.2822,1169.1338,1205.4625,1285.3841,1431.5082,1,on,1,1.5000
1786346228.184481,1,1,,1159.0000,1089.0000,1105.0000,1131.0000,1217.0000,1416.0000,147.741,161.782,158.481,153.395,66.204,49.734,1556,1558,1569,1575,1317,1480,87,62,70,54,59,27,1,1,1,1,1,1,4.9908,4.9908,4.9908,4.9908,2.9084,7.0640,1238.0493,1157.4707,1153.0295,1185.1663,1272.1610,1431.5082,1,on,1,1.5000
1786346228.252442,1,1,,1128.0000,1069.0000,1087.0000,1101.0000,1206.0000,1452.0000,153.976,165.833,162.164,159.406,70.065,44.634,1522,1522,1534,1538,1311,1472,85,69,88,40,0,19,1,1,1,1,0,1,4.9908,4.9908,4.9908,4.9908,2.9084,7.0640,1206.1736,1134.6761,1138.7862,1164.4651,1259.4646,1431.5082,1,on,1,1.5000
1786346228.321711,1,1,,1113.0000,1045.0000,1081.0000,1080.0000,1193.0000,1453.0000,156.961,170.678,163.411,163.553,74.628,44.434,1485,1488,1499,1508,1314,1470,76,85,80,62,47,17,1,1,1,1,0,1,4.9908,4.9908,4.9908,4.9908,2.9084,7.0640,1182.0729,1112.9756,1127.9943,1144.9148,1246.9256,1431.5082,1,on,1,1.5000
1786346228.384892,1,1,,1103.0000,1040.0000,1058.0000,1096.0000,1225.0000,1519.0000,158.909,171.616,167.940,160.300,63.700,35.042,1459,1460,1470,1478,1323,1469,79,101,69,45,48,0,1,1,1,1,0,1,4.9908,4.9908,4.9908,4.9908,2.9084,7.0640,1164.1228,1097.4186,1114.8112,1136.1641,1246.9256,1446.1419,1,on,1,1.5000
1786346228.452461,1,1,,1135.0000,1062.0000,1072.0000,1105.0000,1216.0000,1602.0000,152.577,167.122,165.282,158.482,66.803,23.329,1426,1425,1438,1444,1333,1470,77,73,76,66,31,0,1,1,1,1,0,1,4.9908,4.9908,4.9908,4.9908,2.9084,7.0640,1164.1228,1097.4186,1114.8112,1136.1641,1241.1240,1490.5375,1,on,1,1.5000
1786346228.516470,1,1,,1149.0000,1081.0000,1083.0000,1123.0000,1225.0000,1584.0000,149.739,163.402,162.974,154.936,63.655,25.895,1394,1395,1405,1411,1340,1470,92,82,75,63,32,0,1,1,1,1,0,0,4.9908,4.9908,4.9908,4.9908,2.9084,7.0640,1164.1228,1097.4186,1105.1399,1136.1641,1241.1240,1514.3321,1,on,1,1.5000
1786346228.584888,1,1,,1156.0000,1090.0000,1082.0000,1124.0000,1223.0000,1532.0000,148.274,161.497,163.121,154.790,64.286,33.291,1368,1368,1380,1385,1342,1470,104,84,72,67,0,78,1,1,1,1,1,0,4.9908,4.9908,4.9908,4.9908,2.9084,7.0640,1164.1228,1097.4186,1105.1399,1136.1641,1241.1240,1514.3321,0,on,1,1.5000
1786346228.652905,1,1,,1123.0000,1054.0000,1055.0000,1074.0000,1173.0000,1484.0000,155.002,168.779,168.690,164.713,81.468,39.975,1334,1334,1344,1351,1339,1499,94,88,81,56,55,14,1,1,1,1,1,0,4.9908,4.9908,4.9908,4.9908,2.9084,7.0640,1155.1098,1087.2348,1096.7034,1123.4539,1228.9405,1514.3321,1,on,1,1.5000
1786346228.721784,1,1,,1086.0000,1034.0000,1034.0000,1054.0000,1163.0000,1453.0000,162.411,176.534,172.901,168.702,84.772,44.393,1302,1304,1313,1318,1330,1508,87,96,77,54,54,27,1,1,1,1,1,0,4.9908,4.9908,4.9908,4.9908,2.9084,7.0640,1144.1966,1087.2348,1086.6297,1111.6646,1217.6424,1514.3321,1,on,1,1.5000
1786346228.789679,1,1,,1103.0000,1034.0000,1040.0000,1053.0000,1178.0000,1407.0000,158.917,173.053,171.508,168.897,79.732,50.891,1269,1267,1279,1287,1325,1511,106,80,80,79,0,22,1,1,1,1,1,0,4.9908,4.9908,4.9908,4.9908,2.9084,7.0640,1144.1966,1073.5929,1086.6297,1101.6918,1211.9288,1486.8684,1,on,1,1.5000
1786346228.852386,1,1,,1086.0000,1034.0000,1041.0000,1060.0000,1177.0000,1438.0000,162.353,175.264,171.336,167.528,80.257,46.485,1239,1240,1252,1260,1324,1512,87,86,89,85,0,14,1,1,1,1,0,1,4.9908,4.9908,4.9908,4.9908,2.9084,7.0640,1130.6481,1073.5929,1074.5608,1101.6918,1211.9288,1486.8684,1,on,1,1.5000
1786346228.916481,1,1,,1104.0000,1034.0000,1049.0000,1058.0000,1173.0000,1427.0000,158.776,173.057,169.778,168.020,81.419,48.100,1208,1205,1217,1226,1326,1512,118,81,71,71,45,27,1,1,1,1,0,1,4.9908,4.9908,4.9908,4.9908,2.9084,7.0640,1130.6481,1064.3288,1074.5608,1090.7523,1203.4935,1470.2617,1,on,1,1.5000
1786346228.990083,1,1,,1092.0000,1034.0000,1046.0000,1054.0000,1170.0000,1431.0000,161.224,174.045,170.299,168.875,82.589,47.489,1173,1171,1184,1191,1336,1495,112,98,88,68,44,43,1,1,1,1,0,1,4.9908,4.9908,4.9908,4.9908,2.9084,7.0640,1130.6481,1064.3288,1074.5608,1090.7523,1203.4935,1470.2617,0,on,1,1.5000
1786346229.057662,1,1,,1099.0000,1038.0000,1047.0000,1058.0000,1175.0000,1427.0000,159.814,172.070,170.295,168.062,80.817,48.093,1143,1137,1148,1154,1344,1479,0,118,102,82,50,26,1,1,1,1,0,1,4.9908,4.9908,4.9908,4.9908,2.9084,7.0640,1120.9191,1064.3288,1074.5608,1083.0784,1197.1719,1470.2617,1,on,1,1.5000
1786346229.121857,1,1,,1102.0000,1034.0000,1049.0000,1062.0000,1177.0000,1444.0000,159.266,173.414,169.894,167.175,80.268,45.684,1140,1107,1117,1125,1351,1475,50,140,105,85,40,18,1,1,1,1,0,1,4.9908,4.9908,4.9908,4.9908,2.9084,7.0640,1120.9191,1056.5207,1065.8272,1083.0784,1197.1719,1458.4164,1,on,1,1.5000
1786346229.184948,1,1,,1103.0000,1043.0000,1061.0000,1071.0000,1172.0000,1434.0000,158.944,171.037,167.484,165.458,81.893,47.139,1137,1073,1086,1093,1356,1474,40,0,126,0,33,18,1,1,1,1,0,1,4.9908,4.9908,4.9908,4.9908,2.9084,7.0640,1120.9191,1056.5207,1065.8272,1083.0784,1197.1719,1458.4164,0,on,1,1.5000
1786346229.257943,1,1,,1091.0000,1034.0000,1045.0000,1049.0000,1170.0000,1421.0000,161.471,174.702,170.504,169.868,82.614,48.912,1135,1065,1073,1092,1363,1470,40,0,44,24,41,20,1,1,1,1,0,1,4.9908,4.9908,4.9908,4.9908,2.9084,7.0640,1120.9191,1056.5207,1065.8272,1083.0784,1191.4298,1458.4164,1,on,1,1.5000
1786346229.316906,1,1,,1097.0000,1035.0000,1055.0000,1064.0000,1173.0000,1434.0000,160.144,172.569,168.688,166.784,81.318,47.092,1134,1064,1072,1090,1366,1469,48,60,48,34,11,22,1,1,1,1,0,1,4.9908,4.9908,4.9908,4.9908,2.9084,7.0640,1120.9191,1056.5207,1065.8272,1083.0784,1191.4298,1458.4164,0,on,1,1.5000
1786346229.389848,1,1,,1105.0000,1035.0000,1054.0000,1066.0000,1160.0000,1460.0000,158.559,172.689,168.751,166.312,85.877,43.397,1130,1060,1069,1084,1368,1467,83,32,23,36,0,0,1,1,1,1,0,1,4.9908,4.9908,4.9908,4.9908,2.9084,7.0640,1120.9191,1056.5207,1065.8272,1083.0784,1191.4298,1458.4164,0,on,1,1.5000
1786346229.457786,1,1,,1106.0000,1034.0000,1043.0000,1077.0000,1157.0000,1433.0000,158.446,172.700,170.981,164.132,87.112,47.277,1126,1060,1069,1083,1368,1466,67,51,39,0,0,0,1,1,1,1,0,1,4.9908,4.9908,4.9908,4.9908,2.9084,7.0640,1113.3934,1056.5207,1065.8272,1083.0784,1184.1588,1458.4164,1,on,1,1.5000
1786346229.516950,1,1,,1103.0000,1034.0000,1043.0000,1076.0000,1145.0000,1422.0000,158.962,173.123,170.927,164.448,91.179,48.785,1125,1058,1066,1083,1368,1466,71,55,36,0,0,0,1,1,1,1,0,1,4.9908,4.9908,4.9908,4.9908,2.9084,7.0640,1113.3934,1048.9707,1065.8272,1083.0784,1184.1588,1458.4164,1,on,1,1.5000
1786346229.584964,1,1,,1105.0000,1040.0000,1045.0000,1080.0000,1140.0000,1439.0000,158.628,171.693,170.683,163.573,95.495,46.414,1115,1057,1066,1082,1368,1466,0,77,40,0,0,0,1,1,1,0,0,1,4.9908,4.9908,4.9908,4.9908,2.9084,7.0640,1113.3934,1048.9707,1065.8272,1083.0784,1174.8163,1447.4129,1,on,1,1.5000
1786346229.652514,1,1,,1114.0000,1050.0000,1049.0000,1103.0000,1140.0000,1465.0000,156.750,169.620,169.709,158.956,96.797,42.780,1114,1047,1064,1082,1368,1466,0,0,0,0,8,0,1,1,1,0,0,1,4.9908,4.9908,4.9908,4.9908,2.9084,7.0640,1113.3934,1048.9707,1065.8272,1083.0784,1174.8163,1447.4129,0,on,1,1.5000
1786346229.717054,1,1,,1114.0000,1049.0000,1066.0000,1102.0000,1140.0000,1416.0000,156.759,169.880,166.315,159.174,99.993,49.723,1114,1047,1064,1082,1369,1466,0,0,0,0,18,0,1,1,1,0,0,1,4.9908,4.9908,4.9908,4.9908,2.9084,7.0640,1113.3934,1048.9707,1065.8272,1083.0784,1167.3239,1447.4129,1,on,1,1.5000
1786346229.790028,1,1,,1095.0000,1052.0000,1069.0000,1105.0000,1140.0000,1396.0000,160.664,169.134,165.770,158.641,93.663,52.518,1114,1047,1064,1082,1369,1466,0,0,0,0,21,0,1,1,1,0,1,1,4.9908,4.9908,4.9908,4.9908,2.9084,7.0640,1113.3934,1048.9707,1065.8272,1083.0784,1167.3239,1447.4129,0,on,1,1.5000
1786346229.857719,1,1,,1105.0000,1080.0000,1093.0000,1136.0000,1167.0000,1388.0000,158.485,163.662,160.953,152.385,83.583,53.578,1114,1047,1064,1082,1369,1466,0,0,0,0,0,0,1,1,1,0,1,1,4.9908,4.9908,4.9908,4.9908,2.9084,7.0640,1113.3934,1048.9707,1065.8272,1083.0784,1167.3239,1432.2917,1,on,1,1.5000
1786346229.916911,1,1,,1261.0000,1224.0000,1221.0000,1282.0000,1236.0000,1487.0000,127.315,134.682,135.427,123.128,59.746,39.567,1114,1047,1064,1082,1369,1466,0,0,0,0,0,0,1,1,1,0,1,1,4.9908,4.9908,4.9908,4.9908,2.9084,7.0640,1145.0407,1097.4341,1102.8219,1147.1605,1173.5144,1432.2917,1,on,1,1.5000
1786346229.985008,1,1,,1543.0000,1541.0000,1510.0000,1538.0000,1371.0000,1541.0000,70.821,71.163,77.434,71.763,13.410,32.019,1115,1047,1064,1082,1369,1466,74,70,47,33,0,0,0,0,0,0,1,1,4.9908,4.9908,4.9908,4.9908,2.9084,7.0640,1335.1528,1323.1380,1301.7154,1338.4675,1235.6862,1456.7075,1,on,1,1.5000
1786346230.052894,1,1,,1651.0000,1730.0000,1688.0000,1650.0000,1294.0000,1602.0000,49.124,33.370,41.841,49.324,39.969,23.285,1139,1084,1094,1121,1369,1466,74,50,68,60,18,26,0,0,0,0,1,1,4.9908,4.9908,4.9908,4.9908,2.9084,7.0640,1491.1596,1545.0657,1506.5782,1492.9892,1249.1447,1497.5449,1,on,1,1.5000
1786346230.121682,1,1,,1589.0000,1699.0000,1712.0000,1652.0000,1276.0000,1583.0000,61.687,39.456,37.041,48.964,46.052,26.005,1183,1129,1138,1164,1364,1461,63,66,71,47,76,32,0,0,0,0,1,0,4.9908,4.9908,4.9908,4.9908,2.9084,7.0640,1526.7525,1611.8344,1600.3743,1558.1744,1249.1447,1518.6257,1,on,1,1.5000
1786346230.184896,1,1,,1602.0000,1711.0000,1695.0000,1679.0000,1289.0000,1537.0000,59.047,37.185,40.262,43.604,41.726,32.514,1214,1168,1174,1196,1356,1474,66,59,58,41,59,101,0,0,0,0,1,0,4.9908,4.9908,4.9908,4.9908,2.9084,7.0640,1547.0275,1644.3021,1632.1473,1598.5669,1257.8031,1518.6257,1,on,1,1.5000
1786346230.257846,1,1,,1601.0000,1719.0000,1701.0000,1696.0000,1307.0000,1512.0000,59.144,35.543,39.207,40.157,35.471,36.109,1257,1208,1215,1236,1346,1506,66,47,61,57,56,39,0,0,0,0,1,0,4.9908,4.9908,4.9908,4.9908,2.9084,7.0640,1558.2852,1663.6887,1649.8616,1626.4600,1264.8493,1518.6257,1,on,1,1.5000
1786346230.316911,1,1,,1636.0000,1714.0000,1710.0000,1693.0000,1301.0000,1529.0000,52.199,36.476,37.425,40.705,37.521,33.609,1284,1235,1245,1263,1342,1513,60,61,54,52,62,27,0,0,0,0,1,0,4.9908,4.9908,4.9908,4.9908,2.9084,7.0640,1573.9225,1673.1556,1661.8410,1641.0348,1269.2655,1518.6257,1,on,1,1.5000
1786346230.384481,1,1,,1649.0000,1722.0000,1717.0000,1705.0000,1312.0000,1521.0000,49.479,34.847,36.002,38.380,33.754,34.734,1310,1263,1272,1293,1336,1515,59,66,52,44,48,24,0,0,0,0,1,0,4.9908,4.9908,4.9908,4.9908,2.9084,7.0640,1589.6950,1681.5016,1671.9939,1654.0797,1275.0062,1518.6257,1,on,1,1.5000
1786346230.453550,1,1,,1692.0000,1731.0000,1744.0000,1701.0000,1298.0000,1564.0000,41.008,33.202,30.564,39.170,38.354,28.781,1343,1296,1304,1330,1328,1515,55,55,64,55,38,26,0,0,0,0,1,0,4.9908,4.9908,4.9908,4.9908,2.9084,7.0640,1614.1116,1689.3158,1685.8798,1661.9406,1275.0062,1518.6257,1,on,1,1.5000
1786346230.516896,1,1,,1705.0000,1714.0000,1739.0000,1756.0000,1299.0000,1596.0000,38.318,36.523,31.484,28.045,38.165,24.118,1376,1329,1337,1360,1323,1515,69,62,60,41,41,31,0,0,0,0,1,0,4.9908,4.9908,4.9908,4.9908,2.9084,7.0640,1635.2830,1689.3158,1694.8504,1681.8346,1275.0062,1536.5853,1,on,1,1.5000
1786346230.590024,1,1,,1734.0000,1721.0000,1752.0000,1737.0000,1298.0000,1597.0000,32.636,35.047,28.939,31.949,38.479,24.096,1408,1363,1371,1391,1316,1516,59,58,54,38,39,26,0,0,0,0,1,0,4.9908,4.9908,4.9908,4.9908,2.9084,7.0640,1659.5204,1689.3158,1704.5562,1692.0102,1280.8172,1536.5853,1,on,1,1.5000
1786346230.657791,1,1,,1732.0000,1714.0000,1740.0000,1731.0000,1307.0000,1568.0000,32.922,36.482,31.363,33.202,35.312,28.086,1441,1394,1403,1424,1310,1519,57,66,50,52,46,27,0,0,0,0,1,0,4.9908,4.9908,4.9908,4.9908,2.9084,7.0640,1675.2597,1696.8633,1704.5562,1692.0102,1280.8172,1549.3374,1,on,1,1.5000
1786346230.721707,1,1,,1723.0000,1696.0000,1716.0000,1733.0000,1312.0000,1581.0000,34.805,40.246,36.122,32.784,33.731,26.349,1469,1421,1428,1449,1305,1524,57,61,58,43,46,61,0,0,0,0,1,0,4.9908,4.9908,4.9908,4.9908,2.9084,7.0640,1683.4760,1696.8633,1704.5562,1702.2675,1285.8644,1549.3374,1,on,1,1.5000
1786346230.784889,1,1,,1721.0000,1693.0000,1719.0000,1731.0000,1305.0000,1603.0000,35.085,40.803,35.454,33.204,36.135,23.228,1495,1449,1457,1479,1299,1534,69,58,54,38,37,44,0,0,0,0,1,0,4.9908,4.9908,4.9908,4.9908,2.9084,7.0640,1683.4760,1696.8633,1704.5562,1702.2675,1285.8644,1549.3374,0,on,1,1.5000
1786346230.857680,1,1,,1736.0000,1665.0000,1709.0000,1720.0000,1292.0000,1627.0000,32.199,46.461,37.521,35.424,40.443,19.853,1534,1486,1496,1515,1291,1544,62,63,60,55,34,16,0,0,0,0,1,0,4.9908,4.9908,4.9908,4.9908,2.9084,7.0640,1695.6219,1696.8633,1704.5562,1702.2675,1285.8644,1571.0957,1,on,1,1.5000
1786346230.916901,1,1,,1741.0000,1644.0000,1675.0000,1701.0000,1296.0000,1607.0000,31.079,50.533,44.459,39.143,39.236,22.602,1563,1515,1524,1547,1288,1545,64,69,55,37,0,61,0,0,0,0,1,0,4.9908,4.9908,4.9908,4.9908,2.9084,7.0640,1695.6219,1688.3394,1704.5562,1702.2675,1285.8644,1571.0957,1,on,1,1.5000
1786346230.989749,1,1,,1754.0000,1632.0000,1663.0000,1684.0000,1304.0000,1593.0000,28.591,52.926,46.855,42.573,36.460,24.552,1598,1550,1558,1579,1286,1557,64,69,64,56,24,58,0,0,0,0,1,0,4.9908,4.9908,4.9908,4.9908,2.9084,7.0640,1709.8146,1679.7427,1704.5562,1702.2675,1285.8644,1571.0957,1,on,1,1.5000
1786346231.052856,1,1,,1740.0000,1632.0000,1671.0000,1681.0000,1298.0000,1584.0000,31.383,52.984,45.262,43.079,38.673,25.845,1629,1580,1589,1610,1285,1561,68,58,48,71,0,47,0,0,0,0,1,0,4.9908,4.9908,4.9908,4.9908,2.9084,7.0640,1709.8146,1679.7427,1704.5562,1702.2675,1285.8644,1571.0957,0,on,1,1.5000
1786346231.119323,1,1,,1737.0000,1639.0000,1679.0000,1695.0000,1296.0000,1573.0000,31.988,51.672,43.580,40.289,39.163,27.436,1668,1617,1626,1648,1285,1567,64,58,55,40,0,23,0,0,0,0,1,0,4.9908,4.9908,4.9908,4.9908,2.9084,7.0640,1709.8146,1668.4691,1704.5562,1702.2675,1285.8644,1571.0957,1,on,1,1.5000
1786346231.189858,1,1,,1727.0000,1650.0000,1690.0000,1706.0000,1294.0000,1560.0000,33.896,49.418,41.339,38.106,39.807,29.274,1699,1652,1660,1687,1285,1567,14,68,67,42,0,37,0,0,0,0,1,0,4.9908,4.9908,4.9908,4.9908,2.9084,7.0640,1709.8146,1668.4691,1696.7780,1702.2675,1285.8644,1571.0957,1,on,1,1.5000
1786346231.257776,1,1,,1733.0000,1705.0000,1716.0000,1696.0000,1297.0000,1424.0000,32.837,38.346,36.151,40.120,38.689,48.532,1706,1665,1687,1699,1285,1571,21,14,13,0,0,34,0,0,0,0,1,0,4.9908,4.9908,4.9908,4.9908,2.9084,7.0640,1717.7796,1668.4691,1696.7780,1702.2675,1285.8644,1538.7751,1,on,1,1.5000
1786346231.321979,1,1,,1628.0000,1665.0000,1574.0000,1698.0000,1300.0000,1259.0000,53.843,46.310,64.661,39.804,37.945,71.899,1708,1668,1694,1699,1285,1572,34,0,14,0,0,40,0,1,0,0,1,1,4.9908,4.9908,4.9908,4.9908,2.9084,7.0640,1704.4436,1668.4691,1672.6853,1702.2675,1290.6336,1425.6486,1,on,1,1.5000
1786346231.389966,1,1,,1699.0000,1714.0000,1570.0000,1707.0000,1261.0000,1178.0000,39.577,36.489,65.355,37.986,51.157,83.391,1713,1669,1696,1699,1285,1550,0,0,14,8,0,86,1,1,1,0,0,1,4.9908,4.9908,4.9908,4.9908,2.9084,7.0640,1704.4436,1668.4691,1648.2891,1702.2675,1290.6336,1318.6459,1,on,1,1.5000
1786346231.457934,1,1,,1747.0000,1725.0000,1573.0000,1754.0000,1215.0000,1156.0000,30.026,34.316,64.759,28.507,66.925,86.500,1712,1669,1681,1702,1285,1490,28,0,86,0,0,83,1,1,1,0,0,1,4.9908,4.9908,4.9908,4.9908,2.9084,7.0640,1704.4436,1680.4391,1631.9253,1702.2675,1277.3169,1256.5311,1,on,1,1.5000
1786346231.522025,1,1,,1743.0000,1719.0000,1568.0000,1729.0000,1227.0000,1153.0000,30.645,35.639,65.720,33.579,62.938,86.932,1709,1670,1656,1702,1285,1439,30,33,70,0,0,100,1,0,1,0,1,1,4.9908,4.9908,4.9908,4.9908,2.9084,7.0640,1704.4436,1680.4391,1619.5684,1710.1257,1269.7104,1224.7516,1,on,1,1.5000
1786346231.589762,1,1,,1716.0000,1718.0000,1584.0000,1736.0000,1234.0000,1163.0000,36.097,35.791,62.639,32.175,60.491,85.435,1707,1681,1640,1704,1282,1383,31,0,26,34,48,83,1,1,1,0,1,1,4.9908,4.9908,4.9908,4.9908,2.9084,7.0640,1704.4436,1689.1705,1619.5684,1710.1257,1265.0011,1210.3006,1,on,1,1.5000
1786346231.657926,1,1,,1715.0000,1714.0000,1585.0000,1730.0000,1247.0000,1186.0000,36.380,36.493,62.451,33.408,55.872,82.238,1706,1682,1632,1712,1274,1334,25,27,13,0,60,90,1,0,1,1,1,1,4.9908,4.9908,4.9908,4.9908,2.9084,7.0640,1704.4436,1689.1705,1610.7501,1710.1257,1265.0011,1210.3006,1,on,1,1.5000
1786346231.721813,1,1,,1716.0000,1725.0000,1587.0000,1743.0000,1251.0000,1163.0000,36.110,34.438,62.014,30.801,54.521,85.537,1706,1690,1623,1712,1268,1288,0,0,35,0,0,92,1,1,1,1,1,1,4.9908,4.9908,4.9908,4.9908,2.9084,7.0640,1704.4436,1689.1705,1610.7501,1710.1257,1265.0011,1210.3006,0,on,1,1.5000
1786346231.789994,1,1,,1714.0000,1734.0000,1580.0000,1736.0000,1245.0000,1162.0000,36.454,32.590,63.391,32.125,56.591,85.564,1706,1690,1615,1712,1267,1239,0,0,0,0,22,92,1,1,1,1,1,1,4.9908,4.9908,4.9908,4.9908,2.9084,7.0640,1704.4436,1699.8101,1610.7501,1718.1548,1265.0011,1195.5038,1,on,1,1.5000
1786346231.857694,1,1,,1722.0000,1724.0000,1589.0000,1733.0000,1248.0000,1163.0000,34.875,34.487,61.543,32.701,55.566,85.512,1706,1693,1614,1712,1266,1220,0,28,18,11,0,31,1,0,1,0,1,1,4.9908,4.9908,4.9908,4.9908,2.9084,7.0640,1711.9388,1699.8101,1610.7501,1718.1548,1260.3552,1195.5038,1,on,1,1.5000
1786346231.921776,1,1,,1730.0000,1735.0000,1594.0000,1737.0000,1246.0000,1165.0000,33.312,32.359,60.690,32.039,56.351,85.235,1706,1700,1612,1718,1266,1215,0,0,16,0,8,32,0,1,1,0,1,1,4.9908,4.9908,4.9908,4.9908,2.9084,7.0640,1711.9388,1699.8101,1610.7501,1718.1548,1260.3552,1195.5038,0,on,1,1.5000
1786346231.984885,1,1,,1732.0000,1731.0000,1592.0000,1732.0000,1246.0000,1162.0000,33.035,33.093,60.940,32.969,56.256,85.637,1706,1700,1610,1719,1265,1212,16,0,13,0,17,28,0,1,1,1,1,1,4.9908,4.9908,4.9908,4.9908,2.9084,7.0640,1711.9388,1708.0888,1602.9760,1718.1548,1260.3552,1195.5038,1,on,1,1.5000
1786346232.057751,1,1,,1734.0000,1729.0000,1589.0000,1735.0000,1239.0000,1182.0000,32.574,33.499,61.595,32.387,58.801,82.852,1706,1702,1606,1719,1264,1212,16,23,16,0,0,31,0,0,1,1,1,1,4.9908,4.9908,4.9908,4.9908,2.9084,7.0640,1711.9388,1708.0888,1602.9760,1718.1548,1260.3552,1195.5038,0,on,1,1.5000
1786346232.121675,1,1,,1741.0000,1732.0000,1590.0000,1732.0000,1237.0000,1165.0000,31.202,32.944,61.339,33.002,59.549,85.208,1708,1708,1604,1719,1262,1212,17,0,11,0,22,35,0,1,1,1,1,1,4.9908,4.9908,4.9908,4.9908,2.9084,7.0640,1711.9388,1708.0888,1602.9760,1718.1548,1255.7792,1184.5694,1,on,1,1.5000
1786346232.189786,1,1,,1726.0000,1732.0000,1582.0000,1725.0000,1245.0000,1161.0000,34.186,33.030,63.061,34.359,56.864,85.829,1711,1710,1603,1719,1261,1203,18,0,0,0,26,40,0,1,1,1,1,1,4.9908,4.9908,4.9908,4.9908,2.9084,7.0640,1711.9388,1708.0888,1602.9760,1718.1548,1255.7792,1184.5694,0,on,1,1.5000
1786346232.252893,1,1,,1724.0000,1726.0000,1573.0000,1718.0000,1245.0000,1159.0000,34.493,34.206,64.769,35.712,56.748,86.088,1712,1710,1603,1719,1259,1196,0,0,0,0,0,0,1,1,1,1,1,1,4.9908,4.9908,4.9908,4.9908,2.9084,7.0640,1711.9388,1708.0888,1602.9760,1718.1548,1255.7792,1184.5694,0,on,1,1.5000
1786346232.321728,1,1,,1712.0000,1720.0000,1581.0000,1728.0000,1278.0000,1162.0000,36.975,35.249,63.265,33.659,45.389,85.641,1712,1710,1603,1719,1257,1189,0,0,17,0,26,42,1,1,1,1,1,1,4.9908,4.9908,4.9908,4.9908,2.9084,7.0640,1711.9388,1708.0888,1602.9760,1718.1548,1255.7792,1184.5694,0,on,1,1.5000
1786346232.384881,1,1,,1680.0000,1695.0000,1588.0000,1713.0000,1319.0000,1152.0000,43.368,40.339,61.741,36.689,31.184,86.978,1712,1710,1601,1719,1256,1188,0,0,0,0,0,24,1,1,1,1,1,1,4.9908,4.9908,4.9908,4.9908,2.9084,7.0640,1711.9388,1708.0888,1602.9760,1718.1548,1264.1693,1184.5694,1,on,1,1.5000
1786346232.452869,1,1,,1717.0000,1722.0000,1617.0000,1725.0000,1261.0000,1183.0000,35.965,34.870,56.079,34.320,51.299,82.614,1713,1710,1601,1719,1256,1188,0,0,0,0,23,42,1,1,1,1,0,1,4.9908,4.9908,4.9908,4.9908,2.9084,7.0640,1711.9388,1708.0888,1602.9760,1718.1548,1264.1693,1184.5694,0,on,1,1.5000
1786346232.521725,1,1,,1719.0000,1746.0000,1649.0000,1746.0000,1254.0000,1230.0000,35.503,30.104,49.532,30.063,53.559,75.978,1712,1710,1602,1719,1259,1186,0,0,0,0,14,34,1,1,1,1,0,1,4.9908,4.9908,4.9908,4.9908,2.9084,7.0640,1711.9388,1716.3900,1602.9760,1718.1548,1264.1693,1184.5694,1,on,1,1.5000
1786346232.589678,1,1,,1743.0000,1743.0000,1625.0000,1744.0000,1188.0000,1233.0000,30.650,30.695,54.457,30.452,76.222,75.539,1713,1710,1602,1719,1261,1184,0,0,0,0,21,0,1,0,1,1,0,1,4.9908,4.9908,4.9908,4.9908,2.9084,7.0640,1711.9388,1716.3900,1602.9760,1718.1548,1252.7416,1184.5694,1,on,1,1.5000
1786346232.657626,1,1,,1759.0000,1731.0000,1643.0000,1771.0000,1169.0000,1168.0000,27.539,33.243,50.815,25.078,82.891,84.824,1713,1712,1601,1719,1262,1184,0,25,0,0,21,0,1,0,1,1,1,1,4.9908,4.9908,4.9908,4.9908,2.9084,7.0640,1721.7908,1716.3900,1602.9760,1730.6352,1236.4787,1184.5694,1,on,1,1.5000
1786346232.721791,1,1,,1753.0000,1715.0000,1629.0000,1753.0000,1168.0000,1153.0000,28.705,36.396,53.523,28.833,83.267,86.924,1712,1715,1601,1720,1259,1184,37,14,0,32,65,0,0,0,1,0,1,1,4.9908,4.9908,4.9908,4.9908,2.9084,7.0640,1721.7908,1716.3900,1611.1714,1730.6352,1223.4523,1184.5694,1,on,1,1.5000
1786346232.784453,1,1,,1758.0000,1714.0000,1628.0000,1756.0000,1175.0000,1141.0000,27.779,36.611,53.872,28.108,80.941,88.621,1722,1716,1601,1731,1248,1184,14,0,28,0,63,0,0,0,0,0,1,1,4.9908,4.9908,4.9908,4.9908,2.9084,7.0640,1721.7908,1716.3900,1611.1714,1730.6352,1215.5717,1184.5694,1,on,1,1.5000
1786346232.852918,1,1,,1756.0000,1723.0000,1634.0000,1770.0000,1167.0000,1124.0000,28.080,34.763,52.600,25.283,83.607,91.046,1722,1716,1608,1731,1243,1184,0,0,0,0,58,0,1,0,0,0,1,1,4.9908,4.9908,4.9908,4.9908,2.9084,7.0640,1731.4370,1716.3900,1611.1714,1738.5759,1207.9859,1172.2538,1,on,1,1.5000
1786346232.921791,1,1,,1765.0000,1721.0000,1648.0000,1786.0000,1165.0000,1097.0000,26.347,35.054,49.776,22.214,84.177,94.785,1725,1716,1611,1734,1235,1182,27,0,0,25,41,43,0,0,1,0,1,1,4.9908,4.9908,4.9908,4.9908,2.9084,7.0640,1731.4370,1716.3900,1611.1714,1738.5759,1201.8408,1158.3475,1,on,1,1.5000
1786346232.984905,1,1,,1758.0000,1718.0000,1648.0000,1780.0000,1154.0000,1099.0000,27.761,35.703,49.736,23.360,88.108,94.496,1731,1716,1611,1740,1229,1176,21,0,0,0,37,34,0,0,1,1,1,1,4.9908,4.9908,4.9908,4.9908,2.9084,7.0640,1731.4370,1716.3900,1620.6516,1749.0099,1195.0292,1158.3475,1,on,1,1.5000
1786346233.052905,1,1,,1760.0000,1722.0000,1645.0000,1781.0000,1150.0000,1083.0000,27.422,34.984,50.455,23.066,89.549,96.786,1733,1716,1612,1743,1224,1173,0,0,19,24,46,47,1,0,0,0,1,1,4.9908,4.9908,4.9908,4.9908,2.9084,7.0640,1739.2133,1716.3900,1620.6516,1749.0099,1188.6023,1136.1702,1,on,1,1.5000
1786346233.121802,1,1,,1753.0000,1717.0000,1645.0000,1783.0000,1150.0000,1086.0000,28.804,35.908,50.390,22.791,89.306,96.433,1732,1716,1619,1748,1218,1157,25,0,0,0,37,32,0,0,1,0,1,1,4.9908,4.9908,4.9908,4.9908,2.9084,7.0640,1739.2133,1716.3900,1620.6516,1749.0099,1183.5318,1136.1702,1,on,1,1.5000
1786346233.184888,1,1,,1766.0000,1720.0000,1644.0000,1780.0000,1164.0000,1084.0000,26.222,35.306,50.544,23.243,84.494,96.729,1738,1716,1619,1748,1212,1152,30,0,0,0,49,32,0,0,1,0,1,1,4.9908,4.9908,4.9908,4.9908,2.9084,7.0640,1739.2133,1716.3900,1620.6516,1758.1904,1183.5318,1121.6180,1,on,1,1.5000
1786346233.257744,1,1,,1763.0000,1725.0000,1643.0000,1783.0000,1159.0000,1075.0000,26.717,34.367,50.726,22.793,86.249,97.928,1738,1716,1619,1758,1206,1139,39,0,0,28,57,42,0,0,1,0,1,1,4.9908,4.9908,4.9908,4.9908,2.9084,7.0640,1739.2133,1716.3900,1620.6516,1758.1904,1183.5318,1121.6180,0,on,1,1.5000
1786346233.321727,1,1,,1754.0000,1719.0000,1646.0000,1790.0000,1151.0000,1091.0000,28.629,35.612,50.111,21.384,89.025,95.640,1739,1716,1619,1760,1201,1134,34,0,0,0,46,16,0,0,1,1,1,1,4.9908,4.9908,4.9908,4.9908,2.9084,7.0640,1739.2133,1716.3900,1628.9049,1758.1904,1176.9132,1121.6180,1,on,1,1.5000
1786346233.384916,1,1,,1756.0000,1722.0000,1646.0000,1788.0000,1152.0000,1078.0000,28.131,34.978,50.244,21.655,88.612,97.503,1740,1716,1620,1760,1194,1127,35,0,17,0,45,20,0,0,0,1,1,1,4.9908,4.9908,4.9908,4.9908,2.9084,7.0640,1739.2133,1716.3900,1628.9049,1758.1904,1176.9132,1108.4309,1,on,1,1.5000
1786346233.452923,1,1,,1750.0000,1719.0000,1645.0000,1777.0000,1154.0000,1091.0000,29.316,35.604,50.455,23.874,88.058,95.634,1741,1716,1626,1760,1189,1127,0,0,12,0,48,37,1,0,0,1,1,1,4.9908,4.9908,4.9908,4.9908,2.9084,7.0640,1739.2133,1716.3900,1628.9049,1766.4036,1176.9132,1108.4309,1,on,1,1.5000
1786346233.521693,1,1,,1753.0000,1727.0000,1651.0000,1785.0000,1155.0000,1083.0000,28.681,33.937,49.246,22.283,87.528,96.861,1741,1716,1627,1760,1183,1125,0,8,0,52,39,41,1,0,1,0,1,1,4.9908,4.9908,4.9908,4.9908,2.9084,7.0640,1739.2133,1716.3900,1628.9049,1766.4036,1171.5240,1108.4309,1,on,1,1.5000
1786346233.589741,1,1,,1752.0000,1721.0000,1646.0000,1779.0000,1167.0000,1087.0000,28.858,35.058,50.164,23.581,83.428,96.217,1741,1716,1627,1764,1179,1124,0,0,0,0,27,40,1,0,1,0,1,1,4.9908,4.9908,4.9908,4.9908,2.9084,7.0640,1739.2133,1716.3900,1628.9049,1766.4036,1171.5240,1108.4309,0,on,1,1.5000
1786346233.652462,1,1,,1752.0000,1720.0000,1643.0000,1790.0000,1149.0000,1087.0000,29.007,35.327,50.747,21.329,89.859,96.262,1741,1718,1627,1764,1176,1124,0,0,0,23,27,60,1,1,1,0,1,1,4.9908,4.9908,4.9908,4.9908,2.9084,7.0640,1739.2133,1716.3900,1628.9049,1766.4036,1171.5240,1108.4309,0,on,1,1.5000
1786346233.721816,1,1,,1752.0000,1716.0000,1640.0000,1775.0000,1156.0000,1093.0000,29.009,36.196,51.405,24.425,87.247,95.351,1741,1718,1627,1766,1174,1115,0,0,0,28,25,47,1,1,1,0,1,1,4.9908,4.9908,4.9908,4.9908,2.9084,7.0640,1739.2133,1716.3900,1628.9049,1766.4036,1171.5240,1108.4309,0,on,1,1.5000
1786346233.785083,1,1,,1754.0000,1721.0000,1640.0000,1782.0000,1145.0000,1084.0000,28.476,35.129,51.415,22.966,91.117,96.599,1741,1718,1627,1766,1173,1114,0,0,0,23,27,39,1,1,1,0,1,1,4.9908,4.9908,4.9908,4.9908,2.9084,7.0640,1746.7775,1716.3900,1628.9049,1766.4036,1167.0128,1108.4309,1,on,1,1.5000
1786346233.857757,1,1,,1753.0000,1723.0000,1640.0000,1781.0000,1148.0000,1078.0000,28.743,34.801,51.427,23.114,89.927,97.457,1741,1718,1627,1769,1171,1110,0,0,0,0,23,37,0,1,1,1,1,1,4.9908,4.9908,4.9908,4.9908,2.9084,7.0640,1746.7775,1716.3900,1628.9049,1766.4036,1167.0128,1108.4309,0,on,1,1.5000
1786346233.916886,1,1,,1754.0000,1721.0000,1642.0000,1783.0000,1150.0000,1083.0000,28.627,35.204,50.929,22.643,89.411,96.804,1741,1718,1627,1769,1171,1110,37,0,0,0,19,42,0,1,1,1,1,1,4.9908,4.9908,4.9908,4.9908,2.9084,7.0640,1746.7775,1716.3900,1628.9049,1766.4036,1167.0128,1097.8016,1,on,1,1.5000
1786346233.984908,1,1,,1760.0000,1727.0000,1646.0000,1780.0000,1167.0000,1088.0000,27.355,33.872,50.113,23.266,83.685,96.144,1742,1718,1627,1769,1170,1105,25,0,0,0,37,56,0,1,1,1,1,1,4.9908,4.9908,4.9908,4.9908,2.9084,7.0640,1746.7775,1716.3900,1628.9049,1766.4036,1167.0128,1097.8016,0,on,1,1.5000
1786346234.057798,1,1,,1764.0000,1748.0000,1644.0000,1770.0000,1185.0000,1100.0000,26.465,29.639,50.577,25.235,77.394,94.356,1744,1718,1627,1769,1169,1098,51,0,0,0,22,39,0,1,1,1,1,1,4.9908,4.9908,4.9908,4.9908,2.9084,7.0640,1746.7775,1716.3900,1628.9049,1766.4036,1167.0128,1097.8016,0,on,1,1.5000
1786346234.116906,1,1,,1712.0000,1737.0000,1622.0000,1738.0000,1204.0000,1195.0000,37.019,31.996,55.038,31.762,70.755,80.903,1746,1718,1627,1769,1168,1097,31,0,0,0,25,33,0,1,1,1,1,1,4.9908,4.9908,4.9908,4.9908,2.9084,7.0640,1746.7775,1716.3900,1628.9049,1766.4036,1167.0128,1113.4810,1,on,1,1.5000
1786346234.256947,1,1,,1680.0000,1717.0000,1644.0000,1728.0000,1289.0000,1233.0000,43.300,35.883,50.647,33.737,41.515,75.601,1748,1718,1627,1769,1166,1111,36,0,0,0,0,10,1,1,1,1,1,0,4.9908,4.9908,4.9908,4.9908,2.9084,7.0640,1736.6214,1716.3900,1628.9049,1766.4036,1196.2182,1143.1694,1,on,1,1.5000
1786346234.302102,1,1,,1676.0000,1710.0000,1669.0000,1727.0000,1313.0000,1240.0000,44.069,37.347,45.555,33.910,33.482,74.604,1748,1718,1627,1769,1166,1113,0,0,0,0,0,18,1,1,1,1,0,0,4.9908,4.9908,4.9908,4.9908,2.9084,7.0640,1728.0647,1716.3900,1637.9218,1766.4036,1222.8735,1164.0642,1,on,1,1.5000
1786346234.340921,1,1,,1701.0000,1711.0000,1688.0000,1741.0000,1294.0000,1280.0000,39.205,37.179,41.767,31.069,39.987,68.879,1748,1718,1627,1769,1166,1121,45,0,0,0,34,46,1,1,0,1,0,0,4.9908,4.9908,4.9908,4.9908,2.9084,7.0640,1728.0647,1716.3900,1637.9218,1766.4036,1236.8733,1191.2029,1,on,1,1.5000
1786346234.384936,1,1,,1710.0000,1717.0000,1683.0000,1732.0000,1295.0000,1304.0000,37.431,35.947,42.820,33.033,39.380,65.590,1740,1718,1630,1769,1168,1137,30,0,16,0,62,72,1,1,0,1,0,0,4.9908,4.9908,4.9908,4.9908,2.9084,7.0640,1728.0647,1716.3900,1647.8626,1757.0591,1247.9376,1220.9330,1,on,1,1.5000
1786346234.452480,1,1,,1710.0000,1711.0000,1677.0000,1709.0000,1293.0000,1328.0000,37.303,37.167,44.049,37.629,40.147,62.093,1732,1718,1640,1769,1179,1185,29,0,31,54,45,102,1,1,0,1,0,0,4.9908,4.9908,4.9908,4.9908,2.9084,7.0640,1728.0647,1716.3900,1647.8626,1757.0591,1256.4782,1252.8463,1,on,1,1.5000
1786346234.516954,1,1,,1701.0000,1713.0000,1676.0000,1715.0000,1291.0000,1315.0000,39.136,36.831,44.106,36.435,40.770,64.013,1731,1718,1647,1767,1187,1231,21,0,0,46,38,73,1,1,1,1,0,0,4.9908,4.9908,4.9908,4.9908,2.9084,7.0640,1728.0647,1716.3900,1647.8626,1745.9342,1261.4125,1266.8776,1,on,1,1.5000
1786346234.584909,1,1,,1690.0000,1710.0000,1671.0000,1719.0000,1286.0000,1300.0000,41.377,37.312,45.186,35.483,42.747,66.096,1731,1718,1647,1756,1193,1243,9,0,0,39,29,17,1,1,1,1,0,0,4.9908,4.9908,4.9908,4.9908,2.9084,7.0640,1717.8505,1716.3900,1655.4898,1745.9342,1261.4125,1266.8776,1,on,1,1.5000
1786346234.652911,1,1,,1689.0000,1713.0000,1672.0000,1716.0000,1289.0000,1310.0000,41.623,36.848,44.959,36.083,41.584,64.637,1728,1718,1647,1752,1198,1248,47,0,0,0,29,14,1,1,0,1,0,0,4.9908,4.9908,4.9908,4.9908,2.9084,7.0640,1717.8505,1716.3900,1655.4898,1745.9342,1266.5889,1266.8776,1,on,1,1.5000
1786346234.721829,1,1,,1676.0000,1709.0000,1668.0000,1718.0000,1288.0000,1298.0000,44.237,37.643,45.697,35.762,41.941,66.346,1719,1718,1652,1751,1204,1249,0,0,17,12,31,13,1,1,0,1,0,0,4.9908,4.9908,4.9908,4.9908,2.9084,7.0640,1717.8505,1716.3900,1655.4898,1738.3311,1266.5889,1279.4451,1,on,1,1.5000
1786346234.784901,1,1,,1685.0000,1708.0000,1667.0000,1716.0000,1290.0000,1304.0000,42.395,37.806,45.982,36.080,41.363,65.527,1719,1718,1655,1745,1210,1258,0,0,0,37,36,25,1,1,1,1,0,0,4.9908,4.9908,4.9908,4.9908,2.9084,7.0640,1707.9640,1716.3900,1655.4898,1738.3311,1266.5889,1279.4451,1,on,1,1.5000
1786346234.857771,1,1,,1689.0000,1708.0000,1670.0000,1717.0000,1289.0000,1305.0000,41.514,37.703,45.406,36.024,41.515,65.369,1716,1718,1655,1739,1217,1268,42,0,0,0,31,32,1,1,1,1,0,0,4.9908,4.9908,4.9908,4.9908,2.9084,7.0640,1707.9640,1716.3900,1655.4898,1738.3311,1271.6902,1279.4451,1,on,1,1.5000
1786346234.921759,1,1,,1684.0000,1716.0000,1676.0000,1717.0000,1291.0000,1292.0000,42.575,36.118,44.203,36.044,40.883,67.207,1713,1718,1655,1739,1222,1274,22,0,0,0,30,18,1,1,1,1,0,0,4.9908,4.9908,4.9908,4.9908,2.9084,7.0640,1707.9640,1716.3900,1655.4898,1738.3311,1271.6902,1279.4451,0,on,1,1.5000
1786346234.984906,1,1,,1677.0000,1708.0000,1671.0000,1723.0000,1284.0000,1289.0000,43.984,37.657,45.260,34.730,43.452,67.623,1711,1718,1655,1739,1229,1276,20,0,0,0,30,0,1,1,1,1,0,0,4.9908,4.9908,4.9908,4.9908,2.9084,7.0640,1707.9640,1716.3900,1655.4898,1738.3311,1271.6902,1279.4451,0,on,1,1.5000
1786346235.052460,1,1,,1679.0000,1709.0000,1670.0000,1712.0000,1284.0000,1293.0000,43.606,37.565,45.268,36.903,43.302,67.118,1711,1718,1655,1739,1233,1276,25,0,0,0,37,0,1,1,1,1,0,0,4.9908,4.9908,4.9908,4.9908,2.9084,7.0640,1699.9666,1716.3900,1655.4898,1738.3311,1271.6902,1279.4451,1,on,1,1.5000
1786346235.121779,1,1,,1679.0000,1703.0000,1668.0000,1724.0000,1287.0000,1282.0000,43.622,38.669,45.844,34.594,42.193,68.588,1708,1718,1655,1739,1240,1276,51,0,0,0,29,0,1,1,1,1,0,0,4.9908,4.9908,4.9908,4.9908,2.9084,7.0640,1699.9666,1716.3900,1655.4898,1738.3311,1271.6902,1279.4451,0,on,1,1.5000
1786346235.189727,1,1,,1677.0000,1706.0000,1664.0000,1717.0000,1286.0000,1290.0000,43.905,38.176,46.600,35.943,42.624,67.486,1700,1718,1655,1739,1246,1276,0,0,0,0,38,0,1,1,1,1,0,0,4.9908,4.9908,4.9908,4.9908,2.9084,7.0640,1699.9666,1716.3900,1655.4898,1730.2071,1271.6902,1279.4451,1,on,1,1.5000
1786346235.257681,1,1,,1680.0000,1708.0000,1662.0000,1721.0000,1282.0000,1303.0000,43.371,37.776,46.990,35.199,43.873,65.716,1700,1718,1655,1739,1253,1276,0,0,0,0,29,0,1,1,1,1,0,0,4.9908,4.9908,4.9908,4.9908,2.9084,7.0640,1699.9666,1716.3900,1655.4898,1730.2071,1271.6902,1279.4451,0,on,1,1.5000
1786346235.321775,1,1,,1683.0000,1705.0000,1668.0000,1709.0000,1284.0000,1301.0000,42.857,38.390,45.670,37.452,43.180,65.891,1700,1718,1655,1738,1258,1276,0,0,0,0,29,17,1,1,1,1,0,0,4.9908,4.9908,4.9908,4.9908,2.9084,7.0640,1699.9666,1716.3900,1655.4898,1730.2071,1276.2889,1279.4451,1,on,1,1.5000
1786346235.399212,1,1,,1683.0000,1700.0000,1662.0000,1712.0000,1285.0000,1305.0000,42.851,39.342,47.061,36.985,42.977,65.378,1700,1718,1655,1735,1265,1277,0,0,0,10,32,16,1,1,1,1,0,0,4.9908,4.9908,4.9908,4.9908,2.9084,7.0640,1699.9666,1716.3900,1655.4898,1730.2071,1276.2889,1279.4451,0,on,1,1.5000
1786346235.453067,1,1,,1681.0000,1707.0000,1668.0000,1718.0000,1286.0000,1291.0000,43.251,37.859,45.736,35.739,42.661,67.345,1700,1718,1655,1735,1270,1278,0,0,0,0,31,19,1,1,1,1,0,0,4.9908,4.9908,4.9908,4.9908,2.9084,7.0640,1699.9666,1716.3900,1655.4898,1730.2071,1276.2889,1279.4451,0,on,1,1.5000
1786346235.516522,1,1,,1695.0000,1703.0000,1668.0000,1718.0000,1288.0000,1291.0000,40.299,38.733,45.840,35.817,41.940,67.337,1700,1718,1655,1735,1273,1279,0,0,0,9,21,0,1,1,1,1,0,1,4.9908,4.9908,4.9908,4.9908,2.9084,7.0640,1699.9666,1716.3900,1655.4898,1730.2071,1276.2889,1279.4451,0,on,1,1.5000
1786346235.589821,1,1,,1692.0000,1704.0000,1679.0000,1743.0000,1286.0000,1305.0000,40.980,38.474,43.619,30.745,42.656,65.429,1700,1718,1655,1733,1276,1279,0,0,0,9,0,0,1,1,1,1,1,1,4.9908,4.9908,4.9908,4.9908,2.9084,7.0640,1699.9666,1716.3900,1655.4898,1730.2071,1276.2889,1279.4451,0,on,1,1.5000
1786346235.657712,1,1,,1693.0000,1685.0000,1674.0000,1709.0000,1272.0000,1338.0000,40.780,42.343,44.585,37.528,47.328,60.678,1700,1718,1655,1731,1276,1279,0,0,0,0,0,0,1,1,1,1,1,1,4.9908,4.9908,4.9908,4.9908,2.9084,7.0640,1699.9666,1716.3900,1663.5315,1730.2071,1276.2889,1294.9202,1,on,1,1.5000
1786346235.721730,1,1,,1693.0000,1701.0000,1673.0000,1719.0000,1275.0000,1318.0000,40.768,39.086,44.848,35.478,46.252,63.520,1700,1718,1655,1731,1276,1281,0,0,0,0,0,43,1,1,0,1,1,0,4.9908,4.9908,4.9908,4.9908,2.9084,7.0640,1699.9666,1716.3900,1663.5315,1730.2071,1276.2889,1294.9202,0,on,1,1.5000
1786346235.789765,1,1,,1672.0000,1704.0000,1670.0000,1722.0000,1280.0000,1296.0000,44.946,38.513,45.321,34.897,44.661,66.716,1700,1718,1661,1731,1276,1291,0,0,12,0,0,13,1,1,0,1,1,0,4.9908,4.9908,4.9908,4.9908,2.9084,7.0640,1691.9696,1716.3900,1663.5315,1730.2071,1276.2889,1294.9202,1,on,1,1.5000
1786346235.857769,1,1,,1684.0000,1705.0000,1671.0000,1715.0000,1279.0000,1298.0000,42.639,38.328,45.239,36.317,45.091,66.400,1700,1718,1663,1731,1276,1291,0,0,0,0,0,0,1,1,1,1,1,0,4.9908,4.9908,4.9908,4.9908,2.9084,7.0640,1691.9696,1716.3900,1663.5315,1730.2071,1276.2889,1294.9202,0,on,1,1.5000
1786346235.921724,1,1,,1684.0000,1703.0000,1671.0000,1721.0000,1273.0000,1307.0000,42.462,38.694,45.138,35.107,47.084,65.124,1698,1718,1663,1731,1276,1291,25,0,0,0,0,17,1,1,1,1,1,0,4.9908,4.9908,4.9908,4.9908,2.9084,7.0640,1691.9696,1716.3900,1663.5315,1730.2071,1276.2889,1294.9202,0,on,1,1.5000
1786346235.988637,1,1,,1693.0000,1707.0000,1674.0000,1726.0000,1274.0000,1316.0000,40.778,38.045,44.637,34.083,46.658,63.760,1694,1718,1663,1731,1276,1292,22,0,0,0,0,19,1,1,1,1,1,0,4.9908,4.9908,4.9908,4.9908,2.9084,7.0640,1691.9696,1716.3900,1663.5315,1730.2071,1276.2889,1294.9202,0,on,1,1.5000
1786346236.054168,1,1,,1674.0000,1708.0000,1667.0000,1726.0000,1277.0000,1310.0000,44.610,37.717,45.967,34.212,45.701,64.637,1694,1718,1663,1731,1276,1293,0,0,0,0,0,18,1,1,1,1,1,1,4.9908,4.9908,4.9908,4.9908,2.9084,7.0640,1691.9696,1716.3900,1663.5315,1730.2071,1276.2889,1294.9202,0,on,1,1.5000
1786346236.118182,1,1,,1687.0000,1709.0000,1674.0000,1717.0000,1281.0000,1312.0000,41.914,37.567,44.527,36.021,44.235,64.412,1694,1718,1663,1731,1276,1294,0,0,0,0,0,0,1,1,1,1,1,1,4.9908,4.9908,4.9908,4.9908,2.9084,7.0640,1691.9696,1716.3900,1663.5315,1730.2071,1276.2889,1294.9202,0,on,1,1.5000
1786346236.190028,1,1,,1693.0000,1707.0000,1680.0000,1724.0000,1274.0000,1314.0000,40.775,37.950,43.428,34.494,46.868,64.064,1694,1718,1663,1731,1276,1294,0,0,0,0,0,0,1,1,1,1,1,1,4.9908,4.9908,4.9908,4.9908,2.9084,7.0640,1691.9696,1716.3900,1663.5315,1730.2071,1276.2889,1294.9202,0,on,1,1.5000
1786346236.257830,1,1,,1700.0000,1707.0000,1676.0000,1722.0000,1274.0000,1323.0000,39.355,38.029,44.079,34.906,46.871,62.815,1694,1718,1663,1731,1276,1294,0,0,0,0,0,0,1,1,1,1,1,1,4.9908,4.9908,4.9908,4.9908,2.9084,7.0640,1691.9696,1716.3900,1663.5315,1730.2071,1276.2889,1294.9202,0,on,1,1.5000
1786346236.322009,1,1,,1694.0000,1717.0000,1683.0000,1710.0000,1270.0000,1379.0000,40.569,36.011,42.748,37.376,48.241,54.936,1694,1718,1663,1731,1276,1294,0,0,0,0,0,0,1,1,1,1,1,1,4.9908,4.9908,4.9908,4.9908,2.9084,7.0640,1691.9696,1716.3900,1663.5315,1730.2071,1276.2889,1314.7481,1,on,1,1.5000
1786346236.390047,1,1,,1698.0000,1708.0000,1688.0000,1715.0000,1289.0000,1447.0000,39.733,37.821,41.803,36.284,41.749,45.291,1694,1718,1663,1731,1276,1294,8,0,0,0,0,0,1,1,1,1,1,0,4.9908,4.9908,4.9908,4.9908,2.9084,7.0640,1691.9696,1716.3900,1663.5315,1730.2071,1276.2889,1348.7361,1,on,1,1.5000
1786346236.457950,1,1,,1728.0000,1701.0000,1707.0000,1681.0000,1312.0000,1408.0000,33.694,39.197,37.902,43.185,33.561,50.820,1694,1718,1663,1731,1276,1303,0,0,0,0,0,79,1,1,1,1,1,0,4.9908,4.9908,4.9908,4.9908,2.9084,7.0640,1691.9696,1716.3900,1673.2018,1719.1547,1276.2889,1360.9347,1,on,1,1.5000
1786346236.521966,1,1,,1745.0000,1721.0000,1702.0000,1736.0000,1315.0000,1321.0000,30.422,35.221,38.883,32.104,32.510,63.093,1694,1718,1663,1731,1276,1337,10,0,23,18,0,51,1,1,0,1,1,0,4.9908,4.9908,4.9908,4.9908,2.9084,7.0640,1700.9239,1716.3900,1673.2018,1719.1547,1284.1264,1360.9347,1,on,1,1.5000
1786346236.589968,1,1,,1715.0000,1734.0000,1705.0000,1766.0000,1309.0000,1257.0000,36.419,32.594,38.360,26.110,34.577,72.165,1693,1718,1673,1723,1276,1351,15,0,0,0,22,28,0,1,1,1,0,0,4.9908,4.9908,4.9908,4.9908,2.9084,7.0640,1700.9239,1716.3900,1673.2018,1719.1547,1284.1264,1341.3559,1,on,1,1.5000
1786346236.652517,1,1,,1701.0000,1730.0000,1701.0000,1737.0000,1300.0000,1317.0000,39.230,33.313,39.143,31.849,37.885,63.737,1696,1718,1673,1723,1279,1356,27,0,0,0,15,37,0,1,1,1,0,1,4.9908,4.9908,4.9908,4.9908,2.9084,7.0640,1700.9239,1716.3900,1680.9363,1719.1547,1284.1264,1341.3559,1,on,1,1.5000
1786346236.722068,1,1,,1696.0000,1732.0000,1697.0000,1740.0000,1301.0000,1413.0000,40.163,32.870,39.957,31.366,37.580,50.134,1701,1718,1675,1723,1280,1345,0,0,17,0,20,16,1,1,0,1,0,1,4.9908,4.9908,4.9908,4.9908,2.9084,7.0640,1700.9239,1716.3900,1680.9363,1719.1547,1284.1264,1341.3559,0,on,1,1.5000
1786346236.789958,1,1,,1702.0000,1709.0000,1681.0000,1713.0000,1283.0000,1468.0000,39.033,37.511,43.257,36.681,43.684,42.338,1701,1718,1679,1723,1283,1345,0,0,0,9,14,0,1,1,0,1,0,1,4.9908,4.9908,4.9908,4.9908,2.9084,7.0640,1700.9239,1716.3900,1680.9363,1719.1547,1284.1264,1374.1640,1,on,1,1.5000
1786346236.857944,1,1,,1714.0000,1699.0000,1692.0000,1701.0000,1297.0000,1503.0000,36.529,39.599,41.051,39.142,38.969,37.284,1701,1718,1679,1722,1283,1345,0,0,0,0,0,14,1,1,0,1,0,0,4.9908,4.9908,4.9908,4.9908,2.9084,7.0640,1700.9239,1716.3900,1680.9363,1719.1547,1288.5535,1409.4314,1,on,1,1.5000
1786346236.921952,1,1,,1707.0000,1706.0000,1701.0000,1682.0000,1311.0000,1511.0000,37.905,38.213,39.201,42.878,34.179,36.162,1701,1718,1680,1722,1283,1345,0,0,0,9,0,88,1,1,0,1,0,0,4.9908,4.9908,4.9908,4.9908,2.9084,7.0640,1700.9239,1716.3900,1680.9363,1719.1547,1288.5535,1435.7246,1,on,1,1.5000
1786346236.989951,1,1,,1711.0000,1700.0000,1708.0000,1682.0000,1317.0000,1541.0000,37.176,39.294,37.757,42.934,31.918,32.037,1701,1718,1681,1722,1283,1405,0,0,0,0,0,93,1,1,1,1,0,0,4.9908,4.9908,4.9908,4.9908,2.9084,7.0640,1700.9239,1716.3900,1680.9363,1719.1547,1288.5535,1463.2910,1,on,1,1.5000
1786346237.057744,1,1,,1704.0000,1712.0000,1714.0000,1697.0000,1321.0000,1560.0000,38.603,36.915,36.620,39.980,30.613,29.244,1701,1718,1681,1722,1284,1430,0,0,0,12,0,56,1,1,1,1,0,0,4.9908,4.9908,4.9908,4.9908,2.9084,7.0640,1700.9239,1716.3900,1680.9363,1719.1547,1295.0498,1487.6080,1,on,1,1.5000
1786346237.116892,1,1,,1704.0000,1710.0000,1719.0000,1696.0000,1314.0000,1592.0000,38.475,37.270,35.475,40.211,33.085,24.767,1701,1718,1681,1721,1283,1446,0,0,0,0,21,77,1,1,1,1,0,0,4.9908,4.9908,4.9908,4.9908,2.9084,7.0640,1700.9239,1716.3900,1691.1638,1719.1547,1295.0498,1513.4057,1,on,1,1.5000
1786346237.184525,1,1,,1693.0000,1713.0000,1718.0000,1694.0000,1316.0000,1561.0000,40.777,36.715,35.765,40.504,32.219,29.090,1701,1718,1681,1721,1289,1478,0,0,23,0,23,82,1,1,0,1,0,0,4.9908,4.9908,4.9908,4.9908,2.9084,7.0640,1700.9239,1716.3900,1691.1638,1710.8497,1295.0498,1513.4057,1,on,1,1.5000
1786346237.252936,1,1,,1695.0000,1712.0000,1720.0000,1694.0000,1318.0000,1576.0000,40.359,37.042,35.424,40.560,31.556,26.977,1701,1718,1692,1720,1291,1502,0,0,0,17,22,34,1,1,1,1,0,0,4.9908,4.9908,4.9908,4.9908,2.9084,7.0640,1700.9239,1716.3900,1691.1638,1710.8497,1299.6256,1531.9505,1,on,1,1.5000
1786346237.316921,1,1,,1701.0000,1714.0000,1717.0000,1694.0000,1320.0000,1562.0000,39.098,36.503,35.982,40.465,30.848,28.995,1701,1718,1692,1714,1297,1511,0,0,0,0,22,25,1,1,1,1,0,0,4.9908,4.9908,4.9908,4.9908,2.9084,7.0640,1700.9239,1716.3900,1691.1638,1710.8497,1299.6256,1531.9505,0,on,1,1.5000
1786346237.384920,1,1,,1701.0000,1712.0000,1720.0000,1693.0000,1321.0000,1571.0000,39.194,37.032,35.327,40.857,30.561,27.704,1701,1718,1692,1714,1299,1514,0,0,0,0,0,22,1,1,1,1,1,0,4.9908,4.9908,4.9908,4.9908,2.9084,7.0640,1700.9239,1716.3900,1699.8934,1710.8497,1299.6256,1531.9505,1,on,1,1.5000
1786346237.457753,1,1,,1704.0000,1707.0000,1724.0000,1693.0000,1311.0000,1582.0000,38.566,37.908,34.467,40.721,34.095,26.224,1701,1718,1692,1714,1299,1519,0,0,0,0,0,46,1,1,0,1,1,0,4.9908,4.9908,4.9908,4.9908,2.9084,7.0640,1700.9239,1716.3900,1699.8934,1710.8497,1299.6256,1545.5137,1,on,1,1.5000
1786346237.521760,1,1,,1704.0000,1704.0000,1720.0000,1682.0000,1303.0000,1588.0000,38.597,38.468,35.404,43.000,36.648,25.352,1701,1718,1697,1714,1299,1525,0,0,14,0,0,24,1,1,0,1,1,0,4.9908,4.9908,4.9908,4.9908,2.9084,7.0640,1700.9239,1716.3900,1699.8934,1710.8497,1299.6256,1545.5137,0,on,1,1.5000
1786346237.584624,1,1,,1698.0000,1707.0000,1712.0000,1686.0000,1317.0000,1562.0000,39.819,37.916,36.868,42.219,31.934,29.008,1701,1718,1699,1713,1299,1528,0,0,0,0,0,20,1,1,0,1,1,0,4.9908,4.9908,4.9908,4.9908,2.9084,7.0640,1700.9239,1716.3900,1699.8934,1703.3028,1299.6256,1545.5137,1,on,1,1.5000
1786346237.652927,1,1,,1697.0000,1712.0000,1716.0000,1697.0000,1322.0000,1571.0000,39.997,37.001,36.103,39.947,30.261,27.771,1701,1718,1699,1709,1299,1529,0,0,0,22,0,23,1,1,0,1,1,0,4.9908,4.9908,4.9908,4.9908,2.9084,7.0640,1700.9239,1716.3900,1699.8934,1703.3028,1305.0440,1545.5137,1,on,1,1.5000
1786346237.721800,1,1,,1698.0000,1708.0000,1718.0000,1692.0000,1313.0000,1584.0000,39.827,37.801,35.807,40.940,33.269,25.933,1701,1718,1699,1705,1299,1529,0,0,0,8,0,23,1,1,0,1,0,0,4.9908,4.9908,4.9908,4.9908,2.9084,7.0640,1700.9239,1716.3900,1699.8934,1703.3028,1305.0440,1556.3576,1,on,1,1.5000
1786346237.789667,1,1,,1705.0000,1711.0000,1712.0000,1692.0000,1318.0000,1574.0000,38.340,37.216,36.987,41.035,31.506,27.352,1701,1718,1699,1705,1300,1533,0,0,0,27,8,28,1,1,0,1,0,0,4.9908,4.9908,4.9908,4.9908,2.9084,7.0640,1700.9239,1716.3900,1699.8934,1703.3028,1305.0440,1556.3576,0,on,1,1.5000
1786346237.857697,1,1,,1719.0000,1703.0000,1710.0000,1697.0000,1323.0000,1581.0000,35.518,38.747,37.338,40.029,29.805,26.255,1701,1718,1699,1704,1302,1538,0,0,0,0,18,24,1,1,0,1,0,0,4.9908,4.9908,4.9908,4.9908,2.9084,7.0640,1700.9239,1716.3900,1699.8934,1703.3028,1305.0440,1556.3576,0,on,1,1.5000
1786346237.921943,1,1,,1754.0000,1679.0000,1698.0000,1705.0000,1325.0000,1477.0000,28.444,43.546,39.658,38.384,29.301,41.054,1701,1718,1699,1704,1304,1540,0,0,0,0,0,20,1,1,0,1,0,0,4.9908,4.9908,4.9908,4.9908,2.9084,7.0640,1708.8532,1708.5247,1699.8934,1703.3028,1305.0440,1556.3576,1,on,1,1.5000
1786346237.989892,1,1,,1711.0000,1585.0000,1597.0000,1658.0000,1320.0000,1391.0000,37.180,62.346,59.893,47.686,30.820,53.161,1701,1718,1699,1704,1304,1546,0,0,0,0,0,19,0,1,0,1,0,0,4.9908,4.9908,4.9908,4.9908,2.9084,7.0640,1708.8532,1680.7865,1684.8110,1703.3028,1305.0440,1505.1066,1,on,1,1.5000
1786346238.057704,1,1,,1516.0000,1552.0000,1551.0000,1632.0000,1301.0000,1329.0000,76.195,69.045,69.167,52.913,37.342,61.922,1706,1710,1699,1704,1304,1549,23,73,0,0,0,66,0,1,1,1,0,1,4.9908,4.9908,4.9908,4.9908,2.9084,7.0640,1655.7282,1645.7124,1649.0869,1687.4263,1305.0440,1446.2773,1,on,1,1.5000
1786346238.116910,1,1,,1395.0000,1306.0000,1287.0000,1356.0000,1281.0000,1474.0000,100.413,118.380,122.165,108.286,44.239,41.502,1707,1693,1699,1704,1304,1535,32,71,35,0,0,76,1,1,1,1,0,1,4.9908,4.9908,4.9908,4.9908,2.9084,7.0640,1554.1319,1496.3841,1485.6472,1551.0362,1305.0440,1446.2773,1,on,1,1.5000
1786346238.189760,1,1,,1300.0000,1188.0000,1160.0000,1223.0000,1339.0000,1650.0000,119.578,142.009,147.455,135.017,24.494,16.533,1675,1651,1661,1695,1304,1466,107,86,91,57,0,61,1,1,1,1,0,1,4.9908,4.9908,4.9908,4.9908,2.9084,7.0640,1442.8737,1346.4522,1323.1361,1391.3024,1305.0440,1502.9763,1,on,1,1.5000
1786346238.257702,1,1,,1230.0000,1129.0000,1123.0000,1184.0000,1328.0000,1604.0000,133.521,153.713,154.961,142.669,28.294,23.065,1622,1607,1613,1652,1304,1460,99,75,67,71,0,73,1,1,1,1,0,0,4.9908,4.9908,4.9908,4.9908,2.9084,7.0640,1353.5444,1250.1412,1235.4439,1300.7103,1310.2322,1529.0168,1,on,1,1.5000
1786346238.321964,1,1,,1198.0000,1080.0000,1075.0000,1122.0000,1290.0000,1565.0000,139.976,163.550,164.653,155.068,41.211,28.541,1588,1577,1581,1614,1304,1491,85,74,82,66,0,67,1,1,1,1,0,0,4.9908,4.9908,4.9908,4.9908,2.9084,7.0640,1296.2297,1183.8335,1174.3991,1230.4265,1310.2322,1529.0168,1,on,1,1.5000
1786346238.389782,1,1,,1124.0000,1064.0000,1067.0000,1104.0000,1268.0000,1640.0000,154.757,166.708,166.106,158.844,48.800,17.923,1550,1541,1544,1575,1304,1516,94,95,84,59,0,41,1,1,1,1,0,0,4.9908,4.9908,4.9908,4.9908,2.9084,7.0640,1233.2901,1144.1834,1140.5272,1187.6635,1305.3627,1559.4547,1,on,1,1.5000
1786346238.452888,1,1,,1132.0000,1061.0000,1079.0000,1109.0000,1300.0000,1724.0000,153.169,167.391,163.752,157.872,37.659,6.117,1521,1512,1514,1548,1305,1529,83,85,80,70,0,65,1,1,1,1,1,0,4.9908,4.9908,4.9908,4.9908,2.9084,7.0640,1203.3185,1122.3780,1126.2910,1167.1527,1305.3627,1609.7382,1,on,1,1.5000
1786346238.516896,1,1,,1153.0000,1076.0000,1088.0000,1135.0000,1315.0000,1765.0000,148.895,164.415,161.918,152.485,32.511,0.243,1492,1483,1486,1516,1305,1552,82,87,82,71,0,104,1,1,1,1,1,0,4.9908,4.9908,4.9908,4.9908,2.9084,7.0640,1192.5187,1113.3901,1126.2910,1167.1527,1305.3627,1660.3974,1,on,1,1.5000
1786346238.589682,1,1,,1159.0000,1098.0000,1082.0000,1122.0000,1349.0000,1717.0000,147.682,159.990,163.185,155.176,21.097,7.112,1453,1444,1447,1478,1305,1610,81,84,72,59,0,99,1,1,1,1,1,0,4.9908,4.9908,4.9908,4.9908,2.9084,7.0640,1192.5187,1113.3901,1114.4291,1155.7143,1305.3627,1673.8478,1,on,1,1.5000
1786346238.657709,1,1,,1181.0000,1102.0000,1083.0000,1118.0000,1352.0000,1708.0000,143.271,159.200,163.074,155.911,19.981,8.280,1426,1416,1420,1448,1305,1655,86,74,80,68,0,0,1,1,1,1,1,0,4.9908,4.9908,4.9908,4.9908,2.9084,7.0640,1192.5187,1113.3901,1114.4291,1155.7143,1314.6150,1673.8478,1,on,1,1.5000
1786346238.716888,1,1,,1138.0000,1057.0000,1068.0000,1097.0000,1341.0000,1712.0000,152.023,168.119,166.062,160.199,23.824,7.702,1397,1389,1392,1424,1305,1663,101,82,85,62,0,37,1,1,1,1,0,0,4.9908,4.9908,4.9908,4.9908,2.9084,7.0640,1180.8824,1104.1177,1105.3860,1143.0622,1314.6150,1673.8478,1,on,1,1.5000
1786346238.789803,1,1,,1155.0000,1056.0000,1066.0000,1084.0000,1325.0000,1697.0000,148.516,168.326,166.476,162.778,29.307,9.859,1363,1350,1354,1384,1309,1669,97,79,70,61,11,21,1,1,1,1,0,0,4.9908,4.9908,4.9908,4.9908,2.9084,7.0640,1180.8824,1104.1177,1105.3860,1133.2736,1314.6150,1684.7640,1,on,1,1.5000
1786346238.857765,1,1,,1126.0000,1052.0000,1059.0000,1096.0000,1324.0000,1660.0000,154.409,169.153,167.704,160.388,29.397,15.136,1333,1323,1326,1357,1311,1675,104,81,87,67,20,38,1,1,1,1,0,0,4.9908,4.9908,4.9908,4.9908,2.9084,7.0640,1170.8811,1090.8517,1094.8941,1133.2736,1314.6150,1684.7640,1,on,1,1.5000
1786346238.916506,1,1,,1121.0000,1042.0000,1054.0000,1086.0000,1321.0000,1610.0000,155.343,171.121,168.742,162.469,30.515,22.201,1308,1297,1300,1331,1313,1681,94,84,91,67,0,21,1,1,1,1,0,0,4.9908,4.9908,4.9908,4.9908,2.9084,7.0640,1170.8811,1090.8517,1094.8941,1122.6951,1314.6150,1673.4442,1,on,1,1.5000
1786346238.985054,1,1,,1105.0000,1034.0000,1041.0000,1075.0000,1320.0000,1630.0000,158.665,172.908,171.489,164.577,30.964,19.341,1274,1261,1266,1296,1313,1681,120,86,81,73,0,0,1,1,1,1,0,1,4.9908,4.9908,4.9908,4.9908,2.9084,7.0640,1154.2273,1076.4452,1082.7877,1122.6951,1314.6150,1673.4442,1,on,1,1.5000
1786346239.057996,1,1,,1121.0000,1043.0000,1053.0000,1087.0000,1324.0000,1629.0000,155.420,170.933,169.082,162.174,29.482,19.470,1239,1230,1233,1264,1313,1681,103,104,93,72,0,20,1,1,1,1,0,1,4.9908,4.9908,4.9908,4.9908,2.9084,7.0640,1154.2273,1076.4452,1082.7877,1112.4276,1314.6150,1662.2147,1,on,1,1.5000
1786346239.121952,1,1,,1116.0000,1034.0000,1049.0000,1070.0000,1325.0000,1621.0000,156.470,173.123,169.762,165.649,29.048,20.695,1207,1195,1200,1229,1313,1672,110,102,94,81,0,24,1,1,1,1,0,1,4.9908,4.9908,4.9908,4.9908,2.9084,7.0640,1145.8289,1067.4795,1082.7877,1112.4276,1314.6150,1662.2147,1,on,1,1.5000
1786346239.189970,1,1,,1118.0000,1037.0000,1054.0000,1076.0000,1323.0000,1640.0000,155.986,172.254,168.701,164.359,29.865,17.910,1171,1159,1162,1196,1313,1665,116,106,85,70,0,0,1,1,1,1,0,1,4.9908,4.9908,4.9908,4.9908,2.9084,7.0640,1145.8289,1067.4795,1073.9332,1103.5186,1314.6150,1662.2147,1,on,1,1.5000
1786346239.257760,1,1,,1126.0000,1040.0000,1049.0000,1080.0000,1323.0000,1646.0000,154.274,171.628,169.738,163.496,29.810,17.170,1158,1127,1134,1167,1313,1665,55,110,96,58,0,0,1,1,1,1,0,1,4.9908,4.9908,4.9908,4.9908,2.9084,7.0640,1145.8289,1067.4795,1073.9332,1103.5186,1314.6150,1662.2147,0,on,1,1.5000
1786346239.321980,1,1,,1124.0000,1048.0000,1051.0000,1083.0000,1321.0000,1648.0000,154.759,170.003,169.465,163.038,30.642,16.848,1155,1092,1094,1129,1313,1665,71,138,98,90,0,0,1,1,1,1,0,1,4.9908,4.9908,4.9908,4.9908,2.9084,7.0640,1145.8289,1067.4795,1073.9332,1103.5186,1319.0295,1662.2147,1,on,1,1.5000
1786346239.384949,1,1,,1105.0000,1043.0000,1038.0000,1084.0000,1320.0000,1645.0000,158.494,170.919,171.982,162.825,30.923,17.281,1154,1077,1084,1114,1313,1665,63,26,48,37,0,0,1,1,1,1,0,1,4.9908,4.9908,4.9908,4.9908,2.9084,7.0640,1136.6634,1059.4390,1073.9332,1103.5186,1319.0295,1662.2147,1,on,1,1.5000
1786346239.457758,1,1,,1117.0000,1044.0000,1043.0000,1086.0000,1327.0000,1627.0000,156.171,170.712,171.004,162.288,28.627,19.733,1145,1077,1081,1111,1313,1665,76,38,46,28,12,8,1,1,1,1,0,1,4.9908,4.9908,4.9908,4.9908,2.9084,7.0640,1136.6634,1059.4390,1064.6322,1103.5186,1319.0295,1662.2147,1,on,1,1.5000
1786346239.522004,1,1,,1117.0000,1044.0000,1056.0000,1091.0000,1319.0000,1660.0000,156.167,170.868,168.461,161.424,31.442,15.118,1137,1076,1078,1108,1315,1662,0,51,24,8,0,0,1,1,1,1,0,1,4.9908,4.9908,4.9908,4.9908,2.9084,7.0640,1136.6634,1059.4390,1064.6322,1103.5186,1319.0295,1662.2147,0,on,1,1.5000
1786346239.589966,1,1,,1134.0000,1056.0000,1065.0000,1082.0000,1327.0000,1685.0000,152.665,168.471,166.624,163.219,28.684,11.543,1137,1073,1078,1107,1317,1662,0,49,29,13,15,0,1,1,1,1,0,1,4.9908,4.9908,4.9908,4.9908,2.9084,7.0640,1136.6634,1059.4390,1064.6322,1103.5186,1319.0295,1662.2147,0,on,1,1.5000
1786346239.657768,1,1,,1141.0000,1053.0000,1070.0000,1089.0000,1330.0000,1722.0000,151.278,168.902,165.497,161.813,27.370,6.337,1137,1073,1078,1107,1318,1662,0,46,31,23,0,0,1,1,1,1,0,1,4.9908,4.9908,4.9908,4.9908,2.9084,7.0640,1136.6634,1059.4390,1064.6322,1103.5186,1319.0295,1662.2147,0,on,1,1.5000
1786346239.722003,1,1,,1128.0000,1054.0000,1067.0000,1075.0000,1333.0000,1707.0000,153.893,168.824,166.253,164.581,26.368,8.484,1137,1072,1078,1106,1318,1662,0,23,33,55,0,0,1,1,1,1,0,1,4.9908,4.9908,4.9908,4.9908,2.9084,7.0640,1136.6634,1059.4390,1064.6322,1094.7807,1319.0295,1662.2147,1,on,1,1.5000
1786346239.789956,1,1,,1130.0000,1050.0000,1068.0000,1078.0000,1336.0000,1714.0000,153.640,169.593,166.005,164.028,25.597,7.526,1137,1069,1078,1105,1318,1662,0,63,37,37,0,0,1,1,1,1,0,1,4.9908,4.9908,4.9908,4.9908,2.9084,7.0640,1136.6634,1059.4390,1064.6322,1094.7807,1319.0295,1676.4932,1,on,1,1.5000
1786346239.857947,1,1,,1126.0000,1049.0000,1066.0000,1074.0000,1330.0000,1703.0000,154.431,169.823,166.368,164.717,27.505,9.087,1137,1066,1077,1094,1318,1662,0,62,63,0,0,39,1,1,1,1,0,0,4.9908,4.9908,4.9908,4.9908,2.9084,7.0640,1136.6634,1059.4390,1064.6322,1094.7807,1319.0295,1676.4932,0,on,1,1.5000
1786346239.921947,1,1,,1141.0000,1065.0000,1084.0000,1084.0000,1343.0000,1661.0000,151.313,166.583,162.834,162.710,23.081,14.993,1137,1061,1072,1094,1318,1675,0,34,44,0,0,24,1,1,1,1,0,0,4.9908,4.9908,4.9908,4.9908,2.9084,7.0640,1136.6634,1059.4390,1064.6322,1094.7807,1323.5219,1676.4932,1,on,1,1.5000
1786346239.989944,1,1,,1111.0000,1042.0000,1062.0000,1090.0000,1317.0000,1525.0000,157.367,171.211,167.223,161.584,31.813,34.294,1137,1061,1068,1094,1318,1677,0,39,33,0,0,0,1,1,1,1,0,1,4.9908,4.9908,4.9908,4.9908,2.9084,7.0640,1136.6634,1059.4390,1064.6322,1094.7807,1323.5219,1641.5583,1,on,1,1.5000
1786346240.057935,1,1,,1134.0000,1043.0000,1055.0000,1115.0000,1307.0000,1301.0000,152.738,170.900,168.621,156.483,35.283,65.889,1137,1061,1067,1094,1318,1677,0,47,36,0,0,45,1,1,1,1,0,1,4.9908,4.9908,4.9908,4.9908,2.9084,7.0640,1136.6634,1059.4390,1064.6322,1094.7807,1323.5219,1490.0604,1,on,1,1.5000
1786346240.121956,1,1,,1128.0000,1059.0000,1095.0000,1216.0000,1305.0000,1312.0000,153.934,167.742,160.487,136.299,36.099,64.449,1137,1060,1066,1094,1318,1654,0,49,40,0,29,72,1,1,1,1,0,1,4.9908,4.9908,4.9908,4.9908,2.9084,7.0640,1136.6634,1059.4390,1064.6322,1119.3625,1323.5219,1419.5687,1,on,1,1.5000
1786346240.189937,1,1,,1153.0000,1101.0000,1138.0000,1276.0000,1299.0000,1240.0000,148.897,159.326,151.941,124.244,38.049,74.597,1137,1059,1063,1095,1325,1602,0,53,0,35,37,84,1,1,1,0,0,1,4.9908,4.9908,4.9908,4.9908,2.9084,7.0640,1136.6634,1059.4390,1077.9066,1166.1382,1323.5219,1350.9147,1,on,1,1.5000
1786346240.253137,1,1,,1186.0000,1140.0000,1190.0000,1451.0000,1290.0000,1145.0000,142.362,151.537,141.589,89.213,41.279,88.089,1137,1059,1068,1116,1332,1554,0,0,26,48,36,88,1,1,0,0,0,1,4.9908,4.9908,4.9908,4.9908,2.9084,7.0640,1136.6634,1073.6247,1103.4236,1285.2739,1317.0763,1270.6995,1,on,1,1.5000
1786346240.317076,1,1,,1193.0000,1150.0000,1186.0000,1497.0000,1286.0000,1127.0000,141.006,149.490,142.391,80.106,42.544,90.536,1137,1059,1082,1149,1338,1506,0,38,29,55,38,86,1,0,0,0,0,1,4.9908,4.9908,4.9908,4.9908,2.9084,7.0640,1147.1943,1088.4240,1121.8218,1372.5556,1317.0763,1220.4139,1,on,1,1.5000
1786346240.385949,1,1,,1185.0000,1124.0000,1176.0000,1443.0000,1288.0000,1108.0000,142.615,154.754,144.333,90.808,42.103,93.205,1137,1068,1098,1188,1344,1452,49,17,29,45,40,78,0,0,0,0,0,1,4.9908,4.9908,4.9908,4.9908,2.9084,7.0640,1147.1943,1088.4240,1131.9677,1393.5065,1311.4512,1185.9430,1,on,1,1.5000
1786346240.453635,1,1,,1170.0000,1120.0000,1170.0000,1383.0000,1294.0000,1130.0000,145.538,155.644,145.628,102.927,39.730,90.152,1145,1080,1118,1225,1352,1426,16,17,16,55,35,10,0,0,0,0,0,1,4.9908,4.9908,4.9908,4.9908,2.9084,7.0640,1147.1943,1096.7797,1131.9677,1393.5065,1311.4512,1173.4028,1,on,1,1.5000
1786346240.522033,1,1,,1157.0000,1110.0000,1148.0000,1250.0000,1312.0000,1105.0000,148.115,157.537,149.986,129.581,33.835,93.745,1149,1092,1127,1260,1355,1431,0,18,17,32,0,72,1,0,0,0,1,0,4.9908,4.9908,4.9908,4.9908,2.9084,7.0640,1147.1943,1096.7797,1131.9677,1363.6906,1311.4512,1159.4750,1,on,1,1.5000
1786346240.589964,1,1,,1160.0000,1101.0000,1126.0000,1220.0000,1307.0000,1101.0000,147.613,159.355,154.335,135.607,35.475,94.232,1149,1096,1131,1293,1353,1452,0,0,0,44,34,43,1,1,0,0,1,0,4.9908,4.9908,4.9908,4.9908,2.9084,7.0640,1147.1943,1096.7797,1131.9677,1323.4763,1311.4512,1148.7851,1,on,1,1.5000
1786346240.653019,1,1,,1137.0000,1076.0000,1103.0000,1196.0000,1301.0000,1065.0000,152.073,164.449,159.017,140.331,37.563,99.364,1149,1096,1131,1317,1350,1467,0,0,0,0,54,75,1,1,0,0,1,0,4.9908,4.9908,4.9908,4.9908,2.9084,7.0640,1147.1943,1096.7797,1131.9677,1286.9681,1311.4512,1131.6964,1,on,1,1.5000
1786346240.722085,1,1,,1117.0000,1061.0000,1087.0000,1198.0000,1297.0000,1020.0000,156.247,167.402,162.129,139.946,38.757,105.777,1149,1096,1131,1318,1343,1499,0,0,0,64,78,25,1,1,0,1,1,0,4.9908,4.9908,4.9908,4.9908,2.9084,7.0640,1147.1943,1096.7797,1131.9677,1264.1320,1311.4512,1103.8103,1,on,1,1.5000
1786346240.789981,1,1,,1121.0000,1072.0000,1106.0000,1209.0000,1303.0000,1022.0000,155.454,165.123,158.416,137.806,36.868,105.501,1149,1097,1131,1292,1336,1507,0,0,0,90,13,58,1,1,0,1,0,1,4.9908,4.9908,4.9908,4.9908,2.9084,7.0640,1147.1943,1096.7797,1131.9677,1253.0749,1311.4512,1085.0072,1,on,1,1.5000
1786346240.857937,1,1,,1132.0000,1062.0000,1107.0000,1226.0000,1293.0000,1022.0000,153.256,167.261,158.077,134.368,40.332,105.458,1149,1097,1131,1269,1336,1487,0,0,0,0,28,20,1,1,0,1,0,1,4.9908,4.9908,4.9908,4.9908,2.9084,7.0640,1147.1943,1088.8616,1131.9677,1253.0749,1311.4512,1072.4594,1,on,1,1.5000
1786346240.921962,1,1,,1113.0000,1053.0000,1094.0000,1192.0000,1299.0000,1037.0000,156.930,168.986,160.800,141.172,38.056,103.348,1149,1097,1131,1263,1341,1474,0,0,0,8,14,20,1,1,0,1,0,1,4.9908,4.9908,4.9908,4.9908,2.9084,7.0640,1147.1943,1088.8616,1122.2758,1240.4598,1311.4512,1072.4594,1,on,1,1.5000
1786346240.989933,1,1,,1149.0000,1084.0000,1118.0000,1193.0000,1301.0000,1063.0000,149.676,162.763,155.883,141.027,37.405,99.707,1149,1095,1131,1256,1342,1471,0,23,18,27,30,17,1,1,1,1,0,1,4.9908,4.9908,4.9908,4.9908,2.9084,7.0640,1147.1943,1088.8616,1122.2758,1240.4598,1311.4512,1072.4594,0,on,1,1.5000
1786346241.057148,1,1,,1247.0000,1196.0000,1215.0000,1332.0000,1314.0000,1150.0000,130.070,140.262,136.437,113.135,32.947,87.370,1149,1094,1126,1251,1347,1470,0,42,30,37,54,0,1,1,1,1,0,1,4.9908,4.9908,4.9908,4.9908,2.9084,7.0640,1161.6212,1105.1694,1136.6671,1240.4598,1311.4512,1072.4594,1,on,1,1.5000
1786346241.118245,1,1,,1354.0000,1364.0000,1395.0000,1524.0000,1309.0000,1196.0000,108.755,106.584,100.470,74.640,34.559,80.806,1149,1090,1125,1247,1355,1470,0,27,31,0,14,0,0,0,0,1,1,1,4.9908,4.9908,4.9908,4.9908,2.9084,7.0640,1221.9125,1200.7474,1230.6012,1350.2017,1311.4512,1104.9454,1,on,1,1.5000
1786346241.187385,1,1,,1434.0000,1494.0000,1443.0000,1581.0000,1318.0000,1253.0000,92.644,80.616,90.750,63.254,31.578,72.703,1150,1090,1135,1247,1356,1469,59,50,49,39,72,85,0,0,0,0,1,1,4.9908,4.9908,4.9908,4.9908,2.9084,7.0640,1302.6018,1333.3649,1315.1558,1445.8333,1311.4512,1148.9084,1,on,1,1.5000
1786346241.257935,1,1,,1542.0000,1621.0000,1580.0000,1707.0000,1311.0000,1228.0000,71.070,55.257,63.397,37.892,33.983,76.320,1185,1120,1166,1274,1346,1422,86,82,61,67,91,104,0,0,0,0,1,1,4.9908,4.9908,4.9908,4.9908,2.9084,7.0640,1402.2561,1468.5873,1431.2769,1561.1722,1311.4512,1168.3895,1,on,1,1.5000
1786346241.322022,1,1,,1624.0000,1679.0000,1616.0000,1696.0000,1306.0000,1152.0000,54.675,43.627,56.168,40.183,35.924,87.076,1227,1172,1207,1317,1337,1358,62,63,67,44,79,107,0,0,0,0,1,1,4.9908,4.9908,4.9908,4.9908,2.9084,7.0640,1494.1316,1558.7807,1504.7789,1610.0088,1311.4512,1168.3895,1,on,1,1.5000
1786346241.389978,1,1,,1639.0000,1693.0000,1606.0000,1728.0000,1305.0000,1123.0000,51.538,40.765,58.167,33.712,36.086,91.105,1265,1214,1245,1352,1327,1301,59,60,64,60,44,99,0,0,0,0,1,1,4.9908,4.9908,4.9908,4.9908,2.9084,7.0640,1546.7801,1607.3246,1537.0158,1647.4148,1311.4512,1168.3895,1,on,1,1.5000
1786346241.457974,1,1,,1697.0000,1715.0000,1601.0000,1722.0000,1294.0000,1149.0000,39.917,36.363,59.268,34.902,39.926,87.501,1299,1247,1280,1388,1321,1248,50,52,54,42,36,94,0,0,0,0,1,1,4.9908,4.9908,4.9908,4.9908,2.9084,7.0640,1598.3069,1640.0739,1552.3097,1666.0768,1311.4512,1168.3895,1,on,1,1.5000
1786346241.522003,1,1,,1697.0000,1704.0000,1602.0000,1716.0000,1286.0000,1135.0000,40.033,38.629,59.023,36.216,42.653,89.379,1324,1277,1306,1412,1316,1203,68,50,59,52,38,97,0,0,0,0,1,1,4.9908,4.9908,4.9908,4.9908,2.9084,7.0640,1626.3914,1654.7799,1561.4521,1675.5177,1305.7094,1168.3895,1,on,1,1.5000
1786346241.584742,1,1,,1697.0000,1697.0000,1600.0000,1728.0000,1284.0000,1123.0000,39.974,39.884,59.376,33.677,43.487,91.177,1354,1303,1335,1441,1314,1182,70,52,62,58,33,39,0,0,0,0,1,1,4.9908,4.9908,4.9908,4.9908,2.9084,7.0640,1642.6458,1654.7799,1561.4521,1684.3242,1305.7094,1156.4908,1,on,1,1.5000
1786346241.658047,1,1,,1705.0000,1694.0000,1592.0000,1727.0000,1270.0000,1134.0000,38.394,40.592,60.926,33.859,48.225,89.565,1392,1341,1374,1480,1309,1177,64,60,54,47,22,35,0,0,0,0,1,1,4.9908,4.9908,4.9908,4.9908,2.9084,7.0640,1655.2548,1666.3671,1569.9654,1684.3242,1300.6536,1156.4908,1,on,1,1.5000
1786346241.722034,1,1,,1723.0000,1699.0000,1594.0000,1728.0000,1261.0000,1149.0000,34.648,39.558,60.612,33.736,51.335,87.498,1418,1368,1399,1509,1308,1175,56,61,49,37,29,33,0,0,0,0,1,1,4.9908,4.9908,4.9908,4.9908,2.9084,7.0640,1668.2715,1666.3671,1569.9654,1695.5890,1296.0678,1156.4908,1,on,1,1.5000
1786346241.785036,1,1,,1712.0000,1707.0000,1578.0000,1730.0000,1249.0000,1131.0000,36.920,38.005,63.717,33.345,55.218,89.948,1444,1395,1426,1535,1305,1172,54,58,59,47,44,25,0,0,0,0,1,1,4.9908,4.9908,4.9908,4.9908,2.9084,7.0640,1668.2715,1674.5739,1569.9654,1695.5890,1289.8361,1156.4908,1,on,1,1.5000
1786346241.858051,1,1,,1701.0000,1705.0000,1588.0000,1729.0000,1250.0000,1115.0000,39.177,38.332,61.753,33.550,55.149,92.240,1483,1434,1466,1576,1297,1163,71,59,54,47,42,38,0,0,0,0,1,1,4.9908,4.9908,4.9908,4.9908,2.9084,7.0640,1678.2785,1674.5739,1569.9654,1695.5890,1284.6057,1156.4908,1,on,1,1.5000
1786346241.921804,1,1,,1720.0000,1700.0000,1580.0000,1725.0000,1249.0000,1148.0000,35.397,39.407,63.455,34.363,55.352,87.539,1511,1458,1494,1608,1291,1159,73,77,57,46,39,19,0,0,0,0,1,1,4.9908,4.9908,4.9908,4.9908,2.9084,7.0640,1678.2785,1674.5739,1569.9654,1704.9511,1284.6057,1156.4908,1,on,1,1.5000
1786346241.984532,1,1,,1725.0000,1708.0000,1588.0000,1732.0000,1251.0000,1153.0000,34.271,37.816,61.852,32.905,54.683,86.870,1539,1487,1521,1637,1287,1159,73,60,53,37,0,24,0,0,0,0,1,1,4.9908,4.9908,4.9908,4.9908,2.9084,7.0640,1688.8370,1682.6478,1569.9654,1704.9511,1277.1476,1156.4908,1,on,1,1.5000
1786346242.058062,1,1,,1724.0000,1707.0000,1592.0000,1735.0000,1252.0000,1151.0000,34.632,37.952,60.935,32.342,54.379,87.135,1579,1527,1557,1684,1284,1159,71,62,17,43,36,34,0,0,0,0,1,1,4.9908,4.9908,4.9908,4.9908,2.9084,7.0640,1688.8370,1682.6478,1569.9654,1704.9511,1277.1476,1156.4908,0,on,1,1.5000
1786346242.117044,1,1,,1718.0000,1705.0000,1586.0000,1735.0000,1248.0000,1139.0000,35.839,38.432,62.248,32.395,55.591,88.843,1610,1557,1564,1696,1281,1157,74,64,13,11,0,37,0,0,0,0,1,1,4.9908,4.9908,4.9908,4.9908,2.9084,7.0640,1688.8370,1682.6478,1569.9654,1704.9511,1272.2164,1156.4908,1,on,1,1.5000
1786346242.184939,1,1,,1722.0000,1708.0000,1583.0000,1736.0000,1246.0000,1157.0000,34.860,37.780,62.844,32.121,56.502,86.328,1642,1587,1567,1702,1279,1156,77,69,0,0,29,0,0,0,0,0,1,1,4.9908,4.9908,4.9908,4.9908,2.9084,7.0640,1698.1993,1682.6478,1569.9654,1714.4771,1272.2164,1156.4908,1,on,1,1.5000
1786346242.252938,1,1,,1716.0000,1714.0000,1585.0000,1742.0000,1243.0000,1150.0000,36.139,36.564,62.354,30.871,57.372,87.281,1680,1624,1567,1702,1276,1156,67,54,0,0,18,0,0,0,1,0,1,1,4.9908,4.9908,4.9908,4.9908,2.9084,7.0640,1698.1993,1690.5696,1569.9654,1714.4771,1267.1446,1156.4908,1,on,1,1.5000
1786346242.316928,1,1,,1709.0000,1713.0000,1590.0000,1736.0000,1270.0000,1162.0000,37.582,36.655,61.458,32.235,48.107,85.575,1692,1660,1568,1702,1274,1156,25,63,0,0,36,0,0,0,1,0,1,1,4.9908,4.9908,4.9908,4.9908,2.9084,7.0640,1698.1993,1690.5696,1577.7286,1714.4771,1267.1446,1156.4908,1,on,1,1.5000
1786346242.384963,1,1,,1650.0000,1683.0000,1622.0000,1717.0000,1310.0000,1173.0000,49.349,42.802,54.974,36.017,34.412,84.078,1697,1679,1568,1702,1271,1156,0,32,15,0,0,0,0,0,0,0,1,1,4.9908,4.9908,4.9908,4.9908,2.9084,7.0640,1698.1993,1690.5696,1577.7286,1714.4771,1267.1446,1156.4908,0,on,1,1.5000
1786346242.452968,1,1,,1559.0000,1662.0000,1612.0000,1670.0000,1305.0000,1269.0000,67.566,47.013,57.002,45.314,36.250,70.446,1697,1688,1575,1702,1269,1156,0,0,0,0,22,0,0,0,0,0,1,1,4.9908,4.9908,4.9908,4.9908,2.9084,7.0640,1662.5281,1690.5696,1585.5840,1714.4771,1274.4729,1176.2959,1,on,1,1.5000
1786346242.517190,1,1,,1371.0000,1343.0000,1315.0000,1394.0000,1292.0000,1643.0000,105.316,110.983,116.422,100.625,40.437,17.540,1696,1688,1578,1702,1268,1156,71,0,16,0,0,0,1,0,0,0,0,0,4.9908,4.9908,4.9908,4.9908,2.9084,7.0640,1542.8177,1545.4664,1494.2559,1585.2037,1274.4729,1411.9295,1,on,1,1.5000
1786346242.590013,1,1,,1273.0000,1154.0000,1151.0000,1244.0000,1321.0000,1600.0000,124.850,148.687,149.413,130.785,30.753,23.650,1670,1688,1584,1702,1268,1156,92,67,62,50,0,91,1,1,1,1,0,0,4.9908,4.9908,4.9908,4.9908,2.9084,7.0640,1421.9818,1344.3820,1333.3266,1419.7207,1281.3027,1494.0871,1,on,1,1.5000
1786346242.652944,1,1,,1225.0000,1130.0000,1141.0000,1210.0000,1281.0000,1596.0000,134.497,153.515,151.381,137.556,44.334,24.233,1637,1653,1553,1668,1268,1212,93,104,104,85,50,81,1,1,1,1,0,0,4.9908,4.9908,4.9908,4.9908,2.9084,7.0640,1341.5017,1248.1275,1253.5851,1328.9174,1281.3027,1527.8201,1,on,1,1.5000
1786346242.716923,1,1,,1184.0000,1098.0000,1103.0000,1153.0000,1253.0000,1598.0000,142.794,159.889,158.966,148.967,53.807,23.941,1594,1603,1508,1619,1277,1275,93,86,88,68,0,82,1,1,1,1,0,0,4.9908,4.9908,4.9908,4.9908,2.9084,7.0640,1283.2597,1190.6239,1198.2963,1259.5646,1281.3027,1545.6738,1,on,1,1.5000
1786346242.784907,1,1,,1191.0000,1093.0000,1107.0000,1173.0000,1243.0000,1627.0000,141.271,160.924,158.197,145.011,57.482,19.823,1555,1564,1468,1576,1278,1330,82,75,87,52,21,85,1,1,1,1,0,0,4.9908,4.9908,4.9908,4.9908,2.9084,7.0640,1255.9065,1160.5524,1171.4301,1233.3191,1276.1528,1564.6677,1,on,1,1.5000
1786346242.857875,1,1,,1161.0000,1073.0000,1081.0000,1140.0000,1233.0000,1618.0000,147.299,164.905,163.445,151.478,60.809,21.126,1520,1529,1435,1544,1280,1382,88,90,81,61,42,79,1,1,1,1,1,0,4.9908,4.9908,4.9908,4.9908,2.9084,7.0640,1230.9149,1137.7592,1148.1339,1208.6426,1270.9201,1564.6677,1,on,1,1.5000
1786346242.916936,1,1,,1166.0000,1082.0000,1088.0000,1133.0000,1228.0000,1621.0000,146.416,163.163,162.072,152.911,62.702,20.634,1491,1500,1406,1514,1277,1425,85,85,71,64,28,93,1,1,1,1,1,0,4.9908,4.9908,4.9908,4.9908,2.9084,7.0640,1217.4508,1126.8757,1136.1474,1191.9779,1265.6045,1581.8260,1,on,1,1.5000
1786346242.989692,1,1,,1153.0000,1077.0000,1073.0000,1107.0000,1221.0000,1599.0000,148.890,164.173,164.982,158.232,64.979,23.766,1457,1464,1375,1479,1272,1474,78,56,76,53,44,98,1,1,1,1,1,0,4.9908,4.9908,4.9908,4.9908,2.9084,7.0640,1204.5917,1118.1303,1123.8704,1172.4556,1259.4597,1581.8260,1,on,1,1.5000
1786346243.057775,1,1,,1144.0000,1073.0000,1063.0000,1092.0000,1229.0000,1533.0000,150.770,165.017,166.932,161.102,62.365,33.136,1426,1433,1340,1447,1266,1529,89,85,64,59,44,79,1,1,1,1,1,0,4.9908,4.9908,4.9908,4.9908,2.9084,7.0640,1193.4448,1118.1303,1112.7708,1154.7184,1259.4597,1581.8260,1,on,1,1.5000
1786346243.116915,1,1,,1150.0000,1077.0000,1064.0000,1100.0000,1231.0000,1583.0000,149.560,164.169,166.884,159.594,61.656,26.037,1396,1404,1316,1421,1262,1567,77,87,93,77,0,16,1,1,1,1,1,0,4.9908,4.9908,4.9908,4.9908,2.9084,7.0640,1193.4448,1106.9832,1105.2238,1145.0064,1253.5114,1581.8260,1,on,1,1.5000
1786346243.189844,1,1,,1146.0000,1078.0000,1065.0000,1095.0000,1227.0000,1606.0000,150.456,163.892,166.675,160.609,62.940,22.784,1368,1373,1281,1388,1260,1574,103,90,80,68,36,0,1,1,1,1,1,0,4.9908,4.9908,4.9908,4.9908,2.9084,7.0640,1181.1596,1106.9832,1105.2238,1136.6191,1253.5114,1581.8260,1,on,1,1.5000
1786346243.257760,1,1,,1149.0000,1072.0000,1067.0000,1101.0000,1230.0000,1613.0000,149.835,165.190,166.231,159.277,61.899,21.727,1333,1340,1249,1354,1257,1575,93,88,94,62,0,31,1,1,1,1,1,0,4.9908,4.9908,4.9908,4.9908,2.9084,7.0640,1181.1596,1106.9832,1095.4411,1136.6191,1249.0869,1581.8260,1,on,1,1.5000
1786346243.316916,1,1,,1157.0000,1079.0000,1067.0000,1109.0000,1231.0000,1573.0000,148.201,163.835,166.230,157.714,61.669,27.483,1308,1313,1219,1329,1255,1581,93,92,81,75,53,23,1,1,1,1,1,1,4.9908,4.9908,4.9908,4.9908,2.9084,7.0640,1181.1596,1098.3487,1095.4411,1136.6191,1249.0869,1581.8260,1,on,1,1.5000
1786346243.389778,1,1,,1153.0000,1074.0000,1065.0000,1102.0000,1224.0000,1553.0000,148.982,164.743,166.582,159.224,63.882,30.227,1274,1281,1186,1294,1250,1581,123,97,93,67,16,0,1,1,1,1,1,1,4.9908,4.9908,4.9908,4.9908,2.9084,7.0640,1173.4121,1098.3487,1095.4411,1126.6757,1249.0869,1581.8260,1,on,1,1.5000
1786346243.457755,1,1,,1153.0000,1079.0000,1069.0000,1105.0000,1231.0000,1564.0000,148.969,163.853,165.740,158.624,61.593,28.738,1239,1247,1150,1262,1250,1581,95,85,95,78,0,0,1,1,1,1,1,1,4.9908,4.9908,4.9908,4.9908,2.9084,7.0640,1173.4121,1098.3487,1087.8464,1126.6757,1244.6901,1581.8260,1,on,1,1.5000
1786346243.517032,1,1,,1153.0000,1080.0000,1078.0000,1105.0000,1228.0000,1629.0000,149.014,163.682,164.050,158.591,62.421,19.538,1211,1220,1119,1233,1250,1581,102,98,107,68,30,0,1,1,1,1,1,1,4.9908,4.9908,4.9908,4.9908,2.9084,7.0640,1173.4121,1098.3487,1087.8464,1126.6757,1244.6901,1581.8260,0,on,1,1.5000
1786346243.586681,1,1,,1152.0000,1077.0000,1065.0000,1104.0000,1234.0000,1580.0000,149.115,164.265,166.516,158.682,60.597,26.386,1186,1184,1098,1201,1248,1581,22,115,46,88,0,0,1,1,1,1,1,1,4.9908,4.9908,4.9908,4.9908,2.9084,7.0640,1173.4121,1098.3487,1087.8464,1126.6757,1244.6901,1581.8260,0,on,1,1.5000
1786346243.657761,1,1,,1155.0000,1084.0000,1072.0000,1102.0000,1228.0000,1567.0000,148.538,162.866,165.277,159.079,62.679,28.308,1183,1147,1094,1161,1246,1581,52,103,44,51,0,0,1,1,1,1,1,1,4.9908,4.9908,4.9908,4.9908,2.9084,7.0640,1173.4121,1098.3487,1087.8464,1126.6757,1244.6901,1581.8260,0,on,1,1.5000
1786346243.716945,1,1,,1156.0000,1076.0000,1073.0000,1108.0000,1228.0000,1627.0000,148.382,164.429,165.027,158.048,62.535,19.866,1181,1118,1092,1137,1246,1581,47,114,24,0,25,0,1,1,1,1,1,1,4.9908,4.9908,4.9908,4.9908,2.9084,7.0640,1173.4121,1098.3487,1087.8464,1126.6757,1244.6901,1581.8260,0,on,1,1.5000
1786346243.784547,1,1,,1157.0000,1082.0000,1069.0000,1113.0000,1232.0000,1574.0000,148.252,163.139,165.697,156.906,61.315,27.288,1177,1109,1092,1135,1245,1581,40,56,30,22,19,0,1,1,1,1,1,1,4.9908,4.9908,4.9908,4.9908,2.9084,7.0640,1173.4121,1090.7297,1087.8464,1119.1227,1244.6901,1581.8260,1,on,1,1.5000
1786346243.857838,1,1,,1163.0000,1077.0000,1071.0000,1110.0000,1232.0000,1568.0000,147.009,164.120,165.435,157.550,61.039,28.106,1175,1098,1089,1125,1244,1581,0,64,29,10,0,0,1,1,1,1,1,1,4.9908,4.9908,4.9908,4.9908,2.9084,7.0640,1173.4121,1090.7297,1087.8464,1119.1227,1244.6901,1581.8260,0,on,1,1.5000
1786346243.921777,1,1,,1168.0000,1085.0000,1070.0000,1104.0000,1219.0000,1605.0000,145.995,162.595,165.661,158.766,65.499,22.961,1175,1096,1088,1125,1244,1581,0,38,30,26,0,0,1,1,1,1,1,1,4.9908,4.9908,4.9908,4.9908,2.9084,7.0640,1173.4121,1090.7297,1087.8464,1119.1227,1238.9193,1581.8260,1,on,1,1.5000
1786346243.989790,1,1,,1180.0000,1091.0000,1080.0000,1118.0000,1226.0000,1600.0000,143.634,161.368,163.621,155.916,63.123,23.663,1175,1094,1088,1121,1244,1581,0,47,0,18,0,0,1,1,1,1,1,1,4.9908,4.9908,4.9908,4.9908,2.9084,7.0640,1173.4121,1090.7297,1087.8464,1119.1227,1238.9193,1581.8260,0,on,1,1.5000
1786346244.057762,1,1,,1172.0000,1086.0000,1073.0000,1108.0000,1223.0000,1568.0000,145.144,162.395,165.001,157.979,64.207,28.195,1175,1092,1088,1121,1243,1581,0,44,0,21,24,0,1,1,1,1,1,1,4.9908,4.9908,4.9908,4.9908,2.9084,7.0640,1173.4121,1090.7297,1087.8464,1119.1227,1238.9193,1581.8260,0,on,1,1.5000
1786346244.116893,1,1,,1171.0000,1088.0000,1084.0000,1123.0000,1233.0000,1596.0000,145.419,161.918,162.874,154.902,60.954,24.251,1175,1090,1088,1121,1242,1581,0,0,0,0,19,0,1,1,1,1,1,1,4.9908,4.9908,4.9908,4.9908,2.9084,7.0640,1173.4121,1090.7297,1087.8464,1119.1227,1238.9193,1581.8260,0,on,1,1.5000
1786346244.189856,1,1,,1171.0000,1084.0000,1079.0000,1112.0000,1232.0000,1627.0000,145.308,162.845,163.829,157.231,61.141,19.745,1175,1090,1088,1121,1241,1581,0,0,0,0,37,0,1,1,1,1,1,1,4.9908,4.9908,4.9908,4.9908,2.9084,7.0640,1173.4121,1090.7297,1087.8464,1119.1227,1238.9193,1581.8260,0,on,1,1.5000
1786346244.257740,1,1,,1189.0000,1095.0000,1093.0000,1134.0000,1238.0000,1643.0000,141.666,160.660,161.061,152.845,59.019,17.581,1175,1090,1088,1121,1239,1581,0,0,0,0,0,0,1,1,1,1,1,1,4.9908,4.9908,4.9908,4.9908,2.9084,7.0640,1173.4121,1090.7297,1087.8464,1119.1227,1238.9193,1597.5726,1,on,1,1.5000
1786346244.321780,1,1,,1206.0000,1101.0000,1093.0000,1133.0000,1241.0000,1580.0000,138.336,159.374,161.050,152.984,57.944,26.473,1175,1090,1088,1121,1239,1581,0,0,0,0,0,0,1,1,1,1,1,0,4.9908,4.9908,4.9908,4.9908,2.9084,7.0640,1173.4121,1090.7297,1087.8464,1119.1227,1238.9193,1597.5726,0,on,1,1.5000
1786346244.389681,1,1,,1241.0000,1125.0000,1123.0000,1161.0000,1252.0000,1518.0000,131.363,154.503,155.009,147.424,54.320,35.258,1175,1090,1088,1121,1239,1581,0,0,0,0,0,0,1,1,1,1,1,0,4.9908,4.9908,4.9908,4.9908,2.9084,7.0640,1183.5123,1090.7297,1087.8464,1119.1227,1238.9193,1585.5251,1,on,1,1.5000
1786346244.453068,1,1,,1224.0000,1162.0000,1129.0000,1178.0000,1267.0000,1574.0000,134.743,147.191,153.720,143.936,49.059,27.371,1175,1090,1088,1121,1239,1581,42,0,0,0,0,19,0,1,1,1,1,0,4.9908,4.9908,4.9908,4.9908,2.9084,7.0640,1183.5123,1103.7629,1087.8464,1131.0196,1238.9193,1585.5251,1,on,1,1.5000
1786346244.516969,1,1,,1390.0000,1323.0000,1336.0000,1466.0000,1322.0000,1537.0000,101.378,114.878,112.286,86.329,30.139,32.601,1182,1090,1088,1121,1239,1574,0,0,0,0,0,27,0,0,1,0,1,0,4.9908,4.9908,4.9908,4.9908,2.9084,7.0640,1252.7228,1177.5283,1177.0475,1271.6224,1254.0102,1585.5251,1,on,1,1.5000
1786346244.584943,1,1,,1714.0000,1575.0000,1552.0000,1619.0000,1320.0000,1550.0000,36.614,64.463,69.007,55.567,30.854,30.640,1184,1094,1088,1121,1239,1573,63,73,52,70,0,0,0,0,0,0,0,0,4.9908,4.9908,4.9908,4.9908,2.9084,7.0640,1494.0346,1375.1610,1360.4062,1443.0939,1265.9978,1585.5251,1,on,1,1.5000
1786346244.657855,1,1,,1688.0000,1678.0000,1685.0000,1750.0000,1334.0000,1571.0000,41.659,43.822,42.452,29.341,26.279,27.721,1220,1152,1130,1164,1242,1573,85,60,67,48,51,37,0,0,0,0,0,0,4.9908,4.9908,4.9908,4.9908,2.9084,7.0640,1580.5829,1524.9320,1523.4371,1595.0832,1278.7006,1585.5251,1,on,1,1.5000
1786346244.716952,1,1,,1712.0000,1708.0000,1722.0000,1757.0000,1320.0000,1543.0000,36.879,37.742,35.035,27.905,31.064,31.728,1255,1187,1166,1199,1251,1578,56,56,57,51,43,21,0,0,0,0,0,0,4.9908,4.9908,4.9908,4.9908,2.9084,7.0640,1627.1119,1600.7754,1608.3704,1659.9609,1284.7435,1572.3377,1,on,1,1.5000
1786346244.784928,1,1,,1739.0000,1717.0000,1721.0000,1753.0000,1319.0000,1546.0000,31.529,35.959,35.200,28.695,31.159,31.320,1287,1218,1200,1230,1258,1581,77,62,56,41,37,12,0,0,0,0,0,1,4.9908,4.9908,4.9908,4.9908,2.9084,7.0640,1662.4940,1641.4240,1648.2258,1689.9707,1289.2653,1572.3377,1,on,1,1.5000
1786346244.858038,1,1,,1736.0000,1711.0000,1722.0000,1751.0000,1315.0000,1514.0000,32.176,37.206,34.925,29.064,32.747,35.748,1322,1256,1241,1269,1266,1577,80,58,56,41,36,29,0,0,0,0,0,1,4.9908,4.9908,4.9908,4.9908,2.9084,7.0640,1680.7718,1659.5231,1667.8941,1704.4707,1289.2653,1572.3377,1,on,1,1.5000
1786346244.917043,1,1,,1751.0000,1695.0000,1718.0000,1730.0000,1315.0000,1502.0000,29.136,40.283,35.848,33.346,32.529,37.497,1352,1285,1269,1299,1271,1572,66,60,57,39,29,0,0,0,0,0,0,1,4.9908,4.9908,4.9908,4.9908,2.9084,7.0640,1695.3519,1659.5231,1677.4604,1704.4707,1294.0760,1552.8100,1,on,1,1.5000
1786346244.985020,1,1,,1742.0000,1690.0000,1713.0000,1731.0000,1311.0000,1510.0000,30.910,41.293,36.835,33.060,34.042,36.424,1384,1317,1301,1332,1278,1572,68,66,60,53,29,0,0,0,0,0,0,1,4.9908,4.9908,4.9908,4.9908,2.9084,7.0640,1703.5936,1668.6710,1677.4604,1704.4707,1294.0760,1552.8100,1,on,1,1.5000
1786346245.053045,1,1,,1759.0000,1695.0000,1717.0000,1718.0000,1317.0000,1483.0000,27.599,40.363,36.044,35.690,32.097,40.164,1411,1345,1327,1358,1282,1572,59,63,59,63,32,0,0,0,0,0,0,1,4.9908,4.9908,4.9908,4.9908,2.9084,7.0640,1712.9142,1668.6710,1687.3247,1704.4707,1294.0760,1535.7885,1,on,1,1.5000
1786346245.121880,1,1,,1756.0000,1699.0000,1711.0000,1723.0000,1309.0000,1492.0000,28.097,39.558,37.077,34.813,34.792,38.921,1443,1377,1362,1390,1289,1561,61,61,53,38,13,33,0,0,0,0,0,1,4.9908,4.9908,4.9908,4.9908,2.9084,7.0640,1712.9142,1668.6710,1687.3247,1712.0297,1294.0760,1535.7885,1,on,1,1.5000
1786346245.190059,1,1,,1750.0000,1701.0000,1716.0000,1714.0000,1314.0000,1471.0000,29.338,39.084,36.213,36.468,33.128,41.883,1475,1408,1393,1423,1292,1547,70,62,65,43,15,34,0,0,0,0,0,1,4.9908,4.9908,4.9908,4.9908,2.9084,7.0640,1723.0167,1676.8504,1687.3247,1712.0297,1298.9989,1519.8439,1,on,1,1.5000
1786346245.258088,1,1,,1750.0000,1704.0000,1703.0000,1717.0000,1315.0000,1458.0000,29.262,38.580,38.719,35.982,32.716,43.652,1509,1442,1425,1456,1293,1539,62,60,66,38,0,19,0,0,0,0,0,1,4.9908,4.9908,4.9908,4.9908,2.9084,7.0640,1723.0167,1676.8504,1687.3247,1712.0297,1298.9989,1519.8439,0,on,1,1.5000
1786346245.322074,1,1,,1766.0000,1694.0000,1709.0000,1704.0000,1318.0000,1459.0000,26.200,40.653,37.469,38.527,31.687,43.598,1536,1470,1453,1484,1293,1536,72,76,64,40,0,0,0,0,0,0,0,1,4.9908,4.9908,4.9908,4.9908,2.9084,7.0640,1730.6035,1676.8504,1687.3247,1712.0297,1298.9989,1501.3486,1,on,1,1.5000
1786346245.385035,1,1,,1764.0000,1692.0000,1699.0000,1708.0000,1313.0000,1459.0000,26.625,40.936,39.629,37.721,33.483,43.553,1571,1502,1487,1514,1293,1524,72,60,56,60,14,22,0,0,0,0,0,1,4.9908,4.9908,4.9908,4.9908,2.9084,7.0640,1730.6035,1676.8504,1687.3247,1712.0297,1298.9989,1501.3486,0,on,1,1.5000
1786346245.453021,1,1,,1760.0000,1698.0000,1709.0000,1713.0000,1320.0000,1454.0000,27.382,39.725,37.604,36.731,30.947,44.266,1607,1536,1518,1550,1295,1517,77,67,65,59,22,44,0,0,0,0,0,1,4.9908,4.9908,4.9908,4.9908,2.9084,7.0640,1730.6035,1676.8504,1695.1786,1712.0297,1298.9989,1489.6867,1,on,1,1.5000
1786346245.517062,1,1,,1753.0000,1698.0000,1704.0000,1716.0000,1322.0000,1478.0000,28.651,39.670,38.580,36.231,30.097,40.827,1640,1566,1548,1578,1298,1503,71,68,59,49,13,54,0,0,0,0,1,1,4.9908,4.9908,4.9908,4.9908,2.9084,7.0640,1738.2510,1676.8504,1695.1786,1712.0297,1304.5287,1489.6867,1,on,1,1.5000
1786346245.584960,1,1,,1747.0000,1705.0000,1700.0000,1713.0000,1318.0000,1512.0000,29.841,38.371,39.435,36.799,31.546,36.108,1677,1601,1585,1614,1298,1495,71,69,46,50,0,14,0,0,0,0,0,1,4.9908,4.9908,4.9908,4.9908,2.9084,7.0640,1738.2510,1685.0110,1695.1786,1712.0297,1304.5287,1489.6867,1,on,1,1.5000
1786346245.652697,1,1,,1743.0000,1693.0000,1710.0000,1723.0000,1327.0000,1505.0000,30.736,40.837,37.271,34.779,28.672,37.112,1711,1639,1621,1652,1299,1494,93,61,54,54,12,0,0,0,0,0,0,1,4.9908,4.9908,4.9908,4.9908,2.9084,7.0640,1738.2510,1685.0110,1695.1786,1712.0297,1304.5287,1489.6867,0,on,1,1.5000
1786346245.716987,1,1,,1740.0000,1688.0000,1703.0000,1714.0000,1322.0000,1504.0000,31.336,41.696,38.659,36.564,30.302,37.224,1728,1670,1651,1686,1300,1494,39,60,63,35,0,19,0,0,0,0,0,1,4.9908,4.9908,4.9908,4.9908,2.9084,7.0640,1738.2510,1685.0110,1695.1786,1712.0297,1304.5287,1489.6867,0,on,1,1.5000
1786346245.784964,1,1,,1748.0000,1662.0000,1683.0000,1703.0000,1314.0000,1511.0000,29.680,46.916,42.742,38.789,32.843,36.159,1734,1680,1684,1703,1303,1491,0,20,19,23,0,13,0,0,0,0,0,1,4.9908,4.9908,4.9908,4.9908,2.9084,7.0640,1738.2510,1685.0110,1695.1786,1712.0297,1304.5287,1489.6867,0,on,1,1.5000
1786346245.852935,1,1,,1743.0000,1672.0000,1690.0000,1712.0000,1318.0000,1504.0000,30.674,44.886,41.381,36.968,31.545,37.176,1734,1684,1692,1708,1303,1491,0,0,13,0,0,0,0,0,0,0,0,1,4.9908,4.9908,4.9908,4.9908,2.9084,7.0640,1738.2510,1685.0110,1695.1786,1712.0297,1304.5287,1489.6867,0,on,1,1.5000
1786346245.917030,1,1,,1748.0000,1676.0000,1697.0000,1711.0000,1321.0000,1496.0000,29.820,44.111,40.031,37.058,30.663,38.343,1736,1684,1694,1708,1303,1491,24,0,0,0,0,19,0,0,0,0,0,1,4.9908,4.9908,4.9908,4.9908,2.9084,7.0640,1738.2510,1685.0110,1695.1786,1712.0297,1309.4328,1489.6867,1,on,1,1.5000
1786346245.985001,1,1,,1743.0000,1678.0000,1704.0000,1714.0000,1312.0000,1492.0000,30.664,43.670,38.579,36.494,33.528,38.844,1738,1684,1694,1713,1303,1491,32,0,0,0,0,0,0,0,0,1,0,1,4.9908,4.9908,4.9908,4.9908,2.9084,7.0640,1738.2510,1685.0110,1695.1786,1712.0297,1309.4328,1489.6867,0,on,1,1.5000
1786346246.053001,1,1,,1749.0000,1678.0000,1701.0000,1701.0000,1319.0000,1494.0000,29.637,43.771,39.073,39.076,31.446,38.686,1739,1684,1696,1713,1303,1491,27,0,0,0,0,0,0,0,1,1,0,1,4.9908,4.9908,4.9908,4.9908,2.9084,7.0640,1738.2510,1685.0110,1695.1786,1712.0297,1309.4328,1489.6867,0,on,1,1.5000
1786346246.117017,1,1,,1658.0000,1509.0000,1551.0000,1558.0000,1323.0000,1529.0000,47.720,77.565,69.259,67.785,30.063,33.645,1739,1684,1696,1713,1304,1491,34,0,0,0,11,0,0,0,1,1,0,1,4.9908,4.9908,4.9908,4.9908,2.9084,7.0640,1728.3033,1636.4710,1663.2201,1673.9859,1309.4328,1489.6867,1,on,1,1.5000
1786346246.184795,1,1,,1360.0000,1318.0000,1325.0000,1424.0000,1279.0000,1449.0000,107.512,115.912,114.448,94.736,45.102,44.955,1739,1684,1696,1713,1305,1491,0,29,38,51,20,0,1,1,1,1,0,1,4.9908,4.9908,4.9908,4.9908,2.9084,7.0640,1564.4896,1497.1096,1513.8507,1577.4273,1309.4328,1489.6867,1,on,1,1.5000
1786346246.253034,1,1,,1187.0000,1096.0000,1118.0000,1167.0000,1257.0000,1529.0000,142.170,160.459,156.061,146.127,52.654,33.664,1732,1652,1673,1680,1308,1490,102,104,84,74,0,0,1,1,1,1,0,1,4.9908,4.9908,4.9908,4.9908,2.9084,7.0640,1370.7725,1287.7575,1307.7396,1366.8112,1302.2431,1489.6867,1,on,1,1.5000
1786346246.317089,1,1,,1126.0000,1059.0000,1071.0000,1088.0000,1237.0000,1462.0000,154.396,167.752,165.287,161.983,59.414,43.085,1696,1609,1637,1643,1308,1491,92,79,97,48,0,0,1,1,1,1,1,1,4.9908,4.9908,4.9908,4.9908,2.9084,7.0640,1256.2854,1181.8753,1197.2518,1231.3705,1291.7831,1489.6867,1,on,1,1.5000
1786346246.385036,1,1,,1107.0000,1045.0000,1052.0000,1093.0000,1234.0000,1474.0000,158.106,170.544,169.197,161.028,60.587,41.432,1643,1569,1595,1600,1308,1490,91,79,98,49,37,0,1,1,1,1,1,1,4.9908,4.9908,4.9908,4.9908,2.9084,7.0640,1197.6917,1129.7447,1140.7428,1176.8487,1282.1452,1489.6867,1,on,1,1.5000
1786346246.453037,1,1,,1105.0000,1050.0000,1070.0000,1113.0000,1217.0000,1557.0000,158.484,169.649,165.601,157.016,66.271,29.699,1600,1532,1555,1562,1302,1491,86,79,77,52,11,0,1,1,1,1,0,1,4.9908,4.9908,4.9908,4.9908,2.9084,7.0640,1169.4763,1106.9360,1120.8542,1159.1787,1270.5772,1489.6867,1,on,1,1.5000
1786346246.517035,1,1,,1159.0000,1080.0000,1100.0000,1149.0000,1229.0000,1672.0000,147.684,163.562,159.503,149.838,62.082,13.494,1571,1503,1526,1533,1302,1490,75,80,74,58,55,0,1,1,1,1,0,1,4.9908,4.9908,4.9908,4.9908,2.9084,7.0640,1169.4763,1106.9360,1120.8542,1159.1787,1264.4390,1547.9833,1,on,1,1.5000
1786346246.585049,1,1,,1232.0000,1148.0000,1135.0000,1183.0000,1242.0000,1614.0000,133.142,149.915,152.499,142.989,57.694,21.619,1535,1472,1493,1499,1311,1491,77,91,90,63,15,46,1,1,1,1,1,0,4.9908,4.9908,4.9908,4.9908,2.9084,7.0640,1169.4763,1106.9360,1120.8542,1159.1787,1264.4390,1563.0498,1,on,1,1.5000
1786346246.658075,1,1,,1214.0000,1135.0000,1136.0000,1185.0000,1227.0000,1622.0000,136.713,152.463,152.433,142.566,62.829,20.467,1502,1435,1457,1465,1312,1535,85,87,79,64,63,63,1,1,1,1,1,0,4.9908,4.9908,4.9908,4.9908,2.9084,7.0640,1177.0308,1106.9360,1120.8542,1159.1787,1257.9907,1574.4480,1,on,1,1.5000
1786346246.722004,1,1,,1150.0000,1067.0000,1093.0000,1132.0000,1207.0000,1611.0000,149.508,166.095,161.009,153.127,69.879,22.115,1469,1403,1425,1431,1303,1555,82,81,72,53,68,77,1,1,1,1,1,0,4.9908,4.9908,4.9908,4.9908,2.9084,7.0640,1177.0308,1106.9360,1120.8542,1159.1787,1251.0057,1574.4480,1,on,1,1.5000
1786346246.785026,1,1,,1059.0000,1034.0000,1049.0000,1089.0000,1178.0000,1466.0000,167.797,175.171,169.814,161.792,79.869,42.591,1441,1376,1397,1403,1294,1567,77,78,77,59,47,43,1,1,1,1,1,0,4.9908,4.9908,4.9908,4.9908,2.9084,7.0640,1152.6583,1093.3643,1107.6633,1148.6254,1238.1718,1562.3794,1,on,1,1.5000
1786346246.853010,1,1,,1097.0000,1040.0000,1051.0000,1073.0000,1198.0000,1496.0000,160.125,171.582,169.335,164.943,72.876,38.347,1408,1344,1365,1374,1286,1574,86,83,80,90,36,27,1,1,1,1,1,1,4.9908,4.9908,4.9908,4.9908,2.9084,7.0640,1142.5924,1085.0000,1098.6108,1134.6207,1232.1689,1550.6643,1,on,1,1.5000
1786346246.917024,1,1,,1100.0000,1044.0000,1044.0000,1069.0000,1193.0000,1456.0000,159.640,170.717,170.707,165.733,74.636,43.996,1383,1315,1336,1345,1281,1559,97,85,92,64,41,50,1,1,1,1,1,1,4.9908,4.9908,4.9908,4.9908,2.9084,7.0640,1142.5924,1085.0000,1089.9342,1122.6104,1226.9535,1530.2187,1,on,1,1.5000
1786346246.985046,1,1,,1118.0000,1042.0000,1051.0000,1061.0000,1190.0000,1490.0000,155.930,171.272,169.402,167.394,75.486,39.125,1350,1283,1306,1313,1278,1550,101,93,96,64,0,0,1,1,1,1,0,1,4.9908,4.9908,4.9908,4.9908,2.9084,7.0640,1134.2790,1074.4917,1089.9342,1111.4768,1222.2758,1530.2187,1,on,1,1.5000
1786346247.053018,1,1,,1135.0000,1048.0000,1068.0000,1082.0000,1196.0000,1507.0000,152.587,170.032,166.021,163.268,73.626,36.827,1317,1249,1272,1279,1282,1550,102,83,85,72,51,0,1,1,1,1,0,1,4.9908,4.9908,4.9908,4.9908,2.9084,7.0640,1134.2790,1074.4917,1089.9342,1111.4768,1222.2758,1530.2187,0,on,1,1.5000
1786346247.117020,1,1,,1123.0000,1044.0000,1067.0000,1081.0000,1194.0000,1512.0000,155.057,170.823,166.242,163.387,74.125,36.123,1290,1222,1244,1251,1290,1550,105,98,82,73,40,0,1,1,1,1,0,1,4.9908,4.9908,4.9908,4.9908,2.9084,7.0640,1134.2790,1074.4917,1081.6905,1111.4768,1217.0407,1530.2187,1,on,1,1.5000
1786346247.184945,1,1,,1131.0000,1053.0000,1066.0000,1085.0000,1205.0000,1503.0000,153.344,169.012,166.326,162.543,70.454,37.388,1255,1187,1212,1218,1298,1549,106,96,113,82,30,15,1,1,1,1,0,1,4.9908,4.9908,4.9908,4.9908,2.9084,7.0640,1134.2790,1074.4917,1081.6905,1102.9214,1217.0407,1530.2187,1,on,1,1.5000
1786346247.253050,1,1,,1124.0000,1050.0000,1056.0000,1082.0000,1208.0000,1469.0000,154.670,169.673,168.478,163.157,69.616,42.164,1223,1150,1175,1183,1304,1546,103,100,88,84,30,48,1,1,1,1,0,1,4.9908,4.9908,4.9908,4.9908,2.9084,7.0640,1134.2790,1066.3023,1081.6905,1102.9214,1217.0407,1513.4779,1,on,1,1.5000
1786346247.316931,1,1,,1124.0000,1037.0000,1051.0000,1070.0000,1200.0000,1496.0000,154.833,172.153,169.479,165.563,72.328,38.361,1194,1122,1146,1153,1310,1536,113,125,101,83,24,28,1,1,1,1,0,1,4.9908,4.9908,4.9908,4.9908,2.9084,7.0640,1134.2790,1066.3023,1081.6905,1102.9214,1217.0407,1513.4779,0,on,1,1.5000
1786346247.384514,1,1,,1108.0000,1034.0000,1041.0000,1060.0000,1198.0000,1505.0000,157.906,174.479,171.399,167.655,72.900,37.033,1158,1084,1108,1115,1316,1529,125,123,106,81,33,56,1,1,1,1,0,1,4.9908,4.9908,4.9908,4.9908,2.9084,7.0640,1134.2790,1066.3023,1072.3163,1093.8094,1217.0407,1513.4779,1,on,1,1.5000
1786346247.452926,1,1,,1103.0000,1034.0000,1034.0000,1047.0000,1191.0000,1517.0000,158.906,176.324,174.637,170.234,75.173,35.319,1146,1076,1093,1105,1322,1518,55,0,34,62,30,15,1,1,1,1,0,1,4.9908,4.9908,4.9908,4.9908,2.9084,7.0640,1134.2790,1058.1636,1072.3163,1093.8094,1211.9068,1513.4779,1,on,1,1.5000
1786346247.516958,1,1,,1084.0000,1034.0000,1034.0000,1034.0000,1192.0000,1532.0000,162.706,175.746,174.659,172.795,75.083,33.266,1145,1070,1088,1095,1328,1517,65,85,31,15,33,0,1,1,1,1,0,1,4.9908,4.9908,4.9908,4.9908,2.9084,7.0640,1123.1698,1058.1636,1063.9891,1079.6767,1211.9068,1513.4779,1,on,1,1.5000
1786346247.584955,1,1,,1107.0000,1034.0000,1034.0000,1040.0000,1197.0000,1565.0000,158.136,174.158,173.825,171.616,73.261,28.576,1140,1062,1084,1094,1335,1517,45,57,68,54,28,0,1,1,1,1,0,1,4.9908,4.9908,4.9908,4.9908,2.9084,7.0640,1123.1698,1058.1636,1063.9891,1079.6767,1211.9068,1513.4779,0,on,1,1.5000
1786346247.653084,1,1,,1091.0000,1034.0000,1038.0000,1042.0000,1209.0000,1513.0000,161.471,173.624,172.095,171.103,69.034,35.959,1137,1058,1075,1091,1341,1517,0,53,56,36,30,0,1,1,1,1,0,1,4.9908,4.9908,4.9908,4.9908,2.9084,7.0640,1123.1698,1058.1636,1063.9891,1070.4155,1211.9068,1513.4779,1,on,1,1.5000
1786346247.717031,1,1,,1112.0000,1035.0000,1040.0000,1049.0000,1193.0000,1590.0000,157.176,172.501,171.624,169.705,74.444,25.030,1136,1057,1072,1088,1342,1517,49,0,58,47,27,0,1,1,1,1,0,1,4.9908,4.9908,4.9908,4.9908,2.9084,7.0640,1123.1698,1058.1636,1063.9891,1070.4155,1211.9068,1529.1053,1,on,1,1.5000
1786346247.785036,1,1,,1179.0000,1099.0000,1128.0000,1138.0000,1209.0000,1669.0000,143.806,159.824,153.880,152.023,69.039,13.793,1132,1057,1067,1082,1344,1517,75,0,10,12,0,22,1,1,1,1,1,0,4.9908,4.9908,4.9908,4.9908,2.9084,7.0640,1123.1698,1058.1636,1063.9891,1070.4155,1211.9068,1565.6131,1,on,1,1.5000
1786346247.853020,1,1,,1408.0000,1396.0000,1343.0000,1446.0000,1279.0000,1557.0000,97.860,100.348,110.911,90.160,44.900,29.681,1129,1057,1066,1080,1341,1537,49,0,37,39,79,83,1,1,1,1,1,0,4.9908,4.9908,4.9908,4.9908,2.9084,7.0640,1232.5517,1197.3273,1170.3312,1238.7457,1217.9397,1565.6131,1,on,1,1.5000
1786346247.916998,1,1,,1688.0000,1658.0000,1625.0000,1662.0000,1354.0000,1567.0000,41.661,47.868,54.481,47.064,19.321,28.280,1129,1058,1066,1075,1332,1552,21,71,31,14,63,44,0,0,0,0,1,0,4.9908,4.9908,4.9908,4.9908,2.9084,7.0640,1473.4371,1445.7660,1410.4062,1462.7195,1251.9242,1565.6131,1,on,1,1.5000
1786346247.985061,1,1,,1674.0000,1726.0000,1729.0000,1718.0000,1337.0000,1539.0000,44.556,34.091,33.588,35.725,24.978,32.249,1159,1102,1100,1110,1323,1560,74,63,77,56,50,0,0,0,0,0,1,0,4.9908,4.9908,4.9908,4.9908,2.9084,7.0640,1565.0957,1587.0217,1575.1980,1587.0444,1272.0002,1565.6131,1,on,1,1.5000
1786346248.053008,1,1,,1695.0000,1722.0000,1716.0000,1754.0000,1302.0000,1579.0000,40.383,34.887,36.222,28.525,37.236,26.589,1208,1148,1150,1156,1316,1560,75,65,64,60,39,19,0,0,0,0,1,0,4.9908,4.9908,4.9908,4.9908,2.9084,7.0640,1612.9950,1640.6765,1632.7786,1655.6311,1276.7456,1565.6131,1,on,1,1.5000
1786346248.117043,1,1,,1672.0000,1694.0000,1684.0000,1732.0000,1305.0000,1526.0000,44.946,40.459,42.518,32.903,36.010,34.084,1243,1180,1184,1189,1311,1560,65,60,61,43,46,28,0,0,0,0,1,0,4.9908,4.9908,4.9908,4.9908,2.9084,7.0640,1628.0948,1654.8217,1646.5826,1678.2051,1276.7456,1565.6131,1,on,1,1.5000
1786346248.184824,1,1,,1679.0000,1663.0000,1670.0000,1710.0000,1297.0000,1529.0000,43.476,46.846,45.452,37.416,38.800,33.621,1277,1217,1220,1225,1305,1566,64,50,57,48,45,0,0,0,0,0,1,1,4.9908,4.9908,4.9908,4.9908,2.9084,7.0640,1638.1462,1654.8217,1646.5826,1678.2051,1281.6694,1565.6131,1,on,1,1.5000
1786346248.253031,1,1,,1693.0000,1684.0000,1688.0000,1718.0000,1297.0000,1565.0000,40.824,42.527,41.746,35.721,38.736,28.511,1310,1249,1256,1260,1298,1566,65,57,48,42,37,0,0,0,0,0,1,1,4.9908,4.9908,4.9908,4.9908,2.9084,7.0640,1647.7779,1654.8217,1655.7504,1689.1719,1281.6694,1565.6131,1,on,1,1.5000
1786346248.317054,1,1,,1718.0000,1673.0000,1687.0000,1703.0000,1295.0000,1586.0000,35.844,44.732,41.861,38.803,39.562,25.565,1337,1279,1283,1288,1293,1566,66,56,58,44,35,0,0,0,0,0,1,1,4.9908,4.9908,4.9908,4.9908,2.9084,7.0640,1660.7994,1654.8217,1655.7504,1689.1719,1281.6694,1565.6131,1,on,1,1.5000
1786346248.385104,1,1,,1745.0000,1645.0000,1678.0000,1693.0000,1289.0000,1530.0000,30.261,50.324,43.787,40.707,41.573,33.568,1369,1310,1315,1320,1286,1566,78,63,52,51,34,0,0,0,0,0,1,1,4.9908,4.9908,4.9908,4.9908,2.9084,7.0640,1678.5031,1654.8217,1655.7504,1689.1719,1281.6694,1565.6131,1,on,1,1.5000
1786346248.453036,1,1,,1735.0000,1657.0000,1689.0000,1711.0000,1293.0000,1598.0000,32.425,47.964,41.659,37.207,40.175,23.880,1401,1344,1350,1351,1284,1566,64,56,50,46,24,0,0,0,0,0,1,1,4.9908,4.9908,4.9908,4.9908,2.9084,7.0640,1688.8350,1654.8217,1663.7913,1689.1719,1281.6694,1565.6131,1,on,1,1.5000
1786346248.517037,1,1,,1721.0000,1680.0000,1706.0000,1723.0000,1306.0000,1592.0000,35.170,43.419,38.175,34.698,35.817,24.803,1427,1370,1377,1379,1282,1566,63,74,55,43,20,0,0,0,0,0,1,1,4.9908,4.9908,4.9908,4.9908,2.9084,7.0640,1688.8350,1654.8217,1663.7913,1689.1719,1281.6694,1565.6131,0,on,1,1.5000
1786346248.585052,1,1,,1695.0000,1710.0000,1729.0000,1715.0000,1305.0000,1596.0000,40.273,37.305,33.563,36.278,36.032,24.121,1461,1402,1407,1412,1281,1566,67,65,56,47,0,0,0,0,0,0,1,1,4.9908,4.9908,4.9908,4.9908,2.9084,7.0640,1688.8350,1666.6557,1678.0674,1689.1719,1287.1377,1565.6131,1,on,1,1.5000
1786346248.653015,1,1,,1688.0000,1720.0000,1722.0000,1701.0000,1316.0000,1587.0000,41.736,35.375,34.896,39.235,32.415,25.426,1495,1437,1440,1444,1281,1566,62,49,63,49,0,0,0,0,0,0,0,1,4.9908,4.9908,4.9908,4.9908,2.9084,7.0640,1688.8350,1674.2777,1678.0674,1696.7523,1287.1377,1565.6131,1,on,1,1.5000
1786346248.717003,1,1,,1726.0000,1717.0000,1716.0000,1719.0000,1319.0000,1541.0000,34.212,35.932,36.169,35.559,31.454,31.976,1523,1460,1468,1471,1281,1566,58,62,58,35,0,0,0,0,0,0,0,1,4.9908,4.9908,4.9908,4.9908,2.9084,7.0640,1688.8350,1674.2777,1688.1653,1696.7523,1292.5456,1565.6131,1,on,1,1.5000
1786346248.790052,1,1,,1723.0000,1716.0000,1719.0000,1728.0000,1322.0000,1551.0000,34.718,36.189,35.634,33.811,30.269,30.506,1563,1502,1505,1512,1282,1566,71,65,66,40,43,0,0,0,0,0,0,1,4.9908,4.9908,4.9908,4.9908,2.9084,7.0640,1698.3068,1684.6083,1688.1653,1696.7523,1292.5456,1565.6131,1,on,1,1.5000
1786346248.853160,1,1,,1736.0000,1697.0000,1713.0000,1742.0000,1305.0000,1547.0000,32.053,39.950,36.806,31.026,35.953,31.079,1592,1529,1536,1538,1288,1566,61,65,52,49,0,0,0,0,0,0,0,1,4.9908,4.9908,4.9908,4.9908,2.9084,7.0640,1698.3068,1684.6083,1688.1653,1705.7019,1292.5456,1565.6131,1,on,1,1.5000
1786346248.916808,1,1,,1739.0000,1714.0000,1727.0000,1733.0000,1314.0000,1536.0000,31.582,36.450,33.909,32.721,33.035,32.616,1622,1558,1564,1567,1289,1566,65,61,55,39,18,0,0,0,0,0,0,1,4.9908,4.9908,4.9908,4.9908,2.9084,7.0640,1706.6204,1684.6083,1697.0311,1705.7019,1297.3833,1565.6131,1,on,1,1.5000
1786346248.985065,1,1,,1739.0000,1709.0000,1719.0000,1731.0000,1315.0000,1544.0000,31.447,37.530,35.466,33.087,32.622,31.579,1661,1594,1598,1608,1292,1566,67,70,60,52,0,0,0,0,0,0,0,1,4.9908,4.9908,4.9908,4.9908,2.9084,7.0640,1706.6204,1684.6083,1697.0311,1705.7019,1297.3833,1565.6131,0,on,1,1.5000
1786346249.052763,1,1,,1736.0000,1710.0000,1714.0000,1726.0000,1313.0000,1536.0000,32.095,37.401,36.505,34.097,33.177,32.668,1695,1632,1637,1644,1294,1566,16,60,58,35,18,0,0,0,0,0,0,1,4.9908,4.9908,4.9908,4.9908,2.9084,7.0640,1706.6204,1684.6083,1697.0311,1705.7019,1297.3833,1565.6131,0,on,1,1.5000
1786346249.117045,1,1,,1723.0000,1701.0000,1713.0000,1735.0000,1324.0000,1561.0000,34.653,39.247,36.785,32.264,29.729,29.113,1703,1669,1676,1679,1297,1566,18,72,65,45,0,0,0,0,0,0,1,1,4.9908,4.9908,4.9908,4.9908,2.9084,7.0640,1706.6204,1692.1786,1697.0311,1713.6304,1297.3833,1565.6131,1,on,1,1.5000
1786346249.184983,1,1,,1740.0000,1679.0000,1692.0000,1710.0000,1324.0000,1558.0000,31.313,43.561,40.985,37.449,29.546,29.545,1704,1679,1690,1697,1297,1566,0,36,14,16,0,0,0,0,0,0,1,1,4.9908,4.9908,4.9908,4.9908,2.9084,7.0640,1715.8007,1692.1786,1697.0311,1713.6304,1303.3678,1565.6131,1,on,1,1.5000
1786346249.253027,1,1,,1743.0000,1664.0000,1676.0000,1677.0000,1322.0000,1526.0000,30.641,46.605,44.233,43.900,30.128,34.085,1706,1687,1696,1699,1297,1566,42,19,11,0,0,0,0,0,0,0,0,1,4.9908,4.9908,4.9908,4.9908,2.9084,7.0640,1715.8007,1692.1786,1697.0311,1713.6304,1303.3678,1565.6131,0,on,1,1.5000
1786346249.317057,1,1,,1769.0000,1624.0000,1646.0000,1664.0000,1323.0000,1515.0000,25.502,54.561,50.184,46.641,29.875,35.587,1716,1691,1698,1702,1298,1566,0,0,0,0,14,0,1,0,1,0,0,1,4.9908,4.9908,4.9908,4.9908,2.9084,7.0640,1724.8500,1680.2551,1697.0311,1705.1054,1303.3678,1551.7632,1,on,1,1.5000
1786346249.385053,1,1,,1754.0000,1652.0000,1669.0000,1695.0000,1331.0000,1520.0000,28.518,49.034,45.470,40.345,27.101,35.012,1716,1691,1698,1704,1299,1566,21,33,0,0,23,37,0,1,1,0,0,1,4.9908,4.9908,4.9908,4.9908,2.9084,7.0640,1724.8500,1680.2551,1697.0311,1705.1054,1308.2281,1551.7632,1,on,1,1.5000
1786346249.453092,1,1,,1744.0000,1653.0000,1682.0000,1708.0000,1329.0000,1546.0000,30.573,48.861,42.997,37.655,27.846,31.230,1723,1684,1698,1704,1303,1557,17,16,0,0,14,39,0,1,1,0,0,1,4.9908,4.9908,4.9908,4.9908,2.9084,7.0640,1724.8500,1680.2551,1697.0311,1705.1054,1308.2281,1551.7632,0,on,1,1.5000
1786346249.517084,1,1,,1748.0000,1645.0000,1679.0000,1695.0000,1335.0000,1539.0000,29.816,50.355,43.474,40.283,25.725,32.305,1726,1683,1698,1704,1305,1551,0,0,0,0,15,0,1,1,1,0,0,1,4.9908,4.9908,4.9908,4.9908,2.9084,7.0640,1724.8500,1671.6036,1689.0412,1705.1054,1308.2281,1551.7632,1,on,1,1.5000
1786346249.585039,1,1,,1760.0000,1654.0000,1682.0000,1690.0000,1331.0000,1528.0000,27.321,48.599,42.959,41.392,27.066,33.831,1726,1682,1698,1704,1307,1551,0,43,0,0,13,0,1,1,1,0,0,1,4.9908,4.9908,4.9908,4.9908,2.9084,7.0640,1733.5871,1671.6036,1689.0412,1705.1054,1313.5721,1551.7632,1,on,1,1.5000
1786346249.653036,1,1,,1705.0000,1548.0000,1562.0000,1606.0000,1303.0000,1515.0000,38.439,69.896,66.974,58.230,36.660,35.639,1726,1672,1698,1704,1309,1551,29,0,20,0,0,0,0,1,1,0,0,1,4.9908,4.9908,4.9908,4.9908,2.9084,7.0640,1733.5871,1642.9573,1660.9858,1685.3881,1313.5721,1551.7632,1,on,1,1.5000
1786346249.717047,1,1,,1392.0000,1278.0000,1258.0000,1265.0000,1325.0000,1516.0000,101.139,124.004,127.935,126.525,29.339,35.519,1733,1667,1686,1704,1311,1551,18,45,52,21,16,0,0,1,1,1,0,1,4.9908,4.9908,4.9908,4.9908,2.9084,7.0640,1593.5058,1477.8789,1470.4068,1485.0282,1313.5721,1540.8709,1,on,1,1.5000
1786346249.784797,1,1,,1268.0000,1184.0000,1127.0000,1148.0000,1309.0000,1559.0000,125.827,142.796,154.252,149.910,34.724,29.437,1734,1653,1668,1695,1313,1551,40,84,67,59,0,27,1,1,1,1,1,1,4.9908,4.9908,4.9908,4.9908,2.9084,7.0640,1437.7034,1337.9260,1295.8362,1314.2983,1313.5721,1540.8709,1,on,1,1.5000
1786346249.853070,1,1,,1220.0000,1136.0000,1107.0000,1144.0000,1304.0000,1487.0000,135.567,152.438,158.146,150.728,36.594,39.634,1708,1616,1633,1656,1313,1544,142,89,90,57,0,14,1,1,1,1,1,1,4.9908,4.9908,4.9908,4.9908,2.9084,7.0640,1341.9669,1251.3414,1213.5702,1242.2760,1313.5721,1540.8709,1,on,1,1.5000
1786346249.917061,1,1,,1210.0000,1102.0000,1097.0000,1125.0000,1281.0000,1506.0000,137.481,159.254,160.098,154.554,44.369,36.971,1650,1575,1591,1612,1313,1543,97,97,79,61,0,0,1,1,1,1,1,1,4.9908,4.9908,4.9908,4.9908,2.9084,7.0640,1294.6042,1196.4758,1173.4315,1202.5637,1313.5721,1540.8709,1,on,1,1.5000
1786346249.985114,1,1,,1159.0000,1073.0000,1071.0000,1084.0000,1252.0000,1526.0000,147.778,165.071,165.428,162.764,54.473,34.073,1613,1542,1558,1577,1313,1542,89,82,80,70,0,17,1,1,1,1,1,1,4.9908,4.9908,4.9908,4.9908,2.9084,7.0640,1249.6516,1156.4168,1143.2661,1166.1116,1302.4611,1540.8709,1,on,1,1.5000
1786346250.052816,1,1,,1106.0000,1058.0000,1049.0000,1058.0000,1239.0000,1531.0000,158.457,167.966,169.862,168.019,58.744,33.366,1574,1506,1522,1544,1313,1541,88,82,80,57,28,0,1,1,1,1,1,1,4.9908,4.9908,4.9908,4.9908,2.9084,7.0640,1202.9963,1128.9846,1118.5848,1135.6773,1291.9483,1540.8709,1,on,1,1.5000
1786346250.117042,1,1,,1152.0000,1080.0000,1064.0000,1055.0000,1237.0000,1560.0000,149.068,163.657,166.727,168.560,59.313,29.346,1543,1476,1495,1514,1307,1541,80,97,76,59,56,0,1,1,1,1,1,1,4.9908,4.9908,4.9908,4.9908,2.9084,7.0640,1191.5187,1119.1458,1107.6546,1116.3605,1283.0606,1540.8709,1,on,1,1.5000
1786346250.185053,1,1,,1142.0000,1054.0000,1057.0000,1074.0000,1248.0000,1498.0000,151.152,168.752,168.286,164.859,55.811,38.117,1509,1443,1458,1479,1298,1541,90,78,67,54,50,0,1,1,1,1,1,1,4.9908,4.9908,4.9908,4.9908,2.9084,7.0640,1182.5145,1106.6318,1098.8982,1108.7891,1278.3231,1540.8709,1,on,1,1.5000
1786346250.253023,1,1,,1096.0000,1034.0000,1044.0000,1070.0000,1239.0000,1529.0000,160.290,173.048,170.715,165.540,58.783,33.636,1475,1409,1427,1447,1290,1541,85,71,73,59,38,0,1,1,1,1,1,1,4.9908,4.9908,4.9908,4.9908,2.9084,7.0640,1164.3318,1092.3519,1089.7813,1108.7891,1273.2306,1540.8709,1,on,1,1.5000
1786346250.326074,1,1,,1086.0000,1038.0000,1045.0000,1071.0000,1232.0000,1573.0000,162.473,172.075,170.582,165.332,61.096,27.383,1444,1377,1393,1412,1284,1541,93,83,79,67,35,0,1,1,1,1,1,1,4.9908,4.9908,4.9908,4.9908,2.9084,7.0640,1147.8467,1082.8630,1089.7813,1099.1802,1267.8619,1540.8709,1,on,1,1.5000
1786346250.385058,1,1,,1105.0000,1034.0000,1038.0000,1067.0000,1219.0000,1554.0000,158.650,173.923,172.080,166.107,65.587,30.171,1416,1350,1367,1388,1279,1541,94,84,85,67,35,0,1,1,1,1,1,1,4.9908,4.9908,4.9908,4.9908,2.9084,7.0640,1147.8467,1082.8630,1076.9100,1099.1802,1261.2451,1540.8709,1,on,1,1.5000
1786346250.453054,1,1,,1112.0000,1034.0000,1034.0000,1050.0000,1214.0000,1526.0000,157.093,175.671,175.221,169.671,67.349,34.087,1384,1317,1335,1354,1277,1541,96,81,93,64,25,0,1,1,1,1,1,1,4.9908,4.9908,4.9908,4.9908,2.9084,7.0640,1137.3168,1069.4426,1076.9100,1089.5950,1254.3304,1540.8709,1,on,1,1.5000
1786346250.517073,1,1,,1108.0000,1034.0000,1034.0000,1041.0000,1215.0000,1542.0000,157.995,175.350,176.097,171.309,67.105,31.779,1355,1291,1307,1329,1275,1541,106,90,84,56,16,0,1,1,1,1,1,1,4.9908,4.9908,4.9908,4.9908,2.9084,7.0640,1137.3168,1069.4426,1066.2050,1089.5950,1249.1306,1540.8709,1,on,1,1.5000
1786346250.585039,1,1,,1116.0000,1034.0000,1034.0000,1037.0000,1224.0000,1493.0000,156.465,176.751,176.677,172.104,63.827,38.790,1324,1257,1274,1294,1275,1541,110,87,87,71,0,0,1,1,1,1,1,1,4.9908,4.9908,4.9908,4.9908,2.9084,7.0640,1137.3168,1061.4270,1066.2050,1076.2401,1249.1306,1540.8709,1,on,1,1.5000
1786346250.653085,1,1,,1096.0000,1034.0000,1034.0000,1034.0000,1223.0000,1496.0000,160.348,178.694,177.805,174.058,64.411,38.288,1291,1224,1240,1261,1275,1541,100,94,93,88,0,0,1,1,1,1,1,1,4.9908,4.9908,4.9908,4.9908,2.9084,7.0640,1128.5468,1061.4270,1066.2050,1076.2401,1244.1989,1528.2462,1,on,1,1.5000
1786346250.720649,1,1,,1091.0000,1034.0000,1034.0000,1034.0000,1231.0000,1509.0000,161.385,180.780,179.871,175.641,61.686,36.536,1257,1189,1205,1228,1275,1538,94,99,79,72,33,36,1,1,1,1,0,1,4.9908,4.9908,4.9908,4.9908,2.9084,7.0640,1128.5468,1061.4270,1056.9684,1065.8820,1244.1989,1528.2462,1,on,1,1.5000
1786346250.785027,1,1,,1085.0000,1034.0000,1034.0000,1034.0000,1219.0000,1484.0000,162.486,181.765,179.657,175.871,65.823,40.084,1230,1159,1177,1199,1281,1531,109,97,88,64,42,0,1,1,1,1,0,1,4.9908,4.9908,4.9908,4.9908,2.9084,7.0640,1119.4285,1061.4270,1056.9684,1065.8820,1244.1989,1528.2462,1,on,1,1.5000
1786346250.853069,1,1,,1078.0000,1034.0000,1034.0000,1034.0000,1224.0000,1458.0000,163.989,178.402,179.172,173.780,63.805,43.710,1196,1122,1140,1161,1291,1531,119,121,99,48,36,0,1,1,1,1,0,1,4.9908,4.9908,4.9908,4.9908,2.9084,7.0640,1119.4285,1052.6695,1056.9684,1065.8820,1244.1989,1511.5514,1,on,1,1.5000
1786346250.917041,1,1,,1075.0000,1034.0000,1034.0000,1034.0000,1220.0000,1551.0000,164.512,176.719,177.096,176.039,65.366,30.537,1165,1092,1110,1133,1297,1529,125,129,101,74,31,18,1,1,1,1,0,1,4.9908,4.9908,4.9908,4.9908,2.9084,7.0640,1109.2222,1052.6695,1056.9684,1056.8821,1238.4753,1511.5514,1,on,1,1.5000
1786346250.990121,1,1,,1061.0000,1034.0000,1034.0000,1034.0000,1209.0000,1496.0000,167.455,178.280,178.289,176.198,69.051,38.384,1124,1063,1067,1090,1304,1519,121,52,0,110,29,17,1,1,1,1,0,1,4.9908,4.9908,4.9908,4.9908,2.9084,7.0640,1109.2222,1052.6695,1056.9684,1056.8821,1238.4753,1511.5514,0,on,1,1.5000
1786346251.052995,1,1,,1070.0000,1034.0000,1034.0000,1034.0000,1215.0000,1531.0000,165.636,177.870,177.073,174.245,67.026,33.421,1120,1060,1066,1066,1310,1516,0,25,0,0,23,16,1,1,1,1,0,1,4.9908,4.9908,4.9908,4.9908,2.9084,7.0640,1098.6131,1052.6695,1049.2740,1056.8821,1234.0339,1511.5514,1,on,1,1.5000
1786346251.117136,1,1,,1071.0000,1034.0000,1034.0000,1037.0000,1224.0000,1535.0000,165.348,176.272,175.325,172.230,63.988,32.804,1112,1057,1057,1065,1315,1516,85,26,31,26,31,0,1,1,1,1,0,1,4.9908,4.9908,4.9908,4.9908,2.9084,7.0640,1098.6131,1052.6695,1049.2740,1056.8821,1234.0339,1511.5514,0,on,1,1.5000
1786346251.185099,1,1,,1069.0000,1034.0000,1034.0000,1034.0000,1220.0000,1547.0000,165.821,177.317,175.679,172.741,65.432,31.130,1106,1057,1052,1061,1321,1516,65,46,46,9,28,0,1,1,1,1,0,1,4.9908,4.9908,4.9908,4.9908,2.9084,7.0640,1098.6131,1052.6695,1049.2740,1056.8821,1234.0339,1511.5514,0,on,1,1.5000
1786346251.253082,1,1,,1068.0000,1034.0000,1034.0000,1034.0000,1219.0000,1502.0000,165.976,178.816,177.325,174.456,65.779,37.502,1101,1054,1049,1058,1327,1516,68,50,33,18,30,0,1,1,1,1,0,1,4.9908,4.9908,4.9908,4.9908,2.9084,7.0640,1090.6648,1052.6695,1049.2740,1056.8821,1234.0339,1511.5514,1,on,1,1.5000
1786346251.317048,1,1,,1056.0000,1034.0000,1034.0000,1034.0000,1217.0000,1513.0000,168.328,180.413,178.121,175.495,66.192,35.927,1096,1052,1049,1058,1333,1516,59,0,35,30,25,0,1,1,1,1,0,1,4.9908,4.9908,4.9908,4.9908,2.9084,7.0640,1090.6648,1052.6695,1049.2740,1048.4750,1234.0339,1511.5514,1,on,1,1.5000
1786346251.385094,1,1,,1059.0000,1034.0000,1034.0000,1034.0000,1221.0000,1479.0000,167.765,179.634,179.467,176.799,65.034,40.776,1091,1051,1049,1055,1339,1516,54,0,0,33,38,0,1,1,1,1,0,1,4.9908,4.9908,4.9908,4.9908,2.9084,7.0640,1090.6648,1044.9556,1049.2740,1048.4750,1234.0339,1511.5514,1,on,1,1.5000
1786346251.453072,1,1,,1081.0000,1034.0000,1034.0000,1034.0000,1222.0000,1543.0000,163.416,175.466,174.980,173.277,64.695,31.725,1090,1051,1049,1047,1342,1515,0,0,0,33,24,0,1,1,1,1,0,1,4.9908,4.9908,4.9908,4.9908,2.9084,7.0640,1090.6648,1044.9556,1049.2740,1048.4750,1234.0339,1511.5514,0,on,1,1.5000
1786346251.517050,1,1,,1088.0000,1034.0000,1034.0000,1034.0000,1223.0000,1469.0000,161.971,173.519,174.691,175.075,64.270,42.120,1090,1051,1049,1047,1344,1515,0,0,0,0,17,0,1,1,1,1,0,1,4.9908,4.9908,4.9908,4.9908,2.9084,7.0640,1090.6648,1044.9556,1049.2740,1048.4750,1229.6327,1511.5514,1,on,1,1.5000
1786346251.590181,1,1,,1130.0000,1058.0000,1060.0000,1050.0000,1226.0000,1513.0000,153.507,167.934,167.524,169.522,63.230,35.939,1090,1051,1048,1047,1345,1515,0,64,0,0,0,20,1,1,1,1,0,1,4.9908,4.9908,4.9908,4.9908,2.9084,7.0640,1090.6648,1044.9556,1049.2740,1048.4750,1229.6327,1511.5514,0,on,1,1.5000
1786346251.658028,1,1,,1241.0000,1168.0000,1153.0000,1193.0000,1219.0000,1621.0000,131.418,145.889,148.957,140.915,65.811,20.678,1090,1049,1049,1047,1345,1513,0,45,0,0,0,0,1,1,1,1,0,1,4.9908,4.9908,4.9908,4.9908,2.9084,7.0640,1128.2621,1070.5201,1065.5889,1080.4819,1229.6327,1531.3026,1,on,1,1.5000
1786346251.717106,1,1,,1552.0000,1389.0000,1399.0000,1550.0000,1352.0000,1663.0000,69.056,101.745,99.763,69.409,19.859,14.716,1090,1049,1049,1047,1345,1512,39,0,0,40,0,0,0,0,0,0,1,0,4.9908,4.9908,4.9908,4.9908,2.9084,7.0640,1332.8420,1202.2912,1205.5445,1315.5458,1252.8058,1564.7101,1,on,1,1.5000
1786346251.785097,1,1,,1731.0000,1710.0000,1693.0000,1738.0000,1351.0000,1648.0000,33.124,37.302,40.798,31.677,20.133,16.798,1113,1049,1049,1069,1343,1512,66,58,57,56,71,61,0,0,0,0,1,0,4.9908,4.9908,4.9908,4.9908,2.9084,7.0640,1548.8228,1489.6964,1478.4816,1551.2564,1275.8206,1584.8536,1,on,1,1.5000
1786346251.853044,1,1,,1717.0000,1716.0000,1726.0000,1737.0000,1324.0000,1551.0000,35.974,36.179,34.142,31.891,29.398,30.529,1158,1090,1089,1110,1332,1555,70,67,63,48,56,83,0,0,0,0,1,0,4.9908,4.9908,4.9908,4.9908,2.9084,7.0640,1622.9657,1599.7778,1600.7763,1636.6919,1284.5897,1584.8536,1,on,1,1.5000
1786346251.917064,1,1,,1702.0000,1717.0000,1723.0000,1718.0000,1292.0000,1603.0000,38.955,35.936,34.652,35.764,40.631,23.127,1190,1130,1127,1147,1325,1571,67,63,65,48,46,39,0,0,0,0,1,0,4.9908,4.9908,4.9908,4.9908,2.9084,7.0640,1647.8176,1643.3524,1647.1930,1663.3060,1284.5897,1584.8536,1,on,1,1.5000
1786346251.985016,1,1,,1681.0000,1715.0000,1714.0000,1726.0000,1289.0000,1592.0000,43.213,36.283,36.560,34.098,41.626,24.798,1229,1174,1169,1184,1318,1577,57,60,54,43,44,29,0,0,0,0,1,0,4.9908,4.9908,4.9908,4.9908,2.9084,7.0640,1647.8176,1663.1858,1665.6345,1678.6657,1284.5897,1584.8536,1,on,1,1.5000
1786346252.053063,1,1,,1710.0000,1709.0000,1731.0000,1705.0000,1292.0000,1579.0000,37.357,37.504,33.149,38.255,40.668,26.598,1263,1211,1204,1219,1312,1582,65,49,64,35,44,27,0,0,0,0,1,0,4.9908,4.9908,4.9908,4.9908,2.9084,7.0640,1664.4888,1672.2517,1680.1107,1678.6657,1284.5897,1584.8536,1,on,1,1.5000
1786346252.117049,1,1,,1709.0000,1717.0000,1737.0000,1689.0000,1290.0000,1571.0000,37.544,35.860,32.041,41.524,41.253,27.762,1290,1237,1233,1247,1306,1584,70,57,48,48,41,0,0,0,0,0,1,1,4.9908,4.9908,4.9908,4.9908,2.9084,7.0640,1664.4888,1672.2517,1690.6856,1678.6657,1284.5897,1584.8536,1,on,1,1.5000
1786346252.185019,1,1,,1717.0000,1705.0000,1731.0000,1701.0000,1290.0000,1567.0000,35.919,38.427,33.234,39.067,41.329,28.359,1321,1271,1266,1280,1300,1584,66,51,59,49,39,0,0,0,0,0,1,1,4.9908,4.9908,4.9908,4.9908,2.9084,7.0640,1677.9848,1682.5046,1690.6856,1678.6657,1284.5897,1584.8536,1,on,1,1.5000
1786346252.253031,1,1,,1723.0000,1690.0000,1720.0000,1728.0000,1299.0000,1583.0000,34.681,41.344,35.324,33.821,38.123,26.068,1354,1305,1298,1315,1293,1584,64,54,67,46,36,0,0,0,0,0,1,1,4.9908,4.9908,4.9908,4.9908,2.9084,7.0640,1677.9848,1682.5046,1699.4450,1689.6643,1284.5897,1584.8536,1,on,1,1.5000
1786346252.317025,1,1,,1729.0000,1684.0000,1709.0000,1730.0000,1301.0000,1558.0000,33.561,42.595,37.480,33.411,37.365,29.576,1388,1337,1333,1346,1287,1584,60,62,56,42,0,0,0,0,0,0,1,1,4.9908,4.9908,4.9908,4.9908,2.9084,7.0640,1690.5611,1682.5046,1699.4450,1689.6643,1284.5897,1584.8536,1,on,1,1.5000
1786346252.385043,1,1,,1715.0000,1687.0000,1713.0000,1738.0000,1308.0000,1513.0000,36.444,41.888,36.826,31.713,34.949,35.926,1414,1364,1362,1375,1287,1584,62,54,46,56,23,0,0,0,0,0,1,1,4.9908,4.9908,4.9908,4.9908,2.9084,7.0640,1690.5611,1682.5046,1699.4450,1700.2987,1289.0033,1571.0004,1,on,1,1.5000
1786346252.453017,1,1,,1732.0000,1662.0000,1691.0000,1721.0000,1313.0000,1522.0000,32.946,46.901,41.228,35.197,33.208,34.693,1446,1396,1392,1404,1286,1585,66,59,56,56,23,31,0,0,0,0,0,1,4.9908,4.9908,4.9908,4.9908,2.9084,7.0640,1690.5611,1682.5046,1699.4450,1700.2987,1289.0033,1571.0004,0,on,1,1.5000
1786346252.517048,1,1,,1743.0000,1658.0000,1687.0000,1711.0000,1318.0000,1519.0000,30.692,47.690,41.961,37.241,31.697,35.080,1481,1430,1424,1440,1289,1575,63,64,56,39,0,20,0,0,0,0,1,1,4.9908,4.9908,4.9908,4.9908,2.9084,7.0640,1703.7494,1682.5046,1699.4450,1700.2987,1289.0033,1557.4043,1,on,1,1.5000
1786346252.585080,1,1,,1760.0000,1662.0000,1686.0000,1700.0000,1318.0000,1485.0000,27.333,47.047,42.130,39.363,31.546,39.832,1508,1457,1452,1465,1289,1571,59,75,59,46,0,45,0,0,0,0,1,1,4.9908,4.9908,4.9908,4.9908,2.9084,7.0640,1712.3863,1682.5046,1699.4450,1700.2987,1295.5844,1544.4231,1,on,1,1.5000
1786346252.653039,1,1,,1761.0000,1665.0000,1690.0000,1697.0000,1319.0000,1480.0000,27.173,46.299,41.375,39.869,31.216,40.593,1542,1490,1486,1498,1289,1562,68,67,49,51,0,21,0,0,0,0,0,1,4.9908,4.9908,4.9908,4.9908,2.9084,7.0640,1712.3863,1682.5046,1699.4450,1700.2987,1295.5844,1532.7467,1,on,1,1.5000
1786346252.717062,1,1,,1781.0000,1636.0000,1672.0000,1675.0000,1325.0000,1484.0000,23.076,52.248,44.971,44.452,29.358,40.010,1575,1522,1517,1532,1289,1550,77,70,69,55,14,23,0,0,0,0,0,1,4.9908,4.9908,4.9908,4.9908,2.9084,7.0640,1729.7620,1673.5442,1699.4450,1700.2987,1300.1510,1532.7467,1,on,1,1.5000
1786346252.785062,1,1,,1777.0000,1677.0000,1685.0000,1690.0000,1326.0000,1438.0000,23.831,44.032,42.294,41.313,28.893,46.532,1606,1552,1547,1562,1291,1541,72,69,54,43,25,23,0,0,0,0,0,1,4.9908,4.9908,4.9908,4.9908,2.9084,7.0640,1729.7620,1673.5442,1699.4450,1700.2987,1300.1510,1507.2186,1,on,1,1.5000
1786346252.853065,1,1,,1778.0000,1690.0000,1691.0000,1704.0000,1312.0000,1453.0000,23.664,41.328,41.068,38.463,33.779,44.415,1644,1589,1583,1599,1296,1533,74,67,56,35,0,32,0,0,0,0,0,1,4.9908,4.9908,4.9908,4.9908,2.9084,7.0640,1742.7304,1673.5442,1699.4450,1700.2987,1300.1510,1507.2186,1,on,1,1.5000
1786346252.917056,1,1,,1767.0000,1671.0000,1697.0000,1697.0000,1329.0000,1415.0000,25.979,45.157,39.903,39.875,28.001,49.784,1682,1626,1619,1633,1297,1520,68,60,56,58,20,35,0,0,0,0,0,1,4.9908,4.9908,4.9908,4.9908,2.9084,7.0640,1742.7304,1673.5442,1699.4450,1700.2987,1305.2781,1480.9390,1,on,1,1.5000
1786346252.985054,1,1,,1770.0000,1672.0000,1695.0000,1698.0000,1320.0000,1427.0000,25.314,44.948,40.372,39.680,30.814,48.069,1718,1662,1656,1670,1300,1507,81,0,63,62,8,40,0,0,0,0,0,1,4.9908,4.9908,4.9908,4.9908,2.9084,7.0640,1742.7304,1673.5442,1699.4450,1700.2987,1305.2781,1480.9390,0,on,1,1.5000
1786346253.053058,1,1,,1767.0000,1676.0000,1693.0000,1701.0000,1319.0000,1445.0000,25.881,44.242,40.830,39.127,31.134,45.576,1734,1664,1688,1690,1302,1496,30,23,0,22,18,42,0,0,0,0,0,1,4.9908,4.9908,4.9908,4.9908,2.9084,7.0640,1742.7304,1673.5442,1699.4450,1700.2987,1305.2781,1467.9785,1,on,1,1.5000
1786346253.117039,1,1,,1745.0000,1690.0000,1700.0000,1720.0000,1315.0000,1450.0000,30.308,41.377,39.392,35.353,32.544,44.827,1738,1671,1694,1698,1304,1483,0,17,19,0,14,15,0,0,0,0,0,1,4.9908,4.9908,4.9908,4.9908,2.9084,7.0640,1742.7304,1673.5442,1699.4450,1700.2987,1305.2781,1467.9785,0,on,1,1.5000
1786346253.185027,1,1,,1756.0000,1676.0000,1694.0000,1714.0000,1317.0000,1436.0000,28.109,44.170,40.486,36.627,31.877,46.854,1738,1672,1700,1698,1305,1476,34,0,0,0,0,21,0,0,1,0,1,1,4.9908,4.9908,4.9908,4.9908,2.9084,7.0640,1742.7304,1673.5442,1699.4450,1700.2987,1305.2781,1467.9785,0,on,1,1.5000
1786346253.253044,1,1,,1746.0000,1684.0000,1684.0000,1719.0000,1308.0000,1409.0000,30.171,42.485,42.644,35.511,35.030,50.593,1741,1672,1700,1698,1305,1472,35,0,0,0,0,19,0,0,1,0,1,1,4.9908,4.9908,4.9908,4.9908,2.9084,7.0640,1742.7304,1673.5442,1699.4450,1700.2987,1305.2781,1455.7339,1,on,1,1.5000
1786346253.317113,1,1,,1767.0000,1689.0000,1695.0000,1706.0000,1313.0000,1413.0000,25.917,41.634,40.273,38.159,33.327,50.059,1742,1672,1700,1698,1305,1467,32,0,0,0,0,37,0,0,1,0,1,1,4.9908,4.9908,4.9908,4.9908,2.9084,7.0640,1750.2825,1673.5442,1699.4450,1700.2987,1305.2781,1455.7339,1,on,1,1.5000
1786346253.385051,1,1,,1752.0000,1696.0000,1697.0000,1725.0000,1311.0000,1395.0000,28.966,40.206,39.940,34.371,33.863,52.687,1745,1672,1700,1698,1305,1459,61,0,0,0,0,17,0,0,1,0,1,1,4.9908,4.9908,4.9908,4.9908,2.9084,7.0640,1750.2825,1673.5442,1699.4450,1700.2987,1305.2781,1441.5687,1,on,1,1.5000
1786346253.453013,1,1,,1760.0000,1702.0000,1701.0000,1719.0000,1314.0000,1394.0000,27.425,38.861,39.108,35.580,32.870,52.731,1750,1672,1700,1698,1305,1458,62,0,0,0,0,0,0,0,1,0,1,1,4.9908,4.9908,4.9908,4.9908,2.9084,7.0640,1750.2825,1673.5442,1699.4450,1700.2987,1305.2781,1441.5687,0,on,1,1.5000
1786346253.517067,1,1,,1760.0000,1704.0000,1700.0000,1720.0000,1315.0000,1389.0000,27.235,38.457,39.350,35.428,32.765,53.465,1751,1672,1700,1698,1305,1458,56,0,0,0,0,0,0,0,1,0,1,1,4.9908,4.9908,4.9908,4.9908,2.9084,7.0640,1750.2825,1681.5709,1699.4450,1700.2987,1305.2781,1428.0529,1,on,1,1.5000
1786346253.585212,1,1,,1762.0000,1699.0000,1696.0000,1713.0000,1316.0000,1386.0000,27.025,39.645,40.092,36.838,32.485,53.976,1752,1674,1700,1698,1305,1452,0,25,0,0,0,34,1,0,1,0,1,1,4.9908,4.9908,4.9908,4.9908,2.9084,7.0640,1750.2825,1681.5709,1699.4450,1700.2987,1305.2781,1428.0529,0,on,1,1.5000
1786346253.653040,1,1,,1756.0000,1705.0000,1702.0000,1723.0000,1310.0000,1380.0000,28.165,38.317,38.931,34.834,34.229,54.786,1752,1681,1700,1698,1305,1444,0,14,0,0,0,39,1,0,1,0,1,1,4.9908,4.9908,4.9908,4.9908,2.9084,7.0640,1750.2825,1681.5709,1699.4450,1700.2987,1305.2781,1416.5731,1,on,1,1.5000
1786346253.717049,1,1,,1770.0000,1694.0000,1702.0000,1715.0000,1313.0000,1374.0000,25.344,40.463,38.962,36.405,33.410,55.617,1752,1682,1700,1698,1305,1427,0,0,0,0,0,16,1,1,1,0,1,1,4.9908,4.9908,4.9908,4.9908,2.9084,7.0640,1750.2825,1681.5709,1699.4450,1708.0805,1305.2781,1416.5731,1,on,1,1.5000
1786346253.785054,1,1,,1737.0000,1718.0000,1707.0000,1728.0000,1322.0000,1436.0000,31.960,35.810,38.001,33.736,30.097,46.800,1752,1682,1700,1703,1305,1420,0,0,0,25,0,21,1,1,1,0,1,1,4.9908,4.9908,4.9908,4.9908,2.9084,7.0640,1750.2825,1681.5709,1699.4450,1708.0805,1309.7410,1416.5731,1,on,1,1.5000
1786346253.853040,1,1,,1718.0000,1709.0000,1706.0000,1721.0000,1316.0000,1497.0000,35.731,37.584,38.078,35.121,32.335,38.230,1752,1682,1700,1708,1305,1417,0,0,0,0,27,0,1,1,1,0,0,1,4.9908,4.9908,4.9908,4.9908,2.9084,7.0640,1750.2825,1690.0015,1699.4450,1708.0805,1309.7410,1416.5731,1,on,1,1.5000
1786346253.917058,1,1,,1658.0000,1586.0000,1572.0000,1607.0000,1350.0000,1526.0000,47.858,62.188,64.947,57.930,20.559,34.160,1752,1683,1700,1708,1309,1417,0,26,0,0,0,0,1,0,1,0,1,1,4.9908,4.9908,4.9908,4.9908,2.9084,7.0640,1732.6992,1673.0168,1671.9029,1692.6028,1309.7410,1446.9519,1,on,1,1.5000
1786346253.985109,1,1,,1321.0000,1215.0000,1189.0000,1315.0000,1336.0000,1544.0000,115.351,136.557,141.786,116.514,25.566,31.567,1752,1689,1700,1708,1309,1417,0,0,40,0,0,14,1,1,1,1,1,0,4.9908,4.9908,4.9908,4.9908,2.9084,7.0640,1536.8996,1445.5843,1423.7641,1521.0865,1315.8183,1469.9664,1,on,1,1.5000
1786346254.052895,1,1,,1165.0000,1061.0000,1107.0000,1164.0000,1299.0000,1503.0000,146.589,167.319,158.104,146.733,38.291,37.291,1751,1689,1681,1708,1309,1421,145,99,87,91,0,84,1,1,1,1,0,0,4.9908,4.9908,4.9908,4.9908,2.9084,7.0640,1343.5442,1240.9063,1262.9390,1340.2653,1315.8183,1469.9664,1,on,1,1.5000
1786346254.117098,1,1,,1128.0000,1056.0000,1066.0000,1101.0000,1262.0000,1416.0000,154.024,168.346,166.462,159.278,51.032,49.699,1707,1648,1638,1662,1310,1454,136,94,99,90,13,15,1,1,1,1,0,0,4.9908,4.9908,4.9908,4.9908,2.9084,7.0640,1245.5531,1159.0384,1176.7463,1229.7520,1309.4651,1469.9664,1,on,1,1.5000
1786346254.185057,1,1,,1093.0000,1036.0000,1051.0000,1092.0000,1245.0000,1475.0000,161.043,172.395,169.488,161.198,56.589,41.362,1654,1598,1596,1613,1311,1465,111,85,92,68,8,19,1,1,1,1,1,0,4.9908,4.9908,4.9908,4.9908,2.9084,7.0640,1186.3481,1114.8055,1131.5902,1177.3059,1299.2761,1469.9664,1,on,1,1.5000
1786346254.253079,1,1,,1103.0000,1034.0000,1045.0000,1080.0000,1215.0000,1526.0000,159.010,172.968,170.581,163.655,66.938,34.147,1617,1564,1562,1577,1312,1465,88,83,74,78,39,22,1,1,1,1,0,0,4.9908,4.9908,4.9908,4.9908,2.9084,7.0640,1161.9097,1092.4520,1107.1433,1147.8142,1282.4899,1469.9664,1,on,1,1.5000
1786346254.317026,1,1,,1137.0000,1074.0000,1088.0000,1123.0000,1214.0000,1621.0000,152.155,164.875,161.944,154.880,67.237,20.673,1579,1529,1527,1546,1319,1466,72,84,73,58,44,21,1,1,1,1,0,0,4.9908,4.9908,4.9908,4.9908,2.9084,7.0640,1161.9097,1092.4520,1107.1433,1147.8142,1269.3474,1513.5844,1,on,1,1.5000
1786346254.385064,1,1,,1143.0000,1082.0000,1094.0000,1109.0000,1213.0000,1590.0000,150.891,163.253,160.820,157.776,67.874,25.098,1546,1493,1494,1511,1327,1472,82,76,76,54,36,95,1,1,1,1,0,0,4.9908,4.9908,4.9908,4.9908,2.9084,7.0640,1161.9097,1092.4520,1107.1433,1138.4119,1259.3553,1530.9052,1,on,1,1.5000
1786346254.458146,1,1,,1119.0000,1061.0000,1069.0000,1105.0000,1210.0000,1548.0000,155.859,167.347,165.826,158.646,68.646,30.991,1512,1460,1458,1476,1332,1513,82,83,68,63,20,36,1,1,1,1,1,0,4.9908,4.9908,4.9908,4.9908,2.9084,7.0640,1151.5892,1092.4520,1099.3725,1138.4119,1251.4491,1530.9052,1,on,1,1.5000
1786346254.517080,1,1,,1085.0000,1034.0000,1066.0000,1112.0000,1220.0000,1528.0000,162.534,173.100,166.393,157.215,65.320,33.852,1483,1433,1432,1448,1329,1521,88,93,74,52,27,34,1,1,1,1,1,0,4.9908,4.9908,4.9908,4.9908,2.9084,7.0640,1141.2645,1079.4755,1099.3725,1138.4119,1251.4491,1530.9052,1,on,1,1.5000
1786346254.585089,1,1,,1043.0000,1034.0000,1034.0000,1076.0000,1220.0000,1460.0000,170.930,178.510,174.130,164.341,65.330,43.444,1451,1401,1400,1416,1326,1526,81,91,80,54,16,21,1,1,1,1,1,0,4.9908,4.9908,4.9908,4.9908,2.9084,7.0640,1119.6000,1079.4755,1086.2837,1124.1626,1244.5397,1530.9052,1,on,1,1.5000
1786346254.653050,1,1,,1049.0000,1034.0000,1034.0000,1049.0000,1227.0000,1398.0000,169.793,178.693,174.810,169.884,63.018,52.278,1425,1373,1371,1389,1325,1527,100,91,88,65,28,18,1,1,1,1,1,0,4.9908,4.9908,4.9908,4.9908,2.9084,7.0640,1105.1348,1067.9398,1078.1426,1110.4599,1244.5397,1493.5373,1,on,1,1.5000
1786346254.717093,1,1,,1081.0000,1034.0000,1034.0000,1056.0000,1219.0000,1416.0000,163.293,176.436,173.724,168.484,65.769,49.717,1392,1340,1338,1357,1323,1527,103,74,75,57,19,31,1,1,1,1,0,1,4.9908,4.9908,4.9908,4.9908,2.9084,7.0640,1105.1348,1067.9398,1078.1426,1101.3515,1244.5397,1476.5962,1,on,1,1.5000
1786346254.785052,1,1,,1108.0000,1034.0000,1039.0000,1062.0000,1208.0000,1452.0000,157.909,175.131,171.810,167.251,69.405,44.635,1361,1308,1308,1325,1329,1505,103,98,93,66,49,57,1,1,1,1,0,1,4.9908,4.9908,4.9908,4.9908,2.9084,7.0640,1105.1348,1067.9398,1067.7614,1101.3515,1237.5856,1476.5962,1,on,1,1.5000
1786346254.852873,1,1,,1102.0000,1034.0000,1034.0000,1047.0000,1204.0000,1433.0000,159.138,176.780,172.948,170.199,70.735,47.208,1331,1281,1279,1296,1338,1488,111,89,80,67,48,22,1,1,1,1,0,1,4.9908,4.9908,4.9908,4.9908,2.9084,7.0640,1105.1348,1057.9523,1067.7614,1088.5643,1237.5856,1476.5962,1,on,1,1.5000
1786346254.917039,1,1,,1116.0000,1034.0000,1034.0000,1055.0000,1212.0000,1429.0000,156.427,176.154,173.031,168.608,68.237,47.833,1299,1247,1246,1263,1345,1480,95,87,80,71,45,0,1,1,1,1,0,1,4.9908,4.9908,4.9908,4.9908,2.9084,7.0640,1105.1348,1057.9523,1067.7614,1088.5643,1231.9436,1462.7554,1,on,1,1.5000
1786346254.990135,1,1,,1113.0000,1034.0000,1038.0000,1051.0000,1201.0000,1452.0000,156.964,174.315,171.959,169.358,71.745,44.502,1266,1215,1213,1230,1353,1476,102,93,97,83,34,41,1,1,1,1,0,1,4.9908,4.9908,4.9908,4.9908,2.9084,7.0640,1105.1348,1057.9523,1058.5060,1080.4832,1231.9436,1462.7554,1,on,1,1.5000
1786346255.053095,1,1,,1115.0000,1034.0000,1039.0000,1048.0000,1199.0000,1477.0000,156.606,174.710,171.843,169.916,72.681,41.059,1236,1184,1184,1203,1358,1466,107,110,93,81,33,0,1,1,1,1,0,1,4.9908,4.9908,4.9908,4.9908,2.9084,7.0640,1105.1348,1057.9523,1058.5060,1080.4832,1225.8379,1462.7554,1,on,1,1.5000
1786346255.117051,1,1,,1106.0000,1034.0000,1041.0000,1047.0000,1196.0000,1450.0000,158.413,174.567,171.425,170.173,73.407,44.832,1204,1146,1148,1166,1364,1466,110,101,100,73,42,0,1,1,1,1,0,1,4.9908,4.9908,4.9908,4.9908,2.9084,7.0640,1105.1348,1057.9523,1058.5060,1080.4832,1225.8379,1462.7554,0,on,1,1.5000
1786346255.185165,1,1,,1084.0000,1034.0000,1034.0000,1034.0000,1206.0000,1424.0000,162.688,178.463,176.591,173.643,70.138,48.489,1168,1113,1109,1128,1366,1466,100,124,98,83,26,0,1,1,1,1,0,1,4.9908,4.9908,4.9908,4.9908,2.9084,7.0640,1105.1348,1049.7289,1058.5060,1068.9526,1221.4127,1462.7554,1,on,1,1.5000
1786346255.258349,1,1,,1107.0000,1034.0000,1034.0000,1035.0000,1203.0000,1484.0000,158.253,175.481,173.183,172.544,71.003,40.047,1134,1072,1072,1092,1369,1466,126,130,116,97,0,0,1,1,1,1,0,1,4.9908,4.9908,4.9908,4.9908,2.9084,7.0640,1105.1348,1049.7289,1058.5060,1068.9526,1221.4127,1462.7554,0,on,1,1.5000
1786346255.317086,1,1,,1108.0000,1034.0000,1034.0000,1036.0000,1198.0000,1493.0000,157.998,175.762,173.583,172.305,72.992,38.802,1116,1060,1066,1078,1369,1466,0,54,47,34,0,0,1,1,1,1,0,1,4.9908,4.9908,4.9908,4.9908,2.9084,7.0640,1105.1348,1049.7289,1058.5060,1068.9526,1221.4127,1462.7554,0,on,1,1.5000
1786346255.385085,1,1,,1101.0000,1034.0000,1034.0000,1038.0000,1196.0000,1484.0000,159.290,175.563,173.248,172.092,73.673,40.098,1115,1057,1063,1074,1369,1466,45,68,48,42,0,0,1,1,1,1,0,1,4.9908,4.9908,4.9908,4.9908,2.9084,7.0640,1105.1348,1049.7289,1049.9386,1059.7473,1216.4670,1462.7554,1,on,1,1.5000
1786346255.453089,1,1,,1096.0000,1034.0000,1034.0000,1039.0000,1210.0000,1440.0000,160.382,176.265,173.842,171.853,68.927,46.250,1114,1056,1057,1073,1369,1466,47,58,70,19,0,0,1,1,1,1,0,1,4.9908,4.9908,4.9908,4.9908,2.9084,7.0640,1105.1348,1049.7289,1049.9386,1059.7473,1216.4670,1462.7554,0,on,1,1.5000
1786346255.517063,1,1,,1117.0000,1034.0000,1038.0000,1041.0000,1203.0000,1478.0000,156.079,173.769,171.947,171.466,71.118,40.862,1109,1050,1049,1072,1369,1466,56,36,25,41,0,0,1,1,1,1,0,1,4.9908,4.9908,4.9908,4.9908,2.9084,7.0640,1105.1348,1049.7289,1049.9386,1059.7473,1216.4670,1462.7554,0,on,1,1.5000
1786346255.585015,1,1,,1103.0000,1034.0000,1039.0000,1057.0000,1215.0000,1450.0000,158.952,174.371,171.784,168.137,66.925,44.829,1106,1050,1049,1068,1369,1466,0,40,23,19,0,0,1,1,1,1,0,1,4.9908,4.9908,4.9908,4.9908,2.9084,7.0640,1105.1348,1049.7289,1049.9386,1059.7473,1216.4670,1462.7554,0,on,1,1.5000
1786346255.653054,1,1,,1093.0000,1034.0000,1034.0000,1045.0000,1221.0000,1451.0000,160.883,174.686,174.234,170.562,64.931,44.767,1106,1050,1049,1063,1369,1466,0,46,23,23,0,0,1,1,1,1,0,1,4.9908,4.9908,4.9908,4.9908,2.9084,7.0640,1105.1348,1049.7289,1049.9386,1059.7473,1216.4670,1462.7554,0,on,1,1.5000
1786346255.717085,1,1,,1144.0000,1056.0000,1056.0000,1078.0000,1244.0000,1485.0000,150.815,168.457,168.428,163.915,57.099,39.913,1106,1049,1049,1062,1369,1466,0,54,30,20,0,0,1,1,1,1,0,1,4.9908,4.9908,4.9908,4.9908,2.9084,7.0640,1105.1348,1049.7289,1049.9386,1059.7473,1216.4670,1462.7554,0,on,1,1.5000
1786346255.785071,1,1,,1234.0000,1176.0000,1162.0000,1198.0000,1268.0000,1525.0000,132.801,144.431,147.077,139.997,48.811,34.223,1106,1049,1049,1061,1369,1466,0,0,0,17,0,0,1,1,1,1,0,1,4.9908,4.9908,4.9908,4.9908,2.9084,7.0640,1135.8508,1073.4931,1069.9009,1090.3969,1223.7988,1462.7554,1,on,1,1.5000
1786346255.853072,1,1,,1318.0000,1313.0000,1381.0000,1509.0000,1358.0000,1386.0000,115.990,116.882,103.357,77.658,17.974,53.898,1106,1049,1049,1061,1369,1466,61,25,14,51,0,0,0,0,0,0,0,1,4.9908,4.9908,4.9908,4.9908,2.9084,7.0640,1195.1210,1162.2196,1199.6587,1294.2728,1257.0435,1462.7554,1,on,1,1.5000
1786346255.917078,1,1,,1524.0000,1538.0000,1544.0000,1635.0000,1340.0000,1289.0000,74.590,71.746,70.617,52.436,23.936,67.666,1135,1065,1068,1092,1369,1466,66,79,51,69,17,0,0,0,0,0,1,1,4.9908,4.9908,4.9908,4.9908,2.9084,7.0640,1344.1718,1346.1929,1367.0063,1466.7779,1275.9672,1412.2658,1,on,1,1.5000
1786346255.985022,1,1,,1566.0000,1618.0000,1626.0000,1705.0000,1315.0000,1169.0000,66.204,55.836,54.267,38.329,32.572,84.697,1167,1107,1100,1127,1365,1466,59,70,59,38,69,79,0,0,0,0,1,1,4.9908,4.9908,4.9908,4.9908,2.9084,7.0640,1440.6147,1476.2616,1488.7671,1578.1212,1282.5822,1316.9710,1,on,1,1.5000
1786346256.053056,1,1,,1618.0000,1706.0000,1629.0000,1728.0000,1339.0000,1113.0000,55.696,38.096,53.538,33.816,24.370,92.506,1208,1150,1145,1171,1355,1423,49,54,60,41,66,112,0,0,0,0,1,1,4.9908,4.9908,4.9908,4.9908,2.9084,7.0640,1510.4877,1578.9583,1542.5167,1636.4295,1291.9955,1236.2498,1,on,1,1.5000
1786346256.117077,1,1,,1684.0000,1732.0000,1629.0000,1718.0000,1311.0000,1119.0000,42.576,32.992,53.528,35.775,34.072,91.773,1247,1189,1184,1205,1346,1361,55,57,58,48,57,107,0,0,0,0,1,1,4.9908,4.9908,4.9908,4.9908,2.9084,7.0640,1574.8872,1636.9114,1567.7092,1660.0330,1291.9955,1198.0586,1,on,1,1.5000
1786346256.185102,1,1,,1739.0000,1744.0000,1627.0000,1737.0000,1268.0000,1073.0000,31.510,30.477,54.056,31.920,48.875,98.226,1279,1223,1218,1238,1340,1303,49,60,65,47,55,97,0,0,0,0,1,1,4.9908,4.9908,4.9908,4.9908,2.9084,7.0640,1634.0312,1670.6085,1580.9853,1678.7654,1291.9955,1159.5244,1,on,1,1.5000
1786346256.253094,1,1,,1738.0000,1746.0000,1638.0000,1728.0000,1240.0000,1052.0000,31.655,30.188,51.859,33.785,58.488,101.166,1307,1250,1249,1264,1335,1260,58,61,48,51,41,95,0,0,0,0,1,1,4.9908,4.9908,4.9908,4.9908,2.9084,7.0640,1665.2250,1689.4589,1591.7669,1687.9856,1287.1845,1129.2896,1,on,1,1.5000
1786346256.317119,1,1,,1733.0000,1751.0000,1640.0000,1731.0000,1226.0000,1052.0000,32.756,29.198,51.351,33.120,63.405,101.244,1337,1284,1281,1302,1327,1204,54,73,53,46,39,83,0,0,0,0,1,1,4.9908,4.9908,4.9908,4.9908,2.9084,7.0640,1680.9888,1701.9866,1599.5550,1687.9856,1277.8942,1111.1081,1,on,1,1.5000
1786346256.385150,1,1,,1739.0000,1750.0000,1636.0000,1740.0000,1210.0000,1045.0000,31.532,29.307,52.218,31.436,68.665,102.229,1372,1317,1312,1333,1321,1151,67,61,57,64,39,95,0,0,0,0,1,1,4.9908,4.9908,4.9908,4.9908,2.9084,7.0640,1692.3728,1710.1926,1599.5550,1701.2641,1265.8607,1097.3932,1,on,1,1.5000
1786346256.453093,1,1,,1741.0000,1747.0000,1635.0000,1731.0000,1207.0000,1049.0000,31.120,29.874,52.478,33.185,69.637,101.619,1398,1345,1341,1360,1316,1113,75,64,48,36,38,0,0,0,0,0,1,1,4.9908,4.9908,4.9908,4.9908,2.9084,7.0640,1700.4798,1710.1926,1608.1156,1701.2641,1255.6724,1097.3932,1,on,1,1.5000
1786346256.517124,1,1,,1740.0000,1751.0000,1635.0000,1737.0000,1198.0000,1034.0000,31.315,29.225,52.387,31.882,72.929,103.705,1430,1377,1375,1394,1310,1106,62,66,51,38,47,29,0,0,0,0,1,1,4.9908,4.9908,4.9908,4.9908,2.9084,7.0640,1700.4798,1719.7736,1608.1156,1701.2641,1245.9811,1080.0904,1,on,1,1.5000
1786346256.585107,1,1,,1741.0000,1748.0000,1640.0000,1730.0000,1196.0000,1046.0000,31.175,29.768,51.442,33.310,73.588,101.995,1463,1408,1405,1425,1304,1102,66,61,53,46,45,39,0,0,0,0,1,1,4.9908,4.9908,4.9908,4.9908,2.9084,7.0640,1710.4532,1719.7736,1608.1156,1710.4389,1238.0291,1080.0904,1,on,1,1.5000
1786346256.653088,1,1,,1737.0000,1753.0000,1631.0000,1735.0000,1191.0000,1047.0000,31.872,28.803,53.099,32.348,75.292,101.853,1490,1437,1434,1453,1298,1097,75,64,51,55,39,33,0,0,0,0,1,1,4.9908,4.9908,4.9908,4.9908,2.9084,7.0640,1710.4532,1719.7736,1608.1156,1710.4389,1230.9814,1080.0904,1,on,1,1.5000
1786346256.717083,1,1,,1738.0000,1752.0000,1639.0000,1741.0000,1187.0000,1033.0000,31.798,28.855,51.546,31.118,76.500,103.849,1524,1472,1466,1487,1291,1096,72,42,55,31,36,63,0,0,0,0,1,1,4.9908,4.9908,4.9908,4.9908,2.9084,7.0640,1710.4532,1728.5601,1617.2489,1710.4389,1224.8131,1067.5814,1,on,1,1.5000
1786346256.785206,1,1,,1736.0000,1737.0000,1633.0000,1741.0000,1180.0000,1047.0000,32.061,31.933,52.759,31.183,78.985,101.947,1559,1503,1499,1517,1285,1088,71,70,62,51,37,41,0,0,0,0,1,1,4.9908,4.9908,4.9908,4.9908,2.9084,7.0640,1710.4532,1728.5601,1617.2489,1710.4389,1218.4978,1067.5814,1,on,1,1.5000
1786346256.853055,1,1,,1738.0000,1739.0000,1649.0000,1748.0000,1186.0000,1036.0000,31.803,31.481,49.498,29.787,77.070,103.440,1588,1531,1527,1549,1280,1086,69,64,48,48,35,49,0,0,0,0,1,1,4.9908,4.9908,4.9908,4.9908,2.9084,7.0640,1719.0466,1728.5601,1617.2489,1720.7905,1218.4978,1067.5814,1,on,1,1.5000
1786346256.917093,1,1,,1736.0000,1726.0000,1654.0000,1763.0000,1179.0000,1040.0000,32.173,34.199,48.564,26.770,79.434,102.916,1624,1566,1561,1582,1274,1083,69,65,61,49,45,0,0,0,0,0,1,1,4.9908,4.9908,4.9908,4.9908,2.9084,7.0640,1719.0466,1728.5601,1617.2489,1720.7905,1210.3833,1067.5814,1,on,1,1.5000
1786346256.985111,1,1,,1739.0000,1723.0000,1643.0000,1754.0000,1200.0000,1035.0000,31.542,34.770,50.748,28.510,72.338,103.596,1662,1602,1598,1617,1267,1077,75,68,64,56,38,31,0,0,0,0,1,1,4.9908,4.9908,4.9908,4.9908,2.9084,7.0640,1719.0466,1728.5601,1626.1774,1728.8629,1210.3833,1067.5814,1,on,1,1.5000
1786346257.053064,1,1,,1738.0000,1722.0000,1645.0000,1749.0000,1189.0000,1030.0000,31.752,35.044,50.296,29.511,76.090,104.360,1702,1640,1610,1657,1261,1072,75,65,0,40,50,22,0,0,0,0,1,1,4.9908,4.9908,4.9908,4.9908,2.9084,7.0640,1719.0466,1728.5601,1626.1774,1728.8629,1210.3833,1055.5704,1,on,1,1.5000
1786346257.117069,1,1,,1730.0000,1724.0000,1633.0000,1748.0000,1174.0000,1022.0000,33.278,34.545,52.723,29.738,81.044,105.479,1710,1671,1611,1690,1255,1066,33,75,0,50,42,78,0,0,0,0,1,1,4.9908,4.9908,4.9908,4.9908,2.9084,7.0640,1719.0466,1728.5601,1626.1774,1728.8629,1204.5976,1055.5704,1,on,1,1.5000
1786346257.185038,1,1,,1717.0000,1706.0000,1645.0000,1764.0000,1175.0000,1014.0000,35.876,38.245,50.281,26.539,80.781,106.641,1713,1711,1611,1719,1249,1059,24,72,0,0,39,35,0,0,0,0,1,1,4.9908,4.9908,4.9908,4.9908,2.9084,7.0640,1719.0466,1728.5601,1626.1774,1728.8629,1204.5976,1055.5704,0,on,1,1.5000
1786346257.253045,1,1,,1719.0000,1706.0000,1647.0000,1775.0000,1181.0000,1013.0000,35.580,38.234,49.996,24.414,78.819,106.647,1718,1722,1613,1725,1243,1058,19,24,29,0,50,35,0,0,0,0,1,1,4.9908,4.9908,4.9908,4.9908,2.9084,7.0640,1719.0466,1728.5601,1626.1774,1739.7316,1199.7774,1043.5918,1,on,1,1.5000
1786346257.317186,1,1,,1734.0000,1719.0000,1634.0000,1760.0000,1183.0000,1011.0000,32.513,35.636,52.628,27.377,77.972,106.934,1719,1728,1621,1725,1238,1057,17,0,0,0,49,61,0,0,0,0,1,1,4.9908,4.9908,4.9908,4.9908,2.9084,7.0640,1719.0466,1728.5601,1626.1774,1739.7316,1199.7774,1043.5918,0,on,1,1.5000
1786346257.385062,1,1,,1735.0000,1716.0000,1639.0000,1750.0000,1191.0000,1017.0000,32.328,36.211,51.572,29.278,75.162,106.205,1720,1728,1621,1725,1231,1050,9,0,0,0,45,21,1,0,0,0,1,1,4.9908,4.9908,4.9908,4.9908,2.9084,7.0640,1719.0466,1728.5601,1626.1774,1739.7316,1199.7774,1043.5918,0,on,1,1.5000
1786346257.453031,1,1,,1731.0000,1723.0000,1637.0000,1746.0000,1177.0000,1015.0000,33.059,34.675,51.976,30.095,80.069,106.420,1720,1728,1621,1729,1225,1049,0,0,0,0,47,53,1,0,0,0,1,1,4.9908,4.9908,4.9908,4.9908,2.9084,7.0640,1719.0466,1728.5601,1626.1774,1739.7316,1199.7774,1043.5918,0,on,1,1.5000
1786346257.517091,1,1,,1743.0000,1733.0000,1645.0000,1755.0000,1180.0000,1020.0000,30.667,32.711,50.354,28.310,79.131,105.746,1720,1728,1621,1735,1220,1043,0,0,0,0,40,42,1,0,0,0,1,1,4.9908,4.9908,4.9908,4.9908,2.9084,7.0640,1719.0466,1728.5601,1626.1774,1739.7316,1199.7774,1043.5918,0,on,1,1.5000
1786346257.584937,1,1,,1742.0000,1732.0000,1659.0000,1765.0000,1178.0000,1000.0000,30.880,32.924,47.653,26.419,79.926,108.585,1720,1728,1621,1738,1214,1043,0,0,0,0,44,0,1,0,0,0,1,1,4.9908,4.9908,4.9908,4.9908,2.9084,7.0640,1719.0466,1728.5601,1633.9857,1739.7316,1194.2502,1031.1338,1,on,1,1.5000
1786346257.653162,1,1,,1719.0000,1711.0000,1656.0000,1762.0000,1170.0000,1010.0000,35.464,37.051,48.172,26.866,82.672,107.082,1720,1728,1627,1742,1207,1042,0,0,14,0,39,61,1,0,0,1,1,1,4.9908,4.9908,4.9908,4.9908,2.9084,7.0640,1719.0466,1728.5601,1633.9857,1739.7316,1194.2502,1031.1338,0,on,1,1.5000
1786346257.722196,1,1,,1716.0000,1702.0000,1667.0000,1771.0000,1159.0000,1017.0000,36.095,38.964,45.899,25.087,86.136,106.149,1720,1728,1632,1742,1201,1039,0,0,0,0,55,50,1,0,1,1,1,1,4.9908,4.9908,4.9908,4.9908,2.9084,7.0640,1719.0466,1728.5601,1633.9857,1747.8724,1188.9317,1031.1338,1,on,1,1.5000
1786346257.785067,1,1,,1721.0000,1708.0000,1672.0000,1777.0000,1150.0000,1002.0000,35.072,37.677,44.974,23.912,89.528,108.335,1720,1728,1632,1741,1197,1034,0,0,0,0,0,72,1,0,1,0,1,1,4.9908,4.9908,4.9908,4.9908,2.9084,7.0640,1719.0466,1728.5601,1642.2595,1747.8724,1184.5081,1031.1338,1,on,1,1.5000
1786346257.853069,1,1,,1728.0000,1718.0000,1668.0000,1759.0000,1159.0000,1016.0000,33.752,35.839,45.816,27.493,86.332,106.304,1720,1729,1636,1748,1193,1033,0,0,13,18,56,49,1,1,0,0,1,1,4.9908,4.9908,4.9908,4.9908,2.9084,7.0640,1719.0466,1728.5601,1642.2595,1747.8724,1184.5081,1031.1338,0,on,1,1.5000
1786346257.917064,1,1,,1723.0000,1716.0000,1666.0000,1754.0000,1167.0000,1038.0000,34.666,36.176,46.155,28.492,83.701,103.142,1720,1729,1640,1749,1187,1033,0,0,9,0,0,56,1,1,0,1,1,1,4.9908,4.9908,4.9908,4.9908,2.9084,7.0640,1719.0466,1728.5601,1642.2595,1747.8724,1184.5081,1031.1338,0,on,1,1.5000
1786346257.984853,1,1,,1732.0000,1722.0000,1660.0000,1729.0000,1176.0000,1132.0000,32.860,34.963,47.440,33.644,80.332,89.907,1720,1729,1640,1749,1186,1033,0,0,0,0,24,56,1,1,0,1,1,1,4.9908,4.9908,4.9908,4.9908,2.9084,7.0640,1719.0466,1728.5601,1642.2595,1747.8724,1184.5081,1045.8292,1,on,1,1.5000
1786346258.053094,1,1,,1754.0000,1724.0000,1677.0000,1718.0000,1236.0000,1221.0000,28.474,34.558,44.036,35.684,59.880,77.224,1720,1729,1640,1749,1185,1030,0,0,0,0,17,45,1,1,0,1,1,0,4.9908,4.9908,4.9908,4.9908,2.9084,7.0640,1727.9748,1728.5601,1650.2098,1747.8724,1184.5081,1099.6217,1,on,1,1.5000
1786346258.117078,1,1,,1730.0000,1715.0000,1716.0000,1710.0000,1328.0000,1280.0000,33.286,36.266,36.179,37.377,28.143,68.879,1720,1729,1645,1749,1185,1042,12,0,13,0,0,84,0,1,0,1,1,0,4.9908,4.9908,4.9908,4.9908,2.9084,7.0640,1727.9748,1728.5601,1660.0877,1747.8724,1221.4871,1161.8375,1,on,1,1.5000
1786346258.185064,1,1,,1756.0000,1696.0000,1697.0000,1677.0000,1344.0000,1363.0000,28.109,40.127,39.928,43.942,22.551,57.134,1726,1729,1650,1749,1185,1088,24,0,27,0,0,30,0,1,0,1,0,0,4.9908,4.9908,4.9908,4.9908,2.9084,7.0640,1727.9748,1719.8199,1660.0877,1732.6923,1255.2985,1238.1697,1,on,1,1.5000
1786346258.253073,1,1,,1777.0000,1677.0000,1683.0000,1675.0000,1338.0000,1487.0000,23.892,43.994,42.836,44.331,24.909,39.580,1728,1729,1659,1749,1189,1134,0,17,12,0,56,78,1,1,0,1,0,0,4.9908,4.9908,4.9908,4.9908,2.9084,7.0640,1735.8841,1719.8199,1660.0877,1723.1859,1275.2713,1343.2199,1,on,1,1.5000
1786346258.317056,1,1,,1766.0000,1666.0000,1685.0000,1675.0000,1334.0000,1549.0000,26.055,46.200,42.443,44.447,26.297,30.780,1728,1726,1660,1749,1197,1184,12,15,0,30,47,98,0,1,1,1,0,0,4.9908,4.9908,4.9908,4.9908,2.9084,7.0640,1735.8841,1708.5017,1668.1989,1723.1859,1286.8096,1426.6996,1,on,1,1.5000
1786346258.390282,1,1,,1760.0000,1646.0000,1675.0000,1670.0000,1331.0000,1530.0000,27.379,50.123,44.342,45.278,27.133,33.503,1735,1724,1660,1738,1205,1245,23,38,19,26,33,68,0,1,0,1,0,0,4.9908,4.9908,4.9908,4.9908,2.9084,7.0640,1735.8841,1698.2942,1668.1989,1709.1262,1294.0023,1460.2129,1,on,1,1.5000
1786346258.453012,1,1,,1751.0000,1650.0000,1674.0000,1672.0000,1326.0000,1566.0000,29.229,49.286,44.489,44.921,28.973,28.440,1736,1712,1667,1728,1212,1296,0,68,0,22,29,75,1,1,0,1,0,0,4.9908,4.9908,4.9908,4.9908,2.9084,7.0640,1735.8841,1698.2942,1668.1989,1709.1262,1294.0023,1490.0340,1,on,1,1.5000
1786346258.517064,1,1,,1754.0000,1636.0000,1666.0000,1670.0000,1323.0000,1568.0000,28.479,52.193,46.231,45.412,29.748,28.149,1736,1704,1667,1722,1217,1339,0,18,0,23,27,102,1,1,0,1,0,0,4.9908,4.9908,4.9908,4.9908,2.9084,7.0640,1735.8841,1682.3153,1668.1989,1700.2400,1300.6851,1508.8041,1,on,1,1.5000
1786346258.584872,1,1,,1761.0000,1640.0000,1672.0000,1665.0000,1324.0000,1529.0000,27.036,51.366,44.995,46.294,29.484,33.676,1736,1701,1667,1717,1223,1393,0,33,0,0,28,84,1,1,0,1,0,0,4.9908,4.9908,4.9908,4.9908,2.9084,7.0640,1743.7017,1682.3153,1668.1989,1700.2400,1300.6851,1508.8041,1,on,1,1.5000
1786346258.725204,1,1,,1755.0000,1626.0000,1652.0000,1653.0000,1329.0000,1509.0000,28.275,54.131,48.983,48.852,27.992,36.468,1741,1688,1669,1713,1235,1494,45,19,0,16,41,17,0,1,1,1,0,0,4.9908,4.9908,4.9908,4.9908,2.9084,7.0640,1743.7017,1668.7318,1668.1989,1690.4988,1305.3306,1508.8041,1,on,1,1.5000
1786346258.765059,1,1,,1743.0000,1624.0000,1649.0000,1653.0000,1328.0000,1501.0000,30.826,54.584,49.539,48.768,28.023,37.695,1741,1686,1669,1709,1238,1496,22,17,0,0,36,41,0,1,1,1,0,0,4.9908,4.9908,4.9908,4.9908,2.9084,7.0640,1743.7017,1668.7318,1668.1989,1690.4988,1305.3306,1508.8041,0,on,1,1.5000
1786346258.809039,1,1,,1752.0000,1633.0000,1647.0000,1647.0000,1332.0000,1465.0000,28.983,52.784,49.883,49.904,26.722,42.766,1741,1682,1669,1706,1243,1500,28,18,0,0,31,0,0,1,1,1,0,0,4.9908,4.9908,4.9908,4.9908,2.9084,7.0640,1743.7017,1660.1952,1668.1989,1682.1943,1305.3306,1508.8041,1,on,1,1.5000
1786346258.853080,1,1,,1784.0000,1648.0000,1655.0000,1659.0000,1334.0000,1459.0000,22.596,49.687,48.296,47.667,26.160,43.641,1741,1681,1669,1704,1247,1502,38,20,0,37,37,27,0,1,1,1,0,0,4.9908,4.9908,4.9908,4.9908,2.9084,7.0640,1743.7017,1660.1952,1668.1989,1682.1943,1310.9603,1508.8041,1,on,1,1.5000
1786346258.916891,1,1,,1766.0000,1634.0000,1644.0000,1649.0000,1331.0000,1492.0000,26.117,52.627,50.503,49.524,26.989,38.934,1742,1676,1669,1695,1253,1507,39,16,0,50,29,22,0,1,1,1,0,0,4.9908,4.9908,4.9908,4.9908,2.9084,7.0640,1743.7017,1660.1952,1668.1989,1682.1943,1310.9603,1508.8041,0,on,1,1.5000
1786346258.985078,1,1,,1745.0000,1623.0000,1640.0000,1644.0000,1335.0000,1491.0000,30.436,54.766,51.407,50.669,25.794,39.035,1744,1675,1669,1690,1259,1508,47,0,0,33,31,0,0,1,1,1,0,1,4.9908,4.9908,4.9908,4.9908,2.9084,7.0640,1743.7017,1660.1952,1668.1989,1672.6710,1310.9603,1508.8041,1,on,1,1.5000
1786346259.053057,1,1,,1732.0000,1613.0000,1641.0000,1658.0000,1328.0000,1502.0000,32.961,56.721,51.095,47.761,28.248,37.441,1745,1675,1669,1683,1265,1508,0,0,0,41,36,0,1,1,1,1,0,1,4.9908,4.9908,4.9908,4.9908,2.9084,7.0640,1743.7017,1648.2338,1659.9161,1672.6710,1315.6682,1508.8041,1,on,1,1.5000
1786346259.117013,1,1,,1729.0000,1600.0000,1631.0000,1644.0000,1335.0000,1513.0000,33.618,59.398,53.141,50.531,25.771,35.950,1745,1667,1669,1679,1271,1508,0,38,25,0,31,0,1,1,1,1,0,1,4.9908,4.9908,4.9908,4.9908,2.9084,7.0640,1743.7017,1648.2338,1659.9161,1672.6710,1315.6682,1508.8041,0,on,1,1.5000
1786346259.185049,1,1,,1741.0000,1611.0000,1636.0000,1658.0000,1334.0000,1504.0000,31.176,57.233,52.109,47.761,26.261,37.222,1745,1657,1662,1672,1277,1508,0,25,0,0,26,0,1,1,1,1,0,1,4.9908,4.9908,4.9908,4.9908,2.9084,7.0640,1743.7017,1638.0694,1659.9161,1672.6710,1315.6682,1508.8041,1,on,1,1.5000
1786346259.253059,1,1,,1744.0000,1602.0000,1631.0000,1648.0000,1331.0000,1497.0000,30.568,59.034,53.085,49.725,27.104,38.253,1745,1653,1662,1671,1283,1508,0,0,0,0,34,0,1,1,1,0,0,1,4.9908,4.9908,4.9908,4.9908,2.9084,7.0640,1743.7017,1638.0694,1659.9161,1672.6710,1315.6682,1508.8041,0,on,1,1.5000
1786346259.317016,1,1,,1738.0000,1617.0000,1645.0000,1661.0000,1334.0000,1505.0000,31.759,56.083,50.284,47.121,25.968,37.118,1745,1653,1662,1672,1289,1508,0,0,0,0,24,0,1,1,1,1,0,1,4.9908,4.9908,4.9908,4.9908,2.9084,7.0640,1743.7017,1638.0694,1659.9161,1672.6710,1315.6682,1508.8041,0,on,1,1.5000
1786346259.385068,1,1,,1745.0000,1615.0000,1642.0000,1641.0000,1335.0000,1488.0000,30.396,56.308,51.031,51.245,25.853,39.479,1745,1653,1659,1672,1295,1508,0,0,0,0,26,0,1,1,1,1,0,1,4.9908,4.9908,4.9908,4.9908,2.9084,7.0640,1743.7017,1638.0694,1652.1926,1664.4926,1320.9401,1508.8041,1,on,1,1.5000
1786346259.453032,1,1,,1752.0000,1622.0000,1641.0000,1645.0000,1333.0000,1480.0000,28.984,55.066,51.110,50.467,26.631,40.573,1745,1651,1659,1672,1302,1508,0,36,0,0,27,0,1,1,1,1,0,1,4.9908,4.9908,4.9908,4.9908,2.9084,7.0640,1743.7017,1630.4850,1652.1926,1664.4926,1320.9401,1508.8041,1,on,1,1.5000
1786346259.517100,1,1,,1765.0000,1629.0000,1645.0000,1649.0000,1329.0000,1492.0000,26.347,53.681,50.461,49.548,27.985,38.894,1745,1639,1658,1670,1306,1508,0,47,25,20,38,0,1,1,1,1,0,1,4.9908,4.9908,4.9908,4.9908,2.9084,7.0640,1743.7017,1630.4850,1652.1926,1664.4926,1320.9401,1508.8041,0,on,1,1.5000
1786346259.584905,1,1,,1755.0000,1624.0000,1655.0000,1665.0000,1326.0000,1525.0000,28.294,54.562,48.424,46.461,28.985,34.301,1745,1630,1655,1670,1313,1508,0,0,20,9,30,0,1,1,1,1,0,1,4.9908,4.9908,4.9908,4.9908,2.9084,7.0640,1743.7017,1630.4850,1652.1926,1664.4926,1320.9401,1508.8041,0,on,1,1.5000
1786346259.653058,1,1,,1749.0000,1625.0000,1647.0000,1648.0000,1323.0000,1539.0000,29.603,54.287,49.951,49.741,29.750,32.281,1745,1630,1655,1665,1316,1508,0,0,0,0,21,0,1,1,1,1,0,1,4.9908,4.9908,4.9908,4.9908,2.9084,7.0640,1743.7017,1630.4850,1652.1926,1664.4926,1320.9401,1508.8041,0,on,1,1.5000
1786346259.717025,1,1,,1754.0000,1624.0000,1646.0000,1659.0000,1324.0000,1550.0000,28.491,54.494,50.075,47.651,29.586,30.747,1745,1630,1655,1665,1319,1508,0,0,0,0,16,0,1,1,1,1,0,1,4.9908,4.9908,4.9908,4.9908,2.9084,7.0640,1743.7017,1630.4850,1652.1926,1664.4926,1320.9401,1508.8041,0,on,1,1.5000
1786346259.785095,1,1,,1755.0000,1614.0000,1639.0000,1652.0000,1325.0000,1540.0000,28.322,56.575,51.600,48.926,29.100,32.127,1745,1630,1655,1665,1319,1508,0,0,0,0,0,0,1,1,1,1,0,1,4.9908,4.9908,4.9908,4.9908,2.9084,7.0640,1743.7017,1630.4850,1652.1926,1664.4926,1320.9401,1508.8041,0,on,1,1.5000
1786346259.853044,1,1,,1730.0000,1605.0000,1636.0000,1644.0000,1329.0000,1551.0000,33.317,58.319,52.127,50.498,27.680,30.599,1745,1630,1654,1665,1319,1508,0,20,18,0,0,0,1,1,1,1,0,1,4.9908,4.9908,4.9908,4.9908,2.9084,7.0640,1743.7017,1630.4850,1652.1926,1664.4926,1320.9401,1508.8041,0,on,1,1.5000
1786346259.917058,1,1,,1728.0000,1607.0000,1626.0000,1630.0000,1327.0000,1508.0000,33.734,58.085,54.187,53.442,28.433,36.581,1745,1630,1653,1665,1319,1508,0,0,14,0,0,0,1,1,1,1,0,1,4.9908,4.9908,4.9908,4.9908,2.9084,7.0640,1743.7017,1630.4850,1652.1926,1664.4926,1320.9401,1508.8041,0,on,1,1.5000
1786346259.985154,1,1,,1741.0000,1615.0000,1638.0000,1642.0000,1326.0000,1486.0000,31.048,56.406,51.792,51.019,29.039,39.766,1745,1629,1652,1665,1319,1508,0,0,0,0,0,0,1,1,1,1,0,1,4.9908,4.9908,4.9908,4.9908,2.9084,7.0640,1743.7017,1630.4850,1652.1926,1656.2459,1320.9401,1508.8041,1,on,1,1.5000
1786346260.053116,1,1,,1745.0000,1624.0000,1644.0000,1647.0000,1326.0000,1498.0000,30.252,54.576,50.485,49.874,28.963,38.112,1745,1629,1652,1665,1319,1508,0,0,0,35,0,0,1,1,1,1,0,1,4.9908,4.9908,4.9908,4.9908,2.9084,7.0640,1743.7017,1630.4850,1652.1926,1656.2459,1320.9401,1508.8041,0,on,1,1.5000
1786346260.117062,1,1,,1742.0000,1616.0000,1631.0000,1639.0000,1327.0000,1509.0000,30.923,56.196,53.131,51.662,28.389,36.507,1745,1629,1652,1659,1319,1508,0,0,0,0,0,0,1,1,1,1,0,1,4.9908,4.9908,4.9908,4.9908,2.9084,7.0640,1743.7017,1630.4850,1652.1926,1656.2459,1320.9401,1508.8041,0,on,1,1.5000
1786346260.185110,1,1,,1741.0000,1619.0000,1637.0000,1648.0000,1330.0000,1498.0000,31.179,55.513,51.908,49.702,27.671,38.084,1745,1629,1653,1659,1319,1508,0,0,0,0,0,0,1,1,1,1,0,1,4.9908,4.9908,4.9908,4.9908,2.9084,7.0640,1743.7017,1630.4850,1652.1926,1656.2459,1320.9401,1508.8041,0,on,1,1.5000
1786346260.253090,1,1,,1740.0000,1624.0000,1636.0000,1645.0000,1329.0000,1498.0000,31.440,54.636,52.132,50.433,27.819,38.090,1745,1629,1652,1659,1319,1508,0,0,0,0,0,0,1,1,1,1,0,1,4.9908,4.9908,4.9908,4.9908,2.9084,7.0640,1743.7017,1630.4850,1652.1926,1656.2459,1320.9401,1508.8041,0,on,1,1.5000
1786346260.322221,1,1,,1765.0000,1636.0000,1653.0000,1657.0000,1332.0000,1470.0000,26.290,52.237,48.773,48.021,26.957,41.964,1745,1629,1653,1659,1319,1508,0,0,0,0,0,0,1,1,1,1,0,1,4.9908,4.9908,4.9908,4.9908,2.9084,7.0640,1743.7017,1630.4850,1652.1926,1656.2459,1320.9401,1508.8041,0,on,1,1.5000
1786346260.385056,1,1,,1742.0000,1626.0000,1643.0000,1642.0000,1340.0000,1451.0000,30.958,54.112,50.799,51.072,24.073,44.734,1745,1629,1652,1659,1319,1508,0,0,0,9,0,0,1,1,1,1,0,1,4.9908,4.9908,4.9908,4.9908,2.9084,7.0640,1743.7017,1630.4850,1652.1926,1656.2459,1320.9401,1508.8041,0,on,1,1.5000
1786346260.453070,1,1,,1748.0000,1616.0000,1640.0000,1642.0000,1339.0000,1471.0000,29.735,56.253,51.400,50.919,24.362,41.871,1745,1629,1652,1657,1319,1508,0,0,0,0,0,0,1,1,1,1,0,1,4.9908,4.9908,4.9908,4.9908,2.9084,7.0640,1743.7017,1630.4850,1652.1926,1656.2459,1325.6223,1496.0932,1,on,1,1.5000
1786346260.517073,1,1,,1768.0000,1620.0000,1651.0000,1652.0000,1338.0000,1437.0000,25.654,55.354,49.204,48.906,24.818,46.692,1745,1629,1652,1657,1319,1508,0,0,0,0,0,25,1,1,1,1,0,1,4.9908,4.9908,4.9908,4.9908,2.9084,7.0640,1743.7017,1630.4850,1652.1926,1656.2459,1325.6223,1496.0932,0,on,1,1.5000
1786346260.585083,1,1,,1773.0000,1629.0000,1672.0000,1672.0000,1345.0000,1421.0000,24.757,53.586,44.875,44.870,22.422,49.008,1745,1629,1652,1657,1319,1505,0,0,0,0,0,40,1,1,1,1,0,1,4.9908,4.9908,4.9908,4.9908,2.9084,7.0640,1743.7017,1630.4850,1652.1926,1656.2459,1325.6223,1475.6731,1,on,1,1.5000
1786346260.653165,1,1,,1774.0000,1668.0000,1703.0000,1709.0000,1298.0000,1386.0000,24.577,45.849,38.821,37.639,38.641,53.957,1745,1629,1652,1657,1321,1496,0,0,0,0,0,0,1,1,1,1,0,1,4.9908,4.9908,4.9908,4.9908,2.9084,7.0640,1751.8106,1630.4850,1652.1926,1656.2459,1325.6223,1456.7120,1,on,1,1.5000
1786346260.716908,1,1,,1776.0000,1688.0000,1700.0000,1712.0000,1242.0000,1380.0000,24.141,41.801,39.287,36.926,57.852,54.808,1745,1629,1652,1657,1323,1485,0,0,0,0,18,47,0,1,1,1,0,1,4.9908,4.9908,4.9908,4.9908,2.9084,7.0640,1751.8106,1630.4850,1660.6971,1667.8673,1312.1495,1440.8711,1,on,1,1.5000
1786346260.785051,1,1,,1762.0000,1695.0000,1703.0000,1732.0000,1229.0000,1327.0000,26.970,40.394,38.685,33.029,62.230,62.242,1745,1630,1652,1657,1324,1469,0,0,16,27,0,65,0,1,0,0,1,1,4.9908,4.9908,4.9908,4.9908,2.9084,7.0640,1751.8106,1646.4562,1660.6971,1678.6681,1295.3877,1412.1394,1,on,1,1.5000
1786346260.853036,1,1,,1753.0000,1721.0000,1668.0000,1752.0000,1140.0000,1307.0000,28.732,35.199,45.812,28.855,93.495,65.109,1746,1629,1658,1667,1319,1450,60,0,9,10,61,73,0,0,0,0,1,1,4.9908,4.9908,4.9908,4.9908,2.9084,7.0640,1751.8106,1660.4443,1660.6971,1692.5178,1250.0122,1385.1163,1,on,1,1.5000
1786346260.917052,1,1,,1730.0000,1718.0000,1638.0000,1748.0000,1158.0000,1164.0000,33.246,35.767,51.764,29.808,86.543,85.319,1747,1630,1659,1677,1311,1422,39,62,0,16,68,97,0,0,0,0,1,1,4.9908,4.9908,4.9908,4.9908,2.9084,7.0640,1751.8106,1670.4251,1660.6971,1702.0123,1226.4609,1304.8916,1,on,1,1.5000
1786346260.985074,1,1,,1719.0000,1703.0000,1646.0000,1800.0000,1140.0000,1071.0000,35.629,38.778,50.079,19.397,96.349,98.443,1749,1650,1659,1690,1303,1395,45,19,0,47,53,58,0,0,0,0,1,1,4.9908,4.9908,4.9908,4.9908,2.9084,7.0640,1751.8106,1670.4251,1660.6971,1723.7480,1205.7099,1209.2206,1,on,1,1.5000
1786346261.053035,1,1,,1713.0000,1698.0000,1646.0000,1782.0000,1144.0000,1052.0000,36.848,39.747,50.173,22.985,91.487,101.128,1750,1655,1659,1703,1295,1347,55,15,0,41,36,104,0,0,0,0,1,1,4.9908,4.9908,4.9908,4.9908,2.9084,7.0640,1751.8106,1670.4251,1660.6971,1734.8064,1193.2630,1151.4174,1,on,1,1.5000
1786346261.117064,1,1,,1708.0000,1693.0000,1638.0000,1778.0000,1146.0000,1060.0000,37.664,40.842,51.766,23.734,90.677,100.008,1751,1656,1659,1715,1290,1292,61,0,0,20,36,105,0,0,0,0,1,1,4.9908,4.9908,4.9908,4.9908,2.9084,7.0640,1741.3070,1678.5594,1660.6971,1734.8064,1185.4541,1125.0328,1,on,1,1.5000
1786346261.185139,1,1,,1710.0000,1695.0000,1634.0000,1768.0000,1145.0000,1061.0000,37.253,40.447,52.676,25.798,91.091,99.986,1753,1666,1661,1721,1284,1234,19,36,0,13,35,89,1,0,1,0,1,1,4.9908,4.9908,4.9908,4.9908,2.9084,7.0640,1741.3070,1678.5594,1660.6971,1744.6663,1179.6069,1110.4183,1,on,1,1.5000
1786346261.253094,1,1,,1714.0000,1698.0000,1632.0000,1768.0000,1142.0000,1042.0000,36.614,39.825,53.066,25.761,92.026,102.652,1752,1675,1661,1731,1278,1182,44,16,0,16,41,122,1,0,1,0,1,1,4.9908,4.9908,4.9908,4.9908,2.9084,7.0640,1741.3070,1678.5594,1660.6971,1744.6663,1174.6962,1096.3752,1,on,1,1.5000
1786346261.317070,1,1,,1714.0000,1692.0000,1637.0000,1781.0000,1144.0000,1039.0000,36.638,40.996,52.030,23.121,91.392,103.072,1747,1676,1660,1738,1273,1137,58,0,0,23,43,107,1,0,1,0,1,1,4.9908,4.9908,4.9908,4.9908,2.9084,7.0640,1733.6792,1678.5594,1660.6971,1744.6663,1174.6962,1096.3752,1,on,1,1.5000
1786346261.385182,1,1,,1710.0000,1684.0000,1642.0000,1772.0000,1153.0000,1019.0000,37.313,42.643,51.002,24.852,88.510,105.836,1743,1676,1660,1742,1266,1110,0,0,0,0,41,46,1,0,1,0,1,1,4.9908,4.9908,4.9908,4.9908,2.9084,7.0640,1733.6792,1678.5594,1660.6971,1752.5613,1169.5917,1073.5311,1,on,1,1.5000
1786346261.453069,1,1,,1715.0000,1688.0000,1636.0000,1766.0000,1159.0000,1023.0000,36.375,41.758,52.105,26.047,86.370,105.240,1743,1676,1660,1746,1260,1099,33,0,0,35,51,56,1,0,1,0,1,1,4.9908,4.9908,4.9908,4.9908,2.9084,7.0640,1733.6792,1678.5594,1652.2561,1752.5613,1169.5917,1073.5311,1,on,1,1.5000
1786346261.517080,1,1,,1722.0000,1711.0000,1638.0000,1763.0000,1160.0000,1002.0000,34.936,37.250,51.801,26.777,85.990,108.244,1742,1676,1661,1750,1255,1089,0,0,18,0,45,33,1,0,1,0,1,1,4.9908,4.9908,4.9908,4.9908,2.9084,7.0640,1733.6792,1678.5594,1652.2561,1752.5613,1169.5917,1054.2703,1,on,1,1.5000
1786346261.585193,1,1,,1727.0000,1704.0000,1638.0000,1768.0000,1150.0000,1015.0000,34.011,38.512,51.744,25.752,89.296,106.481,1739,1676,1656,1750,1247,1077,39,0,0,8,35,46,1,0,1,0,1,1,4.9908,4.9908,4.9908,4.9908,2.9084,7.0640,1733.6792,1678.5594,1652.2561,1752.5613,1169.5917,1054.2703,0,on,1,1.5000
1786346261.653055,1,1,,1722.0000,1703.0000,1643.0000,1769.0000,1157.0000,1010.0000,34.851,38.808,50.815,25.494,87.063,107.102,1738,1676,1656,1751,1242,1072,26,0,20,9,50,33,1,0,1,0,1,1,4.9908,4.9908,4.9908,4.9908,2.9084,7.0640,1733.6792,1687.0660,1652.2561,1752.5613,1169.5917,1043.4365,1,on,1,1.5000
1786346261.717078,1,1,,1702.0000,1682.0000,1649.0000,1786.0000,1157.0000,1027.0000,38.918,42.933,49.634,22.138,87.009,104.722,1738,1681,1654,1752,1236,1066,31,35,15,12,41,66,1,0,1,0,1,1,4.9908,4.9908,4.9908,4.9908,2.9084,7.0640,1733.6792,1687.0660,1652.2561,1752.5613,1169.5917,1043.4365,0,on,1,1.5000
1786346261.785110,1,1,,1696.0000,1676.0000,1645.0000,1786.0000,1155.0000,1045.0000,40.179,44.199,50.378,22.217,87.737,102.234,1737,1688,1654,1754,1230,1055,34,0,0,0,41,0,1,1,1,1,1,1,4.9908,4.9908,4.9908,4.9908,2.9084,7.0640,1724.3637,1687.0660,1652.2561,1760.9681,1169.5917,1043.4365,1,on,1,1.5000
1786346261.853121,1,1,,1699.0000,1671.0000,1639.0000,1774.0000,1150.0000,1045.0000,39.521,45.140,51.496,24.563,89.288,102.156,1735,1688,1654,1754,1224,1050,25,0,8,13,48,26,1,1,1,0,1,1,4.9908,4.9908,4.9908,4.9908,2.9084,7.0640,1724.3637,1687.0660,1652.2561,1760.9681,1164.6207,1043.4365,1,on,1,1.5000
1786346261.917081,1,1,,1703.0000,1668.0000,1631.0000,1762.0000,1146.0000,1041.0000,38.755,45.837,53.155,26.998,90.875,102.788,1730,1688,1653,1759,1219,1048,39,0,19,0,46,51,1,1,1,0,1,1,4.9908,4.9908,4.9908,4.9908,2.9084,7.0640,1724.3637,1687.0660,1652.2561,1760.9681,1164.6207,1043.4365,0,on,1,1.5000
1786346261.985068,1,1,,1715.0000,1682.0000,1628.0000,1766.0000,1140.0000,1046.0000,36.407,42.894,53.840,26.069,92.801,102.007,1729,1688,1652,1759,1213,1043,23,0,0,8,54,0,1,1,1,0,1,1,4.9908,4.9908,4.9908,4.9908,2.9084,7.0640,1724.3637,1687.0660,1652.2561,1760.9681,1164.6207,1043.4365,0,on,1,1.5000
1786346262.053118,1,1,,1716.0000,1712.0000,1618.0000,1748.0000,1171.0000,1094.0000,36.052,36.907,55.812,29.739,82.128,95.268,1729,1688,1652,1760,1207,1043,26,0,0,0,52,0,1,1,1,0,1,1,4.9908,4.9908,4.9908,4.9908,2.9084,7.0640,1724.3637,1687.0660,1644.2341,1760.9681,1164.6207,1043.4365,1,on,1,1.5000
1786346262.117085,1,1,,1710.0000,1731.0000,1656.0000,1745.0000,1218.0000,1198.0000,37.366,33.047,48.172,30.271,66.052,80.485,1728,1688,1652,1760,1201,1043,29,0,0,11,50,0,1,1,1,0,1,1,4.9908,4.9908,4.9908,4.9908,2.9084,7.0640,1724.3637,1687.0660,1644.2341,1760.9681,1164.6207,1086.7942,1,on,1,1.5000
1786346262.185162,1,1,,1728.0000,1730.0000,1686.0000,1750.0000,1271.0000,1285.0000,33.836,33.329,42.229,29.361,47.704,68.211,1726,1688,1648,1760,1194,1042,27,0,22,22,42,75,1,1,1,0,1,0,4.9908,4.9908,4.9908,4.9908,2.9084,7.0640,1724.3637,1695.7788,1644.2341,1760.9681,1189.5622,1156.0419,1,on,1,1.5000
1786346262.253216,1,1,,1754.0000,1686.0000,1691.0000,1732.0000,1343.0000,1264.0000,28.591,42.185,41.200,33.023,23.182,71.131,1726,1689,1646,1763,1191,1091,0,26,0,0,0,56,1,0,1,1,1,0,4.9908,4.9908,4.9908,4.9908,2.9084,7.0640,1724.3637,1695.7788,1653.3410,1760.9681,1234.4031,1188.3195,1,on,1,1.5000
1786346262.317116,1,1,,1761.0000,1686.0000,1690.0000,1724.0000,1343.0000,1490.0000,27.116,42.177,41.403,34.518,23.187,39.241,1726,1694,1646,1763,1191,1138,0,19,17,0,19,85,1,0,0,1,0,0,4.9908,4.9908,4.9908,4.9908,2.9084,7.0640,1724.3637,1695.7788,1653.3410,1760.9681,1264.0793,1318.0921,1,on,1,1.5000
1786346262.385184,1,1,,1745.0000,1686.0000,1690.0000,1716.0000,1355.0000,1509.0000,30.319,42.086,41.272,36.135,18.915,36.518,1726,1695,1653,1763,1196,1193,0,0,0,0,54,77,1,1,1,1,0,0,4.9908,4.9908,4.9908,4.9908,2.9084,7.0640,1724.3637,1695.7788,1661.3219,1749.8919,1287.0076,1395.3896,1,on,1,1.5000
1786346262.458107,1,1,,1709.0000,1679.0000,1695.0000,1699.0000,1361.0000,1512.0000,37.532,43.568,40.364,39.468,16.962,36.097,1726,1695,1654,1763,1206,1248,0,0,0,55,40,76,1,1,0,1,0,0,4.9908,4.9908,4.9908,4.9908,2.9084,7.0640,1724.3637,1695.7788,1661.3219,1749.8919,1303.4091,1434.1243,1,on,1,1.5000
1786346262.517061,1,1,,1710.0000,1683.0000,1700.0000,1708.0000,1345.0000,1569.0000,37.274,42.698,39.427,37.732,22.337,28.074,1726,1695,1657,1757,1212,1289,0,0,13,0,33,84,1,1,0,1,0,0,4.9908,4.9908,4.9908,4.9908,2.9084,7.0640,1724.3637,1695.7788,1668.9193,1738.6683,1310.0959,1475.5355,1,on,1,1.5000
1786346262.585047,1,1,,1719.0000,1672.0000,1687.0000,1706.0000,1349.0000,1580.0000,35.622,45.057,41.885,38.077,20.821,26.456,1726,1695,1661,1753,1219,1342,0,0,0,0,26,93,1,1,0,1,0,0,4.9908,4.9908,4.9908,4.9908,2.9084,7.0640,1724.3637,1695.7788,1668.9193,1738.6683,1315.7445,1505.6082,1,on,1,1.5000
1786346262.653053,1,1,,1721.0000,1671.0000,1693.0000,1707.0000,1350.0000,1602.0000,35.052,45.218,40.837,37.957,20.609,23.274,1726,1696,1666,1749,1224,1394,0,0,0,20,33,78,1,1,0,1,0,0,4.9908,4.9908,4.9908,4.9908,2.9084,7.0640,1724.3637,1695.7788,1668.9193,1738.6683,1315.7445,1530.8047,1,on,1,1.5000
1786346262.717083,1,1,,1710.0000,1659.0000,1689.0000,1694.0000,1352.0000,1599.0000,37.406,47.515,41.626,40.470,20.024,23.721,1726,1696,1666,1745,1230,1435,0,0,0,0,31,91,1,1,0,1,0,0,4.9908,4.9908,4.9908,4.9908,2.9084,7.0640,1724.3637,1687.2635,1668.9193,1727.5405,1323.6759,1545.5607,1,on,1,1.5000
1786346262.790150,1,1,,1713.0000,1673.0000,1701.0000,1711.0000,1356.0000,1590.0000,36.721,44.830,39.108,37.166,18.414,25.079,1726,1696,1666,1744,1235,1489,0,0,0,8,28,80,1,1,0,1,0,0,4.9908,4.9908,4.9908,4.9908,2.9084,7.0640,1724.3637,1687.2635,1668.9193,1727.5405,1323.6759,1545.5607,0,on,1,1.5000
1786346262.853055,1,1,,1747.0000,1643.0000,1680.0000,1707.0000,1357.0000,1584.0000,29.962,50.815,43.363,37.875,18.321,25.935,1726,1696,1666,1742,1242,1533,0,23,0,11,33,0,1,1,0,1,0,0,4.9908,4.9908,4.9908,4.9908,2.9084,7.0640,1724.3637,1687.2635,1668.9193,1727.5405,1330.3715,1557.1546,1,on,1,1.5000
1786346262.917095,1,1,,1740.0000,1613.0000,1601.0000,1659.0000,1348.0000,1508.0000,31.349,56.687,59.222,47.529,21.416,36.633,1726,1695,1666,1742,1247,1544,0,32,0,30,37,52,1,1,0,1,0,0,4.9908,4.9908,4.9908,4.9908,2.9084,7.0640,1724.3637,1670.2897,1668.9193,1714.9672,1330.3715,1557.1546,1,on,1,1.5000
1786346262.985160,1,1,,1688.0000,1508.0000,1497.0000,1545.0000,1343.0000,1430.0000,41.852,77.913,79.998,70.407,23.019,47.753,1726,1686,1669,1734,1254,1552,0,23,0,26,24,27,1,1,1,1,0,0,4.9908,4.9908,4.9908,4.9908,2.9084,7.0640,1724.3637,1623.4162,1617.6521,1665.2975,1330.3715,1526.8625,1,on,1,1.5000
1786346263.053062,1,1,,1565.0000,1364.0000,1327.0000,1355.0000,1361.0000,1443.0000,66.389,106.641,114.030,108.550,16.679,45.901,1726,1674,1669,1720,1260,1556,0,81,71,57,27,0,1,1,1,1,0,1,4.9908,4.9908,4.9908,4.9908,2.9084,7.0640,1682.0857,1518.9549,1494.5682,1529.6766,1335.0524,1508.3534,1,on,1,1.5000
1786346263.117049,1,1,,1340.0000,1182.0000,1139.0000,1157.0000,1358.0000,1460.0000,111.451,143.126,151.805,148.237,17.912,43.508,1723,1635,1635,1687,1265,1556,89,84,93,87,29,98,1,1,1,1,0,1,4.9908,4.9908,4.9908,4.9908,2.9084,7.0640,1529.3454,1357.8923,1319.1083,1341.2289,1335.0524,1508.3534,1,on,1,1.5000
1786346263.185173,1,1,,1217.0000,1090.0000,1087.0000,1167.0000,1357.0000,1537.0000,136.143,161.576,162.105,146.148,18.254,32.479,1698,1593,1589,1642,1272,1523,95,96,86,67,27,13,1,1,1,1,0,1,4.9908,4.9908,4.9908,4.9908,2.9084,7.0640,1378.1623,1231.4992,1212.7492,1266.4880,1335.0524,1508.3534,1,on,1,1.5000
1786346263.253123,1,1,,1193.0000,1079.0000,1083.0000,1141.0000,1360.0000,1456.0000,140.919,163.718,162.966,151.339,17.236,44.041,1654,1551,1547,1601,1278,1514,110,68,75,48,28,19,1,1,1,1,0,1,4.9908,4.9908,4.9908,4.9908,2.9084,7.0640,1300.1121,1171.5474,1164.8420,1222.4090,1340.3358,1496.3299,1,on,1,1.5000
1786346263.317065,1,1,,1135.0000,1041.0000,1058.0000,1105.0000,1315.0000,1322.0000,152.581,171.438,168.065,158.500,32.687,63.041,1617,1522,1518,1568,1283,1508,93,76,71,43,28,32,1,1,1,1,0,1,4.9908,4.9908,4.9908,4.9908,2.9084,7.0640,1238.0069,1127.6890,1132.3600,1186.4794,1340.3358,1447.3743,1,on,1,1.5000
1786346263.385050,1,1,,1091.0000,1036.0000,1049.0000,1092.0000,1283.0000,1385.0000,161.302,172.439,169.771,161.090,43.630,54.063,1579,1488,1483,1534,1290,1496,95,83,78,67,27,42,1,1,1,1,0,1,4.9908,4.9908,4.9908,4.9908,2.9084,7.0640,1186.7617,1102.0082,1110.9362,1160.9981,1332.3385,1433.4733,1,on,1,1.5000
1786346263.453101,1,1,,1071.0000,1034.0000,1042.0000,1073.0000,1244.0000,1367.0000,165.473,177.892,171.228,165.004,57.198,56.634,1541,1455,1450,1500,1297,1480,94,88,70,49,24,37,1,1,1,1,0,1,4.9908,4.9908,4.9908,4.9908,2.9084,7.0640,1151.3288,1086.6151,1095.9344,1139.4482,1315.3056,1420.1325,1,on,1,1.5000
1786346263.517245,1,1,,1077.0000,1034.0000,1040.0000,1064.0000,1241.0000,1372.0000,164.263,179.323,171.684,166.888,58.133,55.862,1512,1425,1422,1471,1302,1472,87,73,66,46,24,21,1,1,1,1,0,1,4.9908,4.9908,4.9908,4.9908,2.9084,7.0640,1133.2812,1077.0107,1085.6840,1122.9721,1300.6649,1420.1325,1,on,1,1.5000
1786346263.585200,1,1,,1068.0000,1034.0000,1039.0000,1068.0000,1255.0000,1383.0000,166.045,179.754,171.812,166.015,53.288,54.374,1479,1394,1390,1441,1308,1471,92,81,89,77,31,18,1,1,1,1,0,1,4.9908,4.9908,4.9908,4.9908,2.9084,7.0640,1119.6062,1077.0107,1078.1884,1112.7363,1293.1366,1408.4007,1,on,1,1.5000
1786346263.653180,1,1,,1097.0000,1034.0000,1057.0000,1101.0000,1250.0000,1373.0000,160.155,175.230,168.226,159.314,54.985,55.803,1446,1361,1358,1406,1315,1469,72,92,77,55,28,21,1,1,1,1,0,1,4.9908,4.9908,4.9908,4.9908,2.9084,7.0640,1119.6062,1065.5090,1078.1884,1112.7363,1286.8145,1408.4007,1,on,1,1.5000
1786346263.717232,1,1,,1101.0000,1034.0000,1061.0000,1090.0000,1239.0000,1385.0000,159.290,175.781,167.394,161.645,58.709,54.096,1420,1333,1330,1378,1320,1469,96,83,84,68,29,19,1,1,1,1,0,1,4.9908,4.9908,4.9908,4.9908,2.9084,7.0640,1119.6062,1065.5090,1078.1884,1112.7363,1279.9046,1408.4007,1,on,1,1.5000
1786346263.785187,1,1,,1065.0000,1034.0000,1055.0000,1093.0000,1240.0000,1428.0000,166.519,177.335,168.539,161.035,58.510,47.956,1387,1303,1297,1346,1327,1467,94,87,85,61,28,17,1,1,1,1,0,1,4.9908,4.9908,4.9908,4.9908,2.9084,7.0640,1108.5696,1065.5090,1078.1884,1112.7363,1274.5011,1408.4007,1,on,1,1.5000
1786346263.853043,1,1,,1074.0000,1034.0000,1047.0000,1078.0000,1252.0000,1406.0000,164.693,176.533,170.097,164.020,54.421,51.139,1361,1272,1269,1318,1332,1466,96,78,92,74,25,0,1,1,1,1,0,1,4.9908,4.9908,4.9908,4.9908,2.9084,7.0640,1108.5696,1056.5346,1078.1884,1112.7363,1274.5011,1408.4007,1,on,1,1.5000
1786346263.917049,1,1,,1101.0000,1034.0000,1053.0000,1071.0000,1247.0000,1415.0000,159.398,174.062,169.063,165.369,55.933,49.795,1327,1239,1236,1287,1338,1466,97,88,85,75,35,0,1,1,1,1,0,1,4.9908,4.9908,4.9908,4.9908,2.9084,7.0640,1108.5696,1056.5346,1069.4223,1101.7803,1269.7876,1408.4007,1,on,1,1.5000
1786346263.985060,1,1,,1102.0000,1034.0000,1043.0000,1069.0000,1258.0000,1354.0000,159.230,174.662,170.914,165.737,52.337,58.403,1294,1203,1202,1252,1344,1466,111,74,97,67,43,0,1,1,1,1,0,1,4.9908,4.9908,4.9908,4.9908,2.9084,7.0640,1108.5696,1056.5346,1069.4223,1101.7803,1269.7876,1408.4007,0,on,1,1.5000
1786346264.053068,1,1,,1116.0000,1034.0000,1046.0000,1081.0000,1264.0000,1370.0000,156.276,174.404,170.484,163.291,50.335,56.175,1266,1176,1173,1225,1351,1466,97,105,87,81,30,0,1,1,1,1,0,1,4.9908,4.9908,4.9908,4.9908,2.9084,7.0640,1108.5696,1056.5346,1069.4223,1101.7803,1269.7876,1396.1820,1,on,1,1.5000
1786346264.117073,1,1,,1126.0000,1038.0000,1062.0000,1077.0000,1260.0000,1358.0000,154.380,171.967,167.131,164.164,51.479,57.830,1233,1140,1137,1189,1358,1466,111,115,110,82,30,0,1,1,1,1,0,1,4.9908,4.9908,4.9908,4.9908,2.9084,7.0640,1108.5696,1056.5346,1069.4223,1101.7803,1269.7876,1396.1820,0,on,1,1.5000
1786346264.185111,1,1,,1151.0000,1052.0000,1076.0000,1106.0000,1256.0000,1415.0000,149.263,169.119,164.441,158.299,52.998,49.855,1199,1104,1099,1154,1363,1466,117,135,111,75,41,0,1,1,1,1,0,1,4.9908,4.9908,4.9908,4.9908,2.9084,7.0640,1108.5696,1056.5346,1069.4223,1101.7803,1269.7876,1396.1820,0,on,1,1.5000
1786346264.253058,1,1,,1199.0000,1086.0000,1093.0000,1120.0000,1247.0000,1454.0000,139.677,162.473,161.077,155.532,55.961,44.221,1168,1072,1081,1125,1366,1466,115,0,51,79,19,0,1,1,1,1,0,1,4.9908,4.9908,4.9908,4.9908,2.9084,7.0640,1127.6151,1056.5346,1069.4223,1101.7803,1269.7876,1396.1820,1,on,1,1.5000
1786346264.317063,1,1,,1219.0000,1118.0000,1118.0000,1148.0000,1249.0000,1538.0000,135.698,155.906,155.870,149.933,55.415,32.378,1139,1066,1077,1110,1369,1466,0,0,26,24,21,0,1,1,1,1,0,1,4.9908,4.9908,4.9908,4.9908,2.9084,7.0640,1147.3947,1056.5346,1069.4223,1101.7803,1265.0467,1434.5297,1,on,1,1.5000
1786346264.385065,1,1,,1249.0000,1143.0000,1145.0000,1188.0000,1257.0000,1485.0000,129.803,151.002,150.638,141.978,52.765,39.943,1139,1062,1073,1107,1369,1466,8,21,23,0,0,0,0,1,1,1,0,1,4.9908,4.9908,4.9908,4.9908,2.9084,7.0640,1171.9804,1078.0067,1085.8735,1119.1063,1265.0467,1434.5297,1,on,1,1.5000
1786346264.453050,1,1,,1250.0000,1140.0000,1139.0000,1176.0000,1275.0000,1509.0000,129.563,151.578,151.730,144.395,46.459,36.506,1146,1061,1077,1106,1369,1466,35,0,19,0,0,0,0,0,0,0,0,1,4.9908,4.9908,4.9908,4.9908,2.9084,7.0640,1189.3276,1089.3171,1094.5368,1129.0489,1265.0467,1456.4321,1,on,1,1.5000
1786346264.517094,1,1,,1230.0000,1123.0000,1120.0000,1162.0000,1260.0000,1530.0000,133.479,154.977,155.602,147.053,51.693,33.503,1176,1063,1092,1110,1369,1466,35,25,9,16,0,0,0,0,0,0,0,1,4.9908,4.9908,4.9908,4.9908,2.9084,7.0640,1189.3276,1089.3171,1094.5368,1129.0489,1265.0467,1470.6995,1,on,1,1.5000
1786346264.585169,1,1,,1261.0000,1169.0000,1171.0000,1218.0000,1262.0000,1521.0000,127.319,145.719,145.312,135.907,51.046,34.826,1185,1073,1095,1117,1369,1466,0,11,0,0,0,0,0,0,1,0,0,0,4.9908,4.9908,4.9908,4.9908,2.9084,7.0640,1207.6126,1107.6209,1110.2428,1149.7594,1265.0467,1470.6995,1,on,1,1.5000
1786346264.653075,1,1,,1298.0000,1271.0000,1322.0000,1388.0000,1345.0000,1559.0000,119.824,125.343,115.170,101.812,22.303,29.467,1192,1078,1095,1126,1369,1466,16,28,0,27,0,0,0,0,0,0,0,0,4.9908,4.9908,4.9908,4.9908,2.9084,7.0640,1226.9210,1155.6802,1181.4427,1236.2217,1276.6502,1495.0083,1,on,1,1.5000
1786346264.717151,1,1,,1718.0000,1550.0000,1510.0000,1656.0000,1360.0000,1720.0000,35.682,69.438,77.501,48.144,17.089,6.578,1205,1109,1108,1154,1369,1466,39,64,57,43,38,32,0,0,0,0,1,0,4.9908,4.9908,4.9908,4.9908,2.9084,7.0640,1480.2138,1345.8635,1331.2024,1450.0102,1292.7326,1573.9079,1,on,1,1.5000
1786346264.785213,1,1,,1711.0000,1693.0000,1718.0000,1703.0000,1334.0000,1644.0000,37.089,40.762,35.652,38.822,25.989,17.329,1224,1149,1148,1193,1362,1492,57,59,61,53,64,74,0,0,0,0,1,0,4.9908,4.9908,4.9908,4.9908,2.9084,7.0640,1588.1071,1524.0153,1533.4192,1570.6048,1299.2176,1592.4443,1,on,1,1.5000
1786346264.853105,1,1,,1686.0000,1692.0000,1719.0000,1727.0000,1325.0000,1621.0000,42.194,40.858,35.495,34.026,29.361,20.580,1259,1189,1190,1231,1353,1544,72,58,66,42,61,112,0,0,0,0,1,0,4.9908,4.9908,4.9908,4.9908,2.9084,7.0640,1622.2267,1595.3851,1615.2496,1632.9028,1299.2176,1592.4443,1,on,1,1.5000
1786346264.917109,1,1,,1665.0000,1694.0000,1721.0000,1739.0000,1328.0000,1584.0000,46.357,40.531,35.203,31.607,28.290,25.910,1291,1221,1222,1260,1346,1580,73,54,49,37,53,0,0,0,0,0,1,0,4.9908,4.9908,4.9908,4.9908,2.9084,7.0640,1631.9489,1627.2808,1650.9888,1666.5323,1304.8476,1592.4443,1,on,1,1.5000
1786346264.985107,1,1,,1682.0000,1695.0000,1716.0000,1734.0000,1323.0000,1586.0000,43.006,40.406,36.086,32.474,29.980,25.628,1324,1253,1257,1293,1340,1585,67,67,56,48,53,0,0,0,0,0,1,0,4.9908,4.9908,4.9908,4.9908,2.9084,7.0640,1641.1461,1644.1245,1667.4241,1683.0870,1304.8476,1592.4443,1,on,1,1.5000
1786346265.053152,1,1,,1694.0000,1707.0000,1720.0000,1725.0000,1322.0000,1594.0000,40.630,38.023,35.323,34.354,30.355,24.489,1359,1287,1290,1330,1333,1585,57,66,58,25,46,38,0,0,0,0,1,0,4.9908,4.9908,4.9908,4.9908,2.9084,7.0640,1649.9991,1657.1263,1677.7106,1683.0870,1304.8476,1592.4443,1,on,1,1.5000
1786346265.117078,1,1,,1708.0000,1706.0000,1721.0000,1733.0000,1334.0000,1590.0000,37.843,38.093,35.179,32.731,26.033,25.027,1385,1315,1317,1352,1327,1591,75,49,50,63,39,30,0,0,0,0,1,0,4.9908,4.9908,4.9908,4.9908,2.9084,7.0640,1659.6438,1665.4034,1677.7106,1696.8999,1309.7558,1592.4443,1,on,1,1.5000
1786346265.185121,1,1,,1696.0000,1716.0000,1725.0000,1726.0000,1341.0000,1587.0000,40.104,36.248,34.298,34.059,23.853,25.510,1420,1348,1351,1387,1321,1591,58,57,55,38,40,28,0,0,0,0,1,0,4.9908,4.9908,4.9908,4.9908,2.9084,7.0640,1659.6438,1673.5274,1690.2434,1696.8999,1309.7558,1592.4443,1,on,1,1.5000
1786346265.253186,1,1,,1710.0000,1705.0000,1728.0000,1739.0000,1343.0000,1555.0000,37.447,38.313,33.748,31.473,23.103,30.032,1451,1381,1383,1420,1315,1592,63,55,59,29,42,0,0,0,0,0,1,1,4.9908,4.9908,4.9908,4.9908,2.9084,7.0640,1671.0352,1673.5274,1690.2434,1705.1800,1315.9280,1592.4443,1,on,1,1.5000
1786346265.317128,1,1,,1707.0000,1709.0000,1728.0000,1750.0000,1343.0000,1561.0000,38.034,37.593,33.718,29.273,23.132,29.169,1478,1405,1408,1444,1313,1592,68,64,59,49,16,0,0,0,0,0,0,1,4.9908,4.9908,4.9908,4.9908,2.9084,7.0640,1671.0352,1681.1131,1698.9523,1705.1800,1315.9280,1592.4443,1,on,1,1.5000
1786346265.385150,1,1,,1691.0000,1712.0000,1733.0000,1746.0000,1347.0000,1577.0000,41.215,37.011,32.709,30.149,21.703,26.912,1511,1439,1441,1479,1314,1592,63,63,64,37,12,0,0,0,0,0,0,1,4.9908,4.9908,4.9908,4.9908,2.9084,7.0640,1671.0352,1681.1131,1698.9523,1715.3662,1321.3695,1592.4443,1,on,1,1.5000
1786346265.453117,1,1,,1704.0000,1718.0000,1734.0000,1743.0000,1348.0000,1586.0000,38.549,35.749,32.485,30.737,21.218,25.642,1545,1474,1474,1512,1315,1592,68,50,54,43,0,0,0,0,0,0,0,1,4.9908,4.9908,4.9908,4.9908,2.9084,7.0640,1679.4403,1681.1131,1698.9523,1715.3662,1321.3695,1592.4443,1,on,1,1.5000
1786346265.517138,1,1,,1710.0000,1724.0000,1740.0000,1744.0000,1357.0000,1587.0000,37.292,34.631,31.356,30.449,18.373,25.503,1574,1500,1501,1539,1316,1592,68,59,54,51,11,0,0,0,0,0,0,1,4.9908,4.9908,4.9908,4.9908,2.9084,7.0640,1679.4403,1692.2824,1710.0000,1715.3662,1327.3742,1592.4443,1,on,1,1.5000
1786346265.585115,1,1,,1704.0000,1729.0000,1738.0000,1743.0000,1350.0000,1608.0000,38.520,33.511,31.659,30.713,20.774,22.503,1610,1532,1536,1575,1317,1592,77,68,52,45,23,0,0,0,0,0,0,1,4.9908,4.9908,4.9908,4.9908,2.9084,7.0640,1679.4403,1692.2824,1710.0000,1715.3662,1327.3742,1592.4443,0,on,1,1.5000
1786346265.653083,1,1,,1696.0000,1725.0000,1749.0000,1744.0000,1349.0000,1595.0000,40.145,34.253,29.538,30.615,20.992,24.293,1648,1568,1570,1609,1322,1592,73,61,62,64,13,0,0,0,0,0,0,1,4.9908,4.9908,4.9908,4.9908,2.9084,7.0640,1679.4403,1692.2824,1710.0000,1724.5528,1327.3742,1592.4443,1,on,1,1.5000
1786346265.717141,1,1,,1675.0000,1729.0000,1747.0000,1748.0000,1348.0000,1553.0000,44.331,33.540,29.896,29.786,21.397,30.280,1668,1598,1600,1644,1323,1592,26,65,64,44,22,0,0,0,0,0,0,1,4.9908,4.9908,4.9908,4.9908,2.9084,7.0640,1679.4403,1702.6506,1720.1429,1724.5528,1332.3132,1592.4443,1,on,1,1.5000
1786346265.785047,1,1,,1680.0000,1730.0000,1747.0000,1751.0000,1345.0000,1591.0000,43.437,33.324,29.839,29.233,22.292,24.846,1676,1636,1638,1680,1327,1592,15,64,51,46,21,0,0,0,0,0,0,1,4.9908,4.9908,4.9908,4.9908,2.9084,7.0640,1679.4403,1702.6506,1720.1429,1724.5528,1332.3132,1592.4443,0,on,1,1.5000
1786346265.852877,1,1,,1647.0000,1719.0000,1739.0000,1748.0000,1337.0000,1647.0000,49.890,35.573,31.605,29.807,25.235,17.014,1676,1673,1676,1715,1328,1592,0,64,56,0,0,0,0,0,0,0,0,1,4.9908,4.9908,4.9908,4.9908,2.9084,7.0640,1679.4403,1702.6506,1720.1429,1724.5528,1332.3132,1592.4443,0,on,1,1.5000
1786346265.917185,1,1,,1680.0000,1728.0000,1753.0000,1745.0000,1350.0000,1589.0000,43.350,33.693,28.769,30.242,20.644,25.220,1676,1693,1708,1719,1330,1592,0,20,0,0,0,0,0,0,0,0,0,1,4.9908,4.9908,4.9908,4.9908,2.9084,7.0640,1679.4403,1702.6506,1720.1429,1724.5528,1332.3132,1592.4443,0,on,1,1.5000
1786346265.985059,1,1,,1664.0000,1731.0000,1756.0000,1757.0000,1346.0000,1580.0000,46.642,33.141,28.158,28.020,22.020,26.420,1676,1701,1716,1720,1331,1592,0,15,13,0,0,0,0,0,0,0,0,1,4.9908,4.9908,4.9908,4.9908,2.9084,7.0640,1679.4403,1702.6506,1729.6387,1733.4058,1332.3132,1592.4443,1,on,1,1.5000
1786346266.053054,1,1,,1685.0000,1729.0000,1743.0000,1747.0000,1357.0000,1582.0000,42.261,33.450,30.669,29.868,18.122,26.158,1676,1702,1719,1732,1331,1592,0,0,35,16,0,0,0,0,0,0,0,1,4.9908,4.9908,4.9908,4.9908,2.9084,7.0640,1679.4403,1711.4631,1729.6387,1733.4058,1332.3132,1592.4443,1,on,1,1.5000
1786346266.117137,1,1,,1708.0000,1730.0000,1734.0000,1739.0000,1358.0000,1574.0000,37.710,33.244,32.635,31.506,17.925,27.365,1676,1707,1727,1735,1331,1592,0,18,0,0,0,0,0,0,0,1,0,1,4.9908,4.9908,4.9908,4.9908,2.9084,7.0640,1679.4403,1711.4631,1729.6387,1733.4058,1338.1941,1592.4443,1,on,1,1.5000
1786346266.190326,1,1,,1689.0000,1737.0000,1739.0000,1742.0000,1356.0000,1574.0000,41.484,31.919,31.544,30.949,18.636,27.341,1676,1710,1727,1735,1331,1592,18,13,0,0,0,0,0,0,0,1,0,1,4.9908,4.9908,4.9908,4.9908,2.9084,7.0640,1679.4403,1711.4631,1729.6387,1733.4058,1338.1941,1592.4443,0,on,1,1.5000
1786346266.253059,1,1,,1694.0000,1725.0000,1741.0000,1736.0000,1355.0000,1576.0000,40.549,34.417,31.089,32.115,18.832,27.000,1678,1710,1727,1735,1332,1592,0,0,0,0,14,0,0,0,0,1,0,1,4.9908,4.9908,4.9908,4.9908,2.9084,7.0640,1679.4403,1711.4631,1729.6387,1733.4058,1338.1941,1592.4443,0,on,1,1.5000
1786346266.317145,1,1,,1695.0000,1724.0000,1747.0000,1738.0000,1345.0000,1580.0000,40.362,34.462,29.962,31.714,22.195,26.405,1678,1711,1727,1735,1334,1592,9,15,0,0,0,0,0,0,0,1,0,1,4.9908,4.9908,4.9908,4.9908,2.9084,7.0640,1679.4403,1711.4631,1729.6387,1733.4058,1338.1941,1592.4443,0,on,1,1.5000
1786346266.385238,1,1,,1703.0000,1721.0000,1736.0000,1748.0000,1357.0000,1586.0000,38.708,35.119,32.226,29.793,18.186,25.579,1678,1712,1727,1735,1336,1592,0,16,8,0,19,0,0,1,0,1,0,1,4.9908,4.9908,4.9908,4.9908,2.9084,7.0640,1679.4403,1711.4631,1729.6387,1733.4058,1338.1941,1592.4443,0,on,1,1.5000
1786346266.453158,1,1,,1683.0000,1736.0000,1747.0000,1741.0000,1352.0000,1579.0000,42.677,32.197,30.027,31.183,20.027,26.625,1678,1712,1731,1735,1337,1592,0,0,12,0,0,0,0,1,1,1,0,1,4.9908,4.9908,4.9908,4.9908,2.9084,7.0640,1679.4403,1711.4631,1729.6387,1733.4058,1338.1941,1592.4443,0,on,1,1.5000
1786346266.517182,1,1,,1676.0000,1732.0000,1747.0000,1755.0000,1350.0000,1576.0000,44.161,32.923,30.011,28.351,20.563,27.010,1678,1712,1731,1735,1337,1592,0,0,0,0,0,0,0,1,1,1,0,1,4.9908,4.9908,4.9908,4.9908,2.9084,7.0640,1679.4403,1711.4631,1729.6387,1733.4058,1342.6396,1592.4443,1,on,1,1.5000
1786346266.585222,1,1,,1668.0000,1741.0000,1740.0000,1761.0000,1350.0000,1535.0000,45.700,31.110,31.400,27.033,20.565,32.860,1678,1712,1731,1735,1337,1592,0,0,0,0,0,0,0,1,1,1,0,1,4.9908,4.9908,4.9908,4.9908,2.9084,7.0640,1679.4403,1720.0460,1729.6387,1733.4058,1342.6396,1581.2784,1,on,1,1.5000
1786346266.653137,1,1,,1637.0000,1737.0000,1749.0000,1749.0000,1342.0000,1558.0000,52.039,31.951,29.504,29.634,23.546,29.573,1678,1712,1731,1735,1337,1592,0,30,0,0,0,16,0,0,1,1,0,1,4.9908,4.9908,4.9908,4.9908,2.9084,7.0640,1679.4403,1720.0460,1729.6387,1733.4058,1342.6396,1581.2784,0,on,1,1.5000
1786346266.717144,1,1,,1620.0000,1739.0000,1748.0000,1749.0000,1332.0000,1538.0000,55.360,31.470,29.815,29.561,26.830,32.455,1678,1722,1731,1735,1337,1592,0,0,0,0,0,41,0,1,1,1,0,1,4.9908,4.9908,4.9908,4.9908,2.9084,7.0640,1669.9224,1720.0460,1729.6387,1733.4058,1342.6396,1581.2784,1,on,1,1.5000
1786346266.785139,1,1,,1667.0000,1740.0000,1747.0000,1747.0000,1348.0000,1528.0000,45.977,31.413,29.872,29.896,21.414,33.862,1678,1722,1731,1735,1337,1581,0,0,0,0,0,0,1,1,1,1,0,1,4.9908,4.9908,4.9908,4.9908,2.9084,7.0640,1669.9224,1720.0460,1729.6387,1733.4058,1342.6396,1567.9796,1,on,1,1.5000
1786346266.853142,1,1,,1709.0000,1744.0000,1736.0000,1741.0000,1350.0000,1507.0000,37.456,30.618,32.070,31.196,20.704,36.754,1678,1722,1731,1735,1337,1577,0,0,0,0,0,35,1,1,1,1,0,1,4.9908,4.9908,4.9908,4.9908,2.9084,7.0640,1669.9224,1720.0460,1729.6387,1733.4058,1342.6396,1567.9796,0,on,1,1.5000
1786346266.989117,1,1,,1723.0000,1735.0000,1739.0000,1743.0000,1350.0000,1499.0000,34.838,32.441,31.545,30.822,20.493,37.864,1672,1722,1731,1735,1338,1571,23,0,0,0,24,0,1,1,1,1,0,1,4.9908,4.9908,4.9908,4.9908,2.9084,7.0640,1678.5843,1720.0460,1729.6387,1733.4058,1342.6396,1548.3143,1,on,1,1.5000
1786346267.033174,1,1,,1720.0000,1731.0000,1731.0000,1730.0000,1353.0000,1495.0000,35.349,33.080,33.198,33.393,19.724,38.484,1672,1722,1731,1735,1341,1571,0,0,0,0,0,35,0,1,1,1,0,1,4.9908,4.9908,4.9908,4.9908,2.9084,7.0640,1678.5843,1720.0460,1729.6387,1733.4058,1342.6396,1548.3143,0,on,1,1.5000
1786346267.077139,1,1,,1732.0000,1723.0000,1726.0000,1722.0000,1348.0000,1512.0000,33.039,34.730,34.176,34.967,21.259,36.115,,,,,,,,,,,,,,,,,,,4.9908,4.9908,4.9908,4.9908,2.9084,7.0640,1689.2167,1720.0460,1729.6387,1733.4058,1342.6396,1537.6596,1,on,,1.5000
1786346267.117122,1,1,,1726.0000,1717.0000,1731.0000,1734.0000,1347.0000,1516.0000,34.095,35.939,33.091,32.501,21.676,35.536,1674,1722,1731,1735,1341,1560,49,0,0,0,0,32,0,1,1,1,0,1,4.9908,4.9908,4.9908,4.9908,2.9084,7.0640,1689.2167,1720.0460,1729.6387,1733.4058,1342.6396,1537.6596,0,on,1,1.5000
1786346267.185113,1,1,,1737.0000,1713.0000,1732.0000,1733.0000,1347.0000,1508.0000,32.006,36.741,32.874,32.757,21.715,36.610,1690,1722,1731,1735,1341,1544,0,0,0,0,0,14,1,1,1,1,0,1,4.9908,4.9908,4.9908,4.9908,2.9084,7.0640,1700.0579,1720.0460,1729.6387,1733.4058,1342.6396,1537.6596,1,on,1,1.5000
1786346267.253109,1,1,,1756.0000,1667.0000,1701.0000,1680.0000,1345.0000,1493.0000,28.096,45.953,39.075,43.285,22.478,38.836,1691,1722,1731,1735,1341,1543,31,0,0,0,0,17,0,1,1,1,0,1,4.9908,4.9908,4.9908,4.9908,2.9084,7.0640,1708.9856,1720.0460,1729.6387,1733.4058,1342.6396,1537.6596,1,on,1,1.5000
1786346267.317181,1,1,,1738.0000,1652.0000,1682.0000,1646.0000,1334.0000,1478.0000,31.840,48.958,43.041,50.206,26.054,40.865,1704,1722,1731,1735,1341,1541,33,0,0,0,0,0,0,1,1,1,0,1,4.9908,4.9908,4.9908,4.9908,2.9084,7.0640,1708.9856,1706.9924,1729.6387,1715.2298,1342.6396,1520.8374,1,on,1,1.5000
1786346267.385206,1,1,,1734.0000,1665.0000,1702.0000,1665.0000,1337.0000,1490.0000,32.532,46.291,38.938,46.376,25.203,39.229,1709,1722,1731,1735,1341,1539,15,52,0,14,0,22,1,1,1,1,0,1,4.9908,4.9908,4.9908,4.9908,2.9084,7.0640,1708.9856,1706.9924,1729.6387,1706.8119,1342.6396,1520.8374,1,on,1,1.5000
1786346267.453107,1,1,,1737.0000,1680.0000,1712.0000,1669.0000,1339.0000,1465.0000,31.914,43.418,36.879,45.554,24.431,42.739,1709,1714,1731,1727,1341,1530,0,20,0,29,0,20,1,1,1,1,0,1,4.9908,4.9908,4.9908,4.9908,2.9084,7.0640,1716.6327,1698.6721,1729.6387,1706.8119,1342.6396,1509.7260,1,on,1,1.5000
1786346267.517157,1,1,,1705.0000,1687.0000,1734.0000,1679.0000,1351.0000,1397.0000,38.420,41.896,32.565,43.512,20.235,52.385,1709,1707,1731,1719,1341,1524,12,48,0,0,0,38,0,1,1,1,0,1,4.9908,4.9908,4.9908,4.9908,2.9084,7.0640,1716.6327,1698.6721,1729.6387,1699.1677,1342.6396,1484.2066,1,on,1,1.5000
1786346267.585274,1,1,,1510.0000,1571.0000,1700.0000,1692.0000,1351.0000,1340.0000,77.364,65.295,39.423,40.952,20.130,60.407,1715,1699,1731,1715,1341,1514,14,0,0,0,0,56,0,1,1,1,0,1,4.9908,4.9908,4.9908,4.9908,2.9084,7.0640,1655.0219,1669.1507,1721.6789,1699.1677,1342.6396,1442.3472,1,on,1,1.5000
1786346267.653232,1,1,,1393.0000,1370.0000,1752.0000,1709.0000,1339.0000,1315.0000,100.918,105.515,29.033,37.477,24.390,63.901,1715,1696,1731,1715,1341,1491,43,48,0,8,0,78,1,1,1,1,0,1,4.9908,4.9908,4.9908,4.9908,2.9084,7.0640,1548.4552,1545.0315,1721.6789,1699.1677,1342.6396,1404.9113,1,on,1,1.5000
1786346267.717134,1,1,,1409.0000,1335.0000,1783.0000,1712.0000,1348.0000,1338.0000,97.638,112.459,22.818,36.905,21.429,60.688,1690,1679,1731,1714,1341,1449,113,84,26,19,0,107,1,1,1,1,0,1,4.9908,4.9908,4.9908,4.9908,2.9084,7.0640,1499.7288,1459.8353,1731.2874,1699.1677,1342.6396,1389.6049,1,on,1,1.5000
1786346267.785136,1,1,,1376.0000,1294.0000,1792.0000,1734.0000,1338.0000,1379.0000,104.267,120.605,21.003,32.491,24.890,54.969,1631,1635,1730,1706,1341,1416,95,84,0,14,0,29,1,1,0,1,0,1,4.9908,4.9908,4.9908,4.9908,2.9084,7.0640,1460.5101,1397.4475,1741.0069,1699.1677,1342.6396,1389.6049,1,on,1,1.5000
1786346267.853233,1,1,,1358.0000,1265.0000,1797.0000,1766.0000,1344.0000,1405.0000,107.912,126.527,19.976,26.161,22.519,51.220,1590,1594,1730,1706,1341,1408,91,90,30,0,0,18,1,1,0,1,0,1,4.9908,4.9908,4.9908,4.9908,2.9084,7.0640,1431.8333,1353.3359,1750.1191,1711.9819,1342.6396,1389.6049,1,on,1,1.5000
1786346267.917125,1,1,,1350.0000,1249.0000,1808.0000,1788.0000,1341.0000,1440.0000,109.442,129.735,17.695,21.775,23.569,46.247,1556,1559,1735,1705,1342,1408,75,77,16,0,0,21,1,1,0,0,1,1,4.9908,4.9908,4.9908,4.9908,2.9084,7.0640,1412.2265,1323.5323,1759.6303,1725.9077,1342.6396,1389.6049,1,on,1,1.5000
1786346267.985286,1,1,,1347.0000,1248.0000,1824.0000,1784.0000,1347.0000,1452.0000,110.184,129.872,14.543,22.554,21.725,44.533,1523,1525,1741,1710,1342,1406,78,78,31,23,0,20,1,1,0,0,1,1,4.9908,4.9908,4.9908,4.9908,2.9084,7.0640,1398.6360,1305.3805,1771.0425,1736.1454,1342.6396,1402.4801,1,on,1,1.5000
1786346268.053199,1,1,,1340.0000,1238.0000,1825.0000,1819.0000,1344.0000,1423.0000,111.531,131.902,14.337,15.547,22.686,48.682,1489,1490,1756,1729,1342,1405,84,82,31,25,0,13,1,1,0,0,1,1,4.9908,4.9908,4.9908,4.9908,2.9084,7.0640,1387.7937,1291.3081,1780.0258,1753.0222,1342.6396,1402.4801,1,on,1,1.5000
1786346268.117150,1,1,,1352.0000,1226.0000,1833.0000,1808.0000,1344.0000,1421.0000,109.048,134.284,12.619,17.624,22.682,48.963,1461,1461,1762,1737,1342,1405,107,92,14,11,0,9,1,1,0,0,1,1,4.9908,4.9908,4.9908,4.9908,2.9084,7.0640,1387.7937,1278.7968,1788.4544,1762.7106,1342.6396,1402.4801,1,on,1,1.5000
1786346268.185180,1,1,,1342.0000,1223.0000,1833.0000,1802.0000,1342.0000,1469.0000,111.050,134.832,12.732,18.960,23.487,42.120,1428,1429,1768,1751,1342,1405,83,81,18,45,0,24,1,1,0,0,1,1,4.9908,4.9908,4.9908,4.9908,2.9084,7.0640,1377.1707,1268.9505,1788.4544,1762.7106,1342.6396,1415.1397,1,on,1,1.5000
1786346268.252938,1,1,,1350.0000,1222.0000,1832.0000,1805.0000,1340.0000,1472.0000,109.506,135.163,12.895,18.335,24.028,41.710,1396,1398,1773,1758,1342,1407,94,83,18,12,0,0,1,1,0,0,1,0,4.9908,4.9908,4.9908,4.9908,2.9084,7.0640,1377.1707,1268.9505,1799.8858,1773.2518,1342.6396,1415.1397,1,on,1,1.5000
1786346268.317003,1,1,,1348.0000,1213.0000,1825.0000,1802.0000,1342.0000,1460.0000,109.962,136.858,14.213,18.854,23.360,43.467,1387,1370,1781,1760,1342,1408,40,90,22,14,0,24,1,1,0,0,1,0,4.9908,4.9908,4.9908,4.9908,2.9084,7.0640,1377.1707,1254.3421,1799.8858,1773.2518,1342.6396,1428.8875,1,on,1,1.5000
1786346268.384959,1,1,,1350.0000,1213.0000,1823.0000,1797.0000,1342.0000,1442.0000,109.444,136.885,14.703,19.839,23.319,45.917,1384,1337,1785,1760,1342,1412,33,91,0,15,0,52,1,1,0,0,1,0,4.9908,4.9908,4.9908,4.9908,2.9084,7.0640,1369.6423,1254.3421,1799.8858,1773.2518,1342.6396,1428.8875,1,on,1,1.5000
1786346268.453130,1,1,,1339.0000,1204.0000,1823.0000,1788.0000,1342.0000,1441.0000,111.733,138.798,14.617,21.672,23.310,46.121,1375,1306,1785,1766,1342,1420,50,101,0,43,0,0,1,1,0,0,1,0,4.9908,4.9908,4.9908,4.9908,2.9084,7.0640,1369.6423,1242.3882,1799.8858,1773.2518,1342.6396,1428.8875,1,on,1,1.5000
1786346268.517109,1,1,,1332.0000,1200.0000,1812.0000,1794.0000,1341.0000,1393.0000,112.998,139.567,16.905,20.463,23.625,52.916,1372,1279,1785,1766,1342,1424,20,78,0,63,0,21,1,1,0,0,1,0,4.9908,4.9908,4.9908,4.9908,2.9084,7.0640,1369.6423,1242.3882,1799.8858,1773.2518,1342.6396,1428.8875,0,on,1,1.5000
1786346268.585118,1,1,,1333.0000,1196.0000,1808.0000,1803.0000,1346.0000,1351.0000,112.891,140.315,17.802,18.646,22.021,58.846,1372,1255,1785,1769,1342,1427,0,24,0,16,0,21,1,1,0,0,1,1,4.9908,4.9908,4.9908,4.9908,2.9084,7.0640,1359.7376,1231.3251,1799.8858,1781.6952,1342.6396,1415.6701,1,on,1,1.5000
1786346268.653088,1,1,,1340.0000,1210.0000,1812.0000,1809.0000,1342.0000,1347.0000,111.414,137.443,16.931,17.573,23.267,59.467,1371,1249,1785,1776,1342,1427,36,28,0,85,0,46,1,1,0,0,1,1,4.9908,4.9908,4.9908,4.9908,2.9084,7.0640,1359.7376,1231.3251,1799.8858,1781.6952,1342.6396,1403.2798,1,on,1,1.5000
1786346268.717013,1,1,,1347.0000,1216.0000,1813.0000,1811.0000,1344.0000,1325.0000,110.011,136.255,16.775,17.078,22.722,62.532,1368,1246,1785,1779,1342,1422,53,22,0,15,0,27,1,1,0,0,1,1,4.9908,4.9908,4.9908,4.9908,2.9084,7.0640,1359.7376,1231.3251,1799.8858,1781.6952,1342.6396,1387.8370,1,on,1,1.5000
1786346268.785195,1,1,,1352.0000,1213.0000,1818.0000,1811.0000,1340.0000,1324.0000,109.068,136.858,15.749,17.194,24.107,62.629,1364,1242,1785,1778,1342,1408,11,40,0,17,0,80,1,1,0,0,1,1,4.9908,4.9908,4.9908,4.9908,2.9084,7.0640,1359.7376,1231.3251,1799.8858,1781.6952,1342.6396,1375.7531,1,on,1,1.5000
1786346268.853074,1,1,,1335.0000,1204.0000,1802.0000,1801.0000,1333.0000,1354.0000,112.398,138.653,18.855,19.122,26.368,58.442,1364,1239,1785,1779,1342,1392,36,0,0,22,0,0,1,1,0,0,1,1,4.9908,4.9908,4.9908,4.9908,2.9084,7.0640,1359.7376,1231.3251,1799.8858,1789.6597,1342.6396,1375.7531,1,on,1,1.5000
1786346268.917074,1,1,,1357.0000,1222.0000,1820.0000,1803.0000,1334.0000,1335.0000,108.012,135.216,15.330,18.689,26.161,61.195,1361,1237,1785,1779,1342,1382,27,25,18,30,0,21,1,1,0,0,1,1,4.9908,4.9908,4.9908,4.9908,2.9084,7.0640,1359.7376,1231.3251,1807.6894,1789.6597,1342.6396,1375.7531,1,on,1,1.5000
1786346268.985087,1,1,,1369.0000,1249.0000,1834.0000,1817.0000,1331.0000,1405.0000,105.669,129.676,12.584,15.933,27.109,51.226,1359,1235,1787,1779,1342,1380,0,26,0,45,0,17,1,1,1,0,1,1,4.9908,4.9908,4.9908,4.9908,2.9084,7.0640,1359.7376,1231.3251,1807.6894,1789.6597,1342.6396,1375.7531,0,on,1,1.5000
1786346269.058234,1,1,,1520.0000,1436.0000,1757.0000,1759.0000,1333.0000,1297.0000,75.449,92.197,27.985,27.518,26.301,66.557,1359,1234,1787,1781,1342,1378,0,0,0,0,0,0,1,1,1,0,1,1,4.9908,4.9908,4.9908,4.9908,2.9084,7.0640,1398.5229,1290.9215,1807.6894,1789.6597,1342.6396,1360.2416,1,on,1,1.5000
1786346269.117050,1,1,,1685.0000,1642.0000,1725.0000,1761.0000,1345.0000,1415.0000,42.336,50.928,34.320,27.101,22.419,49.804,1359,1234,1787,1782,1342,1378,36,39,0,0,0,0,0,0,1,1,1,1,4.9908,4.9908,4.9908,4.9908,2.9084,7.0640,1513.8156,1450.0265,1791.7161,1789.6597,1342.6396,1360.2416,1,on,1,1.5000
1786346269.184906,1,1,,1760.0000,1666.0000,1737.0000,1738.0000,1339.0000,1496.0000,27.365,46.237,31.916,31.672,24.534,38.315,1381,1257,1787,1782,1342,1378,85,74,0,0,0,0,0,0,1,1,1,1,4.9908,4.9908,4.9908,4.9908,2.9084,7.0640,1621.6715,1545.0766,1782.4716,1781.8133,1342.6396,1394.6394,1,on,1,1.5000
