t,seen,trust,why,tgt_pinky,tgt_ring,tgt_middle,tgt_index,tgt_thumb_bend,tgt_thumb_rot,curl_pinky,curl_ring,curl_middle,curl_index,thumb_flexion,opposition,ang_pinky,ang_ring,ang_middle,ang_index,ang_thumb_bend,ang_thumb_rot,cur_pinky,cur_ring,cur_middle,cur_index,cur_thumb_bend,cur_thumb_rot,sta_pinky,sta_ring,sta_middle,sta_index,sta_thumb_bend,sta_thumb_rot,gain_pinky,gain_ring,gain_middle,gain_index,gain_thumb_bend,gain_thumb_rot,sent_pinky,sent_ring,sent_middle,sent_index,sent_thumb_bend,sent_thumb_rot,sent,mode,applying,deg
1786346122.985604,1,1,,1420.0000,1375.0000,1304.0000,1342.0000,1255.0000,1850.0000,95.471,104.516,118.791,111.101,53.385,-55.956,1636,1664,1689,1677,1325,1615,0,0,0,0,0,0,2,2,2,2,2,2,4.9908,4.9908,4.9908,4.9908,2.9084,7.0640,1420.0000,1375.0000,1304.0000,1342.0000,1255.0000,1850.0000,0,on,1,1.5000
1786346123.017049,1,0,handedness unsure,1311.0000,1235.0000,1034.0000,1224.0000,1277.0000,1850.0000,117.393,132.444,179.157,134.705,45.673,-104.894,1636,1664,1689,1677,1325,1615,0,0,0,0,0,0,2,2,2,2,2,2,4.9908,4.9908,4.9908,4.9908,2.9084,7.0640,1404.8814,1351.2761,1229.0423,1324.5521,1255.0000,1850.0000,0,on,1,1.5000
1786346123.086596,1,0,hand looks flipped,1306.0000,1034.0000,1034.0000,1156.0000,1275.0000,1850.0000,118.303,201.992,202.268,148.402,46.384,-123.163,1636,1664,1689,1677,1325,1615,0,0,0,0,0,0,2,2,2,2,2,2,4.9908,4.9908,4.9908,4.9908,2.9084,7.0640,1380.1310,1210.6705,1148.8247,1269.8650,1255.0000,1850.0000,0,on,1,1.5000
1786346123.152201,1,0,handedness unsure,1334.0000,1199.0000,1078.0000,1229.0000,1276.0000,1850.0000,112.606,139.775,164.041,133.643,46.055,-101.603,1636,1664,1689,1677,1325,1615,0,0,0,0,0,0,2,2,2,2,2,2,4.9908,4.9908,4.9908,4.9908,2.9084,7.0640,1371.5558,1210.6705,1128.1061,1261.1019,1255.0000,1850.0000,0,on,1,1.5000
1786346123.219307,1,0,handedness unsure,1393.0000,1264.0000,1160.0000,1252.0000,1260.0000,1850.0000,100.876,126.712,147.550,129.070,51.426,-105.796,1636,1664,1689,1677,1325,1615,0,0,0,0,0,0,2,2,2,2,2,2,4.9908,4.9908,4.9908,4.9908,2.9084,7.0640,1371.5558,1210.6705,1128.1061,1261.1019,1255.0000,1850.0000,0,on,1,1.5000
1786346123.284219,1,0,handedness unsure,1426.0000,1137.0000,1034.0000,1142.0000,1242.0000,1850.0000,94.302,152.131,179.797,151.190,57.796,-117.619,1636,1664,1689,1677,1325,1615,0,0,0,0,0,0,2,2,2,2,2,2,4.9908,4.9908,4.9908,4.9908,2.9084,7.0640,1371.5558,1199.1249,1112.2570,1233.3068,1255.0000,1850.0000,0,on,1,1.5000
1786346123.352059,1,0,handedness unsure,1455.0000,1059.0000,1034.0000,1237.0000,1266.0000,1850.0000,88.487,167.776,197.848,132.137,49.659,-119.633,1636,1664,1689,1677,1325,1615,0,0,0,0,0,0,2,2,2,2,2,2,4.9908,4.9908,4.9908,4.9908,2.9084,7.0640,1391.1731,1162.7603,1096.1670,1233.3068,1255.0000,1850.0000,0,on,1,1.5000
1786346123.416015,1,0,handedness unsure,1397.0000,1233.0000,1087.0000,1142.0000,1242.0000,1850.0000,99.977,132.978,162.186,151.142,57.840,-127.440,1636,1664,1689,1677,1325,1615,0,0,0,0,0,0,2,2,2,2,2,2,4.9908,4.9908,4.9908,4.9908,2.9084,7.0640,1391.1731,1162.7603,1096.1670,1216.3266,1255.0000,1850.0000,0,on,1,1.5000
1786346123.484188,1,0,handedness unsure,1453.0000,1056.0000,1034.0000,1180.0000,1277.0000,1850.0000,88.890,168.349,207.244,143.586,45.837,-120.615,1636,1664,1689,1677,1325,1615,0,0,0,0,0,0,2,2,2,2,2,2,4.9908,4.9908,4.9908,4.9908,2.9084,7.0640,1400.6992,1144.7085,1085.7336,1216.3266,1255.0000,1850.0000,0,on,1,1.5000
1786346123.552109,1,1,,1407.0000,1165.0000,1034.0000,1085.0000,1254.0000,1850.0000,98.138,146.617,203.041,162.666,53.642,-114.054,1636,1664,1689,1677,1325,1615,0,0,0,0,0,0,2,2,2,2,2,2,4.9908,4.9908,4.9908,4.9908,2.9084,7.0640,1400.6992,1144.7085,1077.7415,1179.9987,1255.0000,1850.0000,0,on,1,1.5000
1786346123.616158,1,0,handedness unsure,1438.0000,1138.0000,1034.0000,1128.0000,1262.0000,1850.0000,91.909,151.959,196.198,153.868,51.005,-124.308,1636,1664,1689,1677,1325,1615,0,0,0,0,0,0,2,2,2,2,2,2,4.9908,4.9908,4.9908,4.9908,2.9084,7.0640,1400.6992,1144.7085,1077.7415,1170.1311,1255.0000,1850.0000,1,on,1,1.5000
1786346123.684187,1,0,handedness unsure,1450.0000,1145.0000,1034.0000,1171.0000,1257.0000,1850.0000,89.443,150.624,188.177,145.309,52.685,-124.549,1636,1664,1689,1677,1325,1617,78,70,68,79,20,122,1,1,1,1,1,0,4.9908,4.9908,4.9908,4.9908,2.9084,7.0640,1410.8126,1144.7085,1066.6312,1170.1311,1255.0000,1850.0000,1,on,1,1.5000
1786346123.751974,1,0,handedness unsure,1430.0000,1180.0000,1034.0000,1116.0000,1257.0000,1850.0000,93.508,143.590,183.355,156.353,52.707,-117.003,1606,1629,1654,1642,1321,1663,100,95,89,57,64,95,1,1,1,1,1,0,4.9908,4.9908,4.9908,4.9908,2.9084,7.0640,1410.8126,1144.7085,1066.6312,1170.1311,1255.0000,1850.0000,0,on,1,1.5000
1786346123.816111,1,0,handedness unsure,1437.0000,1229.0000,1073.0000,1183.0000,1268.0000,1850.0000,92.152,133.671,164.966,142.905,48.938,-116.679,1558,1584,1605,1595,1311,1729,101,89,76,55,65,100,1,1,1,1,1,0,4.9908,4.9908,4.9908,4.9908,2.9084,7.0640,1410.8126,1161.6299,1066.6312,1170.1311,1255.0000,1850.0000,1,on,1,1.5000
1786346123.884112,1,0,handedness unsure,1450.0000,1235.0000,1065.0000,1177.0000,1268.0000,1850.0000,89.410,132.504,166.575,144.128,48.867,-110.653,1525,1550,1571,1562,1305,1776,73,93,82,73,51,119,1,1,1,1,1,0,4.9908,4.9908,4.9908,4.9908,2.9084,7.0640,1418.6096,1175.5574,1066.6312,1170.1311,1255.0000,1850.0000,1,on,1,1.5000
1786346123.952091,1,0,handedness unsure,1434.0000,1226.0000,1034.0000,1146.0000,1260.0000,1850.0000,92.576,134.367,175.710,150.285,51.430,-113.018,1489,1514,1536,1526,1297,1828,82,79,91,47,42,9,1,1,1,1,1,0,4.9908,4.9908,4.9908,4.9908,2.9084,7.0640,1418.6096,1183.9620,1066.6312,1170.1311,1255.0000,1850.0000,1,on,1,1.5000
1786346124.016053,1,0,handedness unsure,1431.0000,1132.0000,1034.0000,1140.0000,1274.0000,1850.0000,93.166,153.190,190.481,151.550,46.852,-113.942,1456,1479,1501,1491,1291,1828,98,77,84,45,38,105,1,1,1,1,1,0,4.9908,4.9908,4.9908,4.9908,2.9084,7.0640,1418.6096,1183.9620,1058.7425,1161.5715,1255.0000,1850.0000,1,on,1,1.5000
1786346124.084140,1,1,,1445.0000,1137.0000,1034.0000,1071.0000,1268.0000,1850.0000,90.478,152.259,181.082,165.350,48.821,-109.208,1428,1453,1472,1462,1286,1833,0,90,92,63,40,58,1,1,1,1,1,0,4.9908,4.9908,4.9908,4.9908,2.9084,7.0640,1418.6096,1183.9620,1058.7425,1145.2642,1255.0000,1850.0000,1,on,1,1.5000
1786346124.152106,1,0,handedness unsure,1415.0000,1200.0000,1095.0000,1191.0000,1274.0000,1850.0000,96.378,139.533,160.657,141.418,46.615,-114.789,1425,1419,1440,1430,1280,1836,0,89,70,65,44,141,1,1,1,1,1,0,4.9908,4.9908,4.9908,4.9908,2.9084,7.0640,1418.6096,1183.9620,1058.7425,1145.2642,1255.0000,1850.0000,0,on,1,1.5000
1786346124.216143,1,0,handedness unsure,1488.0000,1158.0000,1053.0000,1161.0000,1296.0000,1850.0000,81.875,148.050,168.973,147.442,39.146,-120.981,1421,1387,1407,1399,1274,1837,35,87,73,77,51,139,1,1,1,1,1,0,4.9908,4.9908,4.9908,4.9908,2.9084,7.0640,1430.9149,1176.1997,1058.7425,1145.2642,1255.0000,1850.0000,1,on,1,1.5000
1786346124.284143,1,0,handedness unsure,1468.0000,1243.0000,1203.0000,1244.0000,1303.0000,1850.0000,85.925,130.995,138.976,130.624,36.719,-120.770,1420,1359,1382,1372,1268,1842,42,81,82,51,41,155,0,1,1,1,1,0,4.9908,4.9908,4.9908,4.9908,2.9084,7.0640,1430.9149,1184.3241,1092.5491,1165.1077,1255.0000,1850.0000,1,on,1,1.5000
1786346124.351907,1,0,hand looks flipped,1457.0000,1227.0000,1169.0000,1235.0000,1291.0000,1850.0000,88.058,134.040,145.710,132.488,40.878,-124.787,1426,1326,1347,1340,1262,1841,12,84,77,74,45,147,0,1,1,1,1,0,4.9908,4.9908,4.9908,4.9908,2.9084,7.0640,1430.9149,1184.3241,1109.1657,1178.3443,1255.0000,1850.0000,1,on,1,1.5000
1786346124.416081,1,0,hand looks flipped,1535.0000,1340.0000,1272.0000,1312.0000,1270.0000,1850.0000,72.406,111.450,125.184,117.129,48.286,-114.379,1426,1295,1317,1305,1259,1841,0,90,85,56,22,179,0,1,1,1,1,0,4.9908,4.9908,4.9908,4.9908,2.9084,7.0640,1456.6408,1229.5081,1158.2544,1213.6208,1255.0000,1850.0000,1,on,1,1.5000
1786346124.484094,1,0,hand looks flipped,1654.0000,1418.0000,1352.0000,1401.0000,1287.0000,1850.0000,48.653,95.854,109.166,99.179,42.259,-104.618,1428,1265,1288,1279,1256,1843,53,91,77,88,21,0,0,1,1,1,1,0,4.9908,4.9908,4.9908,4.9908,2.9084,7.0640,1521.8346,1294.0920,1227.7732,1277.6350,1255.0000,1850.0000,1,on,1,1.5000
1786346124.552109,1,0,hand looks flipped,1682.0000,1556.0000,1422.0000,1579.0000,1278.0000,1850.0000,43.062,68.196,95.065,63.633,45.452,-111.898,1451,1243,1255,1254,1256,1844,65,58,87,8,0,0,0,0,1,0,1,1,4.9908,4.9908,4.9908,4.9908,2.9084,7.0640,1576.0976,1403.9325,1300.9183,1411.4610,1255.0000,1850.0000,1,on,1,1.5000
1786346124.616082,1,0,hand looks flipped,1649.0000,1649.0000,1509.0000,1573.0000,1266.0000,1850.0000,49.539,49.493,77.710,64.708,49.528,-92.719,1486,1281,1238,1271,1256,1844,81,82,72,73,0,0,0,0,0,0,1,1,4.9908,4.9908,4.9908,4.9908,2.9084,7.0640,1594.7589,1509.4032,1382.1179,1473.4180,1255.0000,1850.0000,1,on,1,1.5000
1786346124.683958,1,0,hand looks flipped,1622.0000,1633.0000,1557.0000,1652.0000,1289.0000,1850.0000,55.011,52.722,68.036,49.048,41.541,-94.802,1518,1317,1272,1307,1256,1844,77,69,67,51,0,0,0,0,0,0,1,1,4.9908,4.9908,4.9908,4.9908,2.9084,7.0640,1594.7589,1553.1756,1447.9732,1540.6908,1255.0000,1850.0000,1,on,1,1.5000
1786346124.751873,1,0,hand looks flipped,1704.0000,1590.0000,1607.0000,1612.0000,1323.0000,1850.0000,38.591,61.451,58.057,56.899,29.930,-105.103,1555,1357,1319,1347,1256,1844,79,65,66,50,0,0,0,0,0,0,1,1,4.9908,4.9908,4.9908,4.9908,2.9084,7.0640,1623.0419,1561.4839,1504.5219,1560.3273,1255.0000,1850.0000,1,on,1,1.5000
1786346124.816036,0,1,,,,,,,,,,,,,,1591,1392,1358,1382,1256,1844,67,70,59,47,0,0,0,0,0,0,1,1,4.9908,4.9908,4.9908,4.9908,2.9084,7.0640,,,,,,,0,on,1,1.5000
1786346124.892946,1,0,hand looks flipped,1557.0000,1457.0000,1440.0000,1456.0000,1301.0000,1850.0000,67.950,87.978,91.423,88.289,37.548,-82.255,1612,1425,1390,1414,1256,1844,26,65,63,52,0,0,0,0,0,0,1,1,4.9908,4.9908,4.9908,4.9908,2.9084,7.0640,1623.0419,1549.9790,1504.5219,1551.7058,1255.0000,1850.0000,1,on,1,1.5000
1786346124.952157,1,0,hand looks flipped,1728.0000,1713.0000,1681.0000,1759.0000,1335.0000,1850.0000,33.702,36.668,43.202,27.532,25.941,-87.915,1618,1452,1417,1441,1256,1844,15,67,63,48,0,0,0,0,0,0,1,1,4.9908,4.9908,4.9908,4.9908,2.9084,7.0640,1638.9041,1586.4086,1549.7687,1609.1229,1255.0000,1850.0000,1,on,1,1.5000
1786346125.015896,0,1,,,,,,,,,,,,,,1622,1484,1451,1476,1256,1844,19,76,52,32,0,0,0,0,0,0,1,1,4.9908,4.9908,4.9908,4.9908,2.9084,7.0640,,,,,,,0,on,1,1.5000
1786346125.097797,1,0,hand looks flipped,1651.0000,1647.0000,1677.0000,1672.0000,1290.0000,1850.0000,49.236,49.985,43.984,44.945,41.423,-56.594,1624,1523,1489,1514,1256,1844,17,80,55,49,0,0,0,0,0,0,1,1,4.9908,4.9908,4.9908,4.9908,2.9084,7.0640,1638.9041,1598.6175,1587.6880,1623.5130,1255.0000,1850.0000,1,on,1,1.5000
1786346125.152203,1,0,hand looks flipped,1734.0000,1698.0000,1725.0000,1732.0000,1263.0000,1850.0000,32.457,39.723,34.270,32.913,50.539,-71.418,1628,1547,1510,1536,1256,1844,32,59,56,49,0,0,0,0,0,0,1,1,4.9908,4.9908,4.9908,4.9908,2.9084,7.0640,1657.3869,1620.2403,1627.3988,1649.1898,1255.0000,1850.0000,1,on,1,1.5000
1786346125.216249,1,0,hand looks flipped,1752.0000,1734.0000,1761.0000,1803.0000,1259.0000,1850.0000,28.991,32.563,27.133,18.657,52.008,-64.104,1640,1581,1546,1573,1256,1844,25,69,48,48,10,0,0,0,0,0,1,1,4.9908,4.9908,4.9908,4.9908,2.9084,7.0640,1679.0319,1650.2476,1669.1674,1696.9480,1255.0000,1850.0000,1,on,1,1.5000
1786346125.283939,1,0,hand looks flipped,1748.0000,1704.0000,1725.0000,1774.0000,1263.0000,1850.0000,29.834,38.624,34.385,24.487,50.556,-70.960,1648,1621,1581,1609,1255,1844,79,59,60,60,21,0,0,0,0,0,1,1,4.9908,4.9908,4.9908,4.9908,2.9084,7.0640,1693.3971,1661.2430,1682.0074,1716.4340,1255.0000,1850.0000,1,on,1,1.5000
1786346125.352129,1,0,hand looks flipped,1739.0000,1686.0000,1672.0000,1696.0000,1243.0000,1850.0000,31.590,42.173,44.874,40.240,57.341,-72.794,1671,1650,1612,1639,1255,1844,35,0,53,52,0,0,0,0,0,0,1,1,4.9908,4.9908,4.9908,4.9908,2.9084,7.0640,1701.0377,1661.2430,1682.0074,1716.4340,1255.0000,1850.0000,1,on,1,1.5000
1786346125.415893,1,0,hand looks flipped,1732.0000,1670.0000,1663.0000,1700.0000,1251.0000,1850.0000,32.849,45.465,46.688,39.422,54.767,-78.290,1690,1656,1650,1677,1255,1844,0,20,62,46,0,0,0,0,0,0,1,1,4.9908,4.9908,4.9908,4.9908,2.9084,7.0640,1701.0377,1661.2430,1682.0074,1716.4340,1255.0000,1850.0000,0,on,1,1.5000
1786346125.483961,1,0,hand looks flipped,1730.0000,1666.0000,1684.0000,1726.0000,1236.0000,1850.0000,33.430,46.236,42.564,34.166,59.761,-75.357,1697,1659,1673,1708,1255,1844,19,0,15,0,0,0,0,0,0,0,1,1,4.9908,4.9908,4.9908,4.9908,2.9084,7.0640,1701.0377,1661.2430,1682.0074,1716.4340,1255.0000,1850.0000,0,on,1,1.5000
1786346125.552085,1,0,hand looks flipped,1708.0000,1668.0000,1682.0000,1760.0000,1210.0000,1850.0000,37.741,45.740,42.862,27.290,68.929,-74.513,1699,1659,1680,1713,1255,1844,15,0,13,0,0,0,0,0,0,0,1,1,4.9908,4.9908,4.9908,4.9908,2.9084,7.0640,1701.0377,1661.2430,1682.0074,1716.4340,1255.0000,1850.0000,0,on,1,1.5000
1786346125.615927,1,0,hand looks flipped,1743.0000,1673.0000,1692.0000,1780.0000,1231.0000,1850.0000,30.779,44.797,41.017,23.393,61.636,-82.085,1700,1659,1683,1713,1255,1844,0,0,0,0,0,0,0,0,1,0,1,1,4.9908,4.9908,4.9908,4.9908,2.9084,7.0640,1710.9642,1661.2430,1682.0074,1728.4756,1255.0000,1850.0000,1,on,1,1.5000
1786346125.684113,1,0,hand looks flipped,1703.0000,1631.0000,1640.0000,1734.0000,1222.0000,1850.0000,38.836,53.137,51.329,32.478,64.726,-86.340,1704,1659,1683,1715,1255,1844,26,0,0,0,0,0,0,0,1,0,1,1,4.9908,4.9908,4.9908,4.9908,2.9084,7.0640,1710.9642,1661.2430,1682.0074,1728.4756,1255.0000,1850.0000,0,on,1,1.5000
1786346125.752112,1,0,hand looks flipped,1704.0000,1602.0000,1637.0000,1721.0000,1213.0000,1850.0000,38.527,59.026,51.978,35.119,67.590,-92.952,1708,1659,1683,1715,1255,1844,22,0,0,8,0,0,0,0,1,0,1,1,4.9908,4.9908,4.9908,4.9908,2.9084,7.0640,1710.9642,1661.2430,1673.1279,1728.4756,1255.0000,1850.0000,1,on,1,1.5000
1786346125.816116,1,0,hand looks flipped,1734.0000,1663.0000,1687.0000,1753.0000,1229.0000,1850.0000,32.477,46.714,41.928,28.777,62.091,-93.197,1711,1659,1683,1718,1255,1844,22,0,27,40,0,0,1,0,1,0,1,1,4.9908,4.9908,4.9908,4.9908,2.9084,7.0640,1710.9642,1661.2430,1673.1279,1728.4756,1255.0000,1850.0000,0,on,1,1.5000
1786346125.884090,1,0,hand looks flipped,1737.0000,1642.0000,1666.0000,1731.0000,1234.0000,1850.0000,31.862,50.963,46.208,33.106,60.456,-103.468,1711,1659,1678,1725,1255,1844,0,0,16,0,0,0,1,0,1,0,1,1,4.9908,4.9908,4.9908,4.9908,2.9084,7.0640,1710.9642,1661.2430,1673.1279,1728.4756,1255.0000,1850.0000,0,on,1,1.5000
1786346125.952092,1,0,hand looks flipped,1767.0000,1624.0000,1632.0000,1669.0000,1260.0000,1850.0000,25.933,54.509,53.024,45.578,51.684,-106.491,1711,1659,1677,1725,1255,1844,0,0,19,0,0,0,1,0,1,0,1,1,4.9908,4.9908,4.9908,4.9908,2.9084,7.0640,1720.8049,1651.5326,1673.1279,1728.4756,1255.0000,1850.0000,1,on,1,1.5000
1786346126.016043,1,0,hand looks flipped,1774.0000,1652.0000,1649.0000,1681.0000,1249.0000,1850.0000,24.430,49.020,49.591,43.151,55.401,-110.521,1713,1659,1675,1725,1255,1844,39,22,13,0,0,0,0,1,1,0,1,1,4.9908,4.9908,4.9908,4.9908,2.9084,7.0640,1728.5730,1651.5326,1673.1279,1717.8530,1255.0000,1850.0000,1,on,1,1.5000
1786346126.084070,1,0,hand looks flipped,1765.0000,1640.0000,1640.0000,1656.0000,1246.0000,1850.0000,26.247,51.463,51.308,48.240,56.390,-111.584,1723,1651,1675,1726,1255,1844,24,17,0,18,0,0,0,1,1,1,1,1,4.9908,4.9908,4.9908,4.9908,2.9084,7.0640,1728.5730,1651.5326,1664.9512,1707.9845,1255.0000,1850.0000,1,on,1,1.5000
1786346126.152074,1,0,hand looks flipped,1754.0000,1653.0000,1643.0000,1635.0000,1258.0000,1850.0000,28.557,48.842,50.752,52.367,52.278,-111.079,1726,1651,1673,1721,1255,1844,20,0,30,44,0,0,0,1,1,1,1,1,4.9908,4.9908,4.9908,4.9908,2.9084,7.0640,1728.5730,1651.5326,1664.9512,1694.4634,1255.0000,1850.0000,1,on,1,1.5000
1786346126.216130,1,0,hand looks flipped,1755.0000,1675.0000,1660.0000,1704.0000,1285.0000,1850.0000,28.428,44.461,47.434,38.466,42.871,-107.324,1728,1651,1665,1711,1255,1844,8,0,0,18,0,0,0,1,1,1,1,1,4.9908,4.9908,4.9908,4.9908,2.9084,7.0640,1737.0339,1651.5326,1664.9512,1694.4634,1255.0000,1850.0000,1,on,1,1.5000
1786346126.284088,1,0,hand looks flipped,1761.0000,1640.0000,1639.0000,1677.0000,1275.0000,1850.0000,27.222,51.470,51.545,44.037,46.374,-115.450,1729,1651,1665,1709,1255,1844,42,0,0,8,0,0,0,1,1,1,1,1,4.9908,4.9908,4.9908,4.9908,2.9084,7.0640,1737.0339,1651.5326,1664.9512,1694.4634,1255.0000,1850.0000,0,on,1,1.5000
1786346126.352150,1,0,hand looks flipped,1762.0000,1669.0000,1654.0000,1660.0000,1278.0000,1850.0000,27.028,45.583,48.650,47.327,45.454,-112.212,1738,1651,1665,1705,1255,1844,25,0,0,22,0,0,0,1,1,1,1,1,4.9908,4.9908,4.9908,4.9908,2.9084,7.0640,1737.0339,1651.5326,1664.9512,1694.4634,1255.0000,1850.0000,0,on,1,1.5000
1786346126.416115,1,0,hand looks flipped,1755.0000,1660.0000,1643.0000,1671.0000,1268.0000,1850.0000,28.388,47.352,50.853,45.262,48.945,-112.536,1739,1651,1665,1702,1255,1844,29,0,0,20,0,0,1,1,1,1,1,1,4.9908,4.9908,4.9908,4.9908,2.9084,7.0640,1737.0339,1651.5326,1664.9512,1694.4634,1255.0000,1850.0000,0,on,1,1.5000
1786346126.484116,1,0,hand looks flipped,1767.0000,1669.0000,1646.0000,1651.0000,1264.0000,1850.0000,25.974,45.586,50.123,49.211,50.142,-115.615,1739,1651,1665,1696,1255,1844,0,0,0,0,0,0,1,1,1,1,1,1,4.9908,4.9908,4.9908,4.9908,2.9084,7.0640,1737.0339,1651.5326,1664.9512,1684.7541,1255.0000,1850.0000,1,on,1,1.5000
1786346126.552083,1,0,hand looks flipped,1756.0000,1663.0000,1647.0000,1676.0000,1270.0000,1850.0000,28.158,46.698,49.951,44.244,48.146,-112.652,1739,1651,1665,1692,1255,1844,0,0,0,44,0,0,1,1,1,1,1,1,4.9908,4.9908,4.9908,4.9908,2.9084,7.0640,1744.8946,1651.5326,1664.9512,1684.7541,1255.0000,1850.0000,1,on,1,1.5000
1786346126.616110,1,0,hand looks flipped,1747.0000,1653.0000,1647.0000,1675.0000,1258.0000,1850.0000,30.017,48.759,49.988,44.453,52.111,-110.044,1739,1651,1665,1687,1255,1844,0,0,0,0,0,0,0,1,1,1,1,1,4.9908,4.9908,4.9908,4.9908,2.9084,7.0640,1744.8946,1651.5326,1664.9512,1684.7541,1255.0000,1850.0000,0,on,1,1.5000
1786346126.684110,1,0,hand looks flipped,1760.0000,1665.0000,1645.0000,1679.0000,1254.0000,1850.0000,27.243,46.277,50.365,43.499,53.712,-112.267,1739,1650,1665,1687,1255,1844,0,0,0,0,0,0,0,1,1,1,1,1,4.9908,4.9908,4.9908,4.9908,2.9084,7.0640,1744.8946,1651.5326,1656.7958,1684.7541,1255.0000,1850.0000,1,on,1,1.5000
1786346126.752196,1,0,hand looks flipped,1757.0000,1659.0000,1647.0000,1691.0000,1250.0000,1850.0000,27.973,47.531,49.976,41.256,54.863,-107.115,1739,1651,1665,1687,1255,1844,43,0,0,14,0,0,0,1,1,1,1,1,4.9908,4.9908,4.9908,4.9908,2.9084,7.0640,1744.8946,1651.5326,1656.7958,1684.7541,1255.0000,1850.0000,0,on,1,1.5000
1786346126.815945,1,0,hand looks flipped,1751.0000,1662.0000,1644.0000,1681.0000,1260.0000,1850.0000,29.217,46.893,50.483,43.157,51.565,-107.024,1743,1651,1660,1685,1255,1844,27,0,17,0,0,0,0,1,1,1,1,1,4.9908,4.9908,4.9908,4.9908,2.9084,7.0640,1744.8946,1651.5326,1656.7958,1684.7541,1255.0000,1850.0000,0,on,1,1.5000
1786346126.885874,1,0,hand looks flipped,1751.0000,1683.0000,1645.0000,1638.0000,1257.0000,1850.0000,29.208,42.664,50.287,51.839,52.705,-109.611,1743,1651,1659,1685,1255,1844,35,0,0,0,0,0,0,1,1,1,1,1,4.9908,4.9908,4.9908,4.9908,2.9084,7.0640,1744.8946,1651.5326,1656.7958,1684.7541,1255.0000,1850.0000,0,on,1,1.5000
1786346126.951894,1,0,hand looks flipped,1748.0000,1647.0000,1641.0000,1696.0000,1247.0000,1850.0000,29.778,49.878,51.123,40.123,56.179,-108.297,1744,1650,1659,1685,1255,1844,44,0,0,0,0,0,0,1,1,1,1,1,4.9908,4.9908,4.9908,4.9908,2.9084,7.0640,1744.8946,1651.5326,1656.7958,1684.7541,1255.0000,1850.0000,0,on,1,1.5000
1786346127.016008,1,0,hand looks flipped,1761.0000,1657.0000,1647.0000,1662.0000,1259.0000,1850.0000,27.057,47.963,49.957,46.977,51.806,-105.735,1744,1651,1659,1685,1255,1844,52,0,0,0,0,0,0,1,1,1,1,1,4.9908,4.9908,4.9908,4.9908,2.9084,7.0640,1744.8946,1651.5326,1656.7958,1684.7541,1255.0000,1850.0000,0,on,1,1.5000
1786346127.083952,1,0,hand looks flipped,1746.0000,1646.0000,1646.0000,1683.0000,1253.0000,1850.0000,30.225,50.111,50.218,42.698,54.138,-106.671,1746,1651,1659,1685,1255,1844,0,0,0,0,0,0,1,1,1,1,1,1,4.9908,4.9908,4.9908,4.9908,2.9084,7.0640,1744.8946,1651.5326,1656.7958,1684.7541,1255.0000,1850.0000,0,on,1,1.5000
1786346127.151961,1,0,hand looks flipped,1746.0000,1649.0000,1635.0000,1692.0000,1250.0000,1850.0000,30.117,49.482,52.401,40.952,54.988,-112.895,1746,1651,1659,1685,1255,1844,0,0,0,0,0,0,1,1,1,1,1,1,4.9908,4.9908,4.9908,4.9908,2.9084,7.0640,1744.8946,1651.5326,1656.7958,1684.7541,1255.0000,1850.0000,0,on,1,1.5000
1786346127.216125,1,0,hand looks flipped,1754.0000,1636.0000,1643.0000,1687.0000,1252.0000,1850.0000,28.567,52.086,50.803,42.045,54.442,-111.617,1746,1651,1659,1685,1255,1844,0,0,0,0,0,0,1,1,1,1,1,1,4.9908,4.9908,4.9908,4.9908,2.9084,7.0640,1744.8946,1651.5326,1656.7958,1684.7541,1255.0000,1850.0000,0,on,1,1.5000
1786346127.283925,1,0,hand looks flipped,1762.0000,1626.0000,1618.0000,1682.0000,1252.0000,1850.0000,26.961,54.176,55.692,42.920,54.209,-116.935,1746,1651,1659,1685,1255,1844,0,0,0,0,0,0,1,1,1,1,1,1,4.9908,4.9908,4.9908,4.9908,2.9084,7.0640,1744.8946,1651.5326,1648.7876,1684.7541,1255.0000,1850.0000,1,on,1,1.5000
1786346127.351996,1,0,hand looks flipped,1764.0000,1625.0000,1616.0000,1676.0000,1250.0000,1850.0000,26.613,54.377,56.098,44.072,54.841,-114.944,1746,1650,1657,1685,1255,1844,0,0,49,0,0,0,1,1,1,1,1,1,4.9908,4.9908,4.9908,4.9908,2.9084,7.0640,1744.8946,1651.5326,1648.7876,1684.7541,1255.0000,1850.0000,0,on,1,1.5000
1786346127.416007,1,0,hand looks flipped,1758.0000,1627.0000,1622.0000,1669.0000,1245.0000,1850.0000,27.757,53.969,54.978,45.587,56.778,-114.332,1746,1651,1650,1685,1255,1844,0,0,0,0,0,0,1,1,1,1,1,1,4.9908,4.9908,4.9908,4.9908,2.9084,7.0640,1744.8946,1651.5326,1648.7876,1684.7541,1255.0000,1850.0000,0,on,1,1.5000
1786346127.484129,1,0,hand looks flipped,1759.0000,1633.0000,1616.0000,1653.0000,1261.0000,1850.0000,27.575,52.692,56.102,48.711,51.265,-116.167,1746,1651,1650,1685,1255,1844,0,0,0,0,0,0,1,1,1,1,1,1,4.9908,4.9908,4.9908,4.9908,2.9084,7.0640,1744.8946,1651.5326,1640.6651,1677.1610,1255.0000,1850.0000,1,on,1,1.5000
1786346127.552123,1,0,hand looks flipped,1753.0000,1640.0000,1626.0000,1653.0000,1249.0000,1850.0000,28.830,51.335,54.221,48.708,55.471,-115.857,1746,1651,1647,1685,1255,1844,0,0,33,10,0,0,1,1,1,1,1,1,4.9908,4.9908,4.9908,4.9908,2.9084,7.0640,1744.8946,1651.5326,1640.6651,1677.1610,1255.0000,1850.0000,0,on,1,1.5000
1786346127.615998,1,0,hand looks flipped,1767.0000,1619.0000,1607.0000,1638.0000,1242.0000,1850.0000,26.029,55.523,58.040,51.756,57.677,-112.944,1746,1651,1640,1679,1255,1844,0,0,0,0,0,0,1,1,1,1,1,1,4.9908,4.9908,4.9908,4.9908,2.9084,7.0640,1744.8946,1651.5326,1640.6651,1677.1610,1255.0000,1850.0000,0,on,1,1.5000
1786346127.684101,1,0,hand looks flipped,1766.0000,1610.0000,1608.0000,1674.0000,1248.0000,1850.0000,26.109,57.338,57.792,44.591,55.742,-114.806,1746,1651,1640,1679,1255,1844,0,0,0,0,0,0,1,1,1,1,1,1,4.9908,4.9908,4.9908,4.9908,2.9084,7.0640,1744.8946,1640.8255,1640.6651,1677.1610,1255.0000,1850.0000,1,on,1,1.5000
1786346127.751989,1,0,hand looks flipped,1765.0000,1606.0000,1585.0000,1634.0000,1243.0000,1850.0000,26.335,58.122,62.366,52.592,57.284,-116.312,1746,1650,1640,1679,1255,1844,0,47,0,8,0,0,1,1,1,1,1,1,4.9908,4.9908,4.9908,4.9908,2.9084,7.0640,1752.8803,1640.8255,1627.3112,1667.7895,1255.0000,1850.0000,1,on,1,1.5000
1786346127.816154,1,0,hand looks flipped,1761.0000,1613.0000,1610.0000,1672.0000,1247.0000,1850.0000,27.063,56.701,57.399,45.050,56.013,-116.370,1746,1642,1633,1670,1255,1844,0,0,29,0,0,0,0,1,1,1,1,1,4.9908,4.9908,4.9908,4.9908,2.9084,7.0640,1752.8803,1640.8255,1627.3112,1667.7895,1255.0000,1850.0000,0,on,1,1.5000
1786346127.884115,1,0,hand looks flipped,1746.0000,1605.0000,1605.0000,1669.0000,1246.0000,1850.0000,30.078,58.404,58.363,45.547,56.416,-111.355,1746,1642,1630,1671,1255,1844,0,0,0,0,0,0,0,1,1,1,1,1,4.9908,4.9908,4.9908,4.9908,2.9084,7.0640,1752.8803,1631.7150,1627.3112,1667.7895,1255.0000,1850.0000,1,on,1,1.5000
1786346127.951960,1,0,hand looks flipped,1764.0000,1608.0000,1603.0000,1664.0000,1237.0000,1850.0000,26.490,57.721,58.803,46.616,59.308,-114.462,1747,1637,1630,1671,1255,1844,54,29,0,0,0,0,0,1,1,1,1,1,4.9908,4.9908,4.9908,4.9908,2.9084,7.0640,1752.8803,1631.7150,1627.3112,1667.7895,1255.0000,1850.0000,0,on,1,1.5000
1786346128.015973,1,0,hand looks flipped,1772.0000,1619.0000,1598.0000,1658.0000,1253.0000,1850.0000,25.022,55.668,59.739,47.726,53.904,-118.193,1748,1630,1629,1670,1255,1844,43,0,19,21,0,0,0,1,1,1,1,1,4.9908,4.9908,4.9908,4.9908,2.9084,7.0640,1752.8803,1631.7150,1627.3112,1667.7895,1255.0000,1850.0000,0,on,1,1.5000
1786346128.084123,1,0,hand looks flipped,1762.0000,1603.0000,1587.0000,1643.0000,1246.0000,1850.0000,26.835,58.848,61.993,50.785,56.299,-117.865,1749,1630,1627,1667,1255,1844,57,0,0,0,0,0,0,1,1,1,1,1,4.9908,4.9908,4.9908,4.9908,2.9084,7.0640,1752.8803,1631.7150,1616.7991,1667.7895,1255.0000,1850.0000,1,on,1,1.5000
1786346128.152117,1,0,hand looks flipped,1768.0000,1619.0000,1599.0000,1658.0000,1248.0000,1850.0000,25.820,55.681,59.492,47.688,55.851,-116.919,1751,1630,1625,1667,1255,1844,63,0,45,0,0,0,0,1,1,1,1,1,4.9908,4.9908,4.9908,4.9908,2.9084,7.0640,1752.8803,1631.7150,1616.7991,1667.7895,1255.0000,1850.0000,0,on,1,1.5000
1786346128.215937,1,0,hand looks flipped,1748.0000,1608.0000,1612.0000,1652.0000,1241.0000,1850.0000,29.665,57.840,56.925,48.978,58.259,-114.586,1754,1630,1617,1667,1255,1844,0,0,0,0,0,0,1,1,1,1,1,1,4.9908,4.9908,4.9908,4.9908,2.9084,7.0640,1752.8803,1631.7150,1616.7991,1667.7895,1255.0000,1850.0000,0,on,1,1.5000
1786346128.284108,1,0,hand looks flipped,1761.0000,1626.0000,1599.0000,1644.0000,1250.0000,1850.0000,27.149,54.278,59.501,50.550,54.995,-117.111,1754,1630,1617,1667,1255,1844,0,0,0,0,0,0,1,1,1,1,1,1,4.9908,4.9908,4.9908,4.9908,2.9084,7.0640,1752.8803,1631.7150,1616.7991,1667.7895,1255.0000,1850.0000,0,on,1,1.5000
1786346128.352545,1,0,hand looks flipped,1754.0000,1612.0000,1603.0000,1655.0000,1246.0000,1850.0000,28.481,57.075,58.878,48.459,56.455,-118.803,1754,1630,1617,1667,1255,1844,0,0,0,0,0,0,1,1,1,1,1,1,4.9908,4.9908,4.9908,4.9908,2.9084,7.0640,1752.8803,1631.7150,1616.7991,1667.7895,1255.0000,1850.0000,0,on,1,1.5000
1786346128.416138,1,0,hand looks flipped,1775.0000,1628.0000,1604.0000,1624.0000,1245.0000,1850.0000,24.274,53.693,58.570,54.655,56.603,-119.800,1754,1630,1617,1667,1255,1844,0,0,0,0,0,0,1,1,1,1,1,1,4.9908,4.9908,4.9908,4.9908,2.9084,7.0640,1752.8803,1631.7150,1616.7991,1658.8708,1255.0000,1850.0000,1,on,1,1.5000
1786346128.484029,1,0,hand looks flipped,1761.0000,1620.0000,1597.0000,1656.0000,1240.0000,1850.0000,27.163,55.327,60.067,48.097,58.584,-117.819,1754,1630,1617,1667,1255,1844,0,0,8,16,0,0,1,1,1,1,1,1,4.9908,4.9908,4.9908,4.9908,2.9084,7.0640,1752.8803,1631.7150,1616.7991,1658.8708,1255.0000,1850.0000,0,on,1,1.5000
1786346128.551989,1,0,hand looks flipped,1765.0000,1620.0000,1593.0000,1651.0000,1239.0000,1850.0000,26.293,55.396,60.733,49.139,58.870,-117.060,1754,1630,1615,1660,1255,1844,0,0,0,0,0,0,1,1,1,1,1,1,4.9908,4.9908,4.9908,4.9908,2.9084,7.0640,1752.8803,1624.2167,1616.7991,1658.8708,1255.0000,1850.0000,1,on,1,1.5000
1786346128.616032,1,0,hand looks flipped,1763.0000,1636.0000,1612.0000,1637.0000,1256.0000,1850.0000,26.664,52.082,56.990,51.954,52.830,-116.716,1754,1631,1615,1660,1255,1844,0,0,0,0,0,0,1,1,1,1,1,1,4.9908,4.9908,4.9908,4.9908,2.9084,7.0640,1752.8803,1624.2167,1616.7991,1658.8708,1255.0000,1850.0000,0,on,1,1.5000
1786346128.684134,1,0,hand looks flipped,1757.0000,1630.0000,1616.0000,1619.0000,1253.0000,1850.0000,27.994,53.424,56.152,55.612,54.112,-112.388,1754,1628,1615,1660,1255,1844,0,23,0,19,0,0,1,1,1,1,1,1,4.9908,4.9908,4.9908,4.9908,2.9084,7.0640,1752.8803,1624.2167,1616.7991,1658.8708,1255.0000,1850.0000,0,on,1,1.5000
1786346128.752124,1,0,hand looks flipped,1770.0000,1633.0000,1617.0000,1670.0000,1255.0000,1850.0000,25.340,52.769,55.978,45.283,53.420,-119.933,1754,1626,1615,1657,1255,1844,0,0,0,0,0,0,1,1,1,0,1,1,4.9908,4.9908,4.9908,4.9908,2.9084,7.0640,1752.8803,1624.2167,1616.7991,1658.8708,1255.0000,1850.0000,0,on,1,1.5000
1786346128.816149,1,0,hand looks flipped,1752.0000,1633.0000,1617.0000,1624.0000,1254.0000,1850.0000,28.941,52.739,55.980,54.589,53.657,-115.099,1754,1626,1615,1657,1255,1844,0,0,0,0,0,0,1,1,1,0,1,1,4.9908,4.9908,4.9908,4.9908,2.9084,7.0640,1752.8803,1624.2167,1616.7991,1651.2318,1255.0000,1850.0000,1,on,1,1.5000
1786346128.884105,1,0,hand looks flipped,1770.0000,1650.0000,1632.0000,1679.0000,1272.0000,1850.0000,25.315,49.333,52.993,43.637,47.556,-116.675,1754,1626,1615,1657,1255,1844,0,0,0,0,0,0,1,1,1,1,1,1,4.9908,4.9908,4.9908,4.9908,2.9084,7.0640,1752.8803,1624.2167,1616.7991,1651.2318,1255.0000,1850.0000,0,on,1,1.5000
1786346128.952121,1,0,hand looks flipped,1752.0000,1628.0000,1628.0000,1647.0000,1255.0000,1850.0000,29.016,53.873,53.856,49.882,53.292,-112.137,1754,1626,1615,1657,1255,1844,0,0,0,10,0,0,1,1,1,1,1,1,4.9908,4.9908,4.9908,4.9908,2.9084,7.0640,1752.8803,1624.2167,1616.7991,1651.2318,1255.0000,1850.0000,0,on,1,1.5000
1786346129.016006,1,0,hand looks flipped,1769.0000,1645.0000,1615.0000,1629.0000,1264.0000,1850.0000,25.479,50.370,56.298,53.618,50.187,-110.636,1754,1626,1615,1656,1255,1844,0,0,0,0,0,0,1,1,1,1,1,1,4.9908,4.9908,4.9908,4.9908,2.9084,7.0640,1752.8803,1624.2167,1616.7991,1651.2318,1255.0000,1850.0000,0,on,1,1.5000
1786346129.084144,1,0,hand looks flipped,1755.0000,1621.0000,1601.0000,1637.0000,1280.0000,1850.0000,28.332,55.101,59.133,51.973,44.722,-116.353,1754,1626,1616,1653,1255,1844,0,0,0,0,0,0,1,1,1,1,1,1,4.9908,4.9908,4.9908,4.9908,2.9084,7.0640,1752.8803,1624.2167,1616.7991,1651.2318,1255.0000,1850.0000,0,on,1,1.5000
1786346129.152109,1,0,hand looks flipped,1769.0000,1637.0000,1614.0000,1669.0000,1254.0000,1850.0000,25.555,51.979,56.544,45.550,53.593,-116.213,1754,1626,1616,1653,1255,1844,0,0,0,10,0,0,1,1,1,1,1,1,4.9908,4.9908,4.9908,4.9908,2.9084,7.0640,1752.8803,1624.2167,1616.7991,1651.2318,1255.0000,1850.0000,0,on,1,1.5000
1786346129.216116,1,0,hand looks flipped,1771.0000,1634.0000,1621.0000,1633.0000,1270.0000,1850.0000,25.149,52.495,55.264,52.814,48.267,-119.521,1754,1626,1616,1653,1255,1844,0,0,0,0,0,0,1,1,1,1,1,1,4.9908,4.9908,4.9908,4.9908,2.9084,7.0640,1752.8803,1624.2167,1616.7991,1651.2318,1255.0000,1850.0000,0,on,1,1.5000
1786346129.284124,1,0,hand looks flipped,1767.0000,1622.0000,1605.0000,1673.0000,1259.0000,1850.0000,25.938,55.057,58.295,44.790,52.005,-122.702,1754,1626,1616,1653,1255,1844,0,0,0,9,0,0,1,1,1,1,1,1,4.9908,4.9908,4.9908,4.9908,2.9084,7.0640,1752.8803,1624.2167,1616.7991,1651.2318,1255.0000,1850.0000,0,on,1,1.5000
1786346129.351932,1,0,hand looks flipped,1773.0000,1630.0000,1609.0000,1635.0000,1255.0000,1850.0000,24.738,53.409,57.587,52.320,53.311,-115.633,1754,1626,1615,1650,1255,1844,0,18,0,0,0,0,1,1,1,1,1,1,4.9908,4.9908,4.9908,4.9908,2.9084,7.0640,1760.6257,1624.2167,1616.7991,1651.2318,1255.0000,1850.0000,1,on,1,1.5000
1786346129.415982,1,0,hand looks flipped,1767.0000,1624.0000,1610.0000,1631.0000,1258.0000,1850.0000,25.882,54.629,57.485,53.235,52.401,-113.246,1754,1625,1615,1650,1255,1844,0,21,0,0,0,0,0,1,1,1,1,1,4.9908,4.9908,4.9908,4.9908,2.9084,7.0640,1760.6257,1624.2167,1616.7991,1651.2318,1255.0000,1850.0000,0,on,1,1.5000
1786346129.484133,1,0,hand looks flipped,1762.0000,1610.0000,1594.0000,1659.0000,1247.0000,1850.0000,26.905,57.433,60.629,47.553,55.992,-113.762,1754,1625,1615,1650,1255,1844,0,0,0,0,0,0,0,1,1,1,1,1,4.9908,4.9908,4.9908,4.9908,2.9084,7.0640,1760.6257,1624.2167,1616.7991,1651.2318,1255.0000,1850.0000,0,on,1,1.5000
1786346129.552131,1,0,hand looks flipped,1766.0000,1605.0000,1591.0000,1624.0000,1257.0000,1850.0000,26.227,58.438,61.252,54.582,52.748,-117.061,1756,1624,1616,1650,1255,1844,57,20,0,0,0,0,0,1,1,1,1,1,4.9908,4.9908,4.9908,4.9908,2.9084,7.0640,1760.6257,1624.2167,1616.7991,1651.2318,1255.0000,1850.0000,0,on,1,1.5000
1786346129.616148,1,0,hand looks flipped,1762.0000,1634.0000,1611.0000,1629.0000,1262.0000,1850.0000,26.959,52.652,57.171,53.608,50.832,-116.020,1757,1624,1615,1650,1255,1844,39,0,0,0,0,0,0,1,1,1,1,1,4.9908,4.9908,4.9908,4.9908,2.9084,7.0640,1760.6257,1624.2167,1616.7991,1651.2318,1255.0000,1850.0000,0,on,1,1.5000
1786346129.684144,1,0,hand looks flipped,1769.0000,1644.0000,1621.0000,1622.0000,1272.0000,1850.0000,25.546,50.649,55.201,54.979,47.555,-114.394,1759,1624,1616,1650,1255,1844,57,0,0,0,0,0,0,1,1,1,1,1,4.9908,4.9908,4.9908,4.9908,2.9084,7.0640,1760.6257,1624.2167,1616.7991,1651.2318,1255.0000,1850.0000,0,on,1,1.5000
1786346129.752116,1,0,hand looks flipped,1752.0000,1629.0000,1613.0000,1700.0000,1260.0000,1850.0000,28.936,53.532,56.832,39.340,51.650,-111.112,1762,1624,1616,1650,1255,1844,48,0,0,0,0,0,1,1,1,1,1,1,4.9908,4.9908,4.9908,4.9908,2.9084,7.0640,1760.6257,1624.2167,1616.7991,1651.2318,1255.0000,1850.0000,0,on,1,1.5000
1786346129.815947,1,0,hand looks flipped,1760.0000,1636.0000,1612.0000,1635.0000,1265.0000,1850.0000,27.273,52.081,56.938,52.421,49.766,-119.493,1762,1624,1615,1650,1255,1844,0,0,0,0,0,0,1,1,1,1,1,1,4.9908,4.9908,4.9908,4.9908,2.9084,7.0640,1760.6257,1624.2167,1616.7991,1651.2318,1255.0000,1850.0000,0,on,1,1.5000
1786346129.883993,1,0,hand looks flipped,1748.0000,1621.0000,1592.0000,1679.0000,1243.0000,1850.0000,29.669,55.227,61.045,43.557,57.571,-118.566,1762,1624,1616,1650,1255,1844,0,0,0,0,0,0,1,1,1,1,1,1,4.9908,4.9908,4.9908,4.9908,2.9084,7.0640,1760.6257,1624.2167,1616.7991,1651.2318,1255.0000,1850.0000,0,on,1,1.5000
1786346129.952225,1,0,hand looks flipped,1755.0000,1643.0000,1623.0000,1613.0000,1267.0000,1850.0000,28.260,50.863,54.790,56.687,49.300,-113.198,1762,1624,1616,1650,1255,1844,0,0,0,0,0,0,1,1,1,1,1,1,4.9908,4.9908,4.9908,4.9908,2.9084,7.0640,1760.6257,1624.2167,1616.7991,1651.2318,1255.0000,1850.0000,0,on,1,1.5000
1786346130.015954,1,0,hand looks flipped,1770.0000,1626.0000,1603.0000,1667.0000,1263.0000,1850.0000,25.252,54.092,58.848,45.994,50.585,-114.891,1762,1624,1616,1650,1255,1844,0,0,0,0,0,0,1,1,1,1,1,1,4.9908,4.9908,4.9908,4.9908,2.9084,7.0640,1760.6257,1624.2167,1616.7991,1651.2318,1255.0000,1850.0000,0,on,1,1.5000
1786346130.084108,1,0,hand looks flipped,1769.0000,1648.0000,1620.0000,1633.0000,1269.0000,1850.0000,25.561,49.783,55.356,52.779,48.553,-117.441,1762,1624,1616,1650,1255,1844,0,0,0,0,0,0,1,1,1,1,1,1,4.9908,4.9908,4.9908,4.9908,2.9084,7.0640,1760.6257,1624.2167,1616.7991,1651.2318,1255.0000,1850.0000,0,on,1,1.5000
1786346130.152095,1,0,hand looks flipped,1767.0000,1651.0000,1621.0000,1667.0000,1269.0000,1850.0000,25.978,49.220,55.226,45.949,48.328,-113.888,1762,1624,1615,1650,1255,1844,0,0,0,0,0,0,1,1,1,1,1,1,4.9908,4.9908,4.9908,4.9908,2.9084,7.0640,1760.6257,1624.2167,1616.7991,1651.2318,1255.0000,1850.0000,0,on,1,1.5000
1786346130.216120,1,0,hand looks flipped,1765.0000,1632.0000,1618.0000,1668.0000,1253.0000,1850.0000,26.386,52.999,55.804,45.776,54.062,-119.636,1762,1624,1615,1650,1255,1844,0,0,0,0,0,0,1,1,1,1,1,1,4.9908,4.9908,4.9908,4.9908,2.9084,7.0640,1760.6257,1624.2167,1616.7991,1651.2318,1255.0000,1850.0000,0,on,1,1.5000
1786346130.284115,1,0,hand looks flipped,1742.0000,1641.0000,1615.0000,1685.0000,1247.0000,1850.0000,30.942,51.121,56.328,42.448,56.056,-125.241,1762,1624,1616,1650,1255,1844,0,0,0,0,0,0,1,1,1,1,1,1,4.9908,4.9908,4.9908,4.9908,2.9084,7.0640,1760.6257,1624.2167,1616.7991,1651.2318,1255.0000,1850.0000,0,on,1,1.5000
1786346130.351979,1,0,hand looks flipped,1694.0000,1568.0000,1560.0000,1704.0000,1224.0000,1850.0000,40.526,65.787,67.404,38.620,64.085,-112.198,1762,1624,1616,1650,1255,1844,0,0,0,0,0,0,1,1,1,1,1,1,4.9908,4.9908,4.9908,4.9908,2.9084,7.0640,1751.0224,1624.2167,1606.0400,1660.5559,1255.0000,1850.0000,1,on,1,1.5000
1786346130.416150,1,0,hand looks flipped,1654.0000,1552.0000,1540.0000,1661.0000,1215.0000,1850.0000,48.643,69.039,71.335,47.109,66.907,-103.237,1762,1624,1613,1650,1255,1844,0,0,26,35,0,0,1,1,1,0,1,1,4.9908,4.9908,4.9908,4.9908,2.9084,7.0640,1730.9321,1611.7589,1595.8080,1660.5559,1255.0000,1850.0000,1,on,1,1.5000
1786346130.483977,1,0,hand looks flipped,1658.0000,1591.0000,1567.0000,1661.0000,1216.0000,1850.0000,47.689,61.176,65.923,47.248,66.628,-90.608,1762,1624,1604,1660,1255,1844,80,0,47,0,0,0,1,1,1,1,1,1,4.9908,4.9908,4.9908,4.9908,2.9084,7.0640,1716.0253,1611.7589,1595.8080,1660.5559,1255.0000,1850.0000,1,on,1,1.5000
1786346130.552145,1,0,hand looks flipped,1606.0000,1561.0000,1532.0000,1621.0000,1231.0000,1850.0000,58.140,67.202,73.104,55.248,61.659,-78.839,1743,1624,1593,1660,1255,1844,97,0,0,0,0,0,1,1,1,1,1,1,4.9908,4.9908,4.9908,4.9908,2.9084,7.0640,1689.0248,1602.7798,1582.9051,1660.5559,1255.0000,1850.0000,1,on,1,1.5000
1786346130.616122,1,0,hand looks flipped,1662.0000,1613.0000,1586.0000,1634.0000,1213.0000,1850.0000,47.036,56.717,62.256,52.540,67.593,-79.212,1720,1621,1590,1660,1255,1844,103,30,47,0,0,0,1,1,1,1,1,1,4.9908,4.9908,4.9908,4.9908,2.9084,7.0640,1689.0248,1602.7798,1582.9051,1660.5559,1255.0000,1850.0000,0,on,1,1.5000
1786346130.684129,1,0,hand looks flipped,1610.0000,1616.0000,1658.0000,1650.0000,1237.0000,1850.0000,57.289,56.116,47.819,49.382,59.506,-44.455,1703,1616,1586,1660,1255,1844,29,21,0,0,0,0,1,1,1,1,1,1,4.9908,4.9908,4.9908,4.9908,2.9084,7.0640,1670.7314,1602.7798,1592.6772,1660.5559,1255.0000,1850.0000,1,on,1,1.5000
1786346130.752081,0,1,,,,,,,,,,,,,,1694,1615,1584,1660,1255,1844,47,22,16,0,0,0,1,1,0,1,1,1,4.9908,4.9908,4.9908,4.9908,2.9084,7.0640,,,,,,,0,on,1,1.5000
1786346130.820141,0,1,,,,,,,,,,,,,,1685,1615,1589,1660,1255,1844,35,21,15,0,0,0,1,1,0,1,1,1,4.9908,4.9908,4.9908,4.9908,2.9084,7.0640,,,,,,,0,on,1,1.5000
1786346130.892115,0,1,,,,,,,,,,,,,,1678,1606,1591,1660,1255,1844,8,22,0,0,0,0,1,1,1,1,1,1,4.9908,4.9908,4.9908,4.9908,2.9084,7.0640,,,,,,,0,on,1,1.5000
1786346130.965751,1,0,handedness unsure,1595.0000,1657.0000,1717.0000,1637.0000,1297.0000,1726.0000,60.351,47.977,36.043,51.960,38.748,5.810,1675,1604,1591,1660,1255,1844,31,0,0,0,0,0,1,1,1,1,1,1,4.9908,4.9908,4.9908,4.9908,2.9084,7.0640,1655.6599,1602.7798,1622.2154,1660.5559,1255.0000,1850.0000,1,on,1,1.5000
1786346131.015973,1,1,,1770.0000,1743.0000,1659.0000,1734.0000,1344.0000,1594.0000,25.370,30.683,47.555,32.590,22.775,24.470,1670,1605,1592,1660,1255,1844,27,0,36,0,0,0,1,1,0,1,1,1,4.9908,4.9908,4.9908,4.9908,2.9084,7.0640,1669.6665,1639.4436,1622.2154,1660.5559,1268.9848,1768.8026,1,on,1,1.5000
1786346131.083926,1,1,,1710.0000,1698.0000,1652.0000,1707.0000,1320.0000,1566.0000,37.415,39.696,48.934,37.879,30.871,28.390,1669,1605,1607,1660,1255,1844,0,64,15,0,21,112,1,0,0,1,0,1,4.9908,4.9908,4.9908,4.9908,2.9084,7.0640,1669.6665,1651.8588,1630.9076,1669.8706,1277.5398,1689.6581,1,on,1,1.5000
1786346131.152087,1,1,,1721.0000,1718.0000,1657.0000,1724.0000,1314.0000,1527.0000,35.204,35.728,47.904,34.530,32.873,34.021,1669,1632,1620,1660,1261,1787,0,41,25,41,49,83,1,0,0,0,0,1,4.9908,4.9908,4.9908,4.9908,2.9084,7.0640,1681.6749,1664.8221,1630.9076,1678.1963,1282.5737,1630.4412,1,on,1,1.5000
1786346131.215915,1,1,,1712.0000,1702.0000,1679.0000,1705.0000,1313.0000,1517.0000,37.039,38.881,43.507,38.430,33.370,35.395,1669,1643,1625,1671,1268,1733,35,25,11,35,46,83,0,0,0,0,0,1,4.9908,4.9908,4.9908,4.9908,2.9084,7.0640,1681.6749,1664.8221,1639.4221,1678.1963,1282.5737,1595.5343,1,on,1,1.5000
1786346131.284122,1,1,,1700.0000,1711.0000,1675.0000,1698.0000,1319.0000,1498.0000,39.333,37.140,44.346,39.688,31.279,38.097,1677,1650,1627,1680,1277,1673,25,13,46,0,31,70,0,0,0,1,0,1,4.9908,4.9908,4.9908,4.9908,2.9084,7.0640,1681.6749,1675.9788,1639.4221,1678.1963,1289.8326,1568.8327,1,on,1,1.5000
1786346131.352105,1,1,,1726.0000,1700.0000,1651.0000,1683.0000,1307.0000,1550.0000,34.173,39.437,49.143,42.757,35.536,30.679,1681,1656,1637,1680,1279,1620,0,34,0,0,24,57,1,0,0,1,0,1,4.9908,4.9908,4.9908,4.9908,2.9084,7.0640,1690.8700,1675.9788,1639.4221,1678.1963,1289.8326,1568.8327,1,on,1,1.5000
1786346131.416132,1,1,,1719.0000,1685.0000,1641.0000,1691.0000,1317.0000,1550.0000,35.515,42.396,51.098,41.060,31.801,30.632,1682,1665,1637,1680,1284,1581,25,37,0,0,18,0,0,0,0,1,0,1,4.9908,4.9908,4.9908,4.9908,2.9084,7.0640,1690.8700,1675.9788,1639.4221,1678.1963,1289.8326,1568.8327,0,on,1,1.5000
1786346131.484032,1,1,,1697.0000,1696.0000,1660.0000,1713.0000,1329.0000,1562.0000,39.960,40.186,47.432,36.784,27.759,29.069,1690,1672,1637,1680,1286,1574,13,16,0,0,24,18,0,0,0,1,0,1,4.9908,4.9908,4.9908,4.9908,2.9084,7.0640,1690.8700,1675.9788,1639.4221,1678.1963,1297.3948,1568.8327,1,on,1,1.5000
1786346131.552065,1,1,,1684.0000,1674.0000,1700.0000,1741.0000,1301.0000,1525.0000,42.623,44.516,39.382,31.215,37.526,34.185,1690,1672,1637,1680,1289,1571,0,0,0,0,12,0,1,0,0,1,0,1,4.9908,4.9908,4.9908,4.9908,2.9084,7.0640,1690.8700,1675.9788,1651.8920,1693.0574,1297.3948,1568.8327,1,on,1,1.5000
1786346131.616128,1,1,,1721.0000,1697.0000,1711.0000,1733.0000,1307.0000,1554.0000,35.201,39.916,37.191,32.738,35.264,30.130,1691,1672,1637,1680,1293,1571,0,0,0,0,13,0,1,0,0,0,0,1,4.9908,4.9908,4.9908,4.9908,2.9084,7.0640,1690.8700,1675.9788,1660.9044,1693.0574,1297.3948,1568.8327,1,on,1,1.5000
1786346131.684128,1,1,,1677.0000,1703.0000,1694.0000,1739.0000,1301.0000,1571.0000,43.895,38.849,40.469,31.565,37.602,27.723,1691,1672,1638,1680,1295,1571,0,0,24,0,17,0,1,0,0,0,0,1,4.9908,4.9908,4.9908,4.9908,2.9084,7.0640,1690.8700,1675.9788,1660.9044,1703.5177,1297.3948,1568.8327,1,on,1,1.5000
1786346131.752101,1,1,,1672.0000,1712.0000,1712.0000,1767.0000,1318.0000,1598.0000,45.011,36.980,36.952,26.010,31.496,23.930,1691,1672,1647,1688,1297,1571,0,0,0,14,0,0,1,0,0,0,1,1,4.9908,4.9908,4.9908,4.9908,2.9084,7.0640,1690.8700,1685.1635,1671.6276,1713.8238,1297.3948,1568.8327,1,on,1,1.5000
1786346131.816138,1,1,,1673.0000,1707.0000,1714.0000,1741.0000,1326.0000,1598.0000,44.815,37.866,36.592,31.164,29.032,23.858,1690,1678,1654,1699,1297,1571,0,35,15,20,0,0,1,0,0,0,1,1,4.9908,4.9908,4.9908,4.9908,2.9084,7.0640,1690.8700,1685.1635,1671.6276,1713.8238,1297.3948,1568.8327,0,on,1,1.5000
1786346131.884117,1,1,,1634.0000,1613.0000,1620.0000,1692.0000,1341.0000,1511.0000,52.617,56.815,55.305,40.953,23.853,36.194,1690,1682,1659,1708,1297,1571,0,0,33,0,0,0,1,0,0,0,1,1,4.9908,4.9908,4.9908,4.9908,2.9084,7.0640,1690.8700,1685.1635,1671.6276,1713.8238,1305.9743,1568.8327,1,on,1,1.5000
1786346131.951972,1,1,,1348.0000,1217.0000,1214.0000,1336.0000,1361.0000,1542.0000,109.838,136.190,136.811,112.234,16.731,31.781,1690,1682,1667,1709,1297,1571,0,14,0,0,24,0,1,0,0,0,0,1,4.9908,4.9908,4.9908,4.9908,2.9084,7.0640,1542.1749,1451.2128,1450.2212,1551.2200,1313.8733,1568.8327,1,on,1,1.5000
1786346132.016113,1,1,,1077.0000,1034.0000,1095.0000,1147.0000,1223.0000,1350.0000,164.151,173.651,160.626,150.214,64.342,59.033,1690,1683,1667,1709,1301,1571,69,48,71,49,31,0,1,1,1,1,0,1,4.9908,4.9908,4.9908,4.9908,2.9084,7.0640,1289.7847,1225.2355,1268.1071,1341.1603,1302.5951,1494.8774,1,on,1,1.5000
1786346132.084104,1,1,,1099.0000,1034.0000,1075.0000,1121.0000,1209.0000,1447.0000,159.727,173.161,164.648,155.340,69.174,45.240,1651,1645,1625,1670,1306,1567,120,101,100,94,0,72,1,1,1,1,1,1,4.9908,4.9908,4.9908,4.9908,2.9084,7.0640,1202.3548,1137.6463,1182.3668,1239.1654,1283.8031,1494.8774,1,on,1,1.5000
1786346132.152124,1,1,,1120.0000,1071.0000,1084.0000,1135.0000,1191.0000,1531.0000,155.591,165.380,162.684,152.524,75.454,33.455,1603,1595,1577,1621,1305,1517,86,98,85,65,31,44,1,1,1,1,1,1,4.9908,4.9908,4.9908,4.9908,2.9084,7.0640,1175.1786,1116.6041,1149.3127,1202.5634,1262.9785,1494.8774,1,on,1,1.5000
1786346132.215947,1,1,,1183.0000,1115.0000,1116.0000,1184.0000,1206.0000,1627.0000,142.930,156.655,156.416,142.674,69.994,19.781,1568,1562,1545,1585,1302,1505,84,84,88,56,0,27,1,1,1,1,0,1,4.9908,4.9908,4.9908,4.9908,2.9084,7.0640,1175.1786,1116.6041,1149.3127,1202.5634,1252.3221,1517.4800,1,on,1,1.5000
1786346132.283949,1,1,,1202.0000,1126.0000,1118.0000,1193.0000,1230.0000,1623.0000,139.153,154.343,155.909,141.038,61.966,20.396,1531,1524,1509,1550,1302,1498,90,71,78,51,18,0,1,1,1,1,1,0,4.9908,4.9908,4.9908,4.9908,2.9084,7.0640,1175.1786,1116.6041,1138.9170,1202.5634,1252.3221,1543.8396,1,on,1,1.5000
1786346132.352132,1,1,,1156.0000,1097.0000,1097.0000,1164.0000,1221.0000,1546.0000,148.380,160.227,160.093,146.701,64.821,31.251,1497,1491,1475,1515,1304,1498,93,89,67,63,26,76,1,1,1,1,1,0,4.9908,4.9908,4.9908,4.9908,2.9084,7.0640,1175.1786,1116.6041,1138.9170,1194.4018,1246.3403,1543.8396,1,on,1,1.5000
1786346132.416132,1,1,,1088.0000,1038.0000,1062.0000,1111.0000,1226.0000,1362.0000,161.915,171.922,167.143,157.424,63.378,57.322,1470,1462,1449,1487,1298,1524,84,74,74,56,56,35,1,1,1,1,1,0,4.9908,4.9908,4.9908,4.9908,2.9084,7.0640,1160.7655,1103.0792,1120.9430,1179.3234,1246.3403,1499.1653,1,on,1,1.5000
1786346132.484130,1,1,,1085.0000,1034.0000,1049.0000,1091.0000,1234.0000,1299.0000,162.519,173.340,169.813,161.463,60.658,66.167,1436,1428,1415,1455,1290,1534,80,85,85,70,14,0,1,1,1,1,0,1,4.9908,4.9908,4.9908,4.9908,2.9084,7.0640,1146.0083,1090.5059,1107.2598,1160.4559,1246.3403,1429.6267,1,on,1,1.5000
1786346132.551902,1,1,,1071.0000,1034.0000,1037.0000,1072.0000,1217.0000,1310.0000,165.306,174.623,172.128,165.239,66.472,64.743,1403,1397,1383,1423,1290,1519,81,82,74,79,59,93,1,1,1,1,0,1,4.9908,4.9908,4.9908,4.9908,2.9084,7.0640,1130.9620,1080.8006,1093.7077,1140.6514,1241.5565,1392.6364,1,on,1,1.5000
1786346132.616098,1,1,,1063.0000,1034.0000,1034.0000,1074.0000,1215.0000,1325.0000,167.069,175.222,172.842,164.785,66.972,62.617,1378,1369,1354,1396,1300,1480,83,87,65,88,49,0,1,1,1,1,0,1,4.9908,4.9908,4.9908,4.9908,2.9084,7.0640,1117.9120,1080.8006,1083.0534,1127.3601,1241.5565,1376.6219,1,on,1,1.5000
1786346132.684101,1,1,,1055.0000,1034.0000,1041.0000,1074.0000,1213.0000,1330.0000,168.673,174.870,171.392,164.787,67.693,61.787,1345,1337,1323,1360,1310,1473,86,89,78,62,33,19,1,1,1,1,0,1,4.9908,4.9908,4.9908,4.9908,2.9084,7.0640,1106.2254,1068.1674,1083.0534,1117.9598,1236.7496,1376.6219,1,on,1,1.5000
1786346132.751914,1,1,,1054.0000,1034.0000,1043.0000,1072.0000,1219.0000,1324.0000,168.836,174.992,170.988,165.108,65.516,62.751,1315,1306,1290,1331,1317,1470,117,95,81,73,32,16,1,1,1,1,0,1,4.9908,4.9908,4.9908,4.9908,2.9084,7.0640,1097.4812,1068.1674,1072.3609,1117.9598,1236.7496,1361.2405,1,on,1,1.5000
1786346132.815925,1,1,,1065.0000,1034.0000,1043.0000,1067.0000,1217.0000,1316.0000,166.558,173.208,171.035,166.127,66.197,63.796,1286,1277,1262,1301,1323,1470,106,87,86,72,27,0,1,1,1,1,0,1,4.9908,4.9908,4.9908,4.9908,2.9084,7.0640,1097.4812,1068.1674,1072.3609,1104.6101,1236.7496,1361.2405,1,on,1,1.5000
1786346132.883892,1,1,,1077.0000,1034.0000,1043.0000,1075.0000,1232.0000,1274.0000,164.126,173.173,171.031,164.663,61.071,69.731,1250,1243,1229,1270,1329,1470,96,89,94,75,31,0,1,1,1,1,0,1,4.9908,4.9908,4.9908,4.9908,2.9084,7.0640,1097.4812,1057.9873,1072.3609,1104.6101,1236.7496,1339.2863,1,on,1,1.5000
1786346132.952094,1,1,,1089.0000,1038.0000,1044.0000,1077.0000,1235.0000,1262.0000,161.808,171.950,170.855,164.222,60.143,71.417,1218,1211,1195,1235,1336,1470,111,95,93,79,26,0,1,1,1,1,0,1,4.9908,4.9908,4.9908,4.9908,2.9084,7.0640,1097.4812,1057.9873,1064.4647,1104.6101,1236.7496,1323.6642,1,on,1,1.5000
1786346133.015920,1,1,,1081.0000,1039.0000,1054.0000,1084.0000,1243.0000,1249.0000,163.439,171.806,168.735,162.750,57.562,73.331,1188,1180,1164,1205,1341,1470,93,104,88,74,30,0,1,1,1,1,0,1,4.9908,4.9908,4.9908,4.9908,2.9084,7.0640,1097.4812,1057.9873,1064.4647,1104.6101,1236.7496,1308.6872,1,on,1,1.5000
1786346133.084093,1,1,,1076.0000,1034.0000,1052.0000,1091.0000,1250.0000,1236.0000,164.308,172.819,169.187,161.293,55.000,75.124,1154,1143,1130,1173,1346,1469,116,109,103,98,47,0,1,1,1,1,0,1,4.9908,4.9908,4.9908,4.9908,2.9084,7.0640,1097.4812,1057.9873,1064.4647,1104.6101,1236.7496,1294.0109,1,on,1,1.5000
1786346133.152192,1,1,,1110.0000,1052.0000,1067.0000,1121.0000,1257.0000,1226.0000,157.621,169.258,166.186,155.442,52.502,76.574,1116,1108,1093,1136,1353,1469,109,122,114,74,43,17,1,1,1,1,0,1,4.9908,4.9908,4.9908,4.9908,2.9084,7.0640,1097.4812,1057.9873,1064.4647,1104.6101,1236.7496,1280.7861,1,on,1,1.5000
1786346133.216094,1,1,,1202.0000,1144.0000,1162.0000,1211.0000,1271.0000,1249.0000,139.226,150.691,147.247,137.272,47.709,73.250,1108,1075,1075,1115,1360,1469,60,115,29,0,34,19,1,1,1,1,0,1,4.9908,4.9908,4.9908,4.9908,2.9084,7.0640,1112.7145,1067.4732,1080.2297,1120.9478,1236.7496,1280.7861,1,on,1,1.5000
1786346133.284223,1,1,,1283.0000,1240.0000,1267.0000,1318.0000,1275.0000,1272.0000,122.874,131.613,126.202,115.897,46.433,70.106,1107,1068,1073,1112,1365,1466,0,0,0,27,41,0,0,1,0,0,0,1,4.9908,4.9908,4.9908,4.9908,2.9084,7.0640,1164.8528,1118.7792,1139.0684,1186.3118,1243.8391,1280.7861,1,on,1,1.5000
1786346133.352156,1,1,,1324.0000,1281.0000,1295.0000,1342.0000,1300.0000,1244.0000,114.732,123.373,120.526,111.179,37.650,74.002,1107,1072,1084,1130,1366,1466,51,65,49,45,0,0,0,0,0,0,1,1,4.9908,4.9908,4.9908,4.9908,2.9084,7.0640,1217.2502,1172.1326,1190.4563,1238.5368,1251.9749,1280.7861,1,on,1,1.5000
1786346133.416017,1,1,,1336.0000,1270.0000,1283.0000,1326.0000,1277.0000,1268.0000,112.349,125.580,122.915,114.305,45.774,70.679,1136,1107,1114,1161,1365,1466,85,63,61,53,73,0,0,0,0,0,1,1,4.9908,4.9908,4.9908,4.9908,2.9084,7.0640,1252.6394,1199.2777,1215.6498,1262.1184,1251.9749,1280.7861,1,on,1,1.5000
1786346133.483971,1,1,,1346.0000,1274.0000,1311.0000,1390.0000,1318.0000,1309.0000,110.284,124.674,117.268,101.391,31.655,64.826,1185,1152,1155,1199,1356,1466,56,60,61,44,70,0,0,0,0,0,1,1,4.9908,4.9908,4.9908,4.9908,2.9084,7.0640,1277.4000,1216.8985,1240.1196,1299.1152,1264.6095,1280.7861,1,on,1,1.5000
1786346133.551958,1,1,,1517.0000,1547.0000,1500.0000,1557.0000,1374.0000,1575.0000,76.070,70.078,79.521,68.051,12.307,27.211,1221,1191,1194,1237,1346,1461,62,59,67,52,65,70,0,0,0,0,1,1,4.9908,4.9908,4.9908,4.9908,2.9084,7.0640,1368.9439,1361.1318,1342.7011,1402.7161,1289.6546,1390.9542,1,on,1,1.5000
1786346133.616119,1,1,,1697.0000,1678.0000,1681.0000,1725.0000,1352.0000,1612.0000,40.000,43.716,43.122,34.266,19.814,21.920,1250,1221,1224,1266,1341,1422,67,53,51,51,64,79,0,0,0,0,1,1,4.9908,4.9908,4.9908,4.9908,2.9084,7.0640,1522.3765,1512.5881,1503.9822,1554.2307,1301.8761,1480.0471,1,on,1,1.5000
1786346133.684154,1,1,,1682.0000,1727.0000,1718.0000,1743.0000,1326.0000,1598.0000,43.038,33.857,35.654,30.786,29.002,23.965,1286,1252,1258,1299,1334,1403,55,64,57,49,47,0,0,0,0,0,1,0,4.9908,4.9908,4.9908,4.9908,2.9084,7.0640,1586.1725,1607.0447,1598.0958,1633.6440,1301.8761,1519.6440,1,on,1,1.5000
1786346133.752164,1,1,,1687.0000,1725.0000,1738.0000,1735.0000,1327.0000,1632.0000,41.926,34.342,31.826,32.376,28.393,19.098,1317,1286,1289,1332,1327,1436,72,66,65,58,39,117,0,0,0,0,1,0,4.9908,4.9908,4.9908,4.9908,2.9084,7.0640,1617.9851,1648.4202,1649.5853,1666.7341,1307.3456,1553.0552,1,on,1,1.5000
1786346133.816168,1,1,,1661.0000,1714.0000,1741.0000,1731.0000,1333.0000,1596.0000,47.197,36.482,31.056,33.169,26.352,24.221,1344,1313,1319,1360,1322,1498,55,70,56,47,42,93,0,0,0,0,1,0,4.9908,4.9908,4.9908,4.9908,2.9084,7.0640,1627.0522,1665.0709,1675.9819,1682.2065,1307.3456,1553.0552,1,on,1,1.5000
1786346133.883997,1,1,,1658.0000,1708.0000,1736.0000,1705.0000,1322.0000,1539.0000,47.733,37.729,32.147,38.342,30.197,32.232,1377,1348,1352,1392,1316,1541,64,53,52,38,42,0,0,0,0,0,1,0,4.9908,4.9908,4.9908,4.9908,2.9084,7.0640,1627.0522,1673.0716,1689.4033,1682.2065,1307.3456,1553.0552,1,on,1,1.5000
1786346133.952107,1,1,,1643.0000,1656.0000,1628.0000,1711.0000,1306.0000,1227.0000,50.743,48.131,53.859,37.185,35.816,76.430,1409,1379,1383,1425,1311,1544,67,60,61,42,0,23,0,0,0,0,1,0,4.9908,4.9908,4.9908,4.9908,2.9084,7.0640,1627.0522,1673.0716,1689.4033,1682.2065,1307.3456,1428.1750,1,on,1,1.5000
1786346134.015942,1,1,,1607.0000,1642.0000,1601.0000,1700.0000,1283.0000,1115.0000,58.060,50.921,59.282,39.448,43.592,92.258,1436,1405,1410,1450,1309,1546,62,63,54,47,20,66,0,0,0,0,1,1,4.9908,4.9908,4.9908,4.9908,2.9084,7.0640,1627.0522,1673.0716,1673.0434,1682.2065,1307.3456,1283.1598,1,on,1,1.5000
1786346134.084117,1,1,,1640.0000,1658.0000,1608.0000,1728.0000,1262.0000,1099.0000,51.331,47.734,57.733,33.806,50.796,94.567,1469,1438,1442,1485,1308,1502,60,68,56,46,0,88,0,0,0,0,1,1,4.9908,4.9908,4.9908,4.9908,2.9084,7.0640,1627.0522,1673.0716,1661.4980,1693.6311,1307.3456,1206.7439,1,on,1,1.5000
1786346134.152165,1,1,,1652.0000,1679.0000,1608.0000,1720.0000,1260.0000,1102.0000,49.034,43.634,57.776,35.381,51.562,94.167,1502,1474,1478,1516,1308,1431,71,53,46,51,0,84,0,0,0,0,1,1,4.9908,4.9908,4.9908,4.9908,2.9084,7.0640,1627.0522,1673.0716,1652.6202,1693.6311,1297.7536,1172.5352,1,on,1,1.5000
1786346134.216146,1,1,,1672.0000,1696.0000,1615.0000,1723.0000,1280.0000,1083.0000,45.059,40.200,56.309,34.822,44.571,96.842,1530,1500,1503,1548,1308,1381,68,68,59,47,34,74,0,0,0,0,1,1,4.9908,4.9908,4.9908,4.9908,2.9084,7.0640,1637.0659,1673.0716,1652.6202,1693.6311,1297.7536,1148.5411,1,on,1,1.5000
1786346134.283986,1,1,,1669.0000,1701.0000,1619.0000,1713.0000,1298.0000,1094.0000,45.550,39.092,55.566,36.785,38.659,95.203,1564,1533,1537,1580,1303,1331,73,65,64,54,39,109,0,0,0,0,1,1,4.9908,4.9908,4.9908,4.9908,2.9084,7.0640,1637.0659,1673.0716,1644.1691,1693.6311,1297.7536,1137.2222,1,on,1,1.5000
1786346134.352131,1,1,,1620.0000,1652.0000,1630.0000,1723.0000,1332.0000,1127.0000,55.469,49.062,53.423,34.816,26.705,90.575,1599,1568,1572,1615,1301,1278,69,66,58,59,20,93,0,0,0,0,1,1,4.9908,4.9908,4.9908,4.9908,2.9084,7.0640,1637.0659,1673.0716,1644.1691,1701.7510,1297.7536,1137.2222,1,on,1,1.5000
1786346134.416108,1,1,,1640.0000,1659.0000,1635.0000,1740.0000,1331.0000,1132.0000,51.402,47.649,52.332,31.387,27.239,89.814,1626,1598,1603,1651,1298,1235,0,75,59,57,16,97,0,0,0,0,1,1,4.9908,4.9908,4.9908,4.9908,2.9084,7.0640,1637.0659,1673.0716,1644.1691,1701.7510,1297.7536,1137.2222,0,on,1,1.5000
1786346134.483993,1,1,,1644.0000,1661.0000,1632.0000,1740.0000,1331.0000,1117.0000,50.525,47.106,52.947,31.348,27.227,91.940,1632,1636,1634,1690,1298,1186,0,69,0,0,0,119,0,0,0,0,1,1,4.9908,4.9908,4.9908,4.9908,2.9084,7.0640,1637.0659,1673.0716,1644.1691,1709.6660,1304.8040,1137.2222,1,on,1,1.5000
1786346134.551961,1,1,,1647.0000,1670.0000,1624.0000,1742.0000,1327.0000,1110.0000,49.991,45.379,54.548,30.995,28.516,93.028,1632,1664,1638,1703,1298,1151,21,0,19,25,0,50,0,0,0,0,0,1,4.9908,4.9908,4.9908,4.9908,2.9084,7.0640,1637.0659,1673.0716,1644.1691,1709.6660,1304.8040,1137.2222,0,on,1,1.5000
1786346134.616140,1,1,,1646.0000,1676.0000,1621.0000,1743.0000,1326.0000,1099.0000,50.241,44.183,55.152,30.704,28.844,94.565,1635,1666,1643,1705,1298,1146,15,24,0,19,17,44,0,0,0,0,0,1,4.9908,4.9908,4.9908,4.9908,2.9084,7.0640,1637.0659,1673.0716,1644.1691,1709.6660,1304.8040,1137.2222,0,on,1,1.5000
1786346134.683997,1,1,,1650.0000,1674.0000,1619.0000,1741.0000,1324.0000,1106.0000,49.407,44.486,55.636,31.168,29.680,93.500,1636,1671,1643,1709,1300,1144,0,0,0,0,0,33,1,0,0,0,0,1,4.9908,4.9908,4.9908,4.9908,2.9084,7.0640,1637.0659,1673.0716,1644.1691,1718.6986,1309.4318,1137.2222,1,on,1,1.5000
1786346134.752240,1,1,,1647.0000,1673.0000,1626.0000,1731.0000,1327.0000,1098.0000,49.874,44.709,54.259,33.200,28.429,94.693,1636,1671,1643,1714,1302,1139,0,0,0,22,18,36,1,0,0,0,0,1,4.9908,4.9908,4.9908,4.9908,2.9084,7.0640,1637.0659,1673.0716,1644.1691,1718.6986,1309.4318,1124.1620,1,on,1,1.5000
1786346134.816129,1,1,,1663.0000,1703.0000,1662.0000,1761.0000,1332.0000,1109.0000,46.692,38.679,46.944,27.038,26.769,93.169,1636,1671,1643,1719,1305,1132,0,0,0,0,0,36,1,0,0,1,0,1,4.9908,4.9908,4.9908,4.9908,2.9084,7.0640,1637.0659,1673.0716,1644.1691,1718.6986,1309.4318,1124.1620,0,on,1,1.5000
1786346134.884101,1,1,,1713.0000,1744.0000,1724.0000,1765.0000,1337.0000,1346.0000,36.792,30.620,34.548,26.256,25.083,59.630,1636,1671,1643,1719,1306,1127,0,0,0,0,21,31,1,0,0,1,0,1,4.9908,4.9908,4.9908,4.9908,2.9084,7.0640,1653.2660,1685.1133,1652.6240,1729.0916,1314.4006,1190.4827,1,on,1,1.5000
1786346134.952110,1,1,,1749.0000,1737.0000,1725.0000,1729.0000,1343.0000,1429.0000,29.607,31.906,34.436,33.511,23.071,47.827,1636,1671,1645,1722,1308,1127,0,0,14,32,16,48,0,0,0,0,0,0,4.9908,4.9908,4.9908,4.9908,2.9084,7.0640,1673.4749,1693.1243,1666.1720,1729.0916,1314.4006,1283.8807,1,on,1,1.5000
1786346135.015963,1,1,,1743.0000,1762.0000,1717.0000,1745.0000,1343.0000,1346.0000,30.686,26.887,36.039,30.320,23.001,59.561,1648,1675,1653,1729,1310,1180,51,19,12,0,23,98,0,0,0,0,0,0,4.9908,4.9908,4.9908,4.9908,2.9084,7.0640,1687.2152,1705.2414,1674.5114,1729.0916,1319.4754,1300.7115,1,on,1,1.5000
1786346135.084137,1,1,,1700.0000,1761.0000,1697.0000,1765.0000,1298.0000,1404.0000,39.289,27.053,40.018,26.317,38.346,51.371,1662,1682,1663,1729,1312,1242,41,35,24,0,21,85,0,0,0,0,0,0,4.9908,4.9908,4.9908,4.9908,2.9084,7.0640,1687.2152,1714.7356,1674.5114,1729.0916,1319.4754,1328.0446,1,on,1,1.5000
1786346135.152107,1,1,,1750.0000,1753.0000,1701.0000,1745.0000,1288.0000,1385.0000,29.420,28.766,39.089,30.306,41.809,54.018,1677,1698,1674,1729,1315,1298,26,20,0,0,0,85,0,0,1,0,0,0,4.9908,4.9908,4.9908,4.9908,2.9084,7.0640,1698.2174,1714.7356,1674.5114,1729.0916,1319.4754,1339.7943,1,on,1,1.5000
1786346135.215985,1,1,,1741.0000,1757.0000,1703.0000,1737.0000,1279.0000,1378.0000,31.121,27.905,38.806,31.932,45.164,55.107,1684,1710,1674,1729,1317,1317,0,21,0,0,19,20,0,0,1,0,0,0,4.9908,4.9908,4.9908,4.9908,2.9084,7.0640,1698.2174,1724.8245,1674.5114,1729.0916,1312.5056,1339.7943,1,on,1,1.5000
1786346135.284012,1,1,,1735.0000,1743.0000,1693.0000,1738.0000,1253.0000,1402.0000,32.269,30.837,40.712,31.689,53.825,51.593,1684,1714,1674,1730,1318,1320,0,44,0,0,0,19,0,0,1,0,1,0,4.9908,4.9908,4.9908,4.9908,2.9084,7.0640,1707.9245,1724.8245,1682.4035,1729.0916,1303.6517,1354.8622,1,on,1,1.5000
1786346135.351970,1,1,,1731.0000,1745.0000,1693.0000,1741.0000,1254.0000,1383.0000,33.228,30.330,40.676,31.080,53.673,54.292,1691,1721,1675,1730,1318,1330,27,0,16,0,60,37,0,0,0,0,1,0,4.9908,4.9908,4.9908,4.9908,2.9084,7.0640,1707.9245,1724.8245,1682.4035,1729.0916,1296.2209,1354.8622,1,on,1,1.5000
1786346135.416003,1,1,,1734.0000,1752.0000,1704.0000,1745.0000,1253.0000,1384.0000,32.558,29.031,38.481,30.341,53.941,54.147,1699,1721,1682,1730,1309,1340,32,0,0,0,60,40,0,0,0,0,1,0,4.9908,4.9908,4.9908,4.9908,2.9084,7.0640,1707.9245,1724.8245,1682.4035,1729.0916,1290.2084,1354.8622,1,on,1,1.5000
1786346135.484143,1,1,,1737.0000,1753.0000,1705.0000,1749.0000,1259.0000,1380.0000,31.909,28.712,38.357,29.448,51.804,54.804,1704,1721,1682,1730,1300,1349,18,0,0,0,46,19,0,0,0,0,1,0,4.9908,4.9908,4.9908,4.9908,2.9084,7.0640,1707.9245,1724.8245,1682.4035,1729.0916,1290.2084,1354.8622,0,on,1,1.5000
1786346135.551950,1,1,,1741.0000,1754.0000,1693.0000,1747.0000,1251.0000,1399.0000,31.187,28.595,40.845,29.884,54.742,52.082,1706,1721,1682,1730,1294,1350,17,0,0,0,0,0,0,0,0,0,1,0,4.9908,4.9908,4.9908,4.9908,2.9084,7.0640,1717.0367,1733.8599,1682.4035,1736.5917,1282.2685,1366.5181,1,on,1,1.5000
1786346135.615952,1,1,,1731.0000,1747.0000,1689.0000,1744.0000,1240.0000,1408.0000,33.150,29.929,41.596,30.626,58.532,50.773,1710,1728,1682,1731,1291,1350,49,37,0,18,37,48,0,0,0,0,1,0,4.9908,4.9908,4.9908,4.9908,2.9084,7.0640,1717.0367,1733.8599,1682.4035,1736.5917,1276.9465,1366.5181,1,on,1,1.5000
1786346135.684143,1,1,,1737.0000,1747.0000,1691.0000,1744.0000,1243.0000,1373.0000,31.999,30.015,41.185,30.524,57.472,55.773,1718,1734,1682,1735,1285,1360,0,15,0,0,46,28,1,0,0,0,1,0,4.9908,4.9908,4.9908,4.9908,2.9084,7.0640,1717.0367,1733.8599,1682.4035,1736.5917,1276.9465,1366.5181,0,on,1,1.5000
1786346135.752131,1,1,,1716.0000,1752.0000,1687.0000,1757.0000,1246.0000,1352.0000,36.166,28.907,41.927,27.857,56.505,58.788,1718,1735,1682,1735,1279,1364,0,0,0,0,0,19,1,1,0,0,1,0,4.9908,4.9908,4.9908,4.9908,2.9084,7.0640,1717.0367,1733.8599,1682.4035,1736.5917,1270.0917,1366.5181,1,on,1,1.5000
1786346135.816026,1,1,,1712.0000,1749.0000,1685.0000,1769.0000,1245.0000,1352.0000,36.897,29.462,42.437,25.456,56.666,58.688,1719,1735,1682,1736,1278,1364,0,0,0,20,43,20,1,1,0,0,1,0,4.9908,4.9908,4.9908,4.9908,2.9084,7.0640,1717.0367,1733.8599,1682.4035,1736.5917,1270.0917,1366.5181,0,on,1,1.5000
1786346135.883961,1,1,,1698.0000,1744.0000,1675.0000,1763.0000,1240.0000,1362.0000,39.779,30.488,44.285,26.671,58.539,57.380,1718,1735,1682,1738,1274,1364,0,0,0,0,0,21,1,1,0,1,1,0,4.9908,4.9908,4.9908,4.9908,2.9084,7.0640,1717.0367,1733.8599,1682.4035,1736.5917,1265.0257,1366.5181,1,on,1,1.5000
1786346135.951934,1,1,,1702.0000,1742.0000,1678.0000,1772.0000,1229.0000,1374.0000,38.883,30.957,43.792,24.976,62.377,55.558,1718,1735,1682,1738,1273,1365,0,0,0,0,27,21,1,1,0,1,1,1,4.9908,4.9908,4.9908,4.9908,2.9084,7.0640,1717.0367,1733.8599,1682.4035,1745.8054,1265.0257,1366.5181,1,on,1,1.5000
1786346136.016125,1,1,,1695.0000,1743.0000,1675.0000,1768.0000,1231.0000,1368.0000,40.343,30.816,44.418,25.686,61.636,56.420,1718,1735,1682,1738,1269,1366,0,0,0,15,16,23,1,1,0,0,1,1,4.9908,4.9908,4.9908,4.9908,2.9084,7.0640,1717.0367,1733.8599,1682.4035,1745.8054,1257.9037,1366.5181,1,on,1,1.5000
1786346136.084065,1,1,,1691.0000,1744.0000,1676.0000,1764.0000,1233.0000,1386.0000,41.120,30.494,44.162,26.613,60.713,53.914,1719,1735,1682,1745,1267,1367,0,0,0,0,42,0,1,1,0,0,1,1,4.9908,4.9908,4.9908,4.9908,2.9084,7.0640,1717.0367,1733.8599,1682.4035,1745.8054,1257.9037,1366.5181,0,on,1,1.5000
1786346136.152119,1,1,,1675.0000,1744.0000,1682.0000,1757.0000,1308.0000,1397.0000,44.293,30.544,42.863,27.968,34.938,52.355,1719,1735,1682,1745,1261,1367,0,0,0,0,28,0,1,1,0,0,1,1,4.9908,4.9908,4.9908,4.9908,2.9084,7.0640,1709.0119,1733.8599,1682.4035,1745.8054,1257.9037,1366.5181,1,on,1,1.5000
1786346136.215970,1,1,,1697.0000,1728.0000,1717.0000,1725.0000,1344.0000,1567.0000,39.985,33.790,35.959,34.337,22.791,28.249,1718,1735,1682,1746,1260,1367,0,0,0,0,29,0,1,1,0,1,1,1,4.9908,4.9908,4.9908,4.9908,2.9084,7.0640,1709.0119,1733.8599,1682.4035,1745.8054,1274.4288,1429.9645,1,on,1,1.5000
1786346136.284127,1,1,,1705.0000,1719.0000,1734.0000,1699.0000,1334.0000,1603.0000,38.345,35.521,32.629,39.569,26.038,23.155,1718,1735,1682,1746,1258,1370,0,0,0,0,8,87,1,1,0,1,0,0,4.9908,4.9908,4.9908,4.9908,2.9084,7.0640,1709.0119,1733.8599,1692.6055,1745.8054,1284.8068,1488.8338,1,on,1,1.5000
1786346136.351984,1,1,,1709.0000,1709.0000,1730.0000,1727.0000,1332.0000,1640.0000,37.529,37.614,33.267,33.900,26.976,17.931,1718,1735,1685,1746,1261,1415,34,0,23,0,57,102,1,1,0,1,0,0,4.9908,4.9908,4.9908,4.9908,2.9084,7.0640,1709.0119,1733.8599,1692.6055,1745.8054,1292.1671,1539.4345,1,on,1,1.5000
1786346136.416034,1,1,,1694.0000,1712.0000,1727.0000,1735.0000,1329.0000,1638.0000,40.609,36.859,33.998,32.342,27.835,18.274,1713,1735,1693,1746,1272,1474,21,0,0,0,43,102,1,1,1,1,0,0,4.9908,4.9908,4.9908,4.9908,2.9084,7.0640,1709.0119,1733.8599,1700.3395,1745.8054,1297.0409,1567.1160,1,on,1,1.5000
1786346136.484021,1,1,,1706.0000,1714.0000,1734.0000,1724.0000,1336.0000,1635.0000,38.161,36.593,32.634,34.510,25.333,18.652,1713,1735,1693,1746,1280,1535,26,0,0,0,34,88,1,1,0,1,0,0,4.9908,4.9908,4.9908,4.9908,2.9084,7.0640,1709.0119,1733.8599,1700.3395,1745.8054,1302.0753,1582.6744,1,on,1,1.5000
1786346136.552121,1,1,,1698.0000,1713.0000,1730.0000,1718.0000,1345.0000,1611.0000,39.689,36.825,33.326,35.774,22.410,22.079,1711,1735,1696,1746,1286,1557,22,0,13,0,31,29,1,1,0,1,0,0,4.9908,4.9908,4.9908,4.9908,2.9084,7.0640,1709.0119,1733.8599,1700.3395,1738.1379,1307.7675,1582.6744,1,on,1,1.5000
1786346136.616048,1,1,,1725.0000,1700.0000,1727.0000,1711.0000,1343.0000,1608.0000,34.322,39.369,33.950,37.141,23.050,22.520,1711,1735,1701,1746,1292,1563,0,0,0,0,26,27,1,1,1,1,0,0,4.9908,4.9908,4.9908,4.9908,2.9084,7.0640,1709.0119,1733.8599,1708.4190,1738.1379,1307.7675,1582.6744,1,on,1,1.5000
1786346136.683941,1,1,,1700.0000,1706.0000,1728.0000,1723.0000,1343.0000,1597.0000,39.261,38.178,33.726,34.722,23.158,24.084,1711,1735,1701,1746,1298,1566,0,0,20,0,27,25,1,1,0,1,0,0,4.9908,4.9908,4.9908,4.9908,2.9084,7.0640,1709.0119,1725.3738,1708.4190,1738.1379,1315.5147,1582.6744,1,on,1,1.5000
1786346136.751957,1,1,,1693.0000,1667.0000,1697.0000,1696.0000,1343.0000,1568.0000,40.850,46.048,39.871,40.143,22.897,28.171,1711,1735,1709,1746,1304,1566,0,0,0,30,30,26,1,1,1,1,0,0,4.9908,4.9908,4.9908,4.9908,2.9084,7.0640,1709.0119,1717.2154,1708.4190,1738.1379,1315.5147,1582.6744,1,on,1,1.5000
1786346136.815958,1,1,,1497.0000,1473.0000,1480.0000,1546.0000,1334.0000,1454.0000,80.071,84.755,83.439,70.211,26.281,44.270,1711,1734,1709,1743,1310,1566,0,60,0,0,26,30,1,1,1,1,0,0,4.9908,4.9908,4.9908,4.9908,2.9084,7.0640,1642.9143,1630.9761,1636.7781,1676.6928,1315.5147,1558.5858,1,on,1,1.5000
1786346136.883977,1,1,,1250.0000,1120.0000,1146.0000,1231.0000,1287.0000,1502.0000,129.614,155.598,150.353,133.261,42.364,37.537,1710,1713,1709,1735,1312,1566,96,81,44,61,22,19,1,1,1,1,0,1,4.9908,4.9908,4.9908,4.9908,2.9084,7.0640,1451.2024,1349.5308,1373.7054,1448.7217,1315.5147,1547.7731,1,on,1,1.5000
1786346136.952119,1,1,,1180.0000,1083.0000,1103.0000,1161.0000,1238.0000,1393.0000,143.617,162.987,159.041,147.437,59.051,52.983,1677,1680,1679,1702,1314,1567,113,79,109,76,0,0,1,1,1,1,0,1,4.9908,4.9908,4.9908,4.9908,2.9084,7.0640,1322.5232,1216.4978,1239.8547,1307.0005,1304.9292,1503.1480,1,on,1,1.5000
1786346137.016146,1,1,,1168.0000,1050.0000,1078.0000,1106.0000,1249.0000,1255.0000,145.999,169.538,164.032,158.417,55.211,72.511,1627,1634,1628,1653,1314,1567,104,87,88,41,26,88,1,1,1,1,1,1,4.9908,4.9908,4.9908,4.9908,2.9084,7.0640,1261.7932,1147.6235,1173.7920,1220.0262,1295.9211,1405.9570,1,on,1,1.5000
1786346137.083955,1,1,,1106.0000,1057.0000,1065.0000,1075.0000,1222.0000,1357.0000,158.441,168.109,166.618,164.504,64.474,58.037,1587,1594,1586,1613,1308,1513,96,76,83,63,47,101,1,1,1,1,1,1,4.9908,4.9908,4.9908,4.9908,2.9084,7.0640,1205.2740,1118.8975,1137.8412,1166.0447,1281.9885,1393.0373,1,on,1,1.5000
1786346137.151982,1,1,,1131.0000,1067.0000,1078.0000,1103.0000,1210.0000,1491.0000,153.419,166.198,164.069,158.884,68.730,39.078,1555,1563,1553,1580,1303,1480,90,78,82,66,16,34,1,1,1,1,0,1,4.9908,4.9908,4.9908,4.9908,2.9084,7.0640,1185.1101,1107.2554,1123.4771,1149.3732,1267.9903,1393.0373,1,on,1,1.5000
1786346137.215994,1,1,,1145.0000,1078.0000,1094.0000,1120.0000,1190.0000,1574.0000,150.468,164.037,160.733,155.593,75.465,27.245,1520,1529,1519,1549,1304,1472,83,80,72,58,58,19,1,1,1,1,0,1,4.9908,4.9908,4.9908,4.9908,2.9084,7.0640,1185.1101,1107.2554,1123.4771,1149.3732,1252.2310,1448.4593,1,on,1,1.5000
1786346137.283949,1,1,,1163.0000,1083.0000,1088.0000,1124.0000,1194.0000,1536.0000,146.964,162.985,161.924,154.770,74.160,32.690,1485,1494,1484,1513,1316,1471,71,74,80,64,46,19,1,1,1,1,0,1,4.9908,4.9908,4.9908,4.9908,2.9084,7.0640,1175.9573,1107.2554,1114.9095,1149.3732,1241.5250,1470.2702,1,on,1,1.5000
1786346137.351959,1,1,,1153.0000,1078.0000,1080.0000,1119.0000,1180.0000,1497.0000,149.040,163.920,163.602,155.868,79.017,38.195,1458,1465,1456,1485,1324,1471,87,80,81,66,39,0,1,1,1,1,0,1,4.9908,4.9908,4.9908,4.9908,2.9084,7.0640,1175.9573,1098.6124,1114.9095,1139.8031,1230.5026,1470.2702,1,on,1,1.5000
1786346137.416112,1,1,,1087.0000,1037.0000,1068.0000,1101.0000,1184.0000,1410.0000,162.127,172.120,165.898,159.384,77.823,50.558,1426,1432,1423,1451,1331,1471,92,84,74,50,31,0,1,1,1,1,0,1,4.9908,4.9908,4.9908,4.9908,2.9084,7.0640,1158.0734,1089.6539,1105.2822,1139.8031,1223.2819,1470.2702,1,on,1,1.5000
1786346137.484160,1,1,,1078.0000,1034.0000,1054.0000,1091.0000,1184.0000,1353.0000,163.931,173.321,168.797,161.405,77.592,58.641,1393,1400,1391,1420,1337,1471,85,94,81,59,32,0,1,1,1,1,0,1,4.9908,4.9908,4.9908,4.9908,2.9084,7.0640,1141.7949,1080.8526,1105.2822,1129.6363,1217.8330,1444.5950,1,on,1,1.5000
1786346137.551948,1,1,,1074.0000,1034.0000,1057.0000,1094.0000,1187.0000,1363.0000,164.812,175.054,168.103,160.682,76.665,57.120,1368,1373,1365,1393,1343,1471,103,82,88,58,39,0,1,1,1,1,0,1,4.9908,4.9908,4.9908,4.9908,2.9084,7.0640,1128.5947,1080.8526,1092.2962,1129.6363,1217.8330,1426.9619,1,on,1,1.5000
1786346137.615999,1,1,,1072.0000,1034.0000,1058.0000,1101.0000,1186.0000,1362.0000,165.229,174.331,167.985,159.339,77.001,57.354,1334,1340,1333,1359,1349,1471,93,78,95,80,43,0,1,1,1,1,0,1,4.9908,4.9908,4.9908,4.9908,2.9084,7.0640,1118.6956,1068.5145,1092.2962,1129.6363,1211.2415,1414.3544,1,on,1,1.5000
1786346137.683989,1,1,,1074.0000,1034.0000,1058.0000,1097.0000,1180.0000,1359.0000,164.852,173.966,167.978,160.094,78.977,57.795,1301,1307,1298,1327,1355,1471,102,89,72,74,41,0,1,1,1,1,0,1,4.9908,4.9908,4.9908,4.9908,2.9084,7.0640,1118.6956,1068.5145,1084.8020,1120.3654,1211.2415,1414.3544,1,on,1,1.5000
1786346137.752121,1,1,,1080.0000,1040.0000,1068.0000,1104.0000,1189.0000,1375.0000,163.528,171.577,165.947,158.686,76.089,55.496,1274,1281,1272,1299,1361,1471,93,81,89,60,44,0,1,1,1,1,0,1,4.9908,4.9908,4.9908,4.9908,2.9084,7.0640,1107.7904,1068.5145,1084.8020,1120.3654,1206.2686,1400.6744,1,on,1,1.5000
1786346137.816157,1,1,,1087.0000,1043.0000,1072.0000,1095.0000,1195.0000,1382.0000,162.100,171.011,165.261,160.522,74.046,54.515,1239,1246,1237,1266,1366,1471,94,88,84,72,23,0,1,1,1,1,0,1,4.9908,4.9908,4.9908,4.9908,2.9084,7.0640,1107.7904,1060.2226,1084.8020,1120.3654,1206.2686,1400.6744,1,on,1,1.5000
1786346137.884155,1,1,,1116.0000,1064.0000,1070.0000,1095.0000,1206.0000,1370.0000,156.354,166.792,165.603,160.496,70.255,56.188,1207,1214,1204,1231,1368,1471,121,103,100,71,23,19,1,1,1,1,0,1,4.9908,4.9908,4.9908,4.9908,2.9084,7.0640,1107.7904,1060.2226,1084.8020,1120.3654,1206.2686,1400.6744,0,on,1,1.5000
1786346137.951942,1,1,,1172.0000,1093.0000,1113.0000,1156.0000,1256.0000,1450.0000,145.203,160.990,157.025,148.435,52.917,44.805,1178,1184,1176,1205,1369,1469,117,105,78,71,0,24,1,1,1,1,0,1,4.9908,4.9908,4.9908,4.9908,2.9084,7.0640,1107.7904,1060.2226,1084.8020,1120.3654,1210.6647,1400.6744,1,on,1,1.5000
1786346138.016105,1,1,,1290.0000,1230.0000,1249.0000,1272.0000,1291.0000,1484.0000,121.524,133.509,129.709,125.071,41.069,39.985,1143,1146,1138,1170,1369,1466,125,110,97,84,0,0,1,1,1,1,0,1,4.9908,4.9908,4.9908,4.9908,2.9084,7.0640,1165.2145,1107.4904,1127.2576,1156.9809,1224.6168,1415.0112,1,on,1,1.5000
1786346138.084075,1,1,,1566.0000,1493.0000,1449.0000,1531.0000,1374.0000,1579.0000,66.140,80.821,89.739,73.194,12.234,26.550,1115,1119,1118,1148,1369,1466,64,0,0,24,0,0,0,1,0,0,0,1,4.9908,4.9908,4.9908,4.9908,2.9084,7.0640,1361.0808,1291.1578,1268.4194,1331.7345,1266.3006,1463.1140,1,on,1,1.5000
1786346138.152098,1,1,,1657.0000,1681.0000,1686.0000,1707.0000,1361.0000,1567.0000,47.909,43.189,42.081,37.901,16.672,28.345,1146,1118,1131,1158,1369,1466,78,41,63,47,44,0,0,0,0,0,1,1,4.9908,4.9908,4.9908,4.9908,2.9084,7.0640,1505.4358,1497.0490,1489.5288,1526.4365,1290.5453,1491.3185,1,on,1,1.5000
1786346138.216009,1,1,,1640.0000,1703.0000,1742.0000,1711.0000,1354.0000,1561.0000,51.426,38.849,31.017,37.086,19.090,29.169,1198,1144,1173,1192,1364,1466,61,69,65,62,71,19,0,0,0,0,1,0,4.9908,4.9908,4.9908,4.9908,2.9084,7.0640,1557.2824,1590.2734,1610.4599,1606.7483,1303.7624,1506.8050,1,on,1,1.5000
1786346138.283971,1,1,,1591.0000,1706.0000,1726.0000,1707.0000,1348.0000,1537.0000,61.264,38.145,34.115,37.856,21.162,32.502,1239,1192,1213,1235,1354,1477,63,74,64,59,68,60,0,0,0,0,1,0,4.9908,4.9908,4.9908,4.9908,2.9084,7.0640,1565.5041,1631.8625,1653.6280,1640.5485,1311.1914,1506.8050,1,on,1,1.5000
1786346138.352130,1,1,,1572.0000,1706.0000,1708.0000,1702.0000,1339.0000,1509.0000,65.062,38.074,37.676,38.958,24.342,36.538,1268,1226,1245,1265,1347,1494,57,71,50,49,62,38,0,0,0,0,1,0,4.9908,4.9908,4.9908,4.9908,2.9084,7.0640,1565.5041,1651.8548,1667.5401,1655.6106,1311.1914,1506.8050,1,on,1,1.5000
1786346138.416113,1,1,,1589.0000,1710.0000,1714.0000,1687.0000,1334.0000,1509.0000,61.577,37.326,36.455,41.981,25.970,36.516,1299,1261,1277,1299,1341,1499,69,60,59,38,59,20,0,0,0,0,1,0,4.9908,4.9908,4.9908,4.9908,2.9084,7.0640,1565.5041,1663.9360,1676.2338,1655.6106,1316.4840,1506.8050,1,on,1,1.5000
1786346138.484152,1,1,,1591.0000,1709.0000,1705.0000,1694.0000,1330.0000,1511.0000,61.188,37.603,38.399,40.615,27.441,36.214,1331,1295,1312,1331,1334,1505,69,60,49,61,46,27,0,0,0,0,1,0,4.9908,4.9908,4.9908,4.9908,2.9084,7.0640,1565.5041,1671.5408,1676.2338,1665.1362,1316.4840,1506.8050,1,on,1,1.5000
1786346138.551974,1,1,,1605.0000,1709.0000,1725.0000,1692.0000,1328.0000,1521.0000,58.389,37.485,34.390,40.921,28.315,34.734,1366,1326,1346,1362,1327,1506,63,61,38,73,41,0,0,0,0,0,1,1,4.9908,4.9908,4.9908,4.9908,2.9084,7.0640,1574.2567,1671.5408,1686.3707,1665.1362,1316.4840,1506.8050,1,on,1,1.5000
1786346138.616145,1,1,,1602.0000,1700.0000,1711.0000,1695.0000,1330.0000,1524.0000,59.027,39.348,37.150,40.284,27.448,34.416,1393,1353,1370,1390,1322,1506,59,68,61,52,42,0,0,0,0,0,1,1,4.9908,4.9908,4.9908,4.9908,2.9084,7.0640,1574.2567,1679.2337,1686.3707,1665.1362,1316.4840,1506.8050,1,on,1,1.5000
1786346138.684138,1,1,,1597.0000,1705.0000,1716.0000,1689.0000,1334.0000,1523.0000,60.027,38.266,36.188,41.641,26.291,34.574,1425,1386,1402,1423,1319,1506,64,58,53,49,33,0,0,0,0,0,1,1,4.9908,4.9908,4.9908,4.9908,2.9084,7.0640,1574.2567,1679.2337,1686.3707,1665.1362,1316.4840,1506.8050,0,on,1,1.5000
1786346138.752126,1,1,,1608.0000,1711.0000,1725.0000,1692.0000,1331.0000,1524.0000,57.743,37.226,34.382,41.021,27.261,34.347,1457,1418,1436,1456,1317,1506,60,61,51,41,20,0,0,0,0,0,1,1,4.9908,4.9908,4.9908,4.9908,2.9084,7.0640,1574.2567,1679.2337,1695.3054,1673.8510,1316.4840,1506.8050,1,on,1,1.5000
1786346138.816122,1,1,,1614.0000,1706.0000,1723.0000,1681.0000,1340.0000,1519.0000,56.560,38.130,34.732,43.242,24.030,35.047,1484,1447,1463,1484,1317,1506,60,60,58,41,0,0,0,0,0,0,1,1,4.9908,4.9908,4.9908,4.9908,2.9084,7.0640,1584.8790,1679.2337,1695.3054,1673.8510,1321.6769,1506.8050,1,on,1,1.5000
1786346138.884121,1,1,,1633.0000,1695.0000,1719.0000,1677.0000,1333.0000,1532.0000,52.774,40.301,35.523,44.019,26.388,33.299,1517,1478,1496,1515,1317,1506,67,63,55,64,21,0,0,0,0,0,0,1,4.9908,4.9908,4.9908,4.9908,2.9084,7.0640,1584.8790,1687.0700,1695.3054,1673.8510,1321.6769,1506.8050,1,on,1,1.5000
1786346138.952093,1,1,,1634.0000,1703.0000,1726.0000,1698.0000,1347.0000,1517.0000,52.584,38.655,34.110,39.835,21.719,35.388,1551,1512,1528,1551,1319,1506,68,63,63,56,0,0,0,0,0,0,0,1,4.9908,4.9908,4.9908,4.9908,2.9084,7.0640,1596.9228,1687.0700,1695.3054,1673.8510,1321.6769,1506.8050,1,on,1,1.5000
1786346139.016093,1,1,,1640.0000,1672.0000,1703.0000,1671.0000,1331.0000,1454.0000,51.309,45.027,38.715,45.099,27.164,44.243,1579,1542,1558,1578,1319,1506,80,51,64,50,0,0,0,0,0,0,0,1,4.9908,4.9908,4.9908,4.9908,2.9084,7.0640,1596.9228,1687.0700,1695.3054,1673.8510,1321.6769,1506.8050,0,on,1,1.5000
1786346139.084010,1,1,,1656.0000,1625.0000,1630.0000,1650.0000,1333.0000,1246.0000,48.082,54.339,53.370,49.432,26.331,73.801,1588,1577,1595,1614,1319,1506,28,56,48,70,0,0,0,0,0,0,0,1,4.9908,4.9908,4.9908,4.9908,2.9084,7.0640,1610.6601,1679.4887,1695.3054,1673.8510,1321.6769,1412.0821,1,on,1,1.5000
1786346139.152131,1,1,,1577.0000,1631.0000,1557.0000,1632.0000,1338.0000,1131.0000,64.003,53.243,68.032,52.983,24.695,90.047,1593,1614,1632,1653,1319,1506,19,60,56,64,0,81,0,0,0,0,0,1,4.9908,4.9908,4.9908,4.9908,2.9084,7.0640,1610.6601,1679.4887,1658.7131,1673.8510,1321.6769,1288.8489,1,on,1,1.5000
1786346139.215960,1,1,,1559.0000,1621.0000,1564.0000,1689.0000,1329.0000,1116.0000,67.558,55.160,66.679,41.497,27.874,92.155,1596,1645,1647,1666,1319,1461,42,60,18,0,0,102,0,0,0,0,0,1,4.9908,4.9908,4.9908,4.9908,2.9084,7.0640,1610.6601,1665.0369,1635.7325,1673.8510,1321.6769,1221.6028,1,on,1,1.5000
1786346139.284114,1,1,,1545.0000,1606.0000,1558.0000,1676.0000,1330.0000,1110.0000,70.383,58.233,67.761,44.210,27.499,92.987,1605,1667,1654,1667,1319,1392,17,0,0,20,0,72,0,1,1,0,0,1,4.9908,4.9908,4.9908,4.9908,2.9084,7.0640,1595.3928,1655.3621,1618.2632,1673.8510,1321.6769,1185.4417,1,on,1,1.5000
1786346139.351960,1,1,,1549.0000,1615.0000,1557.0000,1684.0000,1313.0000,1145.0000,69.525,56.412,67.923,42.545,33.460,88.008,1606,1667,1653,1669,1319,1336,45,28,92,0,0,90,1,1,1,0,0,1,4.9908,4.9908,4.9908,4.9908,2.9084,7.0640,1595.3928,1655.3621,1606.3247,1673.8510,1321.6769,1185.4417,1,on,1,1.5000
1786346139.416136,1,1,,1563.0000,1616.0000,1548.0000,1676.0000,1306.0000,1155.0000,66.720,56.235,69.744,44.254,35.904,86.595,1597,1664,1625,1669,1321,1291,33,34,49,0,0,91,1,1,1,0,1,1,4.9908,4.9908,4.9908,4.9908,2.9084,7.0640,1585.7884,1645.5110,1595.9792,1673.8510,1321.6769,1173.8410,1,on,1,1.5000
1786346139.484174,1,1,,1562.0000,1617.0000,1555.0000,1684.0000,1305.0000,1157.0000,67.082,55.942,68.506,42.572,36.247,86.370,1594,1654,1612,1669,1321,1242,33,32,20,8,0,100,1,1,1,0,1,1,4.9908,4.9908,4.9908,4.9908,2.9084,7.0640,1585.7884,1645.5110,1595.9792,1673.8510,1321.6769,1173.8410,0,on,1,1.5000
1786346139.552123,1,1,,1557.0000,1623.0000,1560.0000,1692.0000,1298.0000,1154.0000,67.971,54.786,67.414,40.916,38.549,86.716,1588,1645,1607,1674,1321,1189,0,0,0,0,0,0,1,1,1,1,1,1,4.9908,4.9908,4.9908,4.9908,2.9084,7.0640,1585.7884,1645.5110,1586.2134,1673.8510,1321.6769,1173.8410,1,on,1,1.5000
1786346139.615998,1,1,,1562.0000,1621.0000,1560.0000,1680.0000,1292.0000,1159.0000,66.926,55.148,67.321,43.382,40.583,86.095,1588,1645,1603,1674,1321,1184,9,0,33,0,0,0,1,1,1,1,1,1,4.9908,4.9908,4.9908,4.9908,2.9084,7.0640,1585.7884,1645.5110,1586.2134,1673.8510,1321.6769,1173.8410,0,on,1,1.5000
1786346139.684162,1,1,,1569.0000,1622.0000,1557.0000,1683.0000,1287.0000,1150.0000,65.584,55.011,67.944,42.840,42.227,87.303,1587,1645,1596,1674,1321,1179,24,0,44,0,0,21,1,1,1,1,1,1,4.9908,4.9908,4.9908,4.9908,2.9084,7.0640,1585.7884,1637.8421,1586.2134,1673.8510,1315.0310,1173.8410,1,on,1,1.5000
1786346139.752299,1,1,,1564.0000,1622.0000,1560.0000,1684.0000,1280.0000,1147.0000,66.655,54.911,67.455,42.591,44.528,87.698,1586,1645,1590,1674,1321,1179,25,0,18,0,0,48,1,1,1,1,1,1,4.9908,4.9908,4.9908,4.9908,2.9084,7.0640,1577.8183,1637.8421,1586.2134,1673.8510,1315.0310,1173.8410,1,on,1,1.5000
1786346139.816131,1,1,,1573.0000,1621.0000,1554.0000,1690.0000,1273.0000,1142.0000,64.838,55.099,68.551,41.418,47.043,88.433,1582,1641,1590,1674,1321,1173,30,21,0,0,21,30,1,1,1,1,1,1,4.9908,4.9908,4.9908,4.9908,2.9084,7.0640,1577.8183,1637.8421,1576.8923,1673.8510,1306.6954,1173.8410,1,on,1,1.5000
1786346139.884022,1,1,,1582.0000,1628.0000,1563.0000,1688.0000,1273.0000,1142.0000,63.051,53.734,66.880,41.666,47.069,88.503,1579,1640,1587,1674,1319,1173,26,0,74,0,37,0,1,1,1,1,1,1,4.9908,4.9908,4.9908,4.9908,2.9084,7.0640,1577.8183,1637.8421,1576.8923,1673.8510,1306.6954,1162.8197,1,on,1,1.5000
1786346139.952015,1,1,,1588.0000,1627.0000,1555.0000,1680.0000,1281.0000,1152.0000,61.868,53.947,68.366,43.356,44.265,87.050,1576,1640,1579,1674,1312,1173,17,0,0,0,55,34,1,1,1,1,1,1,4.9908,4.9908,4.9908,4.9908,2.9084,7.0640,1577.8183,1637.8421,1576.8923,1673.8510,1300.7392,1162.8197,1,on,1,1.5000
1786346140.016148,1,1,,1561.0000,1621.0000,1571.0000,1696.0000,1300.0000,1167.0000,67.261,55.223,65.130,40.086,37.689,84.912,1576,1640,1578,1674,1307,1168,0,0,18,0,37,19,1,1,1,1,1,1,4.9908,4.9908,4.9908,4.9908,2.9084,7.0640,1577.8183,1637.8421,1576.8923,1673.8510,1300.7392,1162.8197,0,on,1,1.5000
1786346140.084006,1,1,,1570.0000,1637.0000,1618.0000,1698.0000,1315.0000,1188.0000,65.503,52.000,55.698,39.776,32.602,81.915,1576,1640,1577,1674,1304,1167,0,0,0,0,0,32,1,1,1,1,1,1,4.9908,4.9908,4.9908,4.9908,2.9084,7.0640,1577.8183,1637.8421,1576.8923,1673.8510,1300.7392,1162.8197,0,on,1,1.5000
1786346140.151968,1,1,,1633.0000,1691.0000,1703.0000,1709.0000,1346.0000,1484.0000,52.783,41.204,38.747,37.619,22.074,39.989,1576,1640,1577,1674,1301,1163,0,0,8,0,21,29,1,1,1,1,1,1,4.9908,4.9908,4.9908,4.9908,2.9084,7.0640,1577.8183,1637.8421,1606.3512,1681.7697,1305.7965,1291.8436,1,on,1,1.5000
1786346140.216028,1,1,,1602.0000,1694.0000,1734.0000,1706.0000,1355.0000,1548.0000,59.071,40.540,32.507,38.100,18.981,31.005,1576,1640,1577,1674,1301,1163,0,0,26,10,35,48,1,1,0,0,0,0,4.9908,4.9908,4.9908,4.9908,2.9084,7.0640,1577.8183,1648.1908,1640.7623,1681.7697,1312.2248,1402.1622,1,on,1,1.5000
1786346140.284140,1,1,,1629.0000,1699.0000,1730.0000,1730.0000,1347.0000,1533.0000,53.556,39.637,33.246,33.284,21.632,33.131,1576,1640,1590,1681,1304,1212,0,16,67,0,23,86,1,0,0,1,0,0,4.9908,4.9908,4.9908,4.9908,2.9084,7.0640,1590.0203,1655.7908,1662.9473,1689.6053,1312.2248,1449.2641,1,on,1,1.5000
1786346140.351998,1,1,,1660.0000,1718.0000,1732.0000,1746.0000,1351.0000,1543.0000,47.343,35.818,32.989,30.127,20.410,31.713,1576,1651,1629,1681,1308,1284,41,33,74,18,0,69,0,0,0,0,0,0,4.9908,4.9908,4.9908,4.9908,2.9084,7.0640,1601.7484,1666.2030,1677.7440,1698.0641,1320.5301,1476.4369,1,on,1,1.5000
1786346140.416135,1,1,,1660.0000,1719.0000,1745.0000,1740.0000,1348.0000,1572.0000,47.340,35.610,30.316,31.372,21.407,27.609,1584,1657,1662,1692,1310,1331,26,28,53,30,26,83,0,0,0,0,0,0,4.9908,4.9908,4.9908,4.9908,2.9084,7.0640,1611.4684,1674.6174,1690.9486,1698.0641,1320.5301,1501.1912,1,on,1,1.5000
1786346140.484125,1,1,,1674.0000,1726.0000,1751.0000,1753.0000,1354.0000,1565.0000,44.562,34.219,29.142,28.692,19.243,28.562,1588,1666,1675,1699,1316,1385,33,21,57,0,0,87,0,0,0,1,0,0,4.9908,4.9908,4.9908,4.9908,2.9084,7.0640,1622.4494,1682.7131,1701.9860,1711.0098,1326.5895,1514.8874,1,on,1,1.5000
1786346140.552119,1,1,,1655.0000,1723.0000,1743.0000,1764.0000,1345.0000,1568.0000,48.327,34.728,30.820,26.557,22.303,28.112,1601,1677,1690,1703,1318,1433,40,24,10,25,26,96,0,0,0,0,0,0,4.9908,4.9908,4.9908,4.9908,2.9084,7.0640,1622.4494,1682.7131,1701.9860,1719.1353,1326.5895,1514.8874,1,on,1,1.5000
1786346140.616135,1,1,,1652.0000,1721.0000,1746.0000,1758.0000,1342.0000,1578.0000,49.031,35.066,30.112,27.670,23.207,26.677,1609,1683,1699,1705,1322,1476,41,0,15,0,12,93,0,1,0,0,0,0,4.9908,4.9908,4.9908,4.9908,2.9084,7.0640,1622.4494,1692.2473,1713.1693,1719.1353,1326.5895,1533.3029,1,on,1,1.5000
1786346140.684114,1,1,,1651.0000,1725.0000,1744.0000,1763.0000,1341.0000,1560.0000,49.169,34.415,30.480,26.641,23.590,29.273,1617,1683,1701,1708,1323,1505,20,26,31,0,21,40,0,0,0,0,0,0,4.9908,4.9908,4.9908,4.9908,2.9084,7.0640,1631.5179,1692.2473,1713.1693,1729.3580,1326.5895,1533.3029,1,on,1,1.5000
1786346140.752018,1,1,,1652.0000,1717.0000,1739.0000,1768.0000,1337.0000,1563.0000,49.065,35.852,31.494,25.762,25.188,28.789,1620,1692,1711,1720,1325,1515,37,17,0,35,0,24,0,1,0,0,0,0,4.9908,4.9908,4.9908,4.9908,2.9084,7.0640,1631.5179,1692.2473,1713.1693,1729.3580,1326.5895,1533.3029,0,on,1,1.5000
1786346140.816026,1,1,,1639.0000,1704.0000,1733.0000,1735.0000,1335.0000,1562.0000,51.602,38.516,32.670,32.399,25.647,29.058,1624,1693,1711,1729,1325,1517,11,0,0,0,0,22,0,1,0,0,0,0,4.9908,4.9908,4.9908,4.9908,2.9084,7.0640,1631.5179,1692.2473,1713.1693,1729.3580,1326.5895,1533.3029,0,on,1,1.5000
1786346140.884146,1,1,,1614.0000,1715.0000,1725.0000,1710.0000,1362.0000,1516.0000,56.603,36.333,34.267,37.375,16.455,35.499,1628,1693,1711,1729,1325,1517,17,0,0,0,0,25,0,1,0,0,0,0,4.9908,4.9908,4.9908,4.9908,2.9084,7.0640,1631.5179,1692.2473,1713.1693,1729.3580,1333.0064,1533.3029,1,on,1,1.5000
1786346140.952122,1,1,,1633.0000,1681.0000,1671.0000,1689.0000,1309.0000,1317.0000,52.733,43.240,45.138,41.601,34.883,63.615,1630,1693,1711,1729,1325,1517,0,0,0,0,0,24,1,1,0,0,0,0,4.9908,4.9908,4.9908,4.9908,2.9084,7.0640,1631.5179,1692.2473,1713.1693,1729.3580,1333.0064,1469.4617,1,on,1,1.5000
1786346141.015985,1,1,,1592.0000,1641.0000,1608.0000,1643.0000,1326.0000,1216.0000,60.912,51.203,57.874,50.679,28.817,78.029,1630,1693,1711,1729,1327,1517,0,0,0,0,16,70,1,1,0,0,0,1,4.9908,4.9908,4.9908,4.9908,2.9084,7.0640,1631.5179,1692.2473,1693.3797,1712.9586,1333.0064,1367.2283,1,on,1,1.5000
1786346141.084261,1,1,,1559.0000,1614.0000,1578.0000,1690.0000,1325.0000,1160.0000,67.557,56.626,63.800,41.384,29.087,85.854,1630,1693,1711,1729,1329,1488,0,0,0,0,0,79,1,1,1,1,0,1,4.9908,4.9908,4.9908,4.9908,2.9084,7.0640,1617.7966,1677.7510,1664.1094,1712.9586,1333.0064,1283.2131,1,on,1,1.5000
1786346141.151985,1,1,,1559.0000,1614.0000,1566.0000,1688.0000,1314.0000,1167.0000,67.697,56.529,66.290,41.745,33.075,84.877,1630,1693,1711,1729,1331,1431,0,0,87,0,20,113,1,1,1,1,0,1,4.9908,4.9908,4.9908,4.9908,2.9084,7.0640,1608.0169,1666.2434,1639.5961,1712.9586,1333.0064,1244.6216,1,on,1,1.5000
1786346141.216063,1,1,,1568.0000,1629.0000,1580.0000,1717.0000,1300.0000,1159.0000,65.809,53.538,63.344,35.961,37.693,86.021,1630,1693,1674,1729,1332,1375,39,47,70,0,0,89,1,1,1,1,0,1,4.9908,4.9908,4.9908,4.9908,2.9084,7.0640,1608.0169,1666.2434,1627.6083,1712.9586,1327.8622,1221.8059,1,on,1,1.5000
1786346141.284163,1,1,,1576.0000,1627.0000,1569.0000,1678.0000,1283.0000,1166.0000,64.129,53.972,65.517,43.684,43.616,85.033,1621,1681,1650,1729,1332,1325,31,22,33,0,0,92,1,1,1,1,1,1,4.9908,4.9908,4.9908,4.9908,2.9084,7.0640,1599.3759,1656.6577,1616.8296,1712.9586,1322.4337,1210.1836,1,on,1,1.5000
1786346141.352014,1,1,,1582.0000,1642.0000,1587.0000,1673.0000,1285.0000,1163.0000,62.970,50.963,62.071,44.705,43.050,85.513,1615,1666,1636,1729,1332,1272,44,44,38,0,47,102,1,1,1,1,1,1,4.9908,4.9908,4.9908,4.9908,2.9084,7.0640,1599.3759,1656.6577,1616.8296,1702.5601,1317.8920,1210.1836,1,on,1,1.5000
1786346141.415987,1,1,,1590.0000,1633.0000,1574.0000,1679.0000,1288.0000,1170.0000,61.354,52.724,64.693,43.579,42.014,84.536,1609,1659,1627,1721,1326,1227,38,0,40,24,60,0,1,1,1,1,1,1,4.9908,4.9908,4.9908,4.9908,2.9084,7.0640,1599.3759,1656.6577,1607.8696,1702.5601,1317.8920,1197.9642,1,on,1,1.5000
1786346141.484065,1,1,,1598.0000,1646.0000,1586.0000,1691.0000,1286.0000,1162.0000,59.706,50.133,62.234,41.244,42.525,85.683,1605,1659,1619,1712,1320,1215,28,0,20,28,0,80,1,1,1,1,1,1,4.9908,4.9908,4.9908,4.9908,2.9084,7.0640,1599.3759,1656.6577,1607.8696,1702.5601,1311.6664,1197.9642,1,on,1,1.5000
1786346141.552133,1,1,,1596.0000,1637.0000,1581.0000,1686.0000,1291.0000,1166.0000,60.152,51.888,63.153,42.251,40.881,85.112,1599,1659,1612,1709,1318,1204,28,0,20,0,44,33,1,1,1,1,1,1,4.9908,4.9908,4.9908,4.9908,2.9084,7.0640,1599.3759,1656.6577,1607.8696,1702.5601,1311.6664,1197.9642,0,on,1,1.5000
1786346141.616127,1,1,,1612.0000,1638.0000,1581.0000,1685.0000,1293.0000,1170.0000,56.890,51.794,63.262,42.285,40.344,84.534,1598,1659,1608,1706,1315,1200,0,8,0,0,0,28,1,1,1,1,1,1,4.9908,4.9908,4.9908,4.9908,2.9084,7.0640,1599.3759,1656.6577,1607.8696,1702.5601,1311.6664,1197.9642,0,on,1,1.5000
1786346141.684152,1,1,,1610.0000,1636.0000,1575.0000,1685.0000,1297.0000,1161.0000,57.339,52.082,64.336,42.360,38.870,85.822,1598,1657,1608,1705,1314,1199,0,15,0,0,24,31,1,1,1,1,1,1,4.9908,4.9908,4.9908,4.9908,2.9084,7.0640,1599.3759,1656.6577,1598.9954,1702.5601,1311.6664,1186.0986,1,on,1,1.5000
1786346141.752158,1,1,,1621.0000,1648.0000,1578.0000,1702.0000,1286.0000,1153.0000,55.084,49.807,63.804,38.993,42.781,86.941,1598,1656,1605,1705,1312,1195,0,0,34,10,20,54,1,1,1,1,1,1,4.9908,4.9908,4.9908,4.9908,2.9084,7.0640,1599.3759,1656.6577,1598.9954,1702.5601,1306.2083,1186.0986,1,on,1,1.5000
1786346141.816059,1,1,,1612.0000,1651.0000,1569.0000,1718.0000,1293.0000,1163.0000,56.940,49.201,65.577,35.695,40.274,85.550,1598,1656,1596,1704,1312,1186,0,0,0,0,24,0,1,1,1,1,1,1,4.9908,4.9908,4.9908,4.9908,2.9084,7.0640,1599.3759,1656.6577,1598.9954,1702.5601,1306.2083,1186.0986,0,on,1,1.5000
1786346141.884135,1,1,,1631.0000,1658.0000,1571.0000,1732.0000,1288.0000,1163.0000,53.102,47.804,65.108,32.921,42.042,85.438,1598,1656,1596,1704,1311,1186,0,0,0,0,22,0,1,1,1,1,1,1,4.9908,4.9908,4.9908,4.9908,2.9084,7.0640,1599.3759,1656.6577,1598.9954,1702.5601,1306.2083,1186.0986,0,on,1,1.5000
1786346141.952109,1,1,,1645.0000,1679.0000,1587.0000,1728.0000,1278.0000,1139.0000,50.394,43.580,61.939,33.768,45.547,88.880,1598,1656,1597,1704,1310,1186,0,0,0,0,31,0,1,1,1,1,1,1,4.9908,4.9908,4.9908,4.9908,2.9084,7.0640,1608.3632,1656.6577,1598.9954,1702.5601,1306.2083,1175.0616,1,on,1,1.5000
1786346142.016137,1,1,,1662.0000,1694.0000,1589.0000,1742.0000,1271.0000,1117.0000,46.871,40.497,61.684,30.963,47.843,92.060,1598,1656,1596,1704,1307,1186,28,0,0,0,16,48,0,1,1,1,1,1,4.9908,4.9908,4.9908,4.9908,2.9084,7.0640,1615.9534,1656.6577,1598.9954,1702.5601,1298.9935,1175.0616,1,on,1,1.5000
1786346142.084118,1,1,,1664.0000,1696.0000,1589.0000,1745.0000,1261.0000,1111.0000,46.643,40.169,61.692,30.287,51.146,92.866,1602,1656,1596,1704,1307,1182,32,0,0,0,0,22,0,1,1,1,1,1,4.9908,4.9908,4.9908,4.9908,2.9084,7.0640,1615.9534,1656.6577,1598.9954,1712.5799,1298.9935,1157.7761,1,on,1,1.5000
1786346142.152131,1,1,,1670.0000,1708.0000,1601.0000,1742.0000,1273.0000,1113.0000,45.382,37.728,59.117,30.966,46.936,92.560,1609,1656,1597,1704,1304,1177,20,0,0,34,31,46,0,1,1,0,1,1,4.9908,4.9908,4.9908,4.9908,2.9084,7.0640,1629.7841,1667.9860,1598.9954,1712.5799,1292.6236,1157.7761,1,on,1,1.5000
1786346142.216007,1,1,,1661.0000,1709.0000,1595.0000,1738.0000,1274.0000,1122.0000,47.077,37.624,60.306,31.657,46.769,91.332,1611,1657,1596,1709,1300,1171,21,41,0,0,37,50,0,0,1,0,1,1,4.9908,4.9908,4.9908,4.9908,2.9084,7.0640,1629.7841,1667.9860,1598.9954,1712.5799,1292.6236,1157.7761,0,on,1,1.5000
1786346142.283993,1,1,,1652.0000,1717.0000,1601.0000,1753.0000,1281.0000,1124.0000,49.063,35.885,59.230,28.700,44.411,90.938,1614,1667,1596,1709,1295,1163,16,0,0,0,0,35,0,1,1,0,1,1,4.9908,4.9908,4.9908,4.9908,2.9084,7.0640,1629.7841,1679.2297,1598.9954,1721.5747,1292.6236,1145.4196,1,on,1,1.5000
1786346142.352048,1,1,,1628.0000,1686.0000,1595.0000,1735.0000,1302.0000,1192.0000,53.762,42.061,60.320,32.340,36.969,81.325,1615,1671,1597,1709,1293,1153,0,33,0,0,21,57,0,0,1,0,1,1,4.9908,4.9908,4.9908,4.9908,2.9084,7.0640,1629.7841,1679.2297,1598.9954,1721.5747,1292.6236,1145.4196,0,on,1,1.5000
1786346142.416063,1,1,,1613.0000,1681.0000,1610.0000,1745.0000,1319.0000,1202.0000,56.784,43.143,57.332,30.371,31.337,79.976,1615,1679,1596,1709,1293,1148,0,0,0,0,0,26,0,1,1,0,1,1,4.9908,4.9908,4.9908,4.9908,2.9084,7.0640,1629.7841,1679.2297,1598.9954,1721.5747,1292.6236,1145.4196,0,on,1,1.5000
1786346142.484171,1,1,,1607.0000,1680.0000,1652.0000,1777.0000,1305.0000,1261.0000,57.974,43.277,49.015,23.828,35.990,71.635,1615,1679,1597,1709,1293,1148,8,0,0,0,0,26,0,1,1,0,1,1,4.9908,4.9908,4.9908,4.9908,2.9084,7.0640,1629.7841,1679.2297,1598.9954,1731.2709,1292.6236,1178.3095,1,on,1,1.5000
1786346142.552140,1,1,,1629.0000,1697.0000,1671.0000,1763.0000,1302.0000,1367.0000,53.492,39.998,45.072,26.799,37.045,56.627,1615,1679,1597,1716,1293,1148,10,0,0,26,0,0,0,1,1,0,1,0,4.9908,4.9908,4.9908,4.9908,2.9084,7.0640,1629.7841,1679.2297,1613.1944,1731.2709,1292.6236,1240.0617,1,on,1,1.5000
1786346142.616016,1,1,,1654.0000,1723.0000,1719.0000,1733.0000,1317.0000,1513.0000,48.662,34.836,35.545,32.801,31.942,35.970,1615,1679,1597,1726,1293,1148,10,0,0,10,0,111,0,1,0,0,1,0,4.9908,4.9908,4.9908,4.9908,2.9084,7.0640,1629.7841,1679.2297,1637.2124,1731.2709,1292.6236,1354.4466,1,on,1,1.5000
1786346142.684011,1,1,,1661.0000,1713.0000,1729.0000,1742.0000,1325.0000,1534.0000,47.159,36.790,33.632,30.976,29.151,33.012,1615,1679,1596,1729,1293,1223,11,0,62,0,0,81,0,1,0,0,1,0,4.9908,4.9908,4.9908,4.9908,2.9084,7.0640,1629.7841,1687.9684,1658.7702,1731.2709,1298.3265,1424.8635,1,on,1,1.5000
1786346142.752135,1,1,,1662.0000,1715.0000,1727.0000,1737.0000,1330.0000,1527.0000,46.940,36.368,33.954,31.922,27.618,33.986,1620,1679,1633,1729,1293,1287,30,23,67,0,0,88,0,0,0,0,0,0,4.9908,4.9908,4.9908,4.9908,2.9084,7.0640,1637.3907,1687.9684,1672.9402,1731.2709,1298.3265,1456.8416,1,on,1,1.5000
1786346142.816135,1,1,,1654.0000,1714.0000,1721.0000,1738.0000,1328.0000,1534.0000,48.655,36.586,35.111,31.737,28.112,32.929,1621,1686,1659,1729,1293,1331,17,19,19,0,14,93,0,0,0,0,0,0,4.9908,4.9908,4.9908,4.9908,2.9084,7.0640,1637.3907,1687.9684,1681.0481,1731.2709,1304.0644,1476.0434,1,on,1,1.5000
1786346142.884131,1,1,,1649.0000,1719.0000,1726.0000,1746.0000,1333.0000,1533.0000,49.613,35.621,34.100,30.225,26.582,33.051,1623,1687,1672,1729,1294,1383,0,0,33,0,24,76,0,1,0,0,0,0,4.9908,4.9908,4.9908,4.9908,2.9084,7.0640,1637.3907,1687.9684,1681.0481,1731.2709,1304.0644,1487.5465,1,on,1,1.5000
1786346142.952206,1,1,,1644.0000,1715.0000,1724.0000,1750.0000,1335.0000,1549.0000,50.563,36.260,34.542,29.256,25.879,30.779,1623,1687,1677,1729,1300,1432,0,0,0,0,0,88,0,1,0,0,0,0,4.9908,4.9908,4.9908,4.9908,2.9084,7.0640,1637.3907,1696.7871,1692.6420,1731.2709,1309.7154,1498.9797,1,on,1,1.5000
1786346143.016200,1,1,,1653.0000,1718.0000,1728.0000,1755.0000,1333.0000,1534.0000,48.820,35.692,33.748,28.256,26.460,32.920,1623,1688,1679,1730,1302,1476,9,25,43,0,19,0,0,0,0,0,0,0,4.9908,4.9908,4.9908,4.9908,2.9084,7.0640,1637.3907,1696.7871,1692.6420,1731.2709,1309.7154,1498.9797,0,on,1,1.5000
1786346143.084173,1,1,,1647.0000,1719.0000,1728.0000,1748.0000,1329.0000,1525.0000,50.032,35.627,33.737,29.722,27.866,34.217,1623,1695,1690,1730,1304,1490,9,19,0,0,0,19,0,0,0,0,0,0,4.9908,4.9908,4.9908,4.9908,2.9084,7.0640,1637.3907,1696.7871,1700.4119,1731.2709,1309.7154,1498.9797,1,on,1,1.5000
1786346143.152044,1,1,,1652.0000,1716.0000,1729.0000,1751.0000,1331.0000,1531.0000,48.887,36.126,33.468,29.124,27.328,33.352,1623,1697,1692,1731,1306,1493,9,0,22,8,24,26,0,1,0,0,0,0,4.9908,4.9908,4.9908,4.9908,2.9084,7.0640,1637.3907,1696.7871,1700.4119,1739.0732,1314.4617,1498.9797,1,on,1,1.5000
1786346143.216049,1,1,,1645.0000,1717.0000,1727.0000,1748.0000,1329.0000,1533.0000,50.285,35.959,33.966,29.796,27.858,33.095,1623,1697,1700,1736,1310,1495,11,0,9,21,0,25,0,1,0,0,0,0,4.9908,4.9908,4.9908,4.9908,2.9084,7.0640,1637.3907,1696.7871,1700.4119,1739.0732,1314.4617,1510.7596,1,on,1,1.5000
1786346143.284137,1,1,,1648.0000,1711.0000,1721.0000,1749.0000,1330.0000,1521.0000,49.768,37.223,35.066,29.559,27.438,34.768,1624,1697,1700,1742,1311,1498,47,0,0,0,19,53,0,1,0,1,0,0,4.9908,4.9908,4.9908,4.9908,2.9084,7.0640,1637.3907,1696.7871,1700.4119,1739.0732,1314.4617,1510.7596,0,on,1,1.5000
1786346143.352020,1,1,,1662.0000,1640.0000,1664.0000,1705.0000,1329.0000,1503.0000,46.911,51.341,46.531,38.311,27.782,37.293,1629,1697,1700,1742,1313,1508,8,0,0,0,0,18,0,1,0,1,0,0,4.9908,4.9908,4.9908,4.9908,2.9084,7.0640,1637.3907,1696.7871,1700.4119,1739.0732,1314.4617,1510.7596,0,on,1,1.5000
1786346143.416175,1,1,,1361.0000,1278.0000,1278.0000,1354.0000,1316.0000,1442.0000,107.227,123.892,123.814,108.714,32.403,46.043,1634,1697,1700,1742,1313,1508,21,0,0,0,0,20,0,1,0,1,0,0,4.9908,4.9908,4.9908,4.9908,2.9084,7.0640,1542.9714,1501.2439,1505.8269,1568.8400,1314.4617,1510.7596,1,on,1,1.5000
1786346143.484147,1,1,,1260.0000,1146.0000,1152.0000,1206.0000,1249.0000,1506.0000,127.440,150.319,149.108,138.414,55.493,36.986,1635,1697,1700,1742,1313,1508,34,67,56,87,0,25,1,1,1,1,0,0,4.9908,4.9908,4.9908,4.9908,2.9084,7.0640,1418.9824,1319.6277,1325.2564,1384.9339,1308.2552,1510.7596,1,on,1,1.5000
1786346143.552146,1,1,,1168.0000,1069.0000,1102.0000,1117.0000,1239.0000,1352.0000,146.025,165.851,159.075,156.176,58.773,58.745,1611,1663,1669,1703,1313,1509,114,97,95,73,0,28,1,1,1,1,1,0,4.9908,4.9908,4.9908,4.9908,2.9084,7.0640,1307.5751,1201.0773,1223.1697,1256.2117,1296.4899,1464.8406,1,on,1,1.5000
1786346143.616111,1,1,,1158.0000,1070.0000,1093.0000,1108.0000,1240.0000,1431.0000,147.930,165.654,160.949,158.053,58.342,47.484,1561,1614,1619,1653,1312,1510,91,91,82,52,58,77,1,1,1,1,1,1,4.9908,4.9908,4.9908,4.9908,2.9084,7.0640,1251.5577,1151.9303,1175.5094,1198.2020,1287.1590,1464.8406,1,on,1,1.5000
1786346143.684165,1,1,,1139.0000,1075.0000,1084.0000,1086.0000,1243.0000,1383.0000,151.744,164.601,162.837,162.428,57.383,54.294,1526,1579,1582,1616,1305,1480,84,88,71,69,64,22,1,1,1,1,1,1,4.9908,4.9908,4.9908,4.9908,2.9084,7.0640,1215.7834,1130.0873,1148.6041,1161.6878,1280.5414,1444.4124,1,on,1,1.5000
1786346143.752147,1,1,,1160.0000,1078.0000,1082.0000,1099.0000,1244.0000,1455.0000,147.646,163.974,163.261,159.862,57.116,44.105,1489,1543,1546,1578,1298,1473,80,87,75,40,15,20,1,1,1,1,0,1,4.9908,4.9908,4.9908,4.9908,2.9084,7.0640,1202.9927,1119.2030,1133.2292,1146.5898,1275.7515,1444.4124,1,on,1,1.5000
1786346143.816136,1,1,,1172.0000,1093.0000,1095.0000,1106.0000,1231.0000,1509.0000,145.194,160.986,160.499,158.299,61.457,36.432,1457,1509,1511,1548,1301,1471,100,75,75,79,57,17,1,1,1,1,0,1,4.9908,4.9908,4.9908,4.9908,2.9084,7.0640,1202.9927,1119.2030,1133.2292,1146.5898,1269.7406,1444.4124,1,on,1,1.5000
1786346143.884106,1,1,,1198.0000,1100.0000,1100.0000,1112.0000,1239.0000,1518.0000,139.952,159.529,159.489,157.091,58.695,35.240,1428,1479,1483,1516,1311,1470,92,91,77,70,49,20,1,1,1,1,0,1,4.9908,4.9908,4.9908,4.9908,2.9084,7.0640,1202.9927,1119.2030,1123.5543,1136.0187,1269.7406,1462.5615,1,on,1,1.5000
1786346143.951969,1,1,,1195.0000,1092.0000,1105.0000,1120.0000,1248.0000,1515.0000,140.488,161.270,158.621,155.488,55.549,35.708,1396,1447,1449,1484,1320,1469,93,81,69,61,39,20,1,1,1,1,0,1,4.9908,4.9908,4.9908,4.9908,2.9084,7.0640,1202.9927,1119.2030,1123.5543,1136.0187,1264.4960,1462.5615,1,on,1,1.5000
1786346144.016035,1,1,,1198.0000,1094.0000,1107.0000,1136.0000,1250.0000,1457.0000,139.864,160.759,158.217,152.418,55.061,43.923,1366,1415,1419,1450,1327,1467,101,89,84,52,31,16,1,1,1,1,0,1,4.9908,4.9908,4.9908,4.9908,2.9084,7.0640,1202.9927,1110.7417,1123.5543,1136.0187,1264.4960,1462.5615,1,on,1,1.5000
1786346144.084083,1,1,,1209.0000,1092.0000,1097.0000,1129.0000,1234.0000,1405.0000,137.789,161.213,160.206,153.665,60.565,51.252,1337,1387,1390,1424,1333,1467,89,80,80,69,28,0,1,1,1,1,0,1,4.9908,4.9908,4.9908,4.9908,2.9084,7.0640,1202.9927,1110.7417,1123.5543,1136.0187,1264.4960,1462.5615,0,on,1,1.5000
1786346144.152150,1,1,,1212.0000,1097.0000,1100.0000,1130.0000,1240.0000,1386.0000,137.093,160.183,159.616,153.618,58.290,53.945,1307,1353,1357,1391,1338,1466,108,73,79,57,38,0,1,1,1,1,0,1,4.9908,4.9908,4.9908,4.9908,2.9084,7.0640,1202.9927,1110.7417,1123.5543,1136.0187,1259.0252,1448.9382,1,on,1,1.5000
1786346144.216133,1,1,,1223.0000,1110.0000,1114.0000,1143.0000,1249.0000,1427.0000,134.918,157.577,156.726,151.011,55.485,48.158,1272,1322,1325,1359,1344,1466,105,82,85,88,45,0,1,1,1,1,0,1,4.9908,4.9908,4.9908,4.9908,2.9084,7.0640,1202.9927,1110.7417,1123.5543,1136.0187,1259.0252,1448.9382,0,on,1,1.5000
1786346144.284042,1,1,,1236.0000,1125.0000,1134.0000,1164.0000,1255.0000,1417.0000,132.265,154.545,152.759,146.827,53.260,49.534,1243,1295,1297,1331,1351,1466,99,79,86,66,37,0,1,1,1,1,0,1,4.9908,4.9908,4.9908,4.9908,2.9084,7.0640,1202.9927,1110.7417,1123.5543,1136.0187,1259.0252,1448.9382,0,on,1,1.5000
1786346144.352057,1,1,,1242.0000,1125.0000,1125.0000,1173.0000,1254.0000,1454.0000,131.142,154.598,154.605,144.910,53.600,44.311,1215,1260,1265,1298,1358,1466,0,86,83,69,34,0,1,1,1,1,0,1,4.9908,4.9908,4.9908,4.9908,2.9084,7.0640,1202.9927,1110.7417,1123.5543,1136.0187,1259.0252,1448.9382,0,on,1,1.5000
1786346144.416154,1,1,,1241.0000,1125.0000,1124.0000,1159.0000,1259.0000,1404.0000,131.303,154.621,154.748,147.776,52.041,51.433,1212,1229,1231,1265,1363,1466,28,110,87,57,43,0,1,1,1,1,0,1,4.9908,4.9908,4.9908,4.9908,2.9084,7.0640,1212.2373,1110.7417,1123.5543,1136.0187,1259.0252,1448.9382,1,on,1,1.5000
1786346144.484059,1,1,,1245.0000,1130.0000,1130.0000,1166.0000,1262.0000,1462.0000,130.604,153.620,153.479,146.352,50.801,43.102,1210,1198,1203,1236,1366,1466,0,101,100,66,21,0,0,1,1,1,0,1,4.9908,4.9908,4.9908,4.9908,2.9084,7.0640,1212.2373,1110.7417,1123.5543,1144.1242,1259.0252,1448.9382,1,on,1,1.5000
1786346144.552137,1,1,,1261.0000,1144.0000,1143.0000,1189.0000,1255.0000,1521.0000,127.287,150.727,150.889,141.786,53.310,34.742,1210,1166,1166,1204,1368,1466,0,121,88,81,16,0,0,1,1,1,0,1,4.9908,4.9908,4.9908,4.9908,2.9084,7.0640,1221.7004,1110.7417,1123.5543,1144.1242,1259.0252,1448.9382,1,on,1,1.5000
1786346144.616153,1,1,,1255.0000,1155.0000,1139.0000,1187.0000,1256.0000,1520.0000,128.500,148.651,151.728,142.051,52.889,34.883,1210,1126,1136,1169,1369,1466,17,103,26,73,0,0,0,1,1,1,0,1,4.9908,4.9908,4.9908,4.9908,2.9084,7.0640,1221.7004,1119.8560,1123.5543,1154.0027,1259.0252,1464.6050,1,on,1,1.5000
1786346144.684139,1,1,,1251.0000,1160.0000,1147.0000,1199.0000,1256.0000,1531.0000,129.271,147.544,150.214,139.712,52.969,33.445,1214,1123,1133,1156,1369,1466,20,15,40,0,0,0,0,1,1,1,0,1,4.9908,4.9908,4.9908,4.9908,2.9084,7.0640,1221.7004,1119.8560,1123.5543,1154.0027,1259.0252,1476.7816,1,on,1,1.5000
1786346144.752168,1,1,,1252.0000,1155.0000,1145.0000,1193.0000,1252.0000,1506.0000,129.105,148.472,150.484,140.842,54.337,36.870,1221,1126,1127,1156,1369,1466,15,0,19,0,0,19,0,1,1,1,0,0,4.9908,4.9908,4.9908,4.9908,2.9084,7.0640,1230.3985,1128.1745,1123.5543,1163.9377,1259.0252,1476.7816,1,on,1,1.5000
1786346144.816179,1,1,,1247.0000,1159.0000,1144.0000,1199.0000,1258.0000,1505.0000,130.111,147.704,150.814,139.795,52.195,37.117,1224,1126,1127,1158,1369,1467,26,0,9,26,0,41,0,0,1,0,0,0,4.9908,4.9908,4.9908,4.9908,2.9084,7.0640,1230.3985,1128.1745,1123.5543,1163.9377,1259.0252,1476.7816,0,on,1,1.5000
1786346144.883996,1,1,,1248.0000,1199.0000,1194.0000,1250.0000,1262.0000,1560.0000,129.854,139.768,140.734,129.557,50.948,29.295,1230,1126,1127,1167,1369,1476,0,0,25,0,0,0,0,0,1,1,0,1,4.9908,4.9908,4.9908,4.9908,2.9084,7.0640,1230.3985,1142.2947,1137.1283,1183.0181,1259.0252,1496.4974,1,on,1,1.5000
1786346144.952124,1,1,,1291.0000,1282.0000,1401.0000,1585.0000,1369.0000,1563.0000,121.323,123.034,99.239,62.373,14.073,28.839,1230,1127,1131,1169,1369,1477,0,22,36,15,20,0,0,0,0,0,1,0,4.9908,4.9908,4.9908,4.9908,2.9084,7.0640,1240.6791,1179.1794,1235.6669,1371.7698,1279.4942,1508.5698,1,on,1,1.5000
1786346145.016167,1,1,,1618.0000,1583.0000,1580.0000,1694.0000,1375.0000,1586.0000,55.806,62.841,63.342,40.499,8.823,25.665,1230,1144,1151,1182,1364,1486,0,55,59,63,68,27,0,0,0,0,1,0,4.9908,4.9908,4.9908,4.9908,2.9084,7.0640,1408.5547,1373.5812,1398.8911,1530.0950,1300.7915,1523.8031,1,on,1,1.5000
1786346145.084013,1,1,,1682.0000,1680.0000,1707.0000,1733.0000,1334.0000,1627.0000,42.910,43.281,37.871,32.646,26.020,19.866,1235,1171,1183,1218,1355,1494,56,63,61,48,63,45,0,0,0,0,1,0,4.9908,4.9908,4.9908,4.9908,2.9084,7.0640,1534.9519,1524.7198,1550.2940,1619.3303,1306.0765,1548.2318,1,on,1,1.5000
1786346145.151989,1,1,,1673.0000,1705.0000,1722.0000,1741.0000,1322.0000,1576.0000,44.772,38.340,34.997,31.213,30.170,27.050,1262,1210,1221,1260,1347,1518,76,58,58,45,58,56,0,0,0,0,1,0,4.9908,4.9908,4.9908,4.9908,2.9084,7.0640,1587.0853,1600.9342,1621.7551,1662.3346,1306.0765,1548.2318,1,on,1,1.5000
1786346145.216194,1,1,,1658.0000,1721.0000,1731.0000,1737.0000,1329.0000,1552.0000,47.733,35.127,33.233,31.985,27.918,30.419,1302,1247,1258,1292,1341,1537,70,60,57,49,63,40,0,0,0,0,1,0,4.9908,4.9908,4.9908,4.9908,2.9084,7.0640,1606.4576,1641.9011,1657.6652,1682.1291,1306.0765,1548.2318,1,on,1,1.5000
1786346145.289356,1,1,,1663.0000,1719.0000,1734.0000,1754.0000,1324.0000,1562.0000,46.749,35.511,32.626,28.521,29.504,29.011,1339,1283,1290,1328,1334,1543,68,63,67,33,48,34,0,0,0,0,1,0,4.9908,4.9908,4.9908,4.9908,2.9084,7.0640,1618.4460,1662.4880,1677.5341,1698.4273,1310.6468,1548.2318,1,on,1,1.5000
1786346145.352051,1,1,,1678.0000,1708.0000,1738.0000,1744.0000,1322.0000,1552.0000,43.676,37.755,31.650,30.452,30.397,30.424,1368,1310,1320,1350,1328,1546,60,69,53,33,39,23,0,0,0,0,1,0,4.9908,4.9908,4.9908,4.9908,2.9084,7.0640,1629.4139,1671.1145,1689.9361,1706.2679,1310.6468,1548.2318,1,on,1,1.5000
1786346145.416130,1,1,,1676.0000,1702.0000,1737.0000,1740.0000,1319.0000,1555.0000,44.213,39.016,32.007,31.404,31.350,30.054,1401,1344,1352,1385,1322,1546,62,51,59,45,41,27,0,0,0,0,1,0,4.9908,4.9908,4.9908,4.9908,2.9084,7.0640,1629.4139,1671.1145,1697.9318,1706.2679,1310.6468,1548.2318,1,on,1,1.5000
1786346145.484164,1,1,,1664.0000,1705.0000,1731.0000,1740.0000,1318.0000,1549.0000,46.535,38.345,33.187,31.323,31.514,30.806,1434,1375,1383,1419,1316,1548,55,63,64,29,40,26,0,0,0,0,1,1,4.9908,4.9908,4.9908,4.9908,2.9084,7.0640,1640.2196,1678.9598,1697.9318,1714.2843,1310.6468,1548.2318,1,on,1,1.5000
1786346145.557299,1,1,,1666.0000,1703.0000,1727.0000,1743.0000,1323.0000,1557.0000,46.246,38.664,33.941,30.653,29.868,29.650,1465,1408,1416,1449,1313,1549,67,65,58,43,0,0,0,0,0,0,1,1,4.9908,4.9908,4.9908,4.9908,2.9084,7.0640,1640.2196,1678.9598,1697.9318,1714.2843,1310.6468,1548.2318,0,on,1,1.5000
1786346145.616011,1,1,,1670.0000,1700.0000,1728.0000,1750.0000,1327.0000,1552.0000,45.347,39.264,33.840,29.380,28.526,30.451,1493,1437,1443,1478,1312,1549,65,52,60,38,26,0,0,0,0,0,1,1,4.9908,4.9908,4.9908,4.9908,2.9084,7.0640,1640.2196,1678.9598,1707.0882,1714.2843,1310.6468,1548.2318,1,on,1,1.5000
1786346145.683980,1,1,,1670.0000,1687.0000,1722.0000,1752.0000,1324.0000,1560.0000,45.399,42.001,34.981,29.034,29.464,29.344,1528,1467,1479,1511,1311,1549,56,63,42,45,18,0,0,0,0,0,1,1,4.9908,4.9908,4.9908,4.9908,2.9084,7.0640,1647.7733,1678.9598,1707.0882,1724.1213,1310.6468,1548.2318,1,on,1,1.5000
1786346145.752035,1,1,,1675.0000,1685.0000,1716.0000,1745.0000,1322.0000,1551.0000,44.300,42.289,36.097,30.421,30.277,30.496,1555,1496,1504,1539,1311,1549,70,68,56,39,0,0,0,0,0,0,1,1,4.9908,4.9908,4.9908,4.9908,2.9084,7.0640,1647.7733,1678.9598,1707.0882,1724.1213,1310.6468,1548.2318,0,on,1,1.5000
1786346145.816302,1,1,,1676.0000,1697.0000,1725.0000,1739.0000,1323.0000,1556.0000,44.180,40.047,34.252,31.578,30.025,29.810,1591,1530,1538,1575,1311,1549,69,57,74,41,0,0,0,0,0,0,1,1,4.9908,4.9908,4.9908,4.9908,2.9084,7.0640,1647.7733,1678.9598,1707.0882,1724.1213,1310.6468,1548.2318,0,on,1,1.5000
1786346145.889325,1,1,,1667.0000,1706.0000,1725.0000,1743.0000,1331.0000,1542.0000,45.941,38.228,34.297,30.660,27.142,31.811,1627,1565,1574,1610,1311,1549,65,68,55,57,0,0,0,0,0,0,1,1,4.9908,4.9908,4.9908,4.9908,2.9084,7.0640,1647.7733,1678.9598,1707.0882,1724.1213,1315.6455,1548.2318,1,on,1,1.5000
1786346145.951950,1,1,,1659.0000,1721.0000,1724.0000,1754.0000,1331.0000,1536.0000,47.647,35.130,34.455,28.506,27.258,32.718,1640,1600,1609,1648,1311,1549,24,68,55,43,39,0,0,0,0,0,0,1,4.9908,4.9908,4.9908,4.9908,2.9084,7.0640,1647.7733,1688.9088,1707.0882,1724.1213,1315.6455,1548.2318,1,on,1,1.5000
1786346146.015999,1,1,,1633.0000,1722.0000,1722.0000,1743.0000,1338.0000,1520.0000,52.814,34.906,34.880,30.760,24.603,34.984,1644,1633,1640,1678,1314,1549,0,62,66,37,16,0,0,0,0,0,0,1,4.9908,4.9908,4.9908,4.9908,2.9084,7.0640,1647.7733,1688.9088,1707.0882,1724.1213,1315.6455,1548.2318,0,on,1,1.5000
1786346146.084025,1,1,,1618.0000,1716.0000,1711.0000,1727.0000,1336.0000,1513.0000,55.740,36.170,37.089,33.939,25.394,35.923,1644,1670,1680,1715,1315,1549,0,63,56,12,0,0,0,0,0,0,1,1,4.9908,4.9908,4.9908,4.9908,2.9084,7.0640,1647.7733,1688.9088,1707.0882,1724.1213,1315.6455,1548.2318,0,on,1,1.5000
1786346146.157319,1,1,,1604.0000,1676.0000,1672.0000,1679.0000,1291.0000,1362.0000,58.584,44.069,44.968,43.476,40.899,57.363,1644,1682,1698,1720,1315,1549,0,22,24,0,0,0,0,0,0,0,1,1,4.9908,4.9908,4.9908,4.9908,2.9084,7.0640,1647.7733,1688.9088,1707.0882,1724.1213,1315.6455,1491.2131,1,on,1,1.5000
1786346146.221245,1,1,,1560.0000,1628.0000,1587.0000,1657.0000,1333.0000,1225.0000,67.447,53.752,62.014,47.899,26.429,76.652,1644,1686,1706,1719,1315,1549,0,0,0,10,14,74,0,0,0,0,1,1,4.9908,4.9908,4.9908,4.9908,2.9084,7.0640,1628.5992,1688.9088,1681.7483,1714.5589,1315.6455,1383.1717,1,on,1,1.5000
1786346146.289289,1,1,,1588.0000,1605.0000,1547.0000,1701.0000,1307.0000,1187.0000,61.745,58.309,70.038,39.202,35.468,82.040,1644,1686,1706,1724,1314,1510,0,0,17,19,23,106,1,0,1,1,0,1,4.9908,4.9908,4.9908,4.9908,2.9084,7.0640,1628.5992,1670.5524,1644.1601,1714.5589,1315.6455,1304.9856,1,on,1,1.5000
1786346146.352008,1,1,,1584.0000,1609.0000,1550.0000,1717.0000,1287.0000,1184.0000,62.511,57.532,69.382,35.865,42.201,82.549,1644,1686,1694,1715,1313,1447,0,0,83,13,0,89,1,1,1,1,0,1,4.9908,4.9908,4.9908,4.9908,2.9084,7.0640,1617.2986,1659.6651,1620.4926,1714.5589,1315.6455,1265.2507,1,on,1,1.5000
1786346146.421334,1,1,,1591.0000,1619.0000,1551.0000,1729.0000,1278.0000,1205.0000,61.096,55.597,69.236,33.618,45.244,79.514,1644,1686,1656,1715,1313,1401,54,41,95,0,0,79,1,1,1,1,0,1,4.9908,4.9908,4.9908,4.9908,2.9084,7.0640,1617.2986,1659.6651,1605.2052,1714.5589,1315.6455,1250.4864,1,on,1,1.5000
1786346146.489231,1,1,,1614.0000,1633.0000,1574.0000,1733.0000,1268.0000,1183.0000,56.530,52.753,64.529,32.837,48.693,82.614,1629,1672,1617,1715,1313,1345,0,0,11,0,0,82,1,1,1,1,0,1,4.9908,4.9908,4.9908,4.9908,2.9084,7.0640,1617.2986,1651.3298,1605.2052,1714.5589,1306.1225,1236.2525,1,on,1,1.5000
1786346146.557283,1,1,,1649.0000,1636.0000,1578.0000,1731.0000,1265.0000,1193.0000,49.641,52.206,63.765,33.094,49.821,81.300,1626,1657,1611,1715,1313,1292,30,30,21,0,33,92,1,1,1,1,1,1,4.9908,4.9908,4.9908,4.9908,2.9084,7.0640,1617.2986,1651.3298,1605.2052,1714.5589,1300.8335,1236.2525,1,on,1,1.5000
1786346146.616025,1,1,,1641.0000,1645.0000,1582.0000,1741.0000,1263.0000,1197.0000,51.266,50.294,63.036,31.205,50.386,80.717,1620,1655,1607,1715,1311,1252,0,0,0,0,51,27,1,1,1,1,1,1,4.9908,4.9908,4.9908,4.9908,2.9084,7.0640,1617.2986,1651.3298,1596.6941,1714.5589,1296.3361,1225.0966,1,on,1,1.5000
1786346146.689354,1,1,,1645.0000,1647.0000,1580.0000,1741.0000,1259.0000,1197.0000,50.337,50.032,63.443,31.140,51.908,80.620,1620,1654,1605,1715,1304,1237,26,19,35,0,54,45,1,1,1,1,1,1,4.9908,4.9908,4.9908,4.9908,2.9084,7.0640,1617.2986,1651.3298,1596.6941,1714.5589,1291.6614,1225.0966,1,on,1,1.5000
1786346146.757227,1,1,,1632.0000,1639.0000,1573.0000,1734.0000,1259.0000,1196.0000,52.987,51.573,64.808,32.445,51.793,80.866,1618,1652,1598,1715,1300,1231,24,14,14,0,27,32,1,1,1,1,1,1,4.9908,4.9908,4.9908,4.9908,2.9084,7.0640,1617.2986,1651.3298,1596.6941,1714.5589,1291.6614,1225.0966,0,on,1,1.5000
1786346146.821242,1,1,,1633.0000,1640.0000,1569.0000,1730.0000,1263.0000,1212.0000,52.806,51.313,65.527,33.262,50.623,78.496,1616,1651,1598,1715,1296,1227,22,0,0,0,16,30,1,1,1,1,1,1,4.9908,4.9908,4.9908,4.9908,2.9084,7.0640,1617.2986,1651.3298,1596.6941,1714.5589,1285.4334,1225.0966,1,on,1,1.5000
1786346146.889261,1,1,,1626.0000,1639.0000,1569.0000,1737.0000,1264.0000,1190.0000,54.110,51.661,65.545,31.905,50.316,81.707,1616,1651,1598,1715,1293,1226,0,0,0,0,32,36,1,1,1,1,1,1,4.9908,4.9908,4.9908,4.9908,2.9084,7.0640,1617.2986,1651.3298,1596.6941,1722.4264,1285.4334,1225.0966,1,on,1,1.5000
1786346146.957242,1,1,,1623.0000,1636.0000,1568.0000,1731.0000,1261.0000,1181.0000,54.876,52.133,65.860,33.127,51.258,82.868,1616,1651,1598,1715,1289,1226,0,0,0,20,0,33,1,1,1,0,1,1,4.9908,4.9908,4.9908,4.9908,2.9084,7.0640,1617.2986,1651.3298,1587.8249,1722.4264,1285.4334,1212.5770,1,on,1,1.5000
1786346147.021231,1,1,,1619.0000,1631.0000,1566.0000,1744.0000,1268.0000,1181.0000,55.491,53.162,66.116,30.599,48.768,82.993,1616,1651,1596,1721,1287,1226,0,0,35,0,21,68,1,1,1,0,1,1,4.9908,4.9908,4.9908,4.9908,2.9084,7.0640,1617.2986,1651.3298,1587.8249,1722.4264,1280.6702,1212.5770,1,on,1,1.5000
1786346147.089252,1,1,,1611.0000,1625.0000,1558.0000,1744.0000,1270.0000,1178.0000,57.281,54.418,67.726,30.522,48.105,83.290,1616,1651,1589,1721,1286,1220,0,0,20,0,23,33,1,1,1,0,1,1,4.9908,4.9908,4.9908,4.9908,2.9084,7.0640,1617.2986,1651.3298,1587.8249,1722.4264,1280.6702,1212.5770,0,on,1,1.5000
1786346147.157250,1,1,,1606.0000,1624.0000,1557.0000,1744.0000,1265.0000,1180.0000,58.184,54.683,67.986,30.518,49.907,83.059,1616,1651,1589,1721,1284,1215,0,0,21,0,17,36,1,1,1,0,1,1,4.9908,4.9908,4.9908,4.9908,2.9084,7.0640,1617.2986,1643.3826,1587.8249,1722.4264,1280.6702,1212.5770,1,on,1,1.5000
1786346147.216073,1,1,,1606.0000,1618.0000,1555.0000,1731.0000,1276.0000,1176.0000,58.217,55.872,68.481,33.205,46.214,83.607,1616,1651,1588,1721,1284,1212,0,8,23,10,0,0,1,1,1,0,1,1,4.9908,4.9908,4.9908,4.9908,2.9084,7.0640,1617.2986,1643.3826,1578.6865,1722.4264,1280.6702,1200.8504,1,on,1,1.5000
1786346147.284137,1,1,,1598.0000,1611.0000,1543.0000,1729.0000,1268.0000,1186.0000,59.879,57.264,70.847,33.454,48.672,82.180,1616,1644,1586,1725,1284,1212,0,15,29,0,0,48,1,1,1,1,1,1,4.9908,4.9908,4.9908,4.9908,2.9084,7.0640,1617.2986,1643.3826,1578.6865,1722.4264,1280.6702,1200.8504,0,on,1,1.5000
1786346147.352163,1,1,,1593.0000,1621.0000,1546.0000,1726.0000,1284.0000,1183.0000,60.884,55.169,70.143,34.084,43.306,82.668,1616,1644,1577,1725,1284,1205,0,0,18,0,9,0,1,1,1,1,1,1,4.9908,4.9908,4.9908,4.9908,2.9084,7.0640,1617.2986,1643.3826,1578.6865,1722.4264,1280.6702,1200.8504,0,on,1,1.5000
1786346147.416318,1,1,,1565.0000,1615.0000,1558.0000,1724.0000,1289.0000,1172.0000,66.482,56.380,67.832,34.575,41.471,84.216,1616,1644,1576,1725,1284,1205,0,0,0,0,10,27,1,1,1,1,1,1,4.9908,4.9908,4.9908,4.9908,2.9084,7.0640,1609.7420,1635.1382,1570.7249,1722.4264,1280.6702,1200.8504,1,on,1,1.5000
1786346147.484180,1,1,,1545.0000,1600.0000,1548.0000,1723.0000,1284.0000,1185.0000,70.472,59.405,69.803,34.709,43.382,82.377,1616,1641,1576,1725,1284,1203,10,20,0,0,11,29,1,1,1,1,1,1,4.9908,4.9908,4.9908,4.9908,2.9084,7.0640,1599.1026,1635.1382,1570.7249,1722.4264,1280.6702,1200.8504,1,on,1,1.5000
1786346147.552132,1,1,,1583.0000,1609.0000,1538.0000,1711.0000,1276.0000,1214.0000,62.872,57.522,71.793,37.076,46.062,78.279,1606,1637,1573,1725,1284,1201,54,0,15,0,0,31,1,1,1,1,1,1,4.9908,4.9908,4.9908,4.9908,2.9084,7.0640,1599.1026,1635.1382,1570.7249,1722.4264,1280.6702,1200.8504,0,on,1,1.5000
1786346147.616179,1,1,,1613.0000,1619.0000,1532.0000,1719.0000,1236.0000,1216.0000,56.691,55.509,72.954,35.523,59.842,77.971,1602,1637,1572,1724,1282,1200,22,0,0,0,28,0,1,1,1,1,1,1,4.9908,4.9908,4.9908,4.9908,2.9084,7.0640,1599.1026,1635.1382,1562.3068,1722.4264,1275.0514,1200.8504,1,on,1,1.5000
1786346147.684178,1,1,,1589.0000,1634.0000,1547.0000,1716.0000,1233.0000,1204.0000,61.498,52.625,69.982,36.152,60.827,79.700,1600,1637,1569,1725,1281,1200,0,21,47,0,29,0,1,1,1,1,1,1,4.9908,4.9908,4.9908,4.9908,2.9084,7.0640,1599.1026,1635.1382,1562.3068,1722.4264,1270.0347,1200.8504,1,on,1,1.5000
1786346147.752060,1,1,,1572.0000,1643.0000,1550.0000,1688.0000,1231.0000,1171.0000,65.031,50.840,69.358,41.852,61.652,84.336,1601,1635,1564,1724,1278,1200,0,0,0,0,49,0,1,1,1,1,1,1,4.9908,4.9908,4.9908,4.9908,2.9084,7.0640,1599.1026,1635.1382,1562.3068,1722.4264,1265.2292,1200.8504,1,on,1,1.5000
1786346147.816150,1,1,,1557.0000,1618.0000,1545.0000,1673.0000,1243.0000,1156.0000,68.035,55.811,70.417,44.713,57.489,86.415,1600,1635,1564,1724,1272,1200,0,0,0,0,44,0,1,1,1,1,1,1,4.9908,4.9908,4.9908,4.9908,2.9084,7.0640,1591.5909,1635.1382,1562.3068,1722.4264,1265.2292,1200.8504,1,on,1,1.5000
1786346147.956220,1,1,,1562.0000,1620.0000,1560.0000,1692.0000,1254.0000,1163.0000,66.916,55.378,67.335,41.030,53.673,85.418,1591,1635,1562,1724,1266,1200,21,0,0,0,19,0,1,1,1,1,1,1,4.9908,4.9908,4.9908,4.9908,2.9084,7.0640,1591.5909,1635.1382,1562.3068,1713.1749,1265.2292,1189.1047,1,on,1,1.5000
1786346148.000171,1,1,,1584.0000,1628.0000,1550.0000,1712.0000,1222.0000,1226.0000,62.572,53.757,69.333,36.854,64.670,76.564,1590,1635,1562,1724,1266,1200,0,0,18,0,0,0,1,1,1,1,1,1,4.9908,4.9908,4.9908,4.9908,2.9084,7.0640,1591.5909,1635.1382,1562.3068,1713.1749,1258.8822,1189.1047,1,on,1,1.5000
1786346148.040085,1,1,,1622.0000,1628.0000,1568.0000,1719.0000,1238.0000,1205.0000,54.958,53.708,65.841,35.468,58.990,79.567,1590,1635,1561,1724,1266,1200,0,0,18,34,0,49,1,1,1,1,1,1,4.9908,4.9908,4.9908,4.9908,2.9084,7.0640,1591.5909,1635.1382,1562.3068,1713.1749,1258.8822,1189.1047,0,on,1,1.5000
1786346148.084158,1,1,,1631.0000,1629.0000,1562.0000,1710.0000,1250.0000,1199.0000,53.143,53.646,67.065,37.428,55.117,80.316,1590,1635,1561,1719,1265,1195,0,0,0,0,38,0,1,1,1,1,1,1,4.9908,4.9908,4.9908,4.9908,2.9084,7.0640,1591.5909,1635.1382,1562.3068,1713.1749,1258.8822,1189.1047,0,on,1,1.5000
1786346148.152123,1,1,,1611.0000,1635.0000,1561.0000,1716.0000,1242.0000,1185.0000,57.126,52.458,67.262,36.120,57.777,82.303,1590,1635,1561,1719,1262,1195,0,0,0,11,17,37,1,1,1,1,1,1,4.9908,4.9908,4.9908,4.9908,2.9084,7.0640,1591.5909,1635.1382,1562.3068,1713.1749,1258.8822,1189.1047,0,on,1,1.5000
1786346148.216021,1,1,,1614.0000,1641.0000,1574.0000,1722.0000,1234.0000,1187.0000,56.488,51.248,64.672,34.886,60.649,82.150,1590,1635,1561,1715,1261,1190,0,0,0,14,32,29,1,1,1,1,1,1,4.9908,4.9908,4.9908,4.9908,2.9084,7.0640,1591.5909,1635.1382,1562.3068,1713.1749,1254.1084,1189.1047,1,on,1,1.5000
1786346148.284142,1,1,,1633.0000,1646.0000,1572.0000,1738.0000,1223.0000,1187.0000,52.742,50.110,64.944,31.784,64.442,82.041,1590,1635,1561,1715,1260,1190,0,0,0,0,24,33,1,1,1,1,1,1,4.9908,4.9908,4.9908,4.9908,2.9084,7.0640,1600.5751,1635.1382,1562.3068,1713.1749,1254.1084,1189.1047,1,on,1,1.5000
1786346148.352126,1,1,,1637.0000,1644.0000,1571.0000,1738.0000,1229.0000,1181.0000,51.933,50.630,65.107,31.756,62.202,82.955,1590,1635,1561,1715,1258,1190,37,0,0,8,0,0,0,1,1,1,1,1,4.9908,4.9908,4.9908,4.9908,2.9084,7.0640,1600.5751,1635.1382,1562.3068,1713.1749,1249.1777,1189.1047,1,on,1,1.5000
1786346148.416039,1,1,,1629.0000,1646.0000,1572.0000,1740.0000,1229.0000,1189.0000,53.601,50.244,64.926,31.367,62.234,81.796,1595,1635,1561,1715,1255,1190,17,0,0,0,31,0,0,1,1,1,1,1,4.9908,4.9908,4.9908,4.9908,2.9084,7.0640,1600.5751,1635.1382,1562.3068,1713.1749,1249.1777,1189.1047,0,on,1,1.5000
1786346148.484142,1,1,,1644.0000,1643.0000,1566.0000,1731.0000,1234.0000,1178.0000,50.569,50.852,66.298,33.109,60.621,83.371,1596,1635,1561,1715,1253,1190,0,0,0,0,0,0,0,1,1,1,1,1,4.9908,4.9908,4.9908,4.9908,2.9084,7.0640,1611.2356,1635.1382,1562.3068,1713.1749,1249.1777,1189.1047,1,on,1,1.5000
1786346148.552027,1,1,,1639.0000,1640.0000,1567.0000,1724.0000,1234.0000,1179.0000,51.541,51.422,65.912,34.507,60.630,83.224,1598,1635,1561,1715,1251,1190,40,0,0,0,23,0,0,1,1,1,1,1,4.9908,4.9908,4.9908,4.9908,2.9084,7.0640,1611.2356,1635.1382,1562.3068,1713.1749,1249.1777,1189.1047,0,on,1,1.5000
1786346148.616155,1,1,,1634.0000,1651.0000,1566.0000,1729.0000,1233.0000,1194.0000,52.570,49.237,66.106,33.523,60.838,81.163,1606,1635,1561,1715,1250,1189,16,0,0,0,0,0,0,1,1,1,1,1,4.9908,4.9908,4.9908,4.9908,2.9084,7.0640,1611.2356,1635.1382,1562.3068,1713.1749,1249.1777,1189.1047,0,on,1,1.5000
1786346148.684019,1,1,,1616.0000,1630.0000,1556.0000,1718.0000,1239.0000,1188.0000,56.149,53.394,68.135,35.702,58.848,81.980,1606,1635,1561,1715,1250,1189,0,0,0,0,0,0,0,1,1,1,1,1,4.9908,4.9908,4.9908,4.9908,2.9084,7.0640,1611.2356,1635.1382,1562.3068,1713.1749,1249.1777,1189.1047,0,on,1,1.5000
1786346148.752124,1,1,,1599.0000,1621.0000,1561.0000,1717.0000,1241.0000,1194.0000,59.600,55.141,67.214,35.952,57.943,81.134,1606,1635,1561,1715,1250,1190,0,0,0,0,0,0,0,1,1,1,1,1,4.9908,4.9908,4.9908,4.9908,2.9084,7.0640,1611.2356,1635.1382,1562.3068,1713.1749,1244.6841,1189.1047,1,on,1,1.5000
1786346148.816062,1,1,,1603.0000,1623.0000,1559.0000,1731.0000,1243.0000,1201.0000,58.765,54.718,67.537,33.062,57.413,80.150,1606,1635,1561,1715,1250,1190,10,0,0,0,22,0,0,1,1,1,1,1,4.9908,4.9908,4.9908,4.9908,2.9084,7.0640,1611.2356,1635.1382,1562.3068,1713.1749,1244.6841,1189.1047,0,on,1,1.5000
1786346148.884138,1,1,,1599.0000,1625.0000,1561.0000,1732.0000,1250.0000,1200.0000,59.596,54.416,67.245,32.967,55.008,80.216,1608,1635,1561,1715,1249,1190,18,0,0,0,24,0,0,1,1,1,1,1,4.9908,4.9908,4.9908,4.9908,2.9084,7.0640,1611.2356,1635.1382,1562.3068,1721.1527,1244.6841,1189.1047,1,on,1,1.5000
1786346148.952028,1,1,,1602.0000,1631.0000,1561.0000,1732.0000,1248.0000,1204.0000,58.893,53.259,67.288,32.907,55.659,79.690,1610,1635,1561,1715,1248,1190,0,0,0,0,17,0,1,1,1,0,1,1,4.9908,4.9908,4.9908,4.9908,2.9084,7.0640,1611.2356,1635.1382,1562.3068,1721.1527,1244.6841,1189.1047,0,on,1,1.5000
1786346149.016255,1,1,,1593.0000,1628.0000,1562.0000,1733.0000,1253.0000,1214.0000,60.717,53.809,66.974,32.690,53.947,78.273,1610,1635,1561,1715,1247,1190,0,0,0,9,29,0,1,1,1,0,1,1,4.9908,4.9908,4.9908,4.9908,2.9084,7.0640,1611.2356,1635.1382,1562.3068,1721.1527,1244.6841,1189.1047,0,on,1,1.5000
1786346149.084104,1,1,,1588.0000,1625.0000,1547.0000,1729.0000,1252.0000,1223.0000,61.831,54.307,69.923,33.533,54.299,77.041,1610,1635,1561,1719,1247,1190,0,0,0,14,28,0,1,1,1,0,1,1,4.9908,4.9908,4.9908,4.9908,2.9084,7.0640,1611.2356,1635.1382,1562.3068,1721.1527,1244.6841,1189.1047,0,on,1,1.5000
1786346149.152036,1,1,,1589.0000,1618.0000,1542.0000,1726.0000,1249.0000,1234.0000,61.545,55.858,71.025,34.183,55.398,75.420,1610,1635,1561,1723,1244,1190,0,0,0,0,19,0,1,1,1,1,1,1,4.9908,4.9908,4.9908,4.9908,2.9084,7.0640,1611.2356,1635.1382,1562.3068,1721.1527,1244.6841,1200.0895,1,on,1,1.5000
1786346149.216169,1,1,,1593.0000,1622.0000,1559.0000,1718.0000,1257.0000,1235.0000,60.793,55.041,67.692,35.820,52.528,75.356,1610,1635,1561,1723,1244,1190,0,0,0,0,0,16,1,1,1,1,1,0,4.9908,4.9908,4.9908,4.9908,2.9084,7.0640,1611.2356,1635.1382,1562.3068,1721.1527,1244.6841,1200.0895,0,on,1,1.5000
1786346149.284169,1,1,,1596.0000,1624.0000,1564.0000,1721.0000,1249.0000,1237.0000,60.265,54.658,66.701,35.135,55.437,75.001,1610,1635,1561,1723,1244,1190,0,0,0,0,0,23,1,1,1,1,1,0,4.9908,4.9908,4.9908,4.9908,2.9084,7.0640,1611.2356,1635.1382,1562.3068,1721.1527,1244.6841,1200.0895,0,on,1,1.5000
1786346149.352140,1,1,,1581.0000,1629.0000,1570.0000,1707.0000,1243.0000,1266.0000,63.288,53.637,65.339,38.013,57.333,70.920,1610,1635,1561,1723,1244,1198,0,0,0,0,0,12,1,1,1,1,1,0,4.9908,4.9908,4.9908,4.9908,2.9084,7.0640,1611.2356,1635.1382,1562.3068,1721.1527,1244.6841,1216.4023,1,on,1,1.5000
1786346149.416155,1,1,,1575.0000,1626.0000,1573.0000,1691.0000,1223.0000,1302.0000,64.411,54.228,64.715,41.125,64.351,65.762,1610,1635,1561,1723,1244,1201,0,0,0,0,0,40,1,1,1,1,1,0,4.9908,4.9908,4.9908,4.9908,2.9084,7.0640,1601.6417,1635.1382,1562.3068,1721.1527,1244.6841,1233.1488,1,on,1,1.5000
1786346149.484146,1,1,,1589.0000,1645.0000,1576.0000,1714.0000,1237.0000,1302.0000,61.687,50.276,64.122,36.457,59.620,65.782,1610,1635,1561,1723,1244,1213,37,0,0,0,0,15,1,1,1,1,1,0,4.9908,4.9908,4.9908,4.9908,2.9084,7.0640,1601.6417,1635.1382,1562.3068,1721.1527,1244.6841,1246.5732,1,on,1,1.5000
1786346149.552098,1,1,,1568.0000,1635.0000,1574.0000,1701.0000,1226.0000,1312.0000,65.726,52.301,64.507,39.150,63.365,64.323,1607,1635,1561,1723,1244,1223,25,0,0,0,0,29,1,1,1,1,1,0,4.9908,4.9908,4.9908,4.9908,2.9084,7.0640,1601.6417,1635.1382,1562.3068,1721.1527,1244.6841,1258.9054,1,on,1,1.5000
1786346149.616142,1,1,,1562.0000,1638.0000,1576.0000,1712.0000,1246.0000,1286.0000,67.055,51.773,64.252,36.858,56.486,68.034,1603,1635,1561,1723,1244,1242,23,0,0,0,0,12,1,1,1,1,1,0,4.9908,4.9908,4.9908,4.9908,2.9084,7.0640,1593.7606,1635.1382,1562.3068,1721.1527,1244.6841,1258.9054,1,on,1,1.5000
1786346149.684042,1,1,,1553.0000,1631.0000,1576.0000,1720.0000,1248.0000,1299.0000,68.751,53.230,64.112,35.361,55.819,66.176,1600,1635,1561,1723,1244,1253,39,0,0,0,0,14,1,1,1,1,1,0,4.9908,4.9908,4.9908,4.9908,2.9084,7.0640,1593.7606,1635.1382,1562.3068,1721.1527,1244.6841,1258.9054,0,on,1,1.5000
1786346149.752151,1,1,,1562.0000,1629.0000,1568.0000,1710.0000,1240.0000,1310.0000,67.055,53.587,65.898,37.335,58.510,64.638,1594,1635,1561,1723,1244,1253,26,0,0,0,0,0,1,1,1,1,1,0,4.9908,4.9908,4.9908,4.9908,2.9084,7.0640,1585.9422,1635.1382,1562.3068,1721.1527,1244.6841,1272.6768,1,on,1,1.5000
1786346149.816084,1,1,,1568.0000,1629.0000,1570.0000,1707.0000,1232.0000,1311.0000,65.754,53.569,65.307,38.005,61.177,64.493,1589,1635,1561,1723,1244,1253,34,0,0,0,0,0,1,1,1,1,1,0,4.9908,4.9908,4.9908,4.9908,2.9084,7.0640,1585.9422,1635.1382,1562.3068,1721.1527,1244.6841,1272.6768,0,on,1,1.5000
1786346149.884169,1,1,,1570.0000,1637.0000,1576.0000,1718.0000,1237.0000,1305.0000,65.460,51.963,64.242,35.776,59.436,65.434,1586,1635,1561,1723,1244,1253,20,0,0,0,0,0,1,1,1,1,1,0,4.9908,4.9908,4.9908,4.9908,2.9084,7.0640,1585.9422,1635.1382,1562.3068,1721.1527,1244.6841,1272.6768,0,on,1,1.5000
1786346149.952156,1,1,,1560.0000,1637.0000,1580.0000,1713.0000,1241.0000,1311.0000,67.487,52.070,63.415,36.814,58.113,64.488,1585,1635,1561,1723,1244,1253,0,0,0,0,0,0,1,1,1,1,1,0,4.9908,4.9908,4.9908,4.9908,2.9084,7.0640,1585.9422,1635.1382,1562.3068,1721.1527,1244.6841,1283.7059,1,on,1,1.5000
1786346150.016153,1,1,,1567.0000,1641.0000,1579.0000,1721.0000,1230.0000,1298.0000,65.958,51.080,63.510,35.168,61.865,66.365,1585,1635,1561,1723,1244,1263,0,0,0,0,0,25,1,1,1,1,1,0,4.9908,4.9908,4.9908,4.9908,2.9084,7.0640,1585.9422,1635.1382,1562.3068,1721.1527,1244.6841,1283.7059,0,on,1,1.5000
1786346150.084024,1,1,,1567.0000,1645.0000,1586.0000,1718.0000,1224.0000,1311.0000,65.928,50.290,62.214,35.780,63.920,64.476,1585,1635,1561,1723,1244,1268,0,0,0,0,0,36,1,1,1,1,1,0,4.9908,4.9908,4.9908,4.9908,2.9084,7.0640,1585.9422,1635.1382,1562.3068,1721.1527,1244.6841,1283.7059,0,on,1,1.5000
1786346150.152149,1,1,,1564.0000,1646.0000,1583.0000,1718.0000,1231.0000,1306.0000,66.703,50.100,62.873,35.654,61.654,65.234,1585,1635,1561,1723,1244,1278,0,0,0,0,0,20,1,1,1,1,1,0,4.9908,4.9908,4.9908,4.9908,2.9084,7.0640,1585.9422,1635.1382,1562.3068,1721.1527,1240.2866,1283.7059,1,on,1,1.5000
1786346150.216089,1,1,,1563.0000,1644.0000,1574.0000,1709.0000,1234.0000,1306.0000,66.882,50.585,64.628,37.532,60.674,65.293,1585,1635,1561,1723,1244,1280,0,0,0,0,0,0,1,1,1,1,1,0,4.9908,4.9908,4.9908,4.9908,2.9084,7.0640,1577.6633,1635.1382,1562.3068,1721.1527,1240.2866,1283.7059,1,on,1,1.5000
1786346150.284150,1,1,,1553.0000,1642.0000,1570.0000,1709.0000,1236.0000,1309.0000,68.819,51.056,65.500,37.560,59.944,64.839,1585,1635,1561,1723,1244,1280,30,0,0,0,0,0,1,1,1,1,1,0,4.9908,4.9908,4.9908,4.9908,2.9084,7.0640,1577.6633,1635.1382,1562.3068,1721.1527,1240.2866,1283.7059,0,on,1,1.5000
1786346150.352741,1,1,,1559.0000,1644.0000,1572.0000,1700.0000,1237.0000,1306.0000,67.683,50.644,64.953,39.427,59.530,65.229,1579,1635,1561,1723,1244,1280,17,0,0,0,0,0,1,1,1,1,1,0,4.9908,4.9908,4.9908,4.9908,2.9084,7.0640,1577.6633,1635.1382,1562.3068,1721.1527,1240.2866,1283.7059,0,on,1,1.5000
1786346150.416039,1,1,,1558.0000,1639.0000,1565.0000,1709.0000,1239.0000,1293.0000,67.784,51.669,66.397,37.644,58.680,67.103,1579,1635,1561,1723,1244,1280,10,0,0,0,0,0,1,1,1,1,1,0,4.9908,4.9908,4.9908,4.9908,2.9084,7.0640,1577.6633,1635.1382,1562.3068,1721.1527,1240.2866,1283.7059,0,on,1,1.5000
1786346150.484144,1,1,,1561.0000,1640.0000,1570.0000,1705.0000,1231.0000,1307.0000,67.172,51.371,65.412,38.435,61.493,65.087,1579,1635,1561,1723,1244,1280,29,0,0,0,0,0,1,1,1,1,1,0,4.9908,4.9908,4.9908,4.9908,2.9084,7.0640,1577.6633,1635.1382,1562.3068,1721.1527,1240.2866,1283.7059,0,on,1,1.5000
1786346150.552144,1,1,,1568.0000,1637.0000,1569.0000,1703.0000,1240.0000,1304.0000,65.858,51.929,65.597,38.664,58.376,65.589,1576,1635,1561,1723,1244,1280,20,0,0,0,0,0,1,1,1,1,1,0,4.9908,4.9908,4.9908,4.9908,2.9084,7.0640,1577.6633,1635.1382,1562.3068,1721.1527,1240.2866,1283.7059,0,on,1,1.5000
1786346150.616302,1,1,,1567.0000,1636.0000,1572.0000,1710.0000,1230.0000,1319.0000,66.029,52.145,65.018,37.344,61.910,63.391,1576,1635,1561,1723,1244,1280,0,0,0,0,0,0,1,1,1,1,1,0,4.9908,4.9908,4.9908,4.9908,2.9084,7.0640,1577.6633,1635.1382,1562.3068,1721.1527,1240.2866,1295.6262,1,on,1,1.5000
1786346150.684031,1,1,,1558.0000,1637.0000,1575.0000,1713.0000,1224.0000,1321.0000,67.791,51.906,64.445,36.782,64.040,63.102,1576,1635,1561,1723,1244,1284,0,0,0,0,0,42,1,1,1,1,1,0,4.9908,4.9908,4.9908,4.9908,2.9084,7.0640,1577.6633,1635.1382,1562.3068,1721.1527,1240.2866,1295.6262,0,on,1,1.5000
1786346150.752138,1,1,,1578.0000,1664.0000,1585.0000,1677.0000,1209.0000,1358.0000,63.718,46.584,62.466,43.917,69.044,57.809,1576,1635,1561,1723,1244,1295,0,0,0,0,0,0,1,1,1,1,1,1,4.9908,4.9908,4.9908,4.9908,2.9084,7.0640,1577.6633,1635.1382,1570.3010,1710.5840,1235.7645,1306.4045,1,on,1,1.5000
1786346150.816187,1,1,,1575.0000,1672.0000,1599.0000,1691.0000,1226.0000,1393.0000,64.487,44.939,59.620,41.111,63.101,52.954,1576,1635,1561,1723,1244,1296,0,0,30,44,41,29,1,1,0,1,1,0,4.9908,4.9908,4.9908,4.9908,2.9084,7.0640,1577.6633,1635.1382,1570.3010,1710.5840,1235.7645,1323.2834,1,on,1,1.5000
1786346150.884158,1,1,,1589.0000,1679.0000,1612.0000,1691.0000,1235.0000,1411.0000,61.529,43.575,56.926,41.205,60.026,50.390,1576,1635,1567,1715,1240,1305,0,0,8,18,29,21,1,1,0,1,1,0,4.9908,4.9908,4.9908,4.9908,2.9084,7.0640,1577.6633,1645.2091,1570.3010,1710.5840,1235.7645,1342.4014,1,on,1,1.5000
1786346150.952139,1,1,,1571.0000,1671.0000,1615.0000,1705.0000,1267.0000,1368.0000,65.282,45.122,56.353,38.414,49.268,56.493,1576,1635,1569,1713,1238,1314,0,30,0,0,32,38,1,0,1,1,1,0,4.9908,4.9908,4.9908,4.9908,2.9084,7.0640,1577.6633,1645.2091,1581.4995,1710.5840,1235.7645,1342.4014,1,on,1,1.5000
1786346151.016076,1,1,,1549.0000,1657.0000,1597.0000,1677.0000,1239.0000,1370.0000,69.659,47.964,59.915,43.946,58.878,56.247,1576,1640,1571,1713,1236,1325,0,13,23,0,0,0,1,0,0,1,1,0,4.9908,4.9908,4.9908,4.9908,2.9084,7.0640,1577.6633,1645.2091,1581.4995,1710.5840,1235.7645,1342.4014,0,on,1,1.5000
1786346151.084131,1,1,,1535.0000,1632.0000,1572.0000,1701.0000,1242.0000,1343.0000,72.504,52.881,64.986,39.073,57.923,60.054,1576,1641,1580,1713,1236,1332,0,0,0,10,0,16,1,0,1,1,1,0,4.9908,4.9908,4.9908,4.9908,2.9084,7.0640,1567.6434,1645.2091,1581.4995,1710.5840,1235.7645,1342.4014,1,on,1,1.5000
1786346151.152050,1,1,,1545.0000,1623.0000,1545.0000,1708.0000,1224.0000,1318.0000,70.378,54.796,70.412,37.774,63.878,63.583,1575,1641,1580,1711,1236,1339,50,0,0,0,0,27,1,0,1,1,1,0,4.9908,4.9908,4.9908,4.9908,2.9084,7.0640,1567.6434,1645.2091,1581.4995,1710.5840,1235.7645,1342.4014,0,on,1,1.5000
1786346151.216171,1,1,,1563.0000,1626.0000,1536.0000,1727.0000,1215.0000,1292.0000,66.854,54.200,72.123,33.977,67.097,67.177,1571,1641,1580,1711,1236,1342,10,0,0,0,0,0,1,0,1,1,1,1,4.9908,4.9908,4.9908,4.9908,2.9084,7.0640,1567.6434,1645.2091,1581.4995,1710.5840,1235.7645,1342.4014,0,on,1,1.5000
1786346151.284070,1,1,,1552.0000,1619.0000,1529.0000,1713.0000,1227.0000,1276.0000,69.024,55.497,73.559,36.798,63.039,69.469,1570,1643,1580,1711,1236,1342,29,14,0,0,0,0,1,0,1,1,1,1,4.9908,4.9908,4.9908,4.9908,2.9084,7.0640,1567.6434,1645.2091,1568.3591,1710.5840,1235.7645,1329.2790,1,on,1,1.5000
1786346151.352158,1,1,,1562.0000,1628.0000,1526.0000,1709.0000,1217.0000,1272.0000,66.972,53.769,74.285,37.613,66.461,70.087,1567,1645,1580,1711,1236,1342,24,0,0,0,0,37,1,1,1,1,1,1,4.9908,4.9908,4.9908,4.9908,2.9084,7.0640,1567.6434,1645.2091,1568.3591,1710.5840,1235.7645,1329.2790,0,on,1,1.5000
1786346151.419705,1,1,,1564.0000,1627.0000,1525.0000,1721.0000,1225.0000,1253.0000,66.551,53.952,74.505,35.048,63.610,72.754,1566,1645,1580,1711,1236,1336,22,0,0,0,0,63,1,1,1,1,1,1,4.9908,4.9908,4.9908,4.9908,2.9084,7.0640,1567.6434,1645.2091,1557.9646,1710.5840,1235.7645,1307.8432,1,on,1,1.5000
1786346151.484167,1,1,,1588.0000,1639.0000,1535.0000,1734.0000,1215.0000,1232.0000,61.753,51.650,72.434,32.448,67.176,75.655,1566,1645,1580,1711,1236,1328,12,0,36,0,0,52,1,1,1,1,1,1,4.9908,4.9908,4.9908,4.9908,2.9084,7.0640,1567.6434,1645.2091,1557.9646,1710.5840,1235.7645,1293.1030,1,on,1,1.5000
1786346151.552144,1,1,,1650.0000,1673.0000,1568.0000,1730.0000,1217.0000,1189.0000,49.473,44.795,65.735,33.306,66.461,81.860,1566,1645,1570,1710,1236,1310,0,0,23,0,0,67,1,1,1,0,1,1,4.9908,4.9908,4.9908,4.9908,2.9084,7.0640,1580.0757,1645.2091,1557.9646,1710.5840,1231.3116,1268.4755,1,on,1,1.5000
1786346151.616182,1,1,,1658.0000,1653.0000,1566.0000,1743.0000,1210.0000,1162.0000,47.842,48.785,66.180,30.800,68.772,85.677,1566,1645,1565,1711,1235,1292,0,0,41,0,18,58,0,1,1,1,1,1,4.9908,4.9908,4.9908,4.9908,2.9084,7.0640,1595.0759,1645.2091,1557.9646,1710.5840,1231.3116,1241.8201,1,on,1,1.5000
1786346151.684054,1,1,,1674.0000,1662.0000,1567.0000,1750.0000,1214.0000,1127.0000,44.664,46.981,66.077,29.239,67.288,90.535,1566,1645,1560,1711,1235,1280,43,0,20,0,36,95,0,1,1,1,1,1,4.9908,4.9908,4.9908,4.9908,2.9084,7.0640,1611.3634,1645.2091,1557.9646,1718.0845,1231.3116,1210.9677,1,on,1,1.5000
1786346151.752152,1,1,,1675.0000,1662.0000,1561.0000,1730.0000,1207.0000,1135.0000,44.304,47.067,67.291,33.286,69.925,89.435,1586,1645,1557,1711,1233,1249,61,0,13,28,25,96,0,1,1,0,1,1,4.9908,4.9908,4.9908,4.9908,2.9084,7.0640,1623.4918,1645.2091,1557.9646,1718.0845,1231.3116,1193.4354,1,on,1,1.5000
1786346151.816171,1,1,,1655.0000,1646.0000,1554.0000,1745.0000,1213.0000,1122.0000,48.439,50.270,68.616,30.416,67.642,91.229,1607,1645,1557,1715,1231,1215,44,0,0,0,19,85,0,1,1,0,1,1,4.9908,4.9908,4.9908,4.9908,2.9084,7.0640,1623.4918,1645.2091,1557.9646,1718.0845,1226.0580,1178.5891,1,on,1,1.5000
1786346151.884151,1,1,,1664.0000,1649.0000,1552.0000,1734.0000,1212.0000,1149.0000,46.664,49.653,68.976,32.545,67.923,87.407,1616,1645,1557,1715,1231,1198,25,0,0,0,0,85,0,1,1,0,1,1,4.9908,4.9908,4.9908,4.9908,2.9084,7.0640,1632.4704,1645.2091,1557.9646,1718.0845,1226.0580,1178.5891,1,on,1,1.5000
1786346151.952178,1,1,,1652.0000,1644.0000,1551.0000,1740.0000,1214.0000,1148.0000,48.969,50.543,69.112,31.284,67.426,87.560,1620,1645,1557,1715,1231,1186,40,0,0,0,0,60,0,1,1,0,1,1,4.9908,4.9908,4.9908,4.9908,2.9084,7.0640,1632.4704,1645.2091,1557.9646,1718.0845,1226.0580,1178.5891,0,on,1,1.5000
1786346152.016087,1,1,,1658.0000,1654.0000,1555.0000,1741.0000,1211.0000,1136.0000,47.812,48.506,68.492,31.050,68.344,89.343,1624,1645,1557,1718,1231,1180,28,0,0,0,0,31,0,1,1,0,1,1,4.9908,4.9908,4.9908,4.9908,2.9084,7.0640,1632.4704,1645.2091,1557.9646,1718.0845,1226.0580,1167.2144,1,on,1,1.5000
1786346152.084181,1,1,,1651.0000,1645.0000,1550.0000,1734.0000,1210.0000,1151.0000,49.092,50.437,69.387,32.506,68.696,87.167,1630,1645,1557,1719,1230,1178,23,0,0,0,20,63,0,1,1,1,1,1,4.9908,4.9908,4.9908,4.9908,2.9084,7.0640,1632.4704,1645.2091,1557.9646,1718.0845,1226.0580,1167.2144,0,on,1,1.5000
1786346152.152144,1,1,,1654.0000,1646.0000,1549.0000,1727.0000,1204.0000,1156.0000,48.502,50.194,69.599,33.931,70.944,86.533,1631,1645,1557,1719,1230,1166,0,0,0,0,17,0,1,1,1,1,1,1,4.9908,4.9908,4.9908,4.9908,2.9084,7.0640,1632.4704,1645.2091,1557.9646,1718.0845,1221.6265,1167.2144,1,on,1,1.5000
1786346152.216387,1,1,,1636.0000,1638.0000,1551.0000,1737.0000,1207.0000,1136.0000,52.216,51.811,69.110,32.029,69.934,89.244,1631,1645,1557,1719,1228,1166,0,0,0,0,39,0,1,1,1,1,1,1,4.9908,4.9908,4.9908,4.9908,2.9084,7.0640,1632.4704,1645.2091,1557.9646,1725.7653,1221.6265,1167.2144,1,on,1,1.5000
1786346152.284160,1,1,,1651.0000,1641.0000,1555.0000,1727.0000,1197.0000,1153.0000,49.120,51.102,68.465,33.949,73.327,86.939,1631,1645,1557,1719,1225,1166,0,0,0,0,24,0,1,1,1,0,1,1,4.9908,4.9908,4.9908,4.9908,2.9084,7.0640,1632.4704,1645.2091,1557.9646,1725.7653,1221.6265,1167.2144,0,on,1,1.5000
1786346152.352180,1,1,,1661.0000,1645.0000,1554.0000,1724.0000,1198.0000,1139.0000,47.083,50.364,68.623,34.597,72.844,88.828,1631,1645,1557,1726,1225,1166,0,0,19,0,9,0,1,1,1,1,1,1,4.9908,4.9908,4.9908,4.9908,2.9084,7.0640,1640.7004,1645.2091,1557.9646,1725.7653,1217.1700,1167.2144,1,on,1,1.5000
1786346152.416167,1,1,,1660.0000,1641.0000,1555.0000,1728.0000,1203.0000,1141.0000,47.398,51.235,68.395,33.652,71.088,88.600,1631,1645,1556,1727,1221,1166,23,0,0,0,52,0,0,1,1,1,1,1,4.9908,4.9908,4.9908,4.9908,2.9084,7.0640,1640.7004,1645.2091,1557.9646,1725.7653,1217.1700,1167.2144,0,on,1,1.5000
1786346152.484116,1,1,,1669.0000,1664.0000,1571.0000,1722.0000,1197.0000,1157.0000,45.532,46.660,65.118,35.015,73.113,86.296,1638,1645,1556,1727,1218,1166,19,0,0,0,12,0,0,1,1,1,1,1,4.9908,4.9908,4.9908,4.9908,2.9084,7.0640,1640.7004,1645.2091,1557.9646,1725.7653,1217.1700,1167.2144,0,on,1,1.5000
1786346152.552192,1,1,,1671.0000,1664.0000,1566.0000,1722.0000,1194.0000,1155.0000,45.145,46.611,66.149,35.029,74.381,86.596,1640,1645,1556,1727,1217,1166,0,0,0,0,0,0,1,1,1,1,1,1,4.9908,4.9908,4.9908,4.9908,2.9084,7.0640,1640.7004,1645.2091,1557.9646,1725.7653,1217.1700,1167.2144,0,on,1,1.5000
1786346152.616203,1,1,,1675.0000,1661.0000,1553.0000,1718.0000,1198.0000,1178.0000,44.337,47.185,68.773,35.769,72.950,83.348,1640,1645,1556,1727,1217,1166,0,0,0,0,0,0,1,1,1,1,1,1,4.9908,4.9908,4.9908,4.9908,2.9084,7.0640,1649.5381,1645.2091,1557.9646,1725.7653,1212.1882,1167.2144,1,on,1,1.5000
1786346152.684238,1,1,,1672.0000,1661.0000,1545.0000,1713.0000,1190.0000,1205.0000,45.028,47.075,70.459,36.724,75.648,79.506,1640,1645,1556,1727,1217,1166,23,0,0,0,9,0,0,1,1,1,1,1,4.9908,4.9908,4.9908,4.9908,2.9084,7.0640,1649.5381,1645.2091,1557.9646,1725.7653,1212.1882,1167.2144,0,on,1,1.5000
1786346152.752237,1,1,,1654.0000,1662.0000,1545.0000,1715.0000,1197.0000,1188.0000,48.495,47.043,70.412,36.343,73.318,82.003,1647,1645,1556,1727,1216,1166,21,0,0,0,15,0,0,1,1,1,1,1,4.9908,4.9908,4.9908,4.9908,2.9084,7.0640,1649.5381,1645.2091,1557.9646,1725.7653,1212.1882,1167.2144,0,on,1,1.5000
1786346152.819743,1,1,,1678.0000,1667.0000,1544.0000,1712.0000,1183.0000,1202.0000,43.858,46.050,70.572,36.927,77.950,79.898,1648,1645,1556,1727,1215,1166,0,0,0,0,30,0,1,1,1,1,1,1,4.9908,4.9908,4.9908,4.9908,2.9084,7.0640,1649.5381,1645.2091,1557.9646,1725.7653,1207.3297,1167.2144,1,on,1,1.5000
1786346152.884190,1,1,,1680.0000,1677.0000,1554.0000,1718.0000,1181.0000,1189.0000,43.408,43.917,68.570,35.828,78.566,81.855,1648,1645,1556,1727,1213,1166,0,0,0,0,36,0,1,1,1,1,1,1,4.9908,4.9908,4.9908,4.9908,2.9084,7.0640,1649.5381,1653.0950,1557.9646,1725.7653,1207.3297,1167.2144,1,on,1,1.5000
1786346152.952202,1,1,,1685.0000,1684.0000,1555.0000,1724.0000,1178.0000,1179.0000,42.274,42.658,68.353,34.555,79.867,83.258,1648,1645,1556,1727,1210,1166,0,24,0,0,0,0,1,0,1,1,1,1,4.9908,4.9908,4.9908,4.9908,2.9084,7.0640,1658.7986,1653.0950,1557.9646,1725.7653,1202.4515,1167.2144,1,on,1,1.5000
1786346153.016090,1,1,,1667.0000,1670.0000,1556.0000,1714.0000,1191.0000,1192.0000,45.934,45.408,68.200,36.475,75.305,81.418,1648,1651,1556,1727,1207,1166,37,18,0,0,27,0,0,0,1,1,1,1,4.9908,4.9908,4.9908,4.9908,2.9084,7.0640,1658.7986,1653.0950,1557.9646,1725.7653,1202.4515,1167.2144,0,on,1,1.5000
1786346153.084141,1,1,,1664.0000,1670.0000,1556.0000,1716.0000,1194.0000,1175.0000,46.581,45.439,68.114,36.069,74.225,83.730,1657,1654,1556,1727,1206,1166,0,0,0,0,25,0,1,1,1,1,1,1,4.9908,4.9908,4.9908,4.9908,2.9084,7.0640,1658.7986,1653.0950,1557.9646,1725.7653,1202.4515,1167.2144,0,on,1,1.5000
1786346153.152225,1,1,,1673.0000,1673.0000,1569.0000,1725.0000,1188.0000,1194.0000,44.796,44.689,65.622,34.383,76.349,81.153,1657,1654,1556,1727,1205,1166,0,0,0,0,33,0,1,1,1,1,1,1,4.9908,4.9908,4.9908,4.9908,2.9084,7.0640,1658.7986,1653.0950,1557.9646,1725.7653,1202.4515,1167.2144,0,on,1,1.5000
1786346153.216223,1,1,,1682.0000,1676.0000,1565.0000,1723.0000,1193.0000,1194.0000,42.960,44.093,66.374,34.837,74.582,81.113,1657,1654,1556,1727,1203,1166,0,0,0,0,19,0,1,1,1,1,1,1,4.9908,4.9908,4.9908,4.9908,2.9084,7.0640,1658.7986,1653.0950,1557.9646,1725.7653,1202.4515,1167.2144,0,on,1,1.5000
1786346153.284192,1,1,,1677.0000,1691.0000,1574.0000,1732.0000,1182.0000,1202.0000,44.013,41.184,64.536,32.901,78.230,79.961,1657,1653,1556,1727,1202,1166,0,0,0,0,0,0,1,1,1,1,1,1,4.9908,4.9908,4.9908,4.9908,2.9084,7.0640,1658.7986,1662.8911,1557.9646,1725.7653,1202.4515,1178.6423,1,on,1,1.5000
1786346153.352188,1,1,,1684.0000,1689.0000,1563.0000,1745.0000,1190.0000,1190.0000,42.491,41.498,66.735,30.278,75.516,81.635,1657,1654,1556,1727,1202,1166,0,24,0,0,0,34,1,0,1,1,1,0,4.9908,4.9908,4.9908,4.9908,2.9084,7.0640,1658.7986,1662.8911,1557.9646,1725.7653,1202.4515,1178.6423,0,on,1,1.5000
1786346153.416145,1,1,,1713.0000,1684.0000,1564.0000,1741.0000,1186.0000,1186.0000,36.775,42.643,66.562,31.127,76.897,82.221,1657,1662,1556,1727,1202,1172,0,0,0,0,0,31,1,1,1,1,1,0,4.9908,4.9908,4.9908,4.9908,2.9084,7.0640,1670.2668,1662.8911,1557.9646,1725.7653,1197.8487,1178.6423,1,on,1,1.5000
1786346153.484213,1,1,,1694.0000,1694.0000,1571.0000,1735.0000,1207.0000,1175.0000,40.559,40.523,65.221,32.269,69.831,83.848,1661,1662,1556,1727,1202,1179,45,0,0,0,0,0,0,1,1,1,1,1,4.9908,4.9908,4.9908,4.9908,2.9084,7.0640,1670.2668,1662.8911,1557.9646,1725.7653,1197.8487,1178.6423,0,on,1,1.5000
1786346153.557423,1,1,,1692.0000,1696.0000,1579.0000,1744.0000,1188.0000,1166.0000,40.937,40.063,63.647,30.568,76.403,84.990,1666,1662,1556,1727,1202,1179,17,0,0,0,21,0,0,1,1,1,1,1,4.9908,4.9908,4.9908,4.9908,2.9084,7.0640,1670.2668,1671.7620,1557.9646,1725.7653,1197.8487,1178.6423,1,on,1,1.5000
1786346153.616133,1,1,,1700.0000,1698.0000,1575.0000,1741.0000,1191.0000,1171.0000,39.309,39.819,64.383,31.159,75.236,84.397,1668,1662,1556,1727,1201,1179,0,26,0,0,19,0,0,0,1,1,1,1,4.9908,4.9908,4.9908,4.9908,2.9084,7.0640,1670.2668,1671.7620,1557.9646,1725.7653,1197.8487,1178.6423,0,on,1,1.5000
1786346153.689701,1,1,,1689.0000,1687.0000,1563.0000,1746.0000,1180.0000,1160.0000,41.654,41.862,66.889,30.047,79.102,85.884,1668,1670,1556,1727,1200,1179,0,17,0,0,26,0,0,0,1,1,1,1,4.9908,4.9908,4.9908,4.9908,2.9084,7.0640,1670.2668,1671.7620,1557.9646,1725.7653,1197.8487,1178.6423,0,on,1,1.5000
1786346153.752123,1,1,,1687.0000,1700.0000,1573.0000,1740.0000,1201.0000,1149.0000,41.872,39.396,64.832,31.249,71.931,87.483,1668,1672,1556,1727,1197,1179,18,0,0,0,17,0,0,1,1,1,1,1,4.9908,4.9908,4.9908,4.9908,2.9084,7.0640,1677.9138,1671.7620,1557.9646,1725.7653,1197.8487,1178.6423,1,on,1,1.5000
1786346153.816285,1,1,,1672.0000,1688.0000,1569.0000,1739.0000,1194.0000,1147.0000,45.026,41.816,65.614,31.636,74.199,87.690,1671,1672,1556,1727,1197,1179,27,0,0,0,0,0,0,1,1,1,1,1,4.9908,4.9908,4.9908,4.9908,2.9084,7.0640,1677.9138,1671.7620,1557.9646,1725.7653,1197.8487,1178.6423,0,on,1,1.5000
1786346153.884040,1,1,,1697.0000,1715.0000,1588.0000,1755.0000,1196.0000,1151.0000,40.049,36.260,61.797,28.386,73.463,87.160,1676,1672,1556,1727,1197,1179,18,0,0,0,0,0,0,1,1,1,1,1,4.9908,4.9908,4.9908,4.9908,2.9084,7.0640,1677.9138,1681.5401,1557.9646,1725.7653,1197.8487,1178.6423,1,on,1,1.5000
1786346153.952017,1,1,,1621.0000,1681.0000,1586.0000,1714.0000,1214.0000,1260.0000,55.232,43.179,62.158,36.578,67.236,71.710,1677,1673,1556,1727,1197,1179,0,28,0,0,0,0,1,0,1,1,1,1,4.9908,4.9908,4.9908,4.9908,2.9084,7.0640,1677.9138,1681.5401,1565.6642,1725.7653,1197.8487,1178.6423,1,on,1,1.5000
1786346154.016064,1,1,,1574.0000,1666.0000,1608.0000,1725.0000,1279.0000,1311.0000,64.669,46.084,57.762,34.367,45.189,64.528,1677,1681,1556,1727,1197,1179,0,17,25,0,0,0,1,1,0,1,1,1,4.9908,4.9908,4.9908,4.9908,2.9084,7.0640,1653.0751,1681.5401,1565.6642,1725.7653,1210.4154,1214.5379,1,on,1,1.5000
1786346154.084159,1,1,,1561.0000,1663.0000,1627.0000,1741.0000,1290.0000,1313.0000,67.218,46.827,54.042,31.042,41.247,64.231,1677,1682,1564,1727,1197,1182,0,0,0,0,27,50,1,1,1,1,0,0,4.9908,4.9908,4.9908,4.9908,2.9084,7.0640,1632.4014,1681.5401,1578.7737,1725.7653,1225.9634,1239.0088,1,on,1,1.5000
1786346154.152122,1,1,,1580.0000,1657.0000,1639.0000,1714.0000,1248.0000,1413.0000,63.314,47.872,51.613,36.626,55.705,50.073,1670,1682,1567,1727,1202,1206,83,0,24,0,51,43,1,1,0,1,0,0,4.9908,4.9908,4.9908,4.9908,2.9084,7.0640,1622.7926,1681.5401,1588.6454,1725.7653,1225.9634,1295.3071,1,on,1,1.5000
1786346154.216226,1,1,,1603.0000,1651.0000,1642.0000,1671.0000,1240.0000,1475.0000,58.762,49.199,50.957,45.172,58.360,41.361,1636,1682,1574,1727,1211,1246,43,0,21,0,44,73,1,1,0,1,0,0,4.9908,4.9908,4.9908,4.9908,2.9084,7.0640,1622.7926,1681.5401,1597.1179,1725.7653,1225.9634,1358.2165,1,on,1,1.5000
1786346154.284183,1,1,,1604.0000,1672.0000,1658.0000,1673.0000,1246.0000,1499.0000,58.639,44.895,47.850,44.666,56.281,37.975,1629,1682,1588,1727,1219,1296,0,0,25,0,34,79,1,1,0,1,0,0,4.9908,4.9908,4.9908,4.9908,2.9084,7.0640,1622.7926,1681.5401,1607.4908,1715.9472,1230.9080,1404.9857,1,on,1,1.5000
1786346154.357808,1,1,,1590.0000,1668.0000,1663.0000,1660.0000,1248.0000,1510.0000,61.488,45.796,46.775,47.450,55.572,36.294,1626,1682,1603,1727,1222,1352,32,0,22,45,25,83,1,1,0,1,0,0,4.9908,4.9908,4.9908,4.9908,2.9084,7.0640,1622.7926,1681.5401,1616.7027,1707.1759,1230.9080,1435.3029,1,on,1,1.5000
1786346154.416065,1,1,,1613.0000,1668.0000,1665.0000,1670.0000,1254.0000,1501.0000,56.757,45.752,46.323,45.397,53.747,37.660,1624,1682,1606,1719,1225,1401,8,0,18,60,16,78,1,1,0,1,0,0,4.9908,4.9908,4.9908,4.9908,2.9084,7.0640,1622.7926,1681.5401,1616.7027,1707.1759,1230.9080,1449.6298,1,on,1,1.5000
1786346154.484100,1,1,,1604.0000,1649.0000,1666.0000,1670.0000,1259.0000,1472.0000,58.637,49.502,46.188,45.277,51.830,41.739,1624,1682,1613,1712,1225,1424,12,0,10,0,15,26,1,1,0,1,0,0,4.9908,4.9908,4.9908,4.9908,2.9084,7.0640,1622.7926,1672.9851,1629.9040,1698.4580,1235.9395,1449.6298,1,on,1,1.5000
1786346154.552125,1,1,,1618.0000,1652.0000,1664.0000,1656.0000,1270.0000,1444.0000,55.782,48.872,46.591,48.087,48.294,45.737,1622,1682,1616,1712,1227,1430,24,29,9,0,23,23,1,1,0,1,0,0,4.9908,4.9908,4.9908,4.9908,2.9084,7.0640,1622.7926,1672.9851,1629.9040,1698.4580,1235.9395,1449.6298,0,on,1,1.5000
1786346154.616066,1,1,,1636.0000,1652.0000,1675.0000,1675.0000,1265.0000,1469.0000,52.229,48.907,44.292,44.379,49.758,42.118,1621,1678,1625,1705,1231,1432,0,14,0,0,14,22,1,1,0,1,0,0,4.9908,4.9908,4.9908,4.9908,2.9084,7.0640,1622.7926,1672.9851,1639.3392,1698.4580,1241.8986,1449.6298,1,on,1,1.5000
1786346154.689712,1,1,,1636.0000,1651.0000,1676.0000,1668.0000,1262.0000,1500.0000,52.180,49.185,44.178,45.837,50.738,37.744,1621,1676,1625,1703,1233,1433,0,0,0,9,35,22,1,1,0,1,0,0,4.9908,4.9908,4.9908,4.9908,2.9084,7.0640,1622.7926,1672.9851,1639.3392,1689.2150,1241.8986,1449.6298,1,on,1,1.5000
1786346154.752332,1,1,,1630.0000,1670.0000,1680.0000,1688.0000,1274.0000,1479.0000,53.378,45.386,43.313,41.750,46.908,40.739,1621,1676,1625,1692,1237,1433,0,0,0,21,0,23,1,1,0,1,0,0,4.9908,4.9908,4.9908,4.9908,2.9084,7.0640,1622.7926,1672.9851,1648.1214,1689.2150,1246.4903,1460.6627,1,on,1,1.5000
1786346154.816172,1,1,,1640.0000,1662.0000,1659.0000,1680.0000,1280.0000,1452.0000,51.394,46.934,47.553,43.364,44.590,44.573,1621,1676,1632,1690,1239,1442,0,23,18,0,26,31,1,1,0,1,0,0,4.9908,4.9908,4.9908,4.9908,2.9084,7.0640,1622.7926,1672.9851,1648.1214,1689.2150,1246.4903,1460.6627,0,on,1,1.5000
1786346154.884325,1,1,,1639.0000,1661.0000,1637.0000,1676.0000,1306.0000,1316.0000,51.584,47.177,52.019,44.118,35.761,63.861,1621,1673,1641,1690,1242,1450,0,16,19,0,0,0,1,1,0,1,0,0,4.9908,4.9908,4.9908,4.9908,2.9084,7.0640,1622.7926,1672.9851,1648.1214,1689.2150,1258.1067,1427.2126,1,on,1,1.5000
1786346154.957650,1,1,,1644.0000,1661.0000,1610.0000,1688.0000,1281.0000,1262.0000,50.606,47.084,57.397,41.721,44.246,71.527,1621,1672,1645,1690,1246,1451,0,0,0,0,52,0,1,1,0,1,0,1,4.9908,4.9908,4.9908,4.9908,2.9084,7.0640,1622.7926,1672.9851,1648.1214,1689.2150,1258.1067,1376.0256,1,on,1,1.5000
1786346155.016129,1,1,,1663.0000,1676.0000,1627.0000,1724.0000,1268.0000,1244.0000,46.810,44.196,54.032,34.602,48.712,74.031,1621,1672,1645,1690,1254,1451,0,0,0,0,0,65,1,1,0,1,0,1,4.9908,4.9908,4.9908,4.9908,2.9084,7.0640,1622.7926,1672.9851,1648.1214,1689.2150,1258.1067,1337.0536,1,on,1,1.5000
1786346155.089605,1,1,,1678.0000,1697.0000,1624.0000,1718.0000,1294.0000,1243.0000,43.720,39.983,54.671,35.691,39.961,74.108,1621,1672,1645,1690,1255,1394,0,0,0,0,22,84,1,1,0,1,0,1,4.9908,4.9908,4.9908,4.9908,2.9084,7.0640,1634.4874,1672.9851,1648.1214,1689.2150,1264.2266,1311.3996,1,on,1,1.5000
1786346155.151992,1,1,,1637.0000,1680.0000,1618.0000,1705.0000,1295.0000,1307.0000,51.883,43.340,55.790,38.445,39.389,65.040,1621,1672,1645,1690,1257,1337,43,0,0,0,22,78,0,1,0,1,0,1,4.9908,4.9908,4.9908,4.9908,2.9084,7.0640,1634.4874,1672.9851,1640.3741,1689.2150,1264.2266,1311.3996,1,on,1,1.5000
1786346155.216187,1,1,,1618.0000,1686.0000,1619.0000,1709.0000,1286.0000,1324.0000,55.700,42.178,55.601,37.633,42.784,62.681,1628,1672,1645,1690,1260,1319,15,0,0,0,0,28,0,1,1,1,0,1,4.9908,4.9908,4.9908,4.9908,2.9084,7.0640,1634.4874,1672.9851,1640.3741,1689.2150,1268.8605,1311.3996,1,on,1,1.5000
1786346155.284315,1,1,,1644.0000,1703.0000,1618.0000,1707.0000,1278.0000,1295.0000,50.514,38.761,55.782,37.924,45.332,66.746,1630,1672,1643,1690,1263,1317,16,0,20,0,43,0,0,1,1,1,0,1,4.9908,4.9908,4.9908,4.9908,2.9084,7.0640,1634.4874,1672.9851,1640.3741,1689.2150,1268.8605,1311.3996,0,on,1,1.5000
1786346155.357582,1,1,,1727.0000,1730.0000,1604.0000,1696.0000,1257.0000,1241.0000,34.035,33.375,58.502,40.136,52.614,74.423,1631,1672,1640,1690,1267,1317,0,0,0,0,21,35,0,1,1,1,0,1,4.9908,4.9908,4.9908,4.9908,2.9084,7.0640,1650.4288,1682.0943,1640.3741,1689.2150,1268.8605,1300.1808,1,on,1,1.5000
1786346155.416208,1,1,,1742.0000,1734.0000,1607.0000,1718.0000,1237.0000,1180.0000,30.922,32.542,57.956,35.764,59.625,83.136,1633,1672,1640,1690,1268,1311,26,23,0,0,0,42,0,0,1,1,1,1,4.9908,4.9908,4.9908,4.9908,2.9084,7.0640,1669.1488,1682.0943,1631.2322,1697.0886,1268.8605,1272.5846,1,on,1,1.5000
1786346155.489367,1,1,,1741.0000,1746.0000,1618.0000,1733.0000,1247.0000,1176.0000,31.229,30.081,55.874,32.763,56.130,83.709,1645,1679,1640,1690,1268,1292,36,9,0,0,0,42,0,0,1,0,1,1,4.9908,4.9908,4.9908,4.9908,2.9084,7.0640,1684.0912,1698.6376,1631.2322,1697.0886,1268.8605,1248.7048,1,on,1,1.5000
1786346155.552110,1,1,,1734.0000,1749.0000,1623.0000,1729.0000,1247.0000,1212.0000,32.524,29.570,54.693,33.621,55.939,78.528,1661,1683,1636,1691,1268,1279,45,19,16,0,0,43,0,0,1,0,1,1,4.9908,4.9908,4.9908,4.9908,2.9084,7.0640,1692.5775,1706.3332,1631.2322,1697.0886,1263.8095,1248.7048,1,on,1,1.5000
1786346155.616082,1,1,,1707.0000,1726.0000,1614.0000,1737.0000,1266.0000,1232.0000,38.035,34.238,56.578,31.977,49.639,75.763,1673,1695,1634,1698,1268,1265,18,50,0,9,0,26,0,0,1,1,1,1,4.9908,4.9908,4.9908,4.9908,2.9084,7.0640,1692.5775,1706.3332,1631.2322,1707.0173,1263.8095,1248.7048,1,on,1,1.5000
1786346155.684116,1,1,,1689.0000,1721.0000,1618.0000,1723.0000,1277.0000,1248.0000,41.529,35.071,55.832,34.758,45.662,73.394,1677,1703,1634,1700,1268,1256,17,19,0,28,0,30,0,0,1,0,1,1,4.9908,4.9908,4.9908,4.9908,2.9084,7.0640,1692.5775,1706.3332,1631.2322,1707.0173,1263.8095,1248.7048,0,on,1,1.5000
1786346155.752195,1,1,,1681.0000,1726.0000,1627.0000,1736.0000,1287.0000,1242.0000,43.187,34.076,54.064,32.146,42.176,74.361,1678,1705,1634,1708,1268,1255,14,0,0,0,13,30,0,0,1,1,1,1,4.9908,4.9908,4.9908,4.9908,2.9084,7.0640,1692.5775,1706.3332,1631.2322,1707.0173,1263.8095,1248.7048,0,on,1,1.5000
1786346155.816149,1,1,,1669.0000,1716.0000,1631.0000,1747.0000,1298.0000,1224.0000,45.496,36.059,53.190,30.028,38.509,76.855,1685,1706,1634,1708,1267,1251,0,16,0,0,0,31,0,0,1,1,1,1,4.9908,4.9908,4.9908,4.9908,2.9084,7.0640,1692.5775,1706.3332,1631.2322,1714.7548,1268.8560,1248.7048,1,on,1,1.5000
1786346155.885364,1,1,,1660.0000,1712.0000,1630.0000,1746.0000,1305.0000,1198.0000,47.298,36.891,53.281,30.208,35.977,80.574,1689,1706,1634,1708,1266,1248,20,19,0,0,18,26,0,0,1,0,0,1,4.9908,4.9908,4.9908,4.9908,2.9084,7.0640,1692.5775,1706.3332,1631.2322,1714.7548,1268.8560,1236.2059,1,on,1,1.5000
1786346155.957673,1,1,,1666.0000,1707.0000,1619.0000,1723.0000,1308.0000,1181.0000,46.232,37.928,55.515,34.708,35.150,82.908,1692,1708,1634,1712,1265,1245,20,0,8,0,0,45,0,1,1,0,0,1,4.9908,4.9908,4.9908,4.9908,2.9084,7.0640,1692.5775,1706.3332,1631.2322,1714.7548,1276.8152,1236.2059,1,on,1,1.5000
1786346156.016149,1,1,,1685.0000,1714.0000,1636.0000,1744.0000,1306.0000,1165.0000,42.400,36.567,52.155,30.567,35.719,85.168,1693,1708,1633,1713,1265,1242,0,0,0,0,20,11,1,1,1,0,0,1,4.9908,4.9908,4.9908,4.9908,2.9084,7.0640,1692.5775,1706.3332,1631.2322,1714.7548,1276.8152,1218.2856,1,on,1,1.5000
1786346156.089391,1,1,,1687.0000,1706.0000,1627.0000,1732.0000,1303.0000,1177.0000,42.058,38.186,53.991,32.996,36.916,83.483,1693,1708,1633,1713,1269,1234,0,0,0,0,25,26,1,1,1,0,0,1,4.9908,4.9908,4.9908,4.9908,2.9084,7.0640,1692.5775,1706.3332,1631.2322,1714.7548,1281.9686,1218.2856,1,on,1,1.5000
1786346156.152229,1,1,,1689.0000,1708.0000,1630.0000,1738.0000,1300.0000,1186.0000,41.531,37.707,53.422,31.771,37.946,82.264,1693,1708,1632,1713,1275,1228,0,0,17,0,30,18,1,1,1,0,0,1,4.9908,4.9908,4.9908,4.9908,2.9084,7.0640,1692.5775,1706.3332,1631.2322,1722.2732,1281.9686,1218.2856,1,on,1,1.5000
1786346156.216158,1,1,,1692.0000,1714.0000,1641.0000,1745.0000,1296.0000,1186.0000,40.932,36.529,51.232,30.359,39.035,82.218,1693,1708,1631,1715,1277,1222,0,0,0,34,0,36,1,1,1,0,0,1,4.9908,4.9908,4.9908,4.9908,2.9084,7.0640,1692.5775,1706.3332,1631.2322,1722.2732,1281.9686,1206.9832,1,on,1,1.5000
1786346156.289435,1,1,,1682.0000,1697.0000,1635.0000,1727.0000,1301.0000,1180.0000,42.983,40.008,52.433,33.961,37.625,83.026,1692,1708,1631,1720,1280,1217,0,0,0,0,13,64,1,1,1,0,0,1,4.9908,4.9908,4.9908,4.9908,2.9084,7.0640,1692.5775,1706.3332,1631.2322,1722.2732,1281.9686,1206.9832,0,on,1,1.5000
1786346156.352255,1,1,,1687.0000,1691.0000,1630.0000,1720.0000,1293.0000,1220.0000,41.909,41.136,53.433,35.296,40.128,77.474,1693,1708,1631,1720,1280,1210,0,0,0,0,0,20,1,1,1,0,0,1,4.9908,4.9908,4.9908,4.9908,2.9084,7.0640,1692.5775,1706.3332,1631.2322,1722.2732,1281.9686,1206.9832,0,on,1,1.5000
1786346156.416194,1,1,,1692.0000,1687.0000,1625.0000,1732.0000,1279.0000,1247.0000,41.018,41.955,54.343,32.843,45.102,73.549,1693,1708,1630,1722,1280,1210,0,0,0,0,0,19,1,1,1,0,0,1,4.9908,4.9908,4.9908,4.9908,2.9084,7.0640,1692.5775,1706.3332,1631.2322,1722.2732,1281.9686,1206.9832,0,on,1,1.5000
1786346156.484176,1,1,,1691.0000,1685.0000,1633.0000,1737.0000,1270.0000,1282.0000,41.068,42.373,52.757,31.971,48.153,68.650,1693,1708,1630,1722,1280,1210,0,0,0,8,0,23,1,1,1,0,0,1,4.9908,4.9908,4.9908,4.9908,2.9084,7.0640,1692.5775,1706.3332,1631.2322,1722.2732,1281.9686,1220.6268,1,on,1,1.5000
1786346156.552144,1,1,,1676.0000,1680.0000,1625.0000,1720.0000,1271.0000,1288.0000,44.134,43.400,54.332,35.346,47.726,67.819,1693,1708,1631,1725,1280,1210,0,0,0,0,0,25,1,1,1,1,0,0,4.9908,4.9908,4.9908,4.9908,2.9084,7.0640,1692.5775,1706.3332,1631.2322,1722.2732,1281.9686,1232.7198,1,on,1,1.5000
1786346156.616189,1,1,,1672.0000,1672.0000,1610.0000,1710.0000,1275.0000,1288.0000,45.015,44.904,57.338,37.344,46.495,67.811,1693,1708,1631,1725,1280,1224,0,0,0,0,0,46,1,1,1,1,0,0,4.9908,4.9908,4.9908,4.9908,2.9084,7.0640,1692.5775,1706.3332,1631.2322,1722.2732,1281.9686,1232.7198,0,on,1,1.5000
1786346156.684101,1,1,,1674.0000,1673.0000,1617.0000,1726.0000,1274.0000,1256.0000,44.643,44.687,55.916,34.210,46.652,72.297,1693,1708,1630,1725,1280,1232,0,0,0,0,0,0,1,1,1,1,0,1,4.9908,4.9908,4.9908,4.9908,2.9084,7.0640,1692.5775,1697.5549,1631.2322,1722.2732,1281.9686,1243.4511,1,on,1,1.5000
1786346156.752159,1,1,,1666.0000,1677.0000,1620.0000,1719.0000,1278.0000,1255.0000,46.171,43.888,55.436,35.558,45.456,72.427,1693,1708,1631,1725,1280,1232,0,28,0,0,0,26,1,1,1,1,0,0,4.9908,4.9908,4.9908,4.9908,2.9084,7.0640,1683.9571,1697.5549,1631.2322,1722.2732,1281.9686,1243.4511,1,on,1,1.5000
1786346156.816145,1,1,,1640.0000,1664.0000,1605.0000,1712.0000,1289.0000,1233.0000,51.463,46.651,58.378,37.015,41.437,75.601,1693,1700,1631,1725,1280,1242,18,0,0,0,0,13,1,1,1,1,0,1,4.9908,4.9908,4.9908,4.9908,2.9084,7.0640,1683.9571,1697.5549,1631.2322,1722.2732,1281.9686,1243.4511,0,on,1,1.5000
1786346156.884141,1,1,,1638.0000,1677.0000,1585.0000,1703.0000,1276.0000,1241.0000,51.779,44.014,62.338,38.711,46.021,74.442,1689,1700,1631,1725,1280,1242,0,0,0,0,0,0,1,1,1,1,0,1,4.9908,4.9908,4.9908,4.9908,2.9084,7.0640,1673.9910,1697.5549,1621.1271,1722.2732,1281.9686,1243.4511,1,on,1,1.5000
1786346157.024196,1,1,,1705.0000,1701.0000,1580.0000,1726.0000,1217.0000,1132.0000,38.268,39.241,63.413,34.226,66.503,89.843,1681,1700,1625,1725,1280,1242,9,0,0,0,0,0,1,1,1,1,0,1,4.9908,4.9908,4.9908,4.9908,2.9084,7.0640,1673.9910,1697.5549,1621.1271,1722.2732,1274.0436,1222.1422,1,on,1,1.5000
1786346157.064446,1,1,,1745.0000,1701.0000,1584.0000,1740.0000,1197.0000,1115.0000,30.262,39.116,62.588,31.435,73.139,92.261,1678,1700,1625,1725,1280,1242,27,16,8,0,0,0,1,1,1,1,1,1,4.9908,4.9908,4.9908,4.9908,2.9084,7.0640,1682.9903,1697.5549,1613.2124,1722.2732,1262.5735,1200.7722,1,on,1,1.5000
1786346157.108174,1,1,,1735.0000,1687.0000,1579.0000,1732.0000,1188.0000,1123.0000,32.414,42.009,63.666,32.991,76.196,91.121,1676,1699,1622,1725,1280,1242,0,21,29,0,28,35,0,1,1,1,1,1,4.9908,4.9908,4.9908,4.9908,2.9084,7.0640,1682.9903,1697.5549,1613.2124,1722.2732,1249.1061,1184.5250,1,on,1,1.5000
1786346157.152339,1,1,,1719.0000,1671.0000,1570.0000,1727.0000,1189.0000,1114.0000,35.609,45.251,65.330,33.850,76.043,92.356,1676,1699,1614,1725,1276,1228,18,0,14,0,51,124,0,1,1,1,1,1,4.9908,4.9908,4.9908,4.9908,2.9084,7.0640,1693.4669,1697.5549,1605.1898,1722.2732,1238.5871,1170.4083,1,on,1,1.5000
1786346157.216173,1,1,,1712.0000,1673.0000,1560.0000,1731.0000,1189.0000,1123.0000,36.969,44.830,67.404,33.232,75.853,91.159,1680,1699,1610,1725,1269,1185,15,0,31,0,48,14,0,1,1,1,1,1,4.9908,4.9908,4.9908,4.9908,2.9084,7.0640,1693.4669,1689.6299,1605.1898,1722.2732,1229.4447,1170.4083,1,on,1,1.5000
1786346157.284153,1,1,,1724.0000,1678.0000,1573.0000,1732.0000,1181.0000,1135.0000,34.491,43.696,64.857,33.010,78.795,89.482,1689,1699,1605,1725,1261,1180,18,25,0,0,47,0,0,1,1,1,1,1,4.9908,4.9908,4.9908,4.9908,2.9084,7.0640,1693.4669,1689.6299,1595.6633,1722.2732,1221.5126,1157.5609,1,on,1,1.5000
1786346157.357423,1,1,,1761.0000,1693.0000,1605.0000,1750.0000,1166.0000,1126.0000,27.161,40.825,58.418,29.432,83.975,90.750,1690,1692,1599,1725,1255,1165,0,23,33,0,47,19,0,1,1,1,1,1,4.9908,4.9908,4.9908,4.9908,2.9084,7.0640,1707.9373,1689.6299,1595.6633,1722.2732,1212.4393,1157.5609,1,on,1,1.5000
1786346157.416147,1,1,,1760.0000,1681.0000,1593.0000,1743.0000,1167.0000,1139.0000,27.252,43.250,60.791,30.774,83.405,88.912,1690,1690,1593,1725,1248,1162,0,0,0,0,36,27,0,1,1,1,1,1,4.9908,4.9908,4.9908,4.9908,2.9084,7.0640,1715.6113,1689.6299,1595.6633,1722.2732,1205.9600,1157.5609,1,on,1,1.5000
1786346157.484176,1,1,,1728.0000,1676.0000,1577.0000,1724.0000,1189.0000,1160.0000,33.783,44.259,63.936,34.622,76.120,85.906,1696,1690,1593,1725,1243,1161,30,0,0,0,50,33,0,1,1,1,1,1,4.9908,4.9908,4.9908,4.9908,2.9084,7.0640,1715.6113,1689.6299,1595.6633,1722.2732,1205.9600,1157.5609,0,on,1,1.5000
1786346157.552191,1,1,,1692.0000,1666.0000,1572.0000,1730.0000,1197.0000,1141.0000,40.995,46.087,65.021,33.444,73.189,88.546,1703,1690,1593,1725,1237,1161,38,0,0,0,40,46,0,1,1,1,1,1,4.9908,4.9908,4.9908,4.9908,2.9084,7.0640,1715.6113,1689.6299,1595.6633,1722.2732,1205.9600,1157.5609,0,on,1,1.5000
1786346157.616162,1,1,,1676.0000,1659.0000,1579.0000,1722.0000,1197.0000,1137.0000,44.096,47.531,63.516,34.873,73.248,89.209,1708,1690,1593,1725,1231,1158,35,0,0,0,47,37,0,1,1,1,1,1,4.9908,4.9908,4.9908,4.9908,2.9084,7.0640,1715.6113,1689.6299,1595.6633,1722.2732,1205.9600,1157.5609,0,on,1,1.5000
1786346157.684191,1,1,,1680.0000,1664.0000,1582.0000,1736.0000,1185.0000,1143.0000,43.437,46.541,63.067,32.121,77.321,88.345,1712,1690,1593,1725,1225,1157,17,0,0,0,47,0,0,1,1,1,1,1,4.9908,4.9908,4.9908,4.9908,2.9084,7.0640,1715.6113,1689.6299,1595.6633,1722.2732,1205.9600,1157.5609,0,on,1,1.5000
1786346157.752185,1,1,,1674.0000,1661.0000,1566.0000,1744.0000,1200.0000,1135.0000,44.628,47.113,66.155,30.449,72.078,89.422,1713,1690,1593,1725,1219,1157,9,0,0,0,42,0,0,1,1,1,1,1,4.9908,4.9908,4.9908,4.9908,2.9084,7.0640,1705.0141,1680.7724,1595.6633,1722.2732,1205.9600,1157.5609,1,on,1,1.5000
1786346157.816169,1,1,,1681.0000,1670.0000,1570.0000,1747.0000,1203.0000,1116.0000,43.118,45.452,65.400,29.985,71.154,92.117,1713,1686,1593,1725,1214,1157,15,24,0,0,46,0,1,1,1,1,1,1,4.9908,4.9908,4.9908,4.9908,2.9084,7.0640,1705.0141,1680.7724,1588.0913,1722.2732,1205.9600,1146.8977,1,on,1,1.5000
1786346157.884181,1,1,,1681.0000,1671.0000,1569.0000,1749.0000,1202.0000,1124.0000,43.071,45.224,65.597,29.537,71.494,91.047,1711,1682,1594,1725,1208,1157,38,23,0,0,0,37,1,1,1,1,1,1,4.9908,4.9908,4.9908,4.9908,2.9084,7.0640,1705.0141,1680.7724,1588.0913,1730.9245,1205.9600,1146.8977,1,on,1,1.5000
1786346157.952100,1,1,,1682.0000,1663.0000,1571.0000,1734.0000,1197.0000,1127.0000,43.020,46.836,65.160,32.452,73.098,90.517,1708,1681,1593,1725,1207,1151,22,0,21,0,25,20,1,1,1,0,1,1,4.9908,4.9908,4.9908,4.9908,2.9084,7.0640,1705.0141,1680.7724,1588.0913,1730.9245,1205.9600,1146.8977,0,on,1,1.5000
1786346158.016116,1,1,,1674.0000,1653.0000,1558.0000,1739.0000,1200.0000,1141.0000,44.474,48.763,67.829,31.527,72.349,88.563,1708,1681,1590,1726,1206,1151,23,0,0,0,26,38,1,1,1,0,1,1,4.9908,4.9908,4.9908,4.9908,2.9084,7.0640,1697.1591,1680.7724,1588.0913,1730.9245,1205.9600,1146.8977,1,on,1,1.5000
1786346158.084069,1,1,,1682.0000,1660.0000,1568.0000,1742.0000,1205.0000,1136.0000,43.021,47.353,65.865,30.937,70.535,89.339,1707,1681,1590,1727,1205,1148,48,0,0,0,0,31,1,1,1,0,1,1,4.9908,4.9908,4.9908,4.9908,2.9084,7.0640,1697.1591,1680.7724,1588.0913,1730.9245,1205.9600,1146.8977,0,on,1,1.5000
1786346158.152163,1,1,,1692.0000,1657.0000,1565.0000,1738.0000,1195.0000,1130.0000,41.025,47.929,66.345,31.724,73.997,90.183,1698,1681,1590,1730,1205,1146,0,0,0,0,0,0,1,1,1,0,1,1,4.9908,4.9908,4.9908,4.9908,2.9084,7.0640,1697.1591,1680.7724,1588.0913,1730.9245,1205.9600,1146.8977,0,on,1,1.5000
1786346158.216110,1,1,,1689.0000,1658.0000,1566.0000,1739.0000,1198.0000,1127.0000,41.535,47.725,66.277,31.508,72.913,90.639,1698,1681,1590,1730,1205,1146,0,0,0,9,0,0,1,1,1,0,1,1,4.9908,4.9908,4.9908,4.9908,2.9084,7.0640,1697.1591,1672.9085,1579.9116,1730.9245,1205.9600,1146.8977,1,on,1,1.5000
1786346158.284161,1,1,,1684.0000,1658.0000,1568.0000,1732.0000,1204.0000,1133.0000,42.523,47.764,65.872,32.868,70.933,89.665,1698,1681,1583,1731,1205,1146,0,0,34,0,0,0,1,1,1,0,1,1,4.9908,4.9908,4.9908,4.9908,2.9084,7.0640,1697.1591,1672.9085,1579.9116,1730.9245,1205.9600,1146.8977,0,on,1,1.5000
1786346158.352131,1,1,,1680.0000,1658.0000,1568.0000,1734.0000,1205.0000,1132.0000,43.308,47.838,65.738,32.565,70.648,89.836,1698,1679,1577,1731,1205,1146,0,24,0,0,0,0,1,1,1,1,1,1,4.9908,4.9908,4.9908,4.9908,2.9084,7.0640,1697.1591,1672.9085,1579.9116,1730.9245,1205.9600,1146.8977,0,on,1,1.5000
1786346158.416211,1,1,,1684.0000,1659.0000,1569.0000,1725.0000,1204.0000,1138.0000,42.610,47.514,65.535,34.247,70.888,88.995,1698,1675,1577,1732,1205,1146,0,0,0,0,0,0,1,1,1,1,1,1,4.9908,4.9908,4.9908,4.9908,2.9084,7.0640,1697.1591,1672.9085,1579.9116,1730.9245,1205.9600,1146.8977,0,on,1,1.5000
1786346158.484149,1,1,,1700.0000,1661.0000,1564.0000,1726.0000,1193.0000,1140.0000,39.268,47.224,66.674,34.166,74.644,88.691,1698,1675,1577,1732,1205,1146,0,0,0,0,0,0,1,1,1,1,1,1,4.9908,4.9908,4.9908,4.9908,2.9084,7.0640,1697.1591,1672.9085,1579.9116,1730.9245,1201.5351,1146.8977,1,on,1,1.5000
1786346158.552192,1,1,,1705.0000,1662.0000,1564.0000,1743.0000,1202.0000,1098.0000,38.275,46.895,66.599,30.748,71.473,94.692,1698,1675,1577,1732,1205,1146,0,0,0,0,0,0,1,1,1,1,1,1,4.9908,4.9908,4.9908,4.9908,2.9084,7.0640,1697.1591,1672.9085,1579.9116,1730.9245,1201.5351,1146.8977,0,on,1,1.5000
1786346158.616304,1,1,,1727.0000,1655.0000,1557.0000,1749.0000,1192.0000,1097.0000,33.846,48.303,67.933,29.581,74.879,94.839,1698,1675,1577,1732,1205,1146,0,0,0,0,0,0,1,1,1,1,1,1,4.9908,4.9908,4.9908,4.9908,2.9084,7.0640,1697.1591,1672.9085,1579.9116,1730.9245,1201.5351,1131.8903,1,on,1,1.5000
1786346158.684231,1,1,,1735.0000,1659.0000,1572.0000,1744.0000,1183.0000,1101.0000,32.421,47.651,64.939,30.530,78.093,94.241,1698,1675,1577,1732,1205,1146,0,0,0,0,0,57,1,1,1,1,1,1,4.9908,4.9908,4.9908,4.9908,2.9084,7.0640,1697.1591,1672.9085,1579.9116,1730.9245,1201.5351,1131.8903,0,on,1,1.5000
1786346158.752177,1,1,,1729.0000,1635.0000,1568.0000,1737.0000,1179.0000,1114.0000,33.463,52.420,65.898,31.850,79.257,92.453,1698,1675,1577,1732,1205,1138,0,0,0,0,0,43,1,1,1,1,1,1,4.9908,4.9908,4.9908,4.9908,2.9084,7.0640,1697.1591,1665.2248,1579.9116,1730.9245,1201.5351,1131.8903,1,on,1,1.5000
1786346158.816180,1,1,,1725.0000,1633.0000,1585.0000,1731.0000,1169.0000,1112.0000,34.412,52.727,62.317,33.217,82.785,92.637,1698,1669,1577,1732,1205,1132,0,28,0,0,0,36,1,1,1,1,1,1,4.9908,4.9908,4.9908,4.9908,2.9084,7.0640,1705.7950,1665.2248,1579.9116,1730.9245,1195.8910,1131.8903,1,on,1,1.5000
1786346158.884179,1,1,,1709.0000,1634.0000,1595.0000,1732.0000,1166.0000,1118.0000,37.473,52.542,60.374,32.945,83.781,91.832,1698,1665,1577,1732,1205,1129,0,0,0,0,38,0,0,1,1,1,1,1,4.9908,4.9908,4.9908,4.9908,2.9084,7.0640,1705.7950,1665.2248,1579.9116,1730.9245,1195.8910,1131.8903,0,on,1,1.5000
1786346158.952144,1,1,,1723.0000,1632.0000,1602.0000,1737.0000,1168.0000,1131.0000,34.712,52.932,58.926,31.911,83.225,90.010,1698,1665,1577,1732,1200,1130,22,0,0,0,38,0,0,1,1,1,1,1,4.9908,4.9908,4.9908,4.9908,2.9084,7.0640,1705.7950,1656.5442,1579.9116,1730.9245,1190.6022,1131.8903,1,on,1,1.5000
1786346159.016178,1,1,,1754.0000,1645.0000,1605.0000,1732.0000,1170.0000,1136.0000,28.552,50.380,58.354,33.020,82.524,89.314,1702,1665,1577,1732,1197,1129,0,0,0,0,36,0,0,1,1,1,1,1,4.9908,4.9908,4.9908,4.9908,2.9084,7.0640,1705.7950,1656.5442,1579.9116,1730.9245,1190.6022,1131.8903,0,on,1,1.5000
1786346159.084193,1,1,,1750.0000,1670.0000,1604.0000,1735.0000,1182.0000,1128.0000,29.364,45.441,58.544,32.335,78.482,90.485,1702,1659,1577,1731,1194,1130,24,0,0,0,21,0,0,1,1,1,1,1,4.9908,4.9908,4.9908,4.9908,2.9084,7.0640,1716.9051,1656.5442,1579.9116,1730.9245,1190.6022,1131.8903,1,on,1,1.5000
1786346159.152194,1,1,,1760.0000,1682.0000,1604.0000,1717.0000,1184.0000,1115.0000,27.415,42.969,58.647,35.962,77.615,92.295,1708,1658,1577,1732,1193,1130,55,0,0,0,37,0,0,1,1,1,1,1,4.9908,4.9908,4.9908,4.9908,2.9084,7.0640,1716.9051,1656.5442,1579.9116,1730.9245,1190.6022,1131.8903,0,on,1,1.5000
1786346159.216187,1,1,,1744.0000,1690.0000,1597.0000,1718.0000,1187.0000,1122.0000,30.507,41.358,59.904,35.779,76.583,91.354,1716,1658,1577,1731,1191,1129,16,0,0,0,21,0,0,1,1,1,1,1,4.9908,4.9908,4.9908,4.9908,2.9084,7.0640,1724.6056,1656.5442,1579.9116,1730.9245,1190.6022,1131.8903,1,on,1,1.5000
1786346159.284164,1,1,,1751.0000,1692.0000,1600.0000,1719.0000,1186.0000,1129.0000,29.219,40.910,59.296,35.540,76.843,90.296,1716,1659,1578,1732,1191,1130,23,0,0,0,0,0,0,1,1,1,1,1,4.9908,4.9908,4.9908,4.9908,2.9084,7.0640,1724.6056,1664.0491,1579.9116,1730.9245,1190.6022,1131.8903,1,on,1,1.5000
1786346159.352097,1,1,,1734.0000,1702.0000,1605.0000,1723.0000,1189.0000,1127.0000,32.561,38.893,58.348,34.654,75.962,90.608,1723,1658,1577,1732,1190,1130,18,13,0,0,0,0,0,0,1,1,1,1,4.9908,4.9908,4.9908,4.9908,2.9084,7.0640,1724.6056,1664.0491,1587.5782,1730.9245,1190.6022,1131.8903,1,on,1,1.5000
1786346159.416213,1,1,,1746.0000,1699.0000,1616.0000,1730.0000,1177.0000,1126.0000,30.209,39.538,56.243,33.265,80.177,90.715,1723,1662,1578,1732,1191,1130,0,16,33,0,0,0,0,0,0,1,1,1,4.9908,4.9908,4.9908,4.9908,2.9084,7.0640,1724.6056,1671.6948,1587.5782,1730.9245,1190.6022,1131.8903,1,on,1,1.5000
1786346159.489435,1,1,,1722.0000,1691.0000,1615.0000,1727.0000,1175.0000,1124.0000,35.017,41.111,56.357,33.956,80.833,91.074,1723,1665,1587,1732,1191,1129,9,0,0,0,0,0,0,0,1,1,1,1,4.9908,4.9908,4.9908,4.9908,2.9084,7.0640,1724.6056,1671.6948,1587.5782,1730.9245,1190.6022,1131.8903,0,on,1,1.5000
1786346159.552146,1,1,,1705.0000,1664.0000,1608.0000,1720.0000,1173.0000,1131.0000,38.449,46.490,57.812,35.254,81.440,90.021,1723,1666,1587,1732,1190,1130,13,19,0,0,0,0,0,0,1,1,1,1,4.9908,4.9908,4.9908,4.9908,2.9084,7.0640,1724.6056,1671.6948,1587.5782,1730.9245,1190.6022,1131.8903,0,on,1,1.5000
1786346159.616174,1,1,,1718.0000,1675.0000,1604.0000,1712.0000,1177.0000,1125.0000,35.696,44.293,58.675,36.994,80.033,90.852,1726,1671,1587,1732,1190,1129,0,16,0,0,0,0,1,1,1,1,1,1,4.9908,4.9908,4.9908,4.9908,2.9084,7.0640,1724.6056,1671.6948,1587.5782,1730.9245,1185.8334,1131.8903,1,on,1,1.5000
1786346159.684164,1,1,,1730.0000,1685.0000,1605.0000,1719.0000,1169.0000,1121.0000,33.428,42.319,58.458,35.527,82.691,91.447,1726,1672,1587,1732,1190,1130,0,0,0,0,25,0,1,1,1,1,1,1,4.9908,4.9908,4.9908,4.9908,2.9084,7.0640,1724.6056,1671.6948,1587.5782,1730.9245,1185.8334,1131.8903,0,on,1,1.5000
1786346159.752180,1,1,,1732.0000,1700.0000,1607.0000,1724.0000,1173.0000,1113.0000,32.937,39.318,57.994,34.507,81.346,92.568,1726,1672,1587,1732,1189,1130,0,0,0,0,26,0,1,1,1,1,1,1,4.9908,4.9908,4.9908,4.9908,2.9084,7.0640,1724.6056,1671.6948,1595.3770,1730.9245,1185.8334,1131.8903,1,on,1,1.5000
1786346159.816170,1,1,,1742.0000,1698.0000,1608.0000,1716.0000,1174.0000,1109.0000,30.891,39.731,57.840,36.163,81.022,93.143,1726,1672,1587,1732,1188,1130,0,0,0,0,0,0,1,1,0,1,1,1,4.9908,4.9908,4.9908,4.9908,2.9084,7.0640,1724.6056,1671.6948,1595.3770,1730.9245,1185.8334,1131.8903,0,on,1,1.5000
1786346159.884115,1,1,,1745.0000,1701.0000,1602.0000,1723.0000,1180.0000,1103.0000,30.386,39.160,59.069,34.834,79.169,93.954,1725,1672,1589,1732,1187,1130,0,0,17,0,0,0,1,1,0,1,1,1,4.9908,4.9908,4.9908,4.9908,2.9084,7.0640,1724.6056,1679.4643,1595.3770,1730.9245,1185.8334,1131.8903,1,on,1,1.5000
1786346159.952193,1,1,,1740.0000,1698.0000,1609.0000,1730.0000,1190.0000,1117.0000,31.376,39.713,57.680,33.325,75.776,91.935,1726,1672,1594,1732,1186,1129,0,0,0,0,26,0,1,0,1,1,1,1,4.9908,4.9908,4.9908,4.9908,2.9084,7.0640,1724.6056,1679.4643,1595.3770,1730.9245,1185.8334,1131.8903,0,on,1,1.5000
1786346160.016222,1,1,,1732.0000,1705.0000,1614.0000,1752.0000,1195.0000,1138.0000,32.998,38.314,56.543,28.852,73.838,89.039,1725,1676,1594,1732,1185,1130,0,19,0,0,22,0,1,0,1,1,1,1,4.9908,4.9908,4.9908,4.9908,2.9084,7.0640,1724.6056,1679.4643,1595.3770,1730.9245,1185.8334,1131.8903,0,on,1,1.5000
1786346160.084183,1,1,,1718.0000,1700.0000,1596.0000,1732.0000,1197.0000,1140.0000,35.700,39.356,60.224,32.911,73.262,88.684,1725,1680,1594,1732,1184,1130,0,0,0,0,0,0,1,1,1,1,1,1,4.9908,4.9908,4.9908,4.9908,2.9084,7.0640,1724.6056,1679.4643,1595.3770,1730.9245,1185.8334,1131.8903,0,on,1,1.5000
1786346160.152178,1,1,,1688.0000,1700.0000,1588.0000,1696.0000,1226.0000,1212.0000,41.827,39.443,61.862,40.181,63.284,78.486,1726,1680,1594,1731,1184,1130,0,0,0,0,0,0,1,1,1,1,1,1,4.9908,4.9908,4.9908,4.9908,2.9084,7.0640,1724.6056,1679.4643,1595.3770,1730.9245,1185.8334,1131.8903,0,on,1,1.5000
1786346160.221588,1,1,,1659.0000,1684.0000,1614.0000,1709.0000,1290.0000,1241.0000,47.660,42.538,56.676,37.479,41.196,74.453,1726,1680,1594,1732,1184,1129,0,0,0,0,0,0,1,1,1,1,1,1,4.9908,4.9908,4.9908,4.9908,2.9084,7.0640,1714.9436,1679.4643,1595.3770,1730.9245,1209.4580,1162.1090,1,on,1,1.5000
1786346160.284144,1,1,,1646.0000,1677.0000,1610.0000,1718.0000,1299.0000,1256.0000,50.093,44.014,57.408,35.832,38.141,72.272,1726,1680,1594,1732,1184,1130,22,0,0,0,0,36,1,1,1,1,0,0,4.9908,4.9908,4.9908,4.9908,2.9084,7.0640,1702.8935,1679.4643,1595.3770,1730.9245,1228.9108,1183.7487,1,on,1,1.5000
1786346160.424219,1,1,,1634.0000,1684.0000,1613.0000,1724.0000,1291.0000,1294.0000,52.485,42.569,56.796,34.501,40.820,66.895,1708,1680,1594,1731,1198,1174,32,0,0,0,38,23,1,1,1,1,0,0,4.9908,4.9908,4.9908,4.9908,2.9084,7.0640,1689.9194,1679.4643,1595.3770,1730.9245,1241.1198,1212.2039,1,on,1,1.5000
1786346160.464220,1,1,,1618.0000,1667.0000,1607.0000,1722.0000,1293.0000,1282.0000,55.722,45.996,58.058,34.926,40.204,68.682,1706,1680,1594,1732,1203,1180,38,0,0,0,38,32,1,1,1,1,0,0,4.9908,4.9908,4.9908,4.9908,2.9084,7.0640,1678.4521,1679.4643,1595.3770,1730.9245,1248.3522,1224.8541,1,on,1,1.5000
1786346160.508155,1,1,,1602.0000,1663.0000,1605.0000,1725.0000,1296.0000,1282.0000,59.029,46.743,58.319,34.418,39.293,68.596,1704,1680,1594,1732,1206,1189,39,0,0,0,44,52,1,1,1,1,0,0,4.9908,4.9908,4.9908,4.9908,2.9084,7.0640,1664.0402,1679.4643,1595.3770,1730.9245,1255.2875,1224.8541,1,on,1,1.5000
1786346160.552157,1,1,,1600.0000,1643.0000,1611.0000,1727.0000,1288.0000,1303.0000,59.466,50.748,57.213,34.011,42.019,65.673,1698,1680,1594,1732,1211,1209,59,0,0,0,32,18,1,1,1,1,0,0,4.9908,4.9908,4.9908,4.9908,2.9084,7.0640,1652.3467,1679.4643,1595.3770,1730.9245,1255.2875,1247.4154,1,on,1,1.5000
1786346160.616205,1,1,,1634.0000,1657.0000,1641.0000,1735.0000,1278.0000,1381.0000,52.646,47.951,51.109,32.427,45.484,54.662,1675,1680,1594,1732,1216,1221,51,0,0,0,28,25,1,1,1,1,0,0,4.9908,4.9908,4.9908,4.9908,2.9084,7.0640,1652.3467,1679.4643,1604.7433,1730.9245,1261.4742,1285.2686,1,on,1,1.5000
1786346160.684164,1,1,,1659.0000,1693.0000,1670.0000,1739.0000,1280.0000,1479.0000,47.473,40.670,45.308,31.530,44.855,40.679,1662,1680,1594,1731,1222,1237,0,0,20,0,29,63,1,1,0,1,0,0,4.9908,4.9908,4.9908,4.9908,2.9084,7.0640,1652.3467,1679.4643,1614.9277,1730.9245,1261.4742,1353.6806,1,on,1,1.5000
1786346160.752207,1,1,,1674.0000,1700.0000,1679.0000,1735.0000,1298.0000,1538.0000,44.542,39.406,43.498,32.382,38.670,32.405,1657,1680,1606,1732,1229,1281,37,0,37,0,29,85,1,1,0,1,0,0,4.9908,4.9908,4.9908,4.9908,2.9084,7.0640,1652.3467,1679.4643,1625.9631,1730.9245,1266.8311,1421.3068,1,on,1,1.5000
1786346160.816183,1,1,,1686.0000,1700.0000,1681.0000,1734.0000,1292.0000,1553.0000,42.182,39.258,43.208,32.641,40.709,30.236,1657,1680,1617,1732,1234,1337,26,0,22,0,38,94,1,1,0,1,0,0,4.9908,4.9908,4.9908,4.9908,2.9084,7.0640,1652.3467,1679.4643,1634.9954,1730.9245,1266.8311,1464.1909,1,on,1,1.5000
1786346160.920235,1,1,,1701.0000,1688.0000,1694.0000,1737.0000,1302.0000,1546.0000,39.124,41.676,40.507,32.026,37.135,31.321,1655,1680,1627,1731,1243,1414,29,0,15,0,40,82,1,1,0,1,0,0,4.9908,4.9908,4.9908,4.9908,2.9084,7.0640,1660.2827,1679.4643,1645.0240,1730.9245,1272.6846,1485.8747,1,on,1,1.5000
1786346160.984224,1,1,,1697.0000,1687.0000,1699.0000,1733.0000,1296.0000,1553.0000,39.894,41.924,39.488,32.673,39.244,30.333,1654,1680,1630,1732,1250,1465,0,0,0,0,27,79,0,1,0,1,0,0,4.9908,4.9908,4.9908,4.9908,2.9084,7.0640,1660.2827,1679.4643,1653.7586,1730.9245,1272.6846,1500.4138,1,on,1,1.5000
1786346161.052213,1,1,,1682.0000,1694.0000,1702.0000,1748.0000,1290.0000,1551.0000,42.935,40.495,38.911,29.670,41.141,30.615,1655,1680,1636,1732,1256,1487,28,0,19,0,35,49,0,1,0,1,0,0,4.9908,4.9908,4.9908,4.9908,2.9084,7.0640,1660.2827,1679.4643,1653.7586,1730.9245,1272.6846,1500.4138,0,on,1,1.5000
1786346161.116223,1,1,,1702.0000,1690.0000,1698.0000,1736.0000,1295.0000,1559.0000,39.041,41.358,39.749,32.054,39.614,29.361,1660,1680,1640,1732,1261,1493,0,0,0,0,31,28,1,1,0,1,0,0,4.9908,4.9908,4.9908,4.9908,2.9084,7.0640,1670.0556,1679.4643,1666.0416,1730.9245,1277.3855,1517.4083,1,on,1,1.5000
1786346161.184208,1,1,,1699.0000,1690.0000,1705.0000,1735.0000,1290.0000,1574.0000,39.543,41.328,38.403,32.333,41.416,27.303,1660,1680,1649,1732,1268,1499,24,0,18,0,29,30,0,1,0,1,0,0,4.9908,4.9908,4.9908,4.9908,2.9084,7.0640,1670.0556,1679.4643,1666.0416,1730.9245,1277.3855,1517.4083,0,on,1,1.5000
1786346161.252188,1,1,,1673.0000,1694.0000,1710.0000,1748.0000,1297.0000,1557.0000,44.744,40.548,37.436,29.642,38.750,29.655,1670,1680,1653,1732,1273,1509,0,0,20,0,0,27,1,1,0,1,0,0,4.9908,4.9908,4.9908,4.9908,2.9084,7.0640,1670.0556,1679.4643,1675.9940,1730.9245,1277.3855,1530.6075,1,on,1,1.5000
1786346161.316202,1,1,,1687.0000,1685.0000,1710.0000,1751.0000,1298.0000,1587.0000,42.011,42.302,37.338,29.048,38.349,25.435,1670,1680,1670,1732,1275,1511,0,0,22,0,18,21,1,1,0,1,0,0,4.9908,4.9908,4.9908,4.9908,2.9084,7.0640,1670.0556,1679.4643,1675.9940,1730.9245,1277.3855,1530.6075,0,on,1,1.5000
1786346161.384260,1,1,,1680.0000,1698.0000,1712.0000,1749.0000,1302.0000,1560.0000,43.424,39.718,36.890,29.590,37.084,29.281,1670,1680,1673,1732,1276,1512,0,0,0,0,0,26,1,1,0,1,0,0,4.9908,4.9908,4.9908,4.9908,2.9084,7.0640,1670.0556,1679.4643,1683.5734,1730.9245,1282.4684,1541.3349,1,on,1,1.5000
1786346161.452207,1,1,,1680.0000,1699.0000,1710.0000,1750.0000,1300.0000,1561.0000,43.425,39.638,37.254,29.285,37.843,29.120,1670,1680,1675,1731,1276,1519,0,0,27,0,0,45,0,1,0,1,0,0,4.9908,4.9908,4.9908,4.9908,2.9084,7.0640,1670.0556,1679.4643,1683.5734,1730.9245,1282.4684,1541.3349,0,on,1,1.5000
1786346161.516208,1,1,,1694.0000,1701.0000,1711.0000,1743.0000,1301.0000,1554.0000,40.484,39.060,37.089,30.788,37.494,30.191,1670,1680,1683,1731,1276,1530,0,0,10,0,16,41,1,1,1,1,0,0,4.9908,4.9908,4.9908,4.9908,2.9084,7.0640,1670.0556,1679.4643,1683.5734,1730.9245,1282.4684,1541.3349,0,on,1,1.5000
1786346161.584250,1,1,,1692.0000,1686.0000,1697.0000,1727.0000,1301.0000,1542.0000,40.928,42.124,39.971,33.923,37.501,31.898,1670,1680,1684,1732,1278,1534,0,0,0,0,0,28,1,1,1,1,0,0,4.9908,4.9908,4.9908,4.9908,2.9084,7.0640,1670.0556,1679.4643,1683.5734,1730.9245,1282.4684,1541.3349,0,on,1,1.5000
1786346161.656370,1,1,,1687.0000,1692.0000,1704.0000,1726.0000,1300.0000,1535.0000,41.920,40.863,38.640,34.136,37.657,32.765,1670,1680,1684,1732,1281,1541,0,0,0,0,13,20,1,1,1,1,0,1,4.9908,4.9908,4.9908,4.9908,2.9084,7.0640,1670.0556,1679.4643,1683.5734,1730.9245,1286.9419,1541.3349,1,on,1,1.5000
1786346161.716208,1,1,,1685.0000,1698.0000,1713.0000,1742.0000,1303.0000,1544.0000,42.284,39.837,36.800,30.902,36.625,31.527,1670,1680,1684,1732,1281,1542,0,0,0,0,0,0,1,1,1,1,0,1,4.9908,4.9908,4.9908,4.9908,2.9084,7.0640,1677.6110,1679.4643,1691.7262,1730.9245,1286.9419,1541.3349,1,on,1,1.5000
1786346161.784163,1,1,,1680.0000,1702.0000,1714.0000,1743.0000,1290.0000,1542.0000,43.356,38.868,36.565,30.800,41.240,31.794,1670,1680,1684,1731,1281,1542,8,0,0,0,0,0,0,1,0,1,0,1,4.9908,4.9908,4.9908,4.9908,2.9084,7.0640,1677.6110,1687.4984,1691.7262,1730.9245,1286.9419,1541.3349,1,on,1,1.5000
1786346161.852384,1,1,,1696.0000,1696.0000,1698.0000,1724.0000,1281.0000,1530.0000,40.139,40.143,39.710,34.632,44.514,33.580,1676,1680,1687,1731,1281,1542,16,25,16,0,0,0,0,0,0,1,0,1,4.9908,4.9908,4.9908,4.9908,2.9084,7.0640,1677.6110,1687.4984,1691.7262,1730.9245,1286.9419,1541.3349,0,on,1,1.5000
1786346161.916200,1,1,,1683.0000,1701.0000,1709.0000,1748.0000,1292.0000,1531.0000,42.787,39.088,37.629,29.665,40.521,33.437,1678,1685,1692,1732,1281,1542,0,20,0,0,0,0,1,0,1,1,0,1,4.9908,4.9908,4.9908,4.9908,2.9084,7.0640,1677.6110,1687.4984,1691.7262,1730.9245,1286.9419,1541.3349,0,on,1,1.5000
1786346161.984166,1,1,,1677.0000,1709.0000,1720.0000,1763.0000,1300.0000,1530.0000,43.944,37.526,35.319,26.651,37.975,33.594,1678,1687,1692,1731,1282,1542,0,23,0,0,22,0,1,0,1,1,0,1,4.9908,4.9908,4.9908,4.9908,2.9084,7.0640,1677.6110,1687.4984,1691.7262,1730.9245,1286.9419,1541.3349,0,on,1,1.5000
1786346162.052216,1,1,,1673.0000,1708.0000,1710.0000,1752.0000,1291.0000,1530.0000,44.721,37.744,37.365,29.014,40.810,33.490,1678,1688,1692,1732,1285,1542,0,0,0,0,0,0,1,1,1,1,0,1,4.9908,4.9908,4.9908,4.9908,2.9084,7.0640,1677.6110,1687.4984,1691.7262,1730.9245,1286.9419,1541.3349,0,on,1,1.5000
1786346162.116205,1,1,,1682.0000,1702.0000,1703.0000,1733.0000,1294.0000,1536.0000,42.901,38.989,38.791,32.765,39.714,32.665,1678,1688,1692,1732,1285,1542,0,0,0,0,0,0,1,1,1,1,0,1,4.9908,4.9908,4.9908,4.9908,2.9084,7.0640,1677.6110,1687.4984,1691.7262,1730.9245,1286.9419,1541.3349,0,on,1,1.5000
1786346162.184229,1,1,,1689.0000,1698.0000,1709.0000,1735.0000,1290.0000,1522.0000,41.589,39.753,37.584,32.349,41.345,34.716,1678,1688,1692,1732,1285,1542,0,0,0,0,0,0,1,1,1,1,0,1,4.9908,4.9908,4.9908,4.9908,2.9084,7.0640,1677.6110,1687.4984,1691.7262,1730.9245,1286.9419,1541.3349,0,on,1,1.5000
1786346162.252139,1,1,,1688.0000,1697.0000,1700.0000,1720.0000,1292.0000,1532.0000,41.779,39.975,39.420,35.371,40.452,33.222,1678,1688,1692,1732,1285,1541,0,0,0,0,0,0,1,1,1,1,0,1,4.9908,4.9908,4.9908,4.9908,2.9084,7.0640,1677.6110,1687.4984,1691.7262,1730.9245,1286.9419,1541.3349,0,on,1,1.5000
1786346162.316214,1,1,,1692.0000,1707.0000,1708.0000,1714.0000,1300.0000,1512.0000,40.944,37.982,37.737,36.629,37.748,36.116,1678,1688,1692,1732,1285,1541,0,0,0,0,0,0,1,1,1,1,0,1,4.9908,4.9908,4.9908,4.9908,2.9084,7.0640,1677.6110,1687.4984,1691.7262,1730.9245,1286.9419,1541.3349,0,on,1,1.5000
1786346162.459841,1,1,,1697.0000,1708.0000,1707.0000,1709.0000,1306.0000,1498.0000,39.953,37.757,37.968,37.619,35.844,38.108,1678,1688,1692,1732,1285,1542,0,0,0,0,0,0,1,1,1,1,0,1,4.9908,4.9908,4.9908,4.9908,2.9084,7.0640,1677.6110,1687.4984,1699.2366,1730.9245,1286.9419,1541.3349,1,on,1,1.5000
1786346162.500211,1,1,,1690.0000,1704.0000,1694.0000,1726.0000,1293.0000,1513.0000,41.383,38.557,40.648,34.082,40.289,35.975,1678,1688,1692,1731,1285,1542,0,0,0,0,0,0,1,1,0,1,0,1,4.9908,4.9908,4.9908,4.9908,2.9084,7.0640,1677.6110,1687.4984,1699.2366,1730.9245,1286.9419,1541.3349,0,on,1,1.5000
1786346162.540840,1,1,,1705.0000,1703.0000,1695.0000,1726.0000,1284.0000,1510.0000,38.383,38.790,40.266,34.141,43.159,36.295,1678,1688,1692,1732,1285,1542,0,0,0,0,0,0,1,1,0,1,0,1,4.9908,4.9908,4.9908,4.9908,2.9084,7.0640,1677.6110,1687.4984,1699.2366,1730.9245,1286.9419,1529.8760,1,on,1,1.5000
1786346162.584195,1,1,,1694.0000,1706.0000,1694.0000,1719.0000,1285.0000,1495.0000,40.479,38.190,40.500,35.517,42.966,38.415,1678,1688,1694,1732,1285,1542,0,0,22,0,0,0,1,1,0,1,0,1,4.9908,4.9908,4.9908,4.9908,2.9084,7.0640,1677.6110,1695.2964,1699.2366,1730.9245,1286.9419,1529.8760,1,on,1,1.5000
1786346162.652194,1,1,,1689.0000,1700.0000,1684.0000,1734.0000,1283.0000,1495.0000,41.469,39.399,42.593,32.601,43.703,38.549,1678,1688,1700,1732,1285,1541,0,0,0,0,0,54,1,0,1,1,0,1,4.9908,4.9908,4.9908,4.9908,2.9084,7.0640,1677.6110,1695.2964,1699.2366,1730.9245,1286.9419,1529.8760,0,on,1,1.5000
1786346162.716253,1,1,,1681.0000,1696.0000,1680.0000,1743.0000,1283.0000,1506.0000,43.164,40.101,43.453,30.829,43.740,36.992,1678,1690,1700,1732,1285,1529,0,24,0,0,0,0,1,0,1,1,0,1,4.9908,4.9908,4.9908,4.9908,2.9084,7.0640,1677.6110,1695.2964,1699.2366,1730.9245,1286.9419,1529.8760,0,on,1,1.5000
1786346162.784175,1,1,,1682.0000,1694.0000,1676.0000,1749.0000,1287.0000,1511.0000,42.933,40.617,44.214,29.630,42.328,36.215,1678,1694,1700,1732,1285,1529,0,0,0,0,0,0,1,0,1,1,0,1,4.9908,4.9908,4.9908,4.9908,2.9084,7.0640,1677.6110,1695.2964,1699.2366,1730.9245,1286.9419,1529.8760,0,on,1,1.5000
1786346162.852226,1,1,,1678.0000,1695.0000,1675.0000,1746.0000,1285.0000,1517.0000,43.863,40.296,44.331,30.141,43.005,35.345,1678,1694,1700,1731,1285,1529,0,0,0,0,0,0,1,0,1,1,0,1,4.9908,4.9908,4.9908,4.9908,2.9084,7.0640,1677.6110,1695.2964,1699.2366,1730.9245,1286.9419,1529.8760,0,on,1,1.5000
1786346162.916204,1,1,,1685.0000,1703.0000,1679.0000,1770.0000,1280.0000,1520.0000,42.327,38.710,43.479,25.262,44.728,34.899,1678,1694,1700,1732,1285,1529,0,0,0,0,0,0,1,0,1,1,0,1,4.9908,4.9908,4.9908,4.9908,2.9084,7.0640,1677.6110,1695.2964,1699.2366,1730.9245,1286.9419,1529.8760,0,on,1,1.5000
1786346162.984242,1,1,,1678.0000,1703.0000,1680.0000,1730.0000,1280.0000,1558.0000,43.688,38.751,43.414,33.330,44.574,29.559,1678,1694,1700,1731,1285,1529,0,0,0,0,0,0,1,0,1,1,0,1,4.9908,4.9908,4.9908,4.9908,2.9084,7.0640,1677.6110,1695.2964,1699.2366,1730.9245,1286.9419,1529.8760,0,on,1,1.5000
1786346163.052190,1,1,,1683.0000,1708.0000,1684.0000,1728.0000,1294.0000,1528.0000,42.689,37.727,42.530,33.671,39.724,33.861,1678,1694,1700,1732,1285,1529,0,0,0,0,0,0,1,0,1,1,0,1,4.9908,4.9908,4.9908,4.9908,2.9084,7.0640,1677.6110,1695.2964,1691.6448,1730.9245,1286.9419,1529.8760,1,on,1,1.5000
1786346163.116199,1,1,,1681.0000,1710.0000,1684.0000,1730.0000,1298.0000,1521.0000,43.204,37.308,42.556,33.262,38.391,34.856,1678,1694,1700,1731,1285,1529,0,0,0,0,0,0,1,0,1,1,0,1,4.9908,4.9908,4.9908,4.9908,2.9084,7.0640,1677.6110,1695.2964,1691.6448,1730.9245,1286.9419,1529.8760,0,on,1,1.5000
1786346163.184179,1,1,,1686.0000,1705.0000,1682.0000,1721.0000,1296.0000,1502.0000,42.065,38.357,43.023,35.244,39.323,37.525,1678,1694,1700,1731,1285,1529,0,0,0,0,0,0,1,0,1,1,0,1,4.9908,4.9908,4.9908,4.9908,2.9084,7.0640,1677.6110,1695.2964,1691.6448,1730.9245,1286.9419,1529.8760,0,on,1,1.5000
1786346163.252172,1,1,,1684.0000,1703.0000,1676.0000,1707.0000,1292.0000,1491.0000,42.461,38.750,44.217,38.032,40.419,38.983,1678,1694,1696,1732,1285,1529,0,22,12,0,0,0,1,0,1,1,0,1,4.9908,4.9908,4.9908,4.9908,2.9084,7.0640,1677.6110,1695.2964,1691.6448,1730.9245,1286.9419,1529.8760,0,on,1,1.5000
1786346163.316195,1,1,,1695.0000,1700.0000,1682.0000,1710.0000,1288.0000,1495.0000,40.333,39.257,42.977,37.433,41.782,38.486,1678,1694,1694,1732,1285,1529,0,17,0,0,0,0,1,0,1,1,0,1,4.9908,4.9908,4.9908,4.9908,2.9084,7.0640,1677.6110,1695.2964,1691.6448,1730.9245,1286.9419,1517.5524,1,on,1,1.5000
1786346163.389525,1,1,,1685.0000,1698.0000,1683.0000,1707.0000,1291.0000,1500.0000,42.355,39.748,42.828,37.869,41.062,37.843,1678,1695,1694,1732,1285,1529,0,18,0,0,0,36,1,0,1,1,0,1,4.9908,4.9908,4.9908,4.9908,2.9084,7.0640,1677.6110,1695.2964,1691.6448,1730.9245,1286.9419,1517.5524,0,on,1,1.5000
1786346163.452351,1,1,,1694.0000,1696.0000,1685.0000,1710.0000,1285.0000,1518.0000,40.533,40.061,42.384,37.262,43.109,35.269,1678,1696,1693,1732,1285,1519,0,0,17,0,0,0,1,1,1,1,0,1,4.9908,4.9908,4.9908,4.9908,2.9084,7.0640,1677.6110,1695.2964,1691.6448,1730.9245,1286.9419,1517.5524,0,on,1,1.5000
1786346163.516187,1,1,,1700.0000,1692.0000,1683.0000,1720.0000,1284.0000,1505.0000,39.293,40.991,42.737,35.437,43.202,37.100,1678,1696,1691,1732,1285,1519,0,0,0,0,0,0,1,1,1,1,0,1,4.9908,4.9908,4.9908,4.9908,2.9084,7.0640,1685.2558,1695.2964,1691.6448,1730.9245,1286.9419,1517.5524,1,on,1,1.5000
1786346163.584221,1,1,,1701.0000,1701.0000,1679.0000,1726.0000,1290.0000,1491.0000,39.170,39.137,43.608,34.076,41.274,39.005,1678,1696,1691,1731,1286,1519,0,0,0,0,0,0,0,1,1,1,1,1,4.9908,4.9908,4.9908,4.9908,2.9084,7.0640,1685.2558,1695.2964,1691.6448,1730.9245,1286.9419,1517.5524,0,on,1,1.5000
1786346163.652153,1,1,,1704.0000,1700.0000,1678.0000,1724.0000,1286.0000,1508.0000,38.612,39.320,43.710,34.634,42.748,36.573,1681,1696,1691,1732,1286,1519,21,0,0,0,0,17,0,1,1,1,1,1,4.9908,4.9908,4.9908,4.9908,2.9084,7.0640,1685.2558,1695.2964,1691.6448,1730.9245,1286.9419,1517.5524,0,on,1,1.5000
1786346163.716200,1,1,,1709.0000,1691.0000,1689.0000,1727.0000,1284.0000,1525.0000,37.556,41.249,41.564,34.022,43.488,34.265,1685,1695,1691,1732,1286,1519,0,0,0,0,0,0,0,1,1,1,1,1,4.9908,4.9908,4.9908,4.9908,2.9084,7.0640,1685.2558,1695.2964,1691.6448,1730.9245,1286.9419,1517.5524,0,on,1,1.5000
1786346163.784209,1,1,,1718.0000,1680.0000,1693.0000,1728.0000,1285.0000,1528.0000,35.818,43.374,40.804,33.830,42.952,33.744,1684,1695,1691,1732,1286,1519,0,0,0,0,0,0,0,1,1,1,1,1,4.9908,4.9908,4.9908,4.9908,2.9084,7.0640,1685.2558,1695.2964,1691.6448,1730.9245,1286.9419,1517.5524,0,on,1,1.5000
1786346163.852200,1,1,,1693.0000,1686.0000,1684.0000,1731.0000,1285.0000,1502.0000,40.786,42.249,42.603,33.065,42.898,37.443,1685,1695,1691,1732,1286,1518,0,0,0,0,0,0,0,1,1,1,1,1,4.9908,4.9908,4.9908,4.9908,2.9084,7.0640,1685.2558,1695.2964,1691.6448,1730.9245,1286.9419,1517.5524,0,on,1,1.5000
1786346163.916221,1,1,,1692.0000,1681.0000,1682.0000,1732.0000,1281.0000,1501.0000,41.004,43.079,43.036,32.858,44.221,37.621,1684,1695,1691,1731,1286,1519,0,0,0,0,0,0,0,1,1,1,1,1,4.9908,4.9908,4.9908,4.9908,2.9084,7.0640,1685.2558,1695.2964,1691.6448,1730.9245,1286.9419,1517.5524,0,on,1,1.5000
1786346163.984220,1,1,,1682.0000,1682.0000,1675.0000,1738.0000,1280.0000,1521.0000,42.970,43.013,44.339,31.747,44.544,34.804,1685,1695,1691,1731,1286,1519,0,0,0,0,0,0,0,1,1,1,1,1,4.9908,4.9908,4.9908,4.9908,2.9084,7.0640,1685.2558,1695.2964,1691.6448,1730.9245,1286.9419,1517.5524,0,on,1,1.5000
1786346164.052165,1,1,,1678.0000,1687.0000,1678.0000,1743.0000,1278.0000,1536.0000,43.723,41.907,43.784,30.691,45.227,32.638,1685,1695,1691,1732,1286,1519,0,0,0,0,0,0,0,1,1,1,1,1,4.9908,4.9908,4.9908,4.9908,2.9084,7.0640,1685.2558,1695.2964,1691.6448,1730.9245,1286.9419,1517.5524,0,on,1,1.5000
1786346164.116193,1,1,,1662.0000,1678.0000,1669.0000,1756.0000,1284.0000,1599.0000,47.039,43.851,45.482,28.110,43.212,23.767,1685,1696,1691,1732,1286,1519,0,0,0,0,0,0,0,1,1,1,1,1,4.9908,4.9908,4.9908,4.9908,2.9084,7.0640,1685.2558,1695.2964,1691.6448,1730.9245,1286.9419,1529.0364,1,on,1,1.5000
1786346164.184230,1,1,,1669.0000,1680.0000,1671.0000,1749.0000,1289.0000,1583.0000,45.651,43.338,45.245,29.489,41.487,26.003,1685,1695,1691,1732,1286,1519,0,0,0,0,0,14,0,1,1,1,1,0,4.9908,4.9908,4.9908,4.9908,2.9084,7.0640,1685.2558,1695.2964,1691.6448,1730.9245,1286.9419,1529.0364,0,on,1,1.5000
1786346164.252186,1,1,,1659.0000,1666.0000,1684.0000,1727.0000,1288.0000,1629.0000,47.573,46.249,42.648,33.846,41.808,19.522,1685,1695,1691,1731,1286,1519,0,0,0,0,0,38,0,1,1,1,1,0,4.9908,4.9908,4.9908,4.9908,2.9084,7.0640,1685.2558,1695.2964,1691.6448,1730.9245,1286.9419,1556.9817,1,on,1,1.5000
1786346164.316206,1,1,,1678.0000,1670.0000,1686.0000,1747.0000,1292.0000,1594.0000,43.727,45.364,42.065,29.870,40.479,24.416,1685,1695,1691,1731,1286,1536,0,0,0,0,0,40,0,1,1,1,1,0,4.9908,4.9908,4.9908,4.9908,2.9084,7.0640,1685.2558,1695.2964,1691.6448,1730.9245,1286.9419,1556.9817,0,on,1,1.5000
1786346164.384136,1,1,,1689.0000,1631.0000,1624.0000,1700.0000,1299.0000,1529.0000,41.548,53.143,54.570,39.363,38.058,33.694,1684,1695,1691,1731,1286,1545,0,0,0,0,0,0,0,1,1,1,1,0,4.9908,4.9908,4.9908,4.9908,2.9084,7.0640,1685.2558,1680.7452,1677.2225,1730.9245,1286.9419,1556.9817,1,on,1,1.5000
1786346164.452106,1,1,,1568.0000,1498.0000,1492.0000,1592.0000,1301.0000,1585.0000,65.794,79.773,80.943,61.038,37.523,25.695,1685,1695,1687,1731,1286,1552,0,0,41,0,0,0,0,1,1,1,1,0,4.9908,4.9908,4.9908,4.9908,2.9084,7.0640,1660.8710,1625.7250,1621.5964,1697.7054,1286.9419,1556.9817,1,on,1,1.5000
1786346164.516161,1,1,,1473.0000,1358.0000,1307.0000,1441.0000,1331.0000,1632.0000,84.928,107.911,118.169,91.345,27.070,19.155,1685,1695,1674,1732,1286,1552,17,80,70,75,0,20,1,1,1,1,1,0,4.9908,4.9908,4.9908,4.9908,2.9084,7.0640,1600.8234,1516.2841,1483.5732,1598.8894,1293.1400,1573.2842,1,on,1,1.5000
1786346164.584157,1,1,,1381.0000,1312.0000,1256.0000,1400.0000,1326.0000,1620.0000,103.329,117.070,128.364,99.564,28.785,20.754,1676,1650,1637,1706,1286,1555,78,105,92,62,0,32,1,1,1,1,0,0,4.9908,4.9908,4.9908,4.9908,2.9084,7.0640,1516.2062,1433.5053,1385.1634,1520.8837,1293.1400,1573.2842,1,on,1,1.5000
1786346164.652179,1,1,,1486.0000,1415.0000,1412.0000,1507.0000,1322.0000,1615.0000,82.221,96.512,97.130,78.083,30.114,21.481,1637,1602,1594,1666,1288,1562,97,78,91,84,9,0,1,1,1,1,0,0,4.9908,4.9908,4.9908,4.9908,2.9084,7.0640,1516.2062,1433.5053,1385.1634,1520.8837,1299.1818,1584.5127,1,on,1,1.5000
1786346164.716181,1,1,,1591.0000,1470.0000,1503.0000,1563.0000,1326.0000,1608.0000,61.248,85.501,78.901,66.762,28.791,22.439,1599,1571,1560,1629,1289,1573,86,81,78,71,29,56,1,1,1,1,0,0,4.9908,4.9908,4.9908,4.9908,2.9084,7.0640,1516.2062,1433.5053,1405.4945,1520.8837,1299.1818,1584.5127,1,on,1,1.5000
1786346164.785508,1,1,,1695.0000,1539.0000,1556.0000,1630.0000,1305.0000,1601.0000,40.334,71.650,68.194,53.331,35.993,23.470,1558,1533,1524,1590,1295,1580,80,66,79,58,15,26,1,1,1,1,0,0,4.9908,4.9908,4.9908,4.9908,2.9084,7.0640,1565.6418,1450.6249,1445.9541,1540.1743,1299.1818,1584.5127,1,on,1,1.5000
1786346164.852202,1,1,,1748.0000,1660.0000,1680.0000,1710.0000,1306.0000,1607.0000,29.834,47.314,43.293,37.350,35.612,22.691,1531,1501,1490,1554,1298,1581,29,87,77,58,14,25,0,1,1,1,0,0,4.9908,4.9908,4.9908,4.9908,2.9084,7.0640,1627.9268,1521.0483,1534.6251,1591.5611,1299.1818,1584.5127,1,on,1,1.5000
1786346164.916214,1,1,,1720.0000,1670.0000,1684.0000,1722.0000,1289.0000,1567.0000,35.358,45.430,42.620,34.875,41.688,28.256,1549,1483,1471,1548,1298,1581,71,59,63,54,0,28,0,0,0,0,0,0,4.9908,4.9908,4.9908,4.9908,2.9084,7.0640,1653.4552,1569.9918,1586.2771,1630.5544,1299.1818,1584.5127,1,on,1,1.5000
1786346164.984215,1,1,,1697.0000,1673.0000,1691.0000,1734.0000,1290.0000,1561.0000,40.034,44.749,41.134,32.480,41.294,29.191,1592,1503,1510,1579,1298,1582,73,74,70,62,0,31,0,0,0,0,0,0,4.9908,4.9908,4.9908,4.9908,2.9084,7.0640,1662.0819,1599.6646,1617.4154,1659.0963,1299.1818,1584.5127,1,on,1,1.5000
1786346165.052304,1,1,,1692.0000,1679.0000,1698.0000,1737.0000,1291.0000,1556.0000,41.029,43.572,39.730,31.942,40.920,29.804,1637,1543,1557,1624,1298,1585,78,71,73,31,0,0,0,0,0,0,0,1,4.9908,4.9908,4.9908,4.9908,2.9084,7.0640,1662.0819,1618.9254,1637.4119,1677.4836,1299.1818,1584.5127,1,on,1,1.5000
1786346165.116185,1,1,,1699.0000,1671.0000,1698.0000,1738.0000,1286.0000,1561.0000,39.490,45.116,39.691,31.773,42.710,29.142,1653,1579,1592,1656,1298,1585,29,69,67,41,0,0,0,0,0,0,0,1,4.9908,4.9908,4.9908,4.9908,2.9084,7.0640,1670.2411,1628.7412,1649.6170,1689.3645,1299.1818,1584.5127,1,on,1,1.5000
1786346165.184187,1,1,,1696.0000,1670.0000,1696.0000,1736.0000,1279.0000,1561.0000,40.059,45.463,40.237,32.057,45.198,29.133,1657,1609,1631,1675,1298,1585,40,15,60,55,0,0,0,0,0,0,0,1,4.9908,4.9908,4.9908,4.9908,2.9084,7.0640,1670.2411,1628.7412,1657.4077,1697.1133,1299.1818,1584.5127,1,on,1,1.5000
1786346165.252208,1,1,,1707.0000,1667.0000,1687.0000,1733.0000,1285.0000,1565.0000,37.992,45.872,41.938,32.742,42.985,28.638,1662,1612,1648,1691,1298,1585,29,13,33,18,0,0,0,0,0,0,0,1,4.9908,4.9908,4.9908,4.9908,2.9084,7.0640,1670.2411,1639.1775,1657.4077,1697.1133,1299.1818,1584.5127,1,on,1,1.5000
1786346165.316242,1,1,,1703.0000,1672.0000,1692.0000,1732.0000,1280.0000,1572.0000,38.784,44.903,40.960,32.944,44.705,27.575,1670,1619,1654,1698,1298,1585,17,25,0,0,0,0,1,0,0,1,0,1,4.9908,4.9908,4.9908,4.9908,2.9084,7.0640,1679.2716,1639.1775,1657.4077,1705.4496,1299.1818,1584.5127,1,on,1,1.5000
1786346165.384236,1,1,,1704.0000,1670.0000,1689.0000,1729.0000,1278.0000,1584.0000,38.559,45.329,41.654,33.541,45.251,25.832,1671,1629,1655,1698,1298,1585,10,23,0,20,16,0,0,0,0,0,0,1,4.9908,4.9908,4.9908,4.9908,2.9084,7.0640,1679.2716,1639.1775,1667.0681,1705.4496,1299.1818,1584.5127,1,on,1,1.5000
1786346165.452220,1,1,,1691.0000,1664.0000,1686.0000,1738.0000,1280.0000,1561.0000,41.165,46.518,42.194,31.644,44.621,29.092,1677,1637,1657,1703,1299,1585,19,16,26,0,0,0,0,0,0,0,1,1,4.9908,4.9908,4.9908,4.9908,2.9084,7.0640,1679.2716,1647.3075,1667.0681,1705.4496,1293.9741,1584.5127,1,on,1,1.5000
1786346165.516211,1,1,,1686.0000,1643.0000,1650.0000,1708.0000,1283.0000,1547.0000,42.134,50.739,49.467,37.688,43.645,31.114,1680,1639,1663,1703,1299,1585,0,19,0,8,13,0,1,0,0,0,1,1,4.9908,4.9908,4.9908,4.9908,2.9084,7.0640,1679.2716,1647.3075,1667.0681,1705.4496,1293.9741,1584.5127,0,on,1,1.5000
1786346165.584171,1,1,,1568.0000,1504.0000,1508.0000,1577.0000,1311.0000,1595.0000,65.734,78.566,77.801,63.935,34.121,24.367,1680,1645,1663,1707,1298,1585,0,11,0,0,22,0,1,0,0,1,1,1,4.9908,4.9908,4.9908,4.9908,2.9084,7.0640,1660.6230,1614.6070,1627.6287,1682.1523,1293.9741,1584.5127,1,on,1,1.5000
1786346165.652219,1,1,,1292.0000,1184.0000,1193.0000,1270.0000,1285.0000,1599.0000,121.027,142.668,140.995,125.535,43.101,23.744,1680,1647,1663,1707,1297,1585,16,53,69,35,0,0,1,1,1,1,1,1,4.9908,4.9908,4.9908,4.9908,2.9084,7.0640,1494.1193,1402.8513,1411.1787,1484.3383,1293.9741,1584.5127,1,on,1,1.5000
1786346165.716212,1,1,,1186.0000,1093.0000,1107.0000,1145.0000,1229.0000,1440.0000,142.244,160.895,158.184,150.521,62.151,46.216,1674,1624,1637,1690,1295,1585,99,84,91,75,20,0,1,1,1,1,1,1,4.9908,4.9908,4.9908,4.9908,2.9084,7.0640,1346.8559,1250.1012,1261.3723,1313.5886,1285.3354,1548.2754,1,on,1,1.5000
1786346165.784182,1,1,,1149.0000,1098.0000,1101.0000,1137.0000,1218.0000,1485.0000,149.697,159.911,159.436,152.086,65.943,39.911,1629,1581,1593,1646,1294,1585,106,86,77,72,0,36,1,1,1,1,1,1,4.9908,4.9908,4.9908,4.9908,2.9084,7.0640,1261.6832,1188.0958,1195.1319,1237.7968,1273.9782,1535.9996,1,on,1,1.5000
1786346165.852166,1,1,,1140.0000,1094.0000,1099.0000,1147.0000,1197.0000,1593.0000,151.550,160.798,159.843,150.091,73.154,24.641,1587,1541,1552,1604,1289,1560,103,99,85,74,51,49,1,1,1,1,1,1,4.9908,4.9908,4.9908,4.9908,2.9084,7.0640,1219.2350,1158.6168,1164.5732,1208.6111,1259.0731,1535.9996,1,on,1,1.5000
1786346165.921712,1,1,,1163.0000,1083.0000,1085.0000,1133.0000,1192.0000,1602.0000,146.906,162.953,162.632,152.962,75.033,23.360,1545,1503,1514,1564,1282,1544,78,90,77,57,61,27,1,1,1,1,1,1,4.9908,4.9908,4.9908,4.9908,2.9084,7.0640,1205.4528,1139.7382,1144.1984,1189.4556,1246.3229,1547.2278,1,on,1,1.5000
1786346165.989594,1,1,,1195.0000,1125.0000,1120.0000,1174.0000,1213.0000,1573.0000,140.470,154.631,155.513,144.741,67.719,27.454,1509,1469,1481,1530,1274,1540,72,74,77,62,53,19,1,1,1,1,1,0,4.9908,4.9908,4.9908,4.9908,2.9084,7.0640,1205.4528,1139.7382,1144.1984,1189.4556,1241.5659,1547.2278,1,on,1,1.5000
1786346166.057565,1,1,,1237.0000,1147.0000,1146.0000,1206.0000,1222.0000,1589.0000,132.082,150.144,150.325,138.330,64.677,25.236,1482,1440,1452,1500,1267,1540,88,85,68,65,42,22,1,1,1,1,1,0,4.9908,4.9908,4.9908,4.9908,2.9084,7.0640,1205.4528,1139.7382,1144.1984,1189.4556,1241.5659,1547.2278,0,on,1,1.5000
1786346166.121622,1,1,,1194.0000,1112.0000,1136.0000,1194.0000,1231.0000,1583.0000,140.751,157.103,152.318,140.704,61.493,25.990,1450,1406,1420,1467,1261,1544,91,79,77,58,44,20,1,1,1,1,1,0,4.9908,4.9908,4.9908,4.9908,2.9084,7.0640,1205.4528,1139.7382,1144.1984,1189.4556,1241.5659,1547.2278,0,on,1,1.5000
1786346166.189603,1,1,,1108.0000,1080.0000,1094.0000,1126.0000,1185.0000,1555.0000,157.934,163.659,160.778,154.402,77.501,30.014,1417,1375,1388,1436,1255,1545,90,80,84,80,46,20,1,1,1,1,1,0,4.9908,4.9908,4.9908,4.9908,2.9084,7.0640,1187.5199,1128.5491,1135.4111,1180.4200,1232.0980,1547.2278,1,on,1,1.5000
1786346166.252195,1,1,,1079.0000,1034.0000,1057.0000,1076.0000,1174.0000,1470.0000,163.875,172.744,168.199,164.335,81.115,41.976,1391,1348,1361,1406,1249,1546,102,98,80,61,42,21,1,1,1,1,1,0,4.9908,4.9908,4.9908,4.9908,2.9084,7.0640,1162.4552,1109.5806,1121.9122,1158.5831,1223.3370,1547.2278,1,on,1,1.5000
1786346166.316190,1,1,,1060.0000,1034.0000,1034.0000,1070.0000,1150.0000,1450.0000,167.629,177.495,173.290,165.650,89.272,44.807,1364,1321,1334,1380,1247,1546,78,92,76,74,0,23,1,1,1,1,0,0,4.9908,4.9908,4.9908,4.9908,2.9084,7.0640,1137.1156,1094.1191,1103.5392,1138.7947,1209.9125,1524.6987,1,on,1,1.5000
1786346166.384208,1,1,,1092.0000,1034.0000,1054.0000,1076.0000,1154.0000,1460.0000,161.111,174.580,168.862,164.467,87.932,43.447,1331,1288,1301,1346,1247,1548,96,81,84,64,48,0,1,1,1,1,0,1,4.9908,4.9908,4.9908,4.9908,2.9084,7.0640,1128.7144,1082.8562,1094.8565,1126.3328,1200.2301,1512.0824,1,on,1,1.5000
1786346166.452200,1,1,,1081.0000,1034.0000,1040.0000,1076.0000,1153.0000,1443.0000,163.380,176.295,171.622,164.454,88.515,45.792,1299,1253,1267,1315,1256,1548,103,83,80,59,46,36,1,1,1,1,0,1,4.9908,4.9908,4.9908,4.9908,2.9084,7.0640,1121.0114,1074.8702,1085.6990,1117.7800,1192.8809,1498.7365,1,on,1,1.5000
1786346166.516205,1,1,,1086.0000,1034.0000,1047.0000,1081.0000,1146.0000,1451.0000,162.401,174.822,170.264,163.420,90.821,44.643,1270,1227,1239,1288,1262,1529,110,93,94,70,39,35,1,1,1,1,0,1,4.9908,4.9908,4.9908,4.9908,2.9084,7.0640,1121.0114,1074.8702,1085.6990,1117.7800,1186.0100,1498.7365,1,on,1,1.5000
1786346166.588407,1,1,,1089.0000,1034.0000,1053.0000,1081.0000,1155.0000,1438.0000,161.815,174.225,169.088,163.285,87.591,46.564,1236,1192,1205,1253,1270,1510,116,94,110,72,31,19,1,1,1,1,0,1,4.9908,4.9908,4.9908,4.9908,2.9084,7.0640,1113.3421,1064.6481,1077.1824,1108.8910,1186.0100,1482.4502,1,on,1,1.5000
1786346166.652330,1,1,,1093.0000,1034.0000,1041.0000,1075.0000,1165.0000,1397.0000,161.062,174.956,171.311,164.570,84.076,52.314,1203,1155,1170,1221,1277,1502,128,91,93,70,30,18,1,1,1,1,0,1,4.9908,4.9908,4.9908,4.9908,2.9084,7.0640,1113.3421,1064.6481,1077.1824,1108.8910,1180.6623,1465.4053,1,on,1,1.5000
1786346166.718049,1,1,,1105.0000,1034.0000,1059.0000,1082.0000,1164.0000,1419.0000,158.524,173.563,167.758,163.269,84.501,49.291,1166,1122,1136,1185,1282,1487,101,134,111,74,32,26,1,1,1,1,0,1,4.9908,4.9908,4.9908,4.9908,2.9084,7.0640,1113.3421,1064.6481,1077.1824,1108.8910,1180.6623,1465.4053,0,on,1,1.5000
1786346166.784198,1,1,,1107.0000,1036.0000,1057.0000,1077.0000,1164.0000,1421.0000,158.181,172.360,168.149,164.155,84.597,49.004,1138,1090,1103,1156,1288,1476,120,128,97,91,27,28,1,1,1,1,0,1,4.9908,4.9908,4.9908,4.9908,2.9084,7.0640,1113.3421,1056.3756,1077.1824,1100.3457,1180.6623,1452.5933,1,on,1,1.5000
1786346166.852198,1,1,,1108.0000,1035.0000,1057.0000,1080.0000,1158.0000,1407.0000,157.915,172.639,168.266,163.509,86.562,50.881,1125,1076,1088,1118,1295,1472,57,31,51,81,25,18,1,1,1,1,0,1,4.9908,4.9908,4.9908,4.9908,2.9084,7.0640,1113.3421,1056.3756,1077.1824,1100.3457,1180.6623,1452.5933,0,on,1,1.5000
1786346166.921492,1,1,,1107.0000,1034.0000,1054.0000,1075.0000,1167.0000,1405.0000,158.088,173.616,168.782,164.635,83.483,51.279,1122,1075,1084,1110,1301,1471,76,47,46,0,26,0,1,1,1,1,0,1,4.9908,4.9908,4.9908,4.9908,2.9084,7.0640,1113.3421,1056.3756,1068.8624,1100.3457,1176.2176,1440.6876,1,on,1,1.5000
1786346166.984135,1,1,,1102.0000,1034.0000,1052.0000,1071.0000,1158.0000,1406.0000,159.188,174.158,169.261,165.463,86.587,51.034,1121,1073,1082,1106,1305,1470,64,55,25,0,33,0,1,1,1,1,0,1,4.9908,4.9908,4.9908,4.9908,2.9084,7.0640,1113.3421,1056.3756,1068.8624,1100.3457,1176.2176,1440.6876,0,on,1,1.5000
1786346167.052166,1,1,,1090.0000,1034.0000,1051.0000,1079.0000,1149.0000,1440.0000,161.574,173.699,169.341,163.825,89.623,46.229,1115,1069,1082,1106,1312,1470,47,0,28,66,29,0,1,1,1,1,0,1,4.9908,4.9908,4.9908,4.9908,2.9084,7.0640,1113.3421,1056.3756,1068.8624,1100.3457,1176.2176,1440.6876,0,on,1,1.5000
1786346167.116187,1,1,,1103.0000,1049.0000,1067.0000,1087.0000,1154.0000,1436.0000,159.061,169.860,166.274,162.080,87.996,46.880,1115,1066,1082,1104,1318,1471,0,54,31,16,31,0,1,1,1,1,0,1,4.9908,4.9908,4.9908,4.9908,2.9084,7.0640,1113.3421,1056.3756,1068.8624,1100.3457,1171.3943,1440.6876,1,on,1,1.5000
1786346167.184196,1,1,,1092.0000,1037.0000,1059.0000,1092.0000,1147.0000,1460.0000,161.121,172.236,167.704,161.212,90.381,43.448,1115,1061,1082,1104,1324,1469,0,29,33,21,33,23,1,1,1,1,0,1,4.9908,4.9908,4.9908,4.9908,2.9084,7.0640,1113.3421,1056.3756,1068.8624,1100.3457,1171.3943,1440.6876,0,on,1,1.5000
1786346167.252103,1,1,,1104.0000,1037.0000,1061.0000,1079.0000,1150.0000,1456.0000,158.727,172.156,167.388,163.709,89.534,43.991,1115,1060,1082,1103,1331,1469,0,53,37,27,27,0,1,1,1,1,0,1,4.9908,4.9908,4.9908,4.9908,2.9084,7.0640,1113.3421,1048.7701,1068.8624,1092.1557,1171.3943,1440.6876,1,on,1,1.5000
1786346167.316189,1,1,,1092.0000,1034.0000,1046.0000,1076.0000,1152.0000,1432.0000,161.189,173.234,170.413,164.389,88.539,47.423,1115,1056,1082,1099,1336,1469,0,84,39,58,34,10,1,1,1,1,0,1,4.9908,4.9908,4.9908,4.9908,2.9084,7.0640,1113.3421,1048.7701,1068.8624,1092.1557,1166.6932,1440.6876,1,on,1,1.5000
1786346167.384174,1,1,,1102.0000,1034.0000,1057.0000,1076.0000,1159.0000,1437.0000,159.096,173.130,168.193,164.306,86.243,46.665,1115,1051,1082,1094,1343,1467,0,49,42,20,34,0,1,1,1,1,0,1,4.9908,4.9908,4.9908,4.9908,2.9084,7.0640,1113.3421,1048.7701,1068.8624,1092.1557,1166.6932,1440.6876,0,on,1,1.5000
1786346167.452148,1,1,,1112.0000,1034.0000,1061.0000,1082.0000,1163.0000,1431.0000,157.245,172.859,167.454,163.248,84.838,47.578,1115,1051,1076,1094,1349,1467,0,53,25,23,42,0,1,1,1,1,0,1,4.9908,4.9908,4.9908,4.9908,2.9084,7.0640,1113.3421,1048.7701,1068.8624,1092.1557,1166.6932,1440.6876,0,on,1,1.5000
1786346167.516185,1,1,,1098.0000,1034.0000,1055.0000,1072.0000,1160.0000,1433.0000,159.879,172.700,168.679,165.133,85.818,47.309,1115,1051,1075,1094,1355,1467,0,55,50,30,40,0,1,1,1,1,0,1,4.9908,4.9908,4.9908,4.9908,2.9084,7.0640,1113.3421,1048.7701,1068.8624,1092.1557,1166.6932,1440.6876,0,on,1,1.5000
1786346167.584217,1,1,,1100.0000,1034.0000,1054.0000,1076.0000,1166.0000,1418.0000,159.650,174.061,168.704,164.462,83.909,49.419,1115,1049,1072,1093,1361,1467,0,57,30,0,45,0,1,1,1,1,0,1,4.9908,4.9908,4.9908,4.9908,2.9084,7.0640,1113.3421,1048.7701,1068.8624,1092.1557,1166.6932,1440.6876,0,on,1,1.5000
1786346167.652217,1,1,,1093.0000,1034.0000,1055.0000,1077.0000,1166.0000,1422.0000,161.026,174.327,168.553,164.116,84.010,48.779,1115,1048,1072,1092,1366,1467,0,57,41,0,25,0,1,1,1,1,0,1,4.9908,4.9908,4.9908,4.9908,2.9084,7.0640,1105.4230,1048.7701,1068.8624,1092.1557,1166.6932,1440.6876,1,on,1,1.5000
1786346167.716211,1,1,,1114.0000,1039.0000,1064.0000,1081.0000,1162.0000,1434.0000,156.839,171.764,166.834,163.356,85.270,47.072,1115,1047,1071,1092,1367,1467,59,61,44,0,24,0,1,1,1,1,0,1,4.9908,4.9908,4.9908,4.9908,2.9084,7.0640,1105.4230,1048.7701,1068.8624,1092.1557,1166.6932,1440.6876,0,on,1,1.5000
1786346167.784238,1,1,,1097.0000,1034.0000,1054.0000,1086.0000,1149.0000,1446.0000,160.175,173.054,168.811,162.349,89.794,45.479,1113,1047,1069,1093,1369,1467,43,0,46,0,0,0,1,1,1,1,0,1,4.9908,4.9908,4.9908,4.9908,2.9084,7.0640,1105.4230,1048.7701,1068.8624,1092.1557,1166.6932,1440.6876,0,on,1,1.5000
1786346167.852223,1,1,,1097.0000,1036.0000,1055.0000,1086.0000,1153.0000,1446.0000,160.199,172.467,168.529,162.403,88.396,45.489,1108,1047,1068,1092,1369,1467,58,0,0,0,0,0,1,1,1,1,0,1,4.9908,4.9908,4.9908,4.9908,2.9084,7.0640,1105.4230,1048.7701,1068.8624,1092.1557,1166.6932,1440.6876,0,on,1,1.5000
1786346167.916189,1,1,,1098.0000,1042.0000,1059.0000,1081.0000,1153.0000,1467.0000,160.062,171.233,167.821,163.286,88.216,42.475,1106,1047,1068,1092,1369,1467,0,0,0,0,0,0,1,1,1,1,0,1,4.9908,4.9908,4.9908,4.9908,2.9084,7.0640,1105.4230,1048.7701,1068.8624,1092.1557,1166.6932,1440.6876,0,on,1,1.5000
1786346167.984253,1,1,,1086.0000,1034.0000,1046.0000,1074.0000,1153.0000,1424.0000,162.468,173.311,170.352,164.723,88.216,48.544,1106,1047,1068,1092,1369,1467,0,0,0,0,0,0,1,1,1,1,0,1,4.9908,4.9908,4.9908,4.9908,2.9084,7.0640,1105.4230,1048.7701,1068.8624,1092.1557,1166.6932,1440.6876,0,on,1,1.5000
1786346168.052814,1,1,,1101.0000,1038.0000,1057.0000,1079.0000,1159.0000,1428.0000,159.317,171.965,168.247,163.783,86.268,47.926,1107,1047,1068,1092,1369,1467,0,0,0,0,0,0,1,1,1,1,0,1,4.9908,4.9908,4.9908,4.9908,2.9084,7.0640,1105.4230,1048.7701,1061.1980,1092.1557,1166.6932,1440.6876,1,on,1,1.5000
1786346168.116847,1,1,,1087.0000,1034.0000,1044.0000,1079.0000,1162.0000,1450.0000,162.112,173.894,170.791,163.871,85.326,44.889,1106,1047,1068,1092,1369,1467,0,0,0,0,0,0,1,1,1,1,0,1,4.9908,4.9908,4.9908,4.9908,2.9084,7.0640,1105.4230,1048.7701,1061.1980,1092.1557,1166.6932,1440.6876,0,on,1,1.5000
1786346168.184178,1,1,,1086.0000,1034.0000,1043.0000,1079.0000,1157.0000,1488.0000,162.478,174.591,170.984,163.871,87.080,39.514,1107,1047,1068,1092,1369,1467,0,0,46,0,0,0,1,1,1,1,0,1,4.9908,4.9908,4.9908,4.9908,2.9084,7.0640,1105.4230,1048.7701,1061.1980,1092.1557,1166.6932,1440.6876,0,on,1,1.5000
1786346168.252393,1,1,,1096.0000,1042.0000,1059.0000,1082.0000,1159.0000,1484.0000,160.440,171.113,167.804,163.116,86.366,39.983,1107,1047,1067,1092,1369,1467,0,0,35,0,0,0,1,1,1,1,0,1,4.9908,4.9908,4.9908,4.9908,2.9084,7.0640,1105.4230,1048.7701,1061.1980,1092.1557,1166.6932,1440.6876,0,on,1,1.5000
1786346168.316226,1,1,,1109.0000,1057.0000,1075.0000,1095.0000,1163.0000,1523.0000,157.710,168.255,164.569,160.568,84.934,34.504,1107,1047,1064,1092,1369,1467,0,0,25,0,0,0,1,1,1,1,0,1,4.9908,4.9908,4.9908,4.9908,2.9084,7.0640,1105.4230,1048.7701,1061.1980,1092.1557,1166.6932,1461.6526,1,on,1,1.5000
1786346168.384197,1,1,,1106.0000,1048.0000,1065.0000,1084.0000,1156.0000,1500.0000,158.335,169.949,166.605,162.704,87.347,37.729,1106,1047,1063,1092,1369,1467,0,0,29,0,0,0,1,1,1,1,0,1,4.9908,4.9908,4.9908,4.9908,2.9084,7.0640,1105.4230,1048.7701,1061.1980,1092.1557,1166.6932,1461.6526,0,on,1,1.5000
1786346168.452210,1,1,,1111.0000,1063.0000,1074.0000,1081.0000,1160.0000,1546.0000,157.426,167.017,164.786,163.332,86.010,31.288,1107,1047,1063,1092,1369,1467,0,0,35,0,0,0,1,1,1,1,0,1,4.9908,4.9908,4.9908,4.9908,2.9084,7.0640,1105.4230,1048.7701,1061.1980,1092.1557,1162.2979,1481.9579,1,on,1,1.5000
1786346168.516201,1,1,,1130.0000,1054.0000,1068.0000,1084.0000,1162.0000,1560.0000,153.643,168.716,165.905,162.733,85.340,29.348,1107,1047,1063,1092,1369,1467,0,0,44,0,0,44,1,1,1,1,0,0,4.9908,4.9908,4.9908,4.9908,2.9084,7.0640,1105.4230,1048.7701,1061.1980,1092.1557,1162.2979,1497.5340,1,on,1,1.5000
1786346168.584212,1,1,,1222.0000,1160.0000,1147.0000,1210.0000,1219.0000,1698.0000,135.095,147.476,150.158,137.618,65.592,9.806,1106,1047,1061,1092,1369,1485,0,0,0,0,0,72,1,1,1,1,1,0,4.9908,4.9908,4.9908,4.9908,2.9084,7.0640,1129.5947,1068.5310,1075.3276,1111.2739,1168.8239,1564.5852,1,on,1,1.5000
1786346168.652226,1,1,,1316.0000,1366.0000,1330.0000,1411.0000,1257.0000,1594.0000,116.227,106.204,113.571,97.265,52.661,24.454,1106,1047,1061,1092,1366,1501,36,20,0,23,64,78,0,0,0,0,1,0,4.9908,4.9908,4.9908,4.9908,2.9084,7.0640,1190.2365,1190.4145,1169.5511,1234.6185,1185.5869,1564.5852,1,on,1,1.5000
1786346168.716198,1,1,,1731.0000,1589.0000,1558.0000,1619.0000,1323.0000,1658.0000,33.186,61.541,67.902,55.596,29.883,15.447,1124,1056,1063,1105,1360,1541,59,67,55,54,68,53,0,0,0,0,1,0,4.9908,4.9908,4.9908,4.9908,2.9084,7.0640,1489.4816,1393.8461,1362.1152,1428.4120,1222.3894,1589.6534,1,on,1,1.5000
1786346168.784168,1,1,,1681.0000,1728.0000,1736.0000,1716.0000,1320.0000,1602.0000,43.171,33.690,32.101,36.174,30.779,23.380,1163,1102,1104,1147,1349,1556,68,66,58,47,58,63,0,0,0,0,1,0,4.9908,4.9908,4.9908,4.9908,2.9084,7.0640,1578.5342,1566.7578,1560.2368,1570.1030,1247.4914,1589.6534,1,on,1,1.5000
1786346168.852182,1,1,,1629.0000,1712.0000,1714.0000,1739.0000,1283.0000,1594.0000,53.675,36.929,36.553,31.550,43.673,24.434,1203,1146,1150,1186,1342,1572,64,60,58,59,59,26,0,0,0,0,1,0,4.9908,4.9908,4.9908,4.9908,2.9084,7.0640,1593.9234,1626.6109,1625.5424,1640.1862,1253.7204,1589.6534,1,on,1,1.5000
1786346168.916180,1,1,,1612.0000,1717.0000,1714.0000,1730.0000,1292.0000,1578.0000,57.022,35.913,36.553,33.352,40.705,26.708,1235,1178,1183,1218,1337,1577,65,53,61,44,52,25,0,0,0,0,1,0,4.9908,4.9908,4.9908,4.9908,2.9084,7.0640,1593.9234,1654.5795,1653.3379,1668.0611,1259.1599,1589.6534,1,on,1,1.5000
1786346168.984190,1,1,,1638.0000,1710.0000,1705.0000,1712.0000,1288.0000,1592.0000,51.800,37.256,38.367,36.993,42.006,24.760,1269,1215,1218,1253,1329,1581,58,56,59,44,36,32,0,0,0,0,1,0,4.9908,4.9908,4.9908,4.9908,2.9084,7.0640,1603.1579,1667.2161,1665.0114,1677.5007,1259.1599,1589.6534,1,on,1,1.5000
1786346169.052228,1,1,,1675.0000,1707.0000,1711.0000,1702.0000,1298.0000,1583.0000,44.378,37.865,37.116,39.041,38.450,26.059,1300,1247,1254,1287,1323,1588,67,57,48,47,38,25,0,0,0,0,1,0,4.9908,4.9908,4.9908,4.9908,2.9084,7.0640,1616.0888,1667.2161,1673.0829,1677.5007,1266.7127,1589.6534,1,on,1,1.5000
1786346169.116230,1,1,,1679.0000,1708.0000,1711.0000,1707.0000,1294.0000,1585.0000,43.575,37.807,37.068,37.855,40.010,25.702,1327,1277,1280,1314,1318,1588,70,64,45,46,42,27,0,0,0,0,1,0,4.9908,4.9908,4.9908,4.9908,2.9084,7.0640,1627.2583,1678.4407,1673.0829,1677.5007,1266.7127,1589.6534,1,on,1,1.5000
1786346169.189707,1,1,,1671.0000,1706.0000,1713.0000,1710.0000,1296.0000,1588.0000,45.080,38.085,36.658,37.273,39.032,25.341,1367,1313,1318,1350,1311,1589,62,62,60,57,46,0,0,0,0,0,1,1,4.9908,4.9908,4.9908,4.9908,2.9084,7.0640,1627.2583,1678.4407,1682.8182,1686.4618,1272.1270,1589.6534,1,on,1,1.5000
1786346169.257589,1,1,,1677.0000,1710.0000,1713.0000,1702.0000,1297.0000,1586.0000,44.047,37.300,36.698,38.997,38.739,25.672,1399,1347,1352,1384,1305,1589,69,52,58,41,41,0,0,0,0,0,1,1,4.9908,4.9908,4.9908,4.9908,2.9084,7.0640,1640.1207,1678.4407,1682.8182,1686.4618,1272.1270,1589.6534,1,on,1,1.5000
1786346169.321621,1,1,,1659.0000,1702.0000,1715.0000,1716.0000,1290.0000,1582.0000,47.601,39.003,36.443,36.178,41.216,26.156,1426,1374,1380,1410,1299,1589,65,59,48,47,39,0,0,0,0,0,1,1,4.9908,4.9908,4.9908,4.9908,2.9084,7.0640,1640.1207,1685.9396,1682.8182,1686.4618,1272.1270,1589.6534,1,on,1,1.5000
1786346169.384183,1,1,,1655.0000,1705.0000,1709.0000,1710.0000,1292.0000,1582.0000,48.365,38.328,37.480,37.400,40.720,26.170,1452,1400,1405,1440,1293,1589,62,70,48,45,33,0,0,0,0,0,1,1,4.9908,4.9908,4.9908,4.9908,2.9084,7.0640,1640.1207,1685.9396,1690.8823,1686.4618,1276.7396,1589.6534,1,on,1,1.5000
1786346169.457585,1,1,,1666.0000,1703.0000,1701.0000,1703.0000,1302.0000,1583.0000,46.114,38.708,39.153,38.722,37.003,26.033,1491,1438,1443,1477,1286,1589,63,63,53,43,37,0,0,0,0,0,1,1,4.9908,4.9908,4.9908,4.9908,2.9084,7.0640,1640.1207,1685.9396,1690.8823,1686.4618,1276.7396,1589.6534,0,on,1,1.5000
1786346169.516182,1,1,,1677.0000,1705.0000,1721.0000,1718.0000,1304.0000,1565.0000,43.974,38.287,35.167,35.790,36.406,28.554,1519,1463,1471,1505,1281,1589,61,73,69,35,42,0,0,0,0,0,1,1,4.9908,4.9908,4.9908,4.9908,2.9084,7.0640,1647.8546,1685.9396,1690.8823,1694.5199,1276.7396,1589.6534,1,on,1,1.5000
1786346169.584210,1,1,,1667.0000,1711.0000,1725.0000,1724.0000,1306.0000,1576.0000,45.882,37.110,34.247,34.581,35.909,27.021,1548,1493,1498,1532,1279,1589,65,66,65,59,27,0,0,0,0,0,1,1,4.9908,4.9908,4.9908,4.9908,2.9084,7.0640,1647.8546,1685.9396,1690.8823,1694.5199,1283.2489,1589.6534,1,on,1,1.5000
1786346169.652184,1,1,,1671.0000,1713.0000,1721.0000,1718.0000,1303.0000,1575.0000,45.221,36.772,35.119,35.760,36.779,27.139,1582,1527,1533,1566,1277,1589,71,67,51,54,0,0,0,0,0,0,0,1,4.9908,4.9908,4.9908,4.9908,2.9084,7.0640,1647.8546,1685.9396,1699.3441,1694.5199,1283.2489,1589.6534,1,on,1,1.5000
1786346169.716192,1,1,,1671.0000,1706.0000,1725.0000,1724.0000,1302.0000,1561.0000,45.130,38.085,34.427,34.503,37.171,29.178,1619,1561,1567,1607,1277,1589,67,73,60,36,0,0,0,0,0,0,0,1,4.9908,4.9908,4.9908,4.9908,2.9084,7.0640,1647.8546,1693.8346,1699.3441,1694.5199,1283.2489,1589.6534,1,on,1,1.5000
1786346169.784215,1,1,,1679.0000,1716.0000,1724.0000,1732.0000,1295.0000,1571.0000,43.488,36.113,34.514,32.995,39.498,27.746,1636,1593,1597,1632,1277,1589,33,64,56,40,0,0,0,0,0,0,0,1,4.9908,4.9908,4.9908,4.9908,2.9084,7.0640,1647.8546,1693.8346,1699.3441,1704.3242,1283.2489,1589.6534,1,on,1,1.5000
1786346169.852315,1,1,,1677.0000,1715.0000,1719.0000,1731.0000,1296.0000,1577.0000,43.923,36.444,35.578,33.123,39.145,26.818,1644,1630,1636,1670,1277,1589,16,58,50,72,0,0,0,0,0,0,0,1,4.9908,4.9908,4.9908,4.9908,2.9084,7.0640,1656.9787,1693.8346,1699.3441,1704.3242,1283.2489,1589.6534,1,on,1,1.5000
1786346169.916178,1,1,,1683.0000,1716.0000,1720.0000,1733.0000,1295.0000,1584.0000,42.678,36.131,35.258,32.715,39.503,25.903,1648,1667,1673,1696,1278,1589,29,65,58,0,17,0,0,0,0,0,0,1,4.9908,4.9908,4.9908,4.9908,2.9084,7.0640,1656.9787,1693.8346,1699.3441,1704.3242,1283.2489,1589.6534,0,on,1,1.5000
1786346169.984200,1,1,,1680.0000,1715.0000,1718.0000,1723.0000,1293.0000,1575.0000,43.424,36.358,35.676,34.779,40.303,27.127,1653,1685,1691,1702,1280,1589,0,28,21,0,19,0,0,0,0,0,0,1,4.9908,4.9908,4.9908,4.9908,2.9084,7.0640,1656.9787,1693.8346,1699.3441,1704.3242,1287.6980,1589.6534,1,on,1,1.5000
1786346170.052197,1,1,,1669.0000,1717.0000,1719.0000,1719.0000,1294.0000,1583.0000,45.634,35.939,35.577,35.544,40.035,26.082,1653,1692,1699,1702,1282,1589,0,0,0,0,17,0,0,0,0,0,0,1,4.9908,4.9908,4.9908,4.9908,2.9084,7.0640,1656.9787,1693.8346,1707.2311,1704.3242,1287.6980,1589.6534,1,on,1,1.5000
1786346170.116187,1,1,,1666.0000,1712.0000,1718.0000,1719.0000,1294.0000,1571.0000,46.259,36.994,35.842,35.606,40.035,27.723,1653,1692,1701,1702,1284,1589,0,0,18,0,23,0,0,0,0,0,0,1,4.9908,4.9908,4.9908,4.9908,2.9084,7.0640,1656.9787,1701.4834,1707.2311,1704.3242,1287.6980,1589.6534,1,on,1,1.5000
1786346170.184244,1,1,,1674.0000,1713.0000,1713.0000,1715.0000,1295.0000,1567.0000,44.591,36.757,36.711,36.259,39.454,28.318,1653,1694,1706,1702,1287,1589,0,26,0,0,0,0,0,0,0,0,1,1,4.9908,4.9908,4.9908,4.9908,2.9084,7.0640,1656.9787,1701.4834,1707.2311,1704.3242,1287.6980,1589.6534,0,on,1,1.5000
