t,seen,trust,why,tgt_pinky,tgt_ring,tgt_middle,tgt_index,tgt_thumb_bend,tgt_thumb_rot,curl_pinky,curl_ring,curl_middle,curl_index,thumb_flexion,opposition,ang_pinky,ang_ring,ang_middle,ang_index,ang_thumb_bend,ang_thumb_rot,cur_pinky,cur_ring,cur_middle,cur_index,cur_thumb_bend,cur_thumb_rot,sta_pinky,sta_ring,sta_middle,sta_index,sta_thumb_bend,sta_thumb_rot,gain_pinky,gain_ring,gain_middle,gain_index,gain_thumb_bend,gain_thumb_rot,sent_pinky,sent_ring,sent_middle,sent_index,sent_thumb_bend,sent_thumb_rot,sent,mode,applying
1786107037.101286,1,1,,1184.0000,1551.0000,1434.0000,1363.0000,1253.0000,1251.0000,142.748,69.205,92.656,106.972,53.830,118.599,1177,1240,1186,1248,1196,1467,0,0,0,0,0,0,1,1,1,1,1,1,4.9908,4.9908,4.9908,4.9908,2.9084,4.5916,1184.0000,1551.0000,1434.0000,1363.0000,1253.0000,1251.0000,0,on,1
1786107037.116537,1,1,,1654.0000,1744.0000,1589.0000,1507.0000,1325.0000,1394.0000,48.567,30.572,61.562,77.948,29.177,87.592,1177,1240,1186,1248,1196,1467,0,0,0,0,0,0,1,1,1,1,1,1,4.9908,4.9908,4.9908,4.9908,2.9084,4.5916,1321.5926,1579.4363,1453.0016,1379.5826,1257.5506,1267.3699,0,on,1
1786107037.138432,1,0,edge-on,1634.0000,1755.0000,1586.0000,1560.0000,1347.0000,1396.0000,52.537,28.360,62.118,67.407,21.572,87.025,1177,1240,1186,1248,1196,1467,0,0,0,0,0,0,1,1,1,1,1,1,4.9908,4.9908,4.9908,4.9908,2.9084,4.5916,1453.8477,1625.7413,1482.1061,1423.7482,1257.5506,1267.3699,0,on,1
1786107037.161629,1,0,handedness unsure,1662.0000,1760.0000,1587.0000,1565.0000,1351.0000,1401.0000,47.033,27.377,61.918,66.417,20.217,85.978,1177,1240,1186,1248,1196,1467,0,0,0,0,0,0,1,1,1,1,1,1,4.9908,4.9908,4.9908,4.9908,2.9084,4.5916,1542.0188,1663.9495,1507.0227,1462.8707,1257.5506,1267.3699,0,on,1
1786107037.185531,1,0,handedness unsure,1646.0000,1754.0000,1592.0000,1585.0000,1342.0000,1367.0000,50.221,28.451,61.094,62.424,23.226,93.483,1177,1240,1186,1248,1196,1467,0,0,0,0,0,0,1,1,1,1,1,1,4.9908,4.9908,4.9908,4.9908,2.9084,4.5916,1580.9478,1688.0304,1526.8101,1497.3500,1257.5506,1267.3699,0,on,1
1786107037.217312,1,0,handedness unsure,1639.0000,1743.0000,1583.0000,1586.0000,1338.0000,1330.0000,51.586,30.644,62.742,62.198,24.593,101.417,1177,1240,1186,1248,1196,1467,0,0,0,0,0,0,1,1,1,1,1,1,4.9908,4.9908,4.9908,4.9908,2.9084,4.5916,1601.0027,1702.3109,1540.0153,1523.5221,1257.5506,1267.3699,0,on,1
1786107037.254304,1,0,handedness unsure,1651.0000,1747.0000,1584.0000,1559.0000,1353.0000,1300.0000,49.218,30.032,62.636,67.640,19.738,108.043,1177,1240,1186,1248,1196,1467,0,0,0,0,0,0,1,1,1,1,1,1,4.9908,4.9908,4.9908,4.9908,2.9084,4.5916,1615.2780,1712.2205,1549.0213,1531.9582,1257.5506,1267.3699,0,on,1
1786107037.285047,1,0,handedness unsure,1639.0000,1751.0000,1592.0000,1577.0000,1352.0000,1319.0000,51.614,29.049,60.940,63.936,20.107,103.877,1177,1240,1186,1248,1196,1467,0,0,0,0,0,0,1,1,1,1,1,1,4.9908,4.9908,4.9908,4.9908,2.9084,4.5916,1615.2780,1712.2205,1549.0213,1539.8413,1257.5506,1267.3699,0,on,1
1786107037.322539,1,0,handedness unsure,1632.0000,1756.0000,1586.0000,1574.0000,1355.0000,1336.0000,52.926,28.075,62.284,64.666,18.928,100.036,1177,1240,1186,1248,1196,1467,0,0,0,0,0,0,1,1,1,1,1,1,4.9908,4.9908,4.9908,4.9908,2.9084,4.5916,1615.2780,1724.2428,1560.0369,1539.8413,1257.5506,1267.3699,0,on,1
1786107037.349555,1,0,handedness unsure,1642.0000,1754.0000,1577.0000,1583.0000,1351.0000,1312.0000,51.012,28.555,64.077,62.752,20.231,105.463,1177,1240,1186,1248,1196,1467,0,0,0,0,0,0,1,1,1,1,1,1,4.9908,4.9908,4.9908,4.9908,2.9084,4.5916,1623.2603,1724.2428,1560.0369,1549.7501,1257.5506,1267.3699,0,on,1
1786107037.385147,1,0,handedness unsure,1619.0000,1743.0000,1592.0000,1585.0000,1350.0000,1329.0000,55.622,30.707,61.019,62.368,20.577,101.625,1177,1240,1186,1248,1196,1467,0,0,0,0,0,0,1,1,1,1,1,1,4.9908,4.9908,4.9908,4.9908,2.9084,4.5916,1623.2603,1724.2428,1560.0369,1549.7501,1257.5506,1267.3699,0,on,1
1786107037.417213,1,0,handedness unsure,1630.0000,1740.0000,1595.0000,1607.0000,1336.0000,1306.0000,53.450,31.299,60.344,57.991,25.483,106.606,1177,1240,1186,1248,1196,1467,0,0,0,0,0,0,1,1,1,1,1,1,4.9908,4.9908,4.9908,4.9908,2.9084,4.5916,1623.2603,1724.2428,1567.6353,1561.3504,1257.5506,1267.3699,0,on,1
1786107037.449168,1,0,handedness unsure,1624.0000,1732.0000,1591.0000,1610.0000,1318.0000,1290.0000,54.524,32.952,61.156,57.474,31.502,110.193,1177,1240,1186,1248,1196,1467,0,0,0,0,0,0,1,1,1,1,1,1,4.9908,4.9908,4.9908,4.9908,2.9084,4.5916,1623.2603,1724.2428,1567.6353,1561.3504,1257.5506,1267.3699,0,on,1
1786107037.485578,1,0,handedness unsure,1624.0000,1729.0000,1582.0000,1567.0000,1338.0000,1304.0000,54.516,33.641,63.074,65.908,24.624,107.058,1177,1240,1186,1248,1196,1467,0,0,0,0,0,0,1,1,1,1,1,1,4.9908,4.9908,4.9908,4.9908,2.9084,4.5916,1623.2603,1724.2428,1567.6353,1561.3504,1257.5506,1267.3699,0,on,1
1786107037.517531,1,0,handedness unsure,1613.0000,1712.0000,1594.0000,1574.0000,1335.0000,1286.0000,56.712,36.880,60.593,64.550,25.902,110.991,1177,1240,1186,1248,1196,1467,0,0,0,0,0,0,1,1,1,1,1,1,4.9908,4.9908,4.9908,4.9908,2.9084,4.5916,1623.2603,1724.2428,1567.6353,1561.3504,1257.5506,1267.3699,0,on,1
1786107037.549153,1,1,,1621.0000,1734.0000,1578.0000,1557.0000,1334.0000,1316.0000,55.241,32.568,63.795,68.015,26.110,104.385,1177,1240,1186,1248,1196,1467,0,0,0,0,0,0,1,1,1,1,1,1,4.9908,4.9908,4.9908,4.9908,2.9084,4.5916,1623.2603,1724.2428,1567.6353,1561.3504,1269.6864,1276.1849,0,on,1
1786107037.585100,1,1,,1651.0000,1724.0000,1553.0000,1539.0000,1332.0000,1280.0000,49.113,34.473,68.768,71.607,26.682,112.304,1177,1240,1186,1248,1196,1467,0,0,0,0,0,0,1,1,1,1,1,1,4.9908,4.9908,4.9908,4.9908,2.9084,4.5916,1623.2603,1724.2428,1567.6353,1561.3504,1280.5424,1276.1849,0,on,1
1786107037.617486,1,1,,1653.0000,1716.0000,1539.0000,1564.0000,1343.0000,1314.0000,48.726,36.131,71.611,66.530,22.870,104.993,1177,1240,1186,1248,1196,1467,0,0,0,0,0,0,1,1,1,1,1,1,4.9908,4.9908,4.9908,4.9908,2.9084,4.5916,1623.2603,1724.2428,1567.6353,1561.3504,1290.8386,1276.1849,0,on,1
1786107037.649166,1,1,,1649.0000,1748.0000,1528.0000,1530.0000,1349.0000,1312.0000,49.487,29.737,73.772,73.333,20.896,105.300,1177,1240,1186,1248,1196,1467,0,0,0,0,0,0,1,1,1,1,1,1,4.9908,4.9908,4.9908,4.9908,2.9084,4.5916,1623.2603,1724.2428,1567.6353,1561.3504,1300.2440,1284.1820,0,on,1
1786107037.685160,1,1,,1648.0000,1693.0000,1515.0000,1534.0000,1331.0000,1327.0000,49.707,40.814,76.351,72.662,27.189,102.162,1177,1240,1186,1248,1196,1467,0,0,0,0,0,0,1,1,1,1,1,1,4.9908,4.9908,4.9908,4.9908,2.9084,4.5916,1623.2603,1724.2428,1567.6353,1561.3504,1304.6303,1284.1820,0,on,1
1786107037.717540,1,1,,1641.0000,1699.0000,1563.0000,1544.0000,1336.0000,1280.0000,51.164,39.523,66.891,70.692,25.444,112.283,1177,1240,1186,1248,1196,1467,0,0,0,0,0,0,1,1,1,1,1,1,4.9908,4.9908,4.9908,4.9908,2.9084,4.5916,1623.2603,1724.2428,1567.6353,1561.3504,1304.6303,1284.1820,0,on,1
1786107037.749155,1,1,,1641.0000,1687.0000,1546.0000,1547.0000,1343.0000,1289.0000,51.208,41.863,70.121,69.926,23.163,110.294,1177,1240,1186,1248,1196,1467,0,0,0,0,0,0,1,1,1,1,1,1,4.9908,4.9908,4.9908,4.9908,2.9084,4.5916,1623.2603,1724.2428,1559.7322,1561.3504,1312.1055,1284.1820,0,on,1
1786107037.785111,1,1,,1654.0000,1688.0000,1574.0000,1579.0000,1330.0000,1344.0000,48.599,41.665,64.606,63.563,27.427,98.299,1177,1240,1186,1248,1196,1467,0,0,0,0,0,0,1,1,1,1,1,1,4.9908,4.9908,4.9908,4.9908,2.9084,4.5916,1632.1001,1724.2428,1559.7322,1561.3504,1312.1055,1294.3463,0,on,1
1786107037.822553,1,1,,1626.0000,1693.0000,1573.0000,1571.0000,1342.0000,1312.0000,54.189,40.716,64.731,65.248,23.540,105.363,1177,1240,1186,1248,1196,1467,0,0,0,0,0,0,1,1,1,1,1,1,4.9908,4.9908,4.9908,4.9908,2.9084,4.5916,1632.1001,1716.0996,1559.7322,1561.3504,1316.5148,1294.3463,0,on,1
1786107037.849524,1,1,,1640.0000,1714.0000,1581.0000,1582.0000,1336.0000,1334.0000,51.401,36.508,63.183,63.003,25.585,100.475,1177,1240,1186,1248,1196,1467,0,0,0,0,0,0,1,1,1,1,1,1,4.9908,4.9908,4.9908,4.9908,2.9084,4.5916,1632.1001,1716.0996,1559.7322,1561.3504,1316.5148,1294.3463,0,on,1
1786107037.885150,1,1,,1649.0000,1720.0000,1573.0000,1575.0000,1338.0000,1315.0000,49.607,35.266,64.857,64.413,24.753,104.808,1177,1240,1186,1248,1196,1467,0,0,0,0,0,0,1,1,1,1,1,1,4.9908,4.9908,4.9908,4.9908,2.9084,4.5916,1632.1001,1716.0996,1559.7322,1561.3504,1316.5148,1294.3463,0,on,1
1786107037.917587,1,1,,1627.0000,1733.0000,1581.0000,1576.0000,1330.0000,1319.0000,53.968,32.792,63.170,64.184,27.469,103.817,1177,1240,1186,1248,1196,1467,0,0,0,0,0,0,1,1,1,1,1,1,4.9908,4.9908,4.9908,4.9908,2.9084,4.5916,1632.1001,1716.0996,1559.7322,1561.3504,1316.5148,1301.7073,0,on,1
1786107037.949147,1,1,,1645.0000,1726.0000,1574.0000,1559.0000,1329.0000,1317.0000,50.296,34.135,64.547,67.707,27.922,104.360,1177,1240,1186,1248,1196,1467,0,0,0,0,0,0,1,1,1,1,1,1,4.9908,4.9908,4.9908,4.9908,2.9084,4.5916,1632.1001,1716.0996,1559.7322,1561.3504,1316.5148,1301.7073,0,on,1
1786107037.985121,1,1,,1634.0000,1699.0000,1564.0000,1575.0000,1341.0000,1342.0000,52.554,39.493,66.688,64.370,23.841,98.805,1177,1240,1186,1248,1196,1467,0,0,0,0,0,0,1,1,1,1,1,1,4.9908,4.9908,4.9908,4.9908,2.9084,4.5916,1632.1001,1716.0996,1559.7322,1561.3504,1321.7825,1301.7073,0,on,1
1786107038.017199,1,1,,1624.0000,1700.0000,1574.0000,1582.0000,1332.0000,1347.0000,54.500,39.447,64.624,63.011,26.930,97.738,1177,1240,1186,1248,1196,1467,0,0,0,0,0,0,1,1,1,1,1,1,4.9908,4.9908,4.9908,4.9908,2.9084,4.5916,1632.1001,1716.0996,1559.7322,1561.3504,1321.7825,1310.5180,0,on,1
1786107038.049247,1,1,,1635.0000,1708.0000,1570.0000,1585.0000,1325.0000,1335.0000,52.280,37.754,65.427,62.446,29.236,100.397,1177,1240,1186,1248,1196,1467,0,0,0,0,0,0,1,1,1,1,1,1,4.9908,4.9908,4.9908,4.9908,2.9084,4.5916,1632.1001,1716.0996,1559.7322,1561.3504,1321.7825,1310.5180,0,on,1
1786107038.085127,1,1,,1630.0000,1708.0000,1577.0000,1588.0000,1330.0000,1335.0000,53.419,37.798,63.929,61.892,27.362,100.266,1177,1240,1186,1248,1196,1467,0,0,0,0,0,0,1,1,1,1,1,1,4.9908,4.9908,4.9908,4.9908,2.9084,4.5916,1632.1001,1716.0996,1559.7322,1561.3504,1321.7825,1310.5180,0,on,1
1786107038.117164,1,1,,1637.0000,1707.0000,1570.0000,1590.0000,1333.0000,1348.0000,51.947,37.924,65.307,61.416,26.349,97.427,1177,1240,1186,1248,1196,1467,0,0,0,0,0,0,1,1,1,1,1,1,4.9908,4.9908,4.9908,4.9908,2.9084,4.5916,1632.1001,1716.0996,1559.7322,1561.3504,1321.7825,1317.7683,0,on,1
1786107038.149538,1,1,,1637.0000,1723.0000,1571.0000,1584.0000,1330.0000,1321.0000,51.915,34.727,65.242,62.611,27.335,103.394,1177,1240,1186,1248,1196,1467,0,0,0,0,0,0,1,1,1,1,1,1,4.9908,4.9908,4.9908,4.9908,2.9084,4.5916,1632.1001,1716.0996,1559.7322,1569.3055,1321.7825,1317.7683,0,on,1
1786107038.190664,1,0,edge-on,1630.0000,1720.0000,1551.0000,1555.0000,1343.0000,1321.0000,53.345,35.303,69.195,68.373,23.018,103.301,1177,1240,1186,1248,1196,1467,0,0,0,0,0,0,1,1,1,1,1,1,4.9908,4.9908,4.9908,4.9908,2.9084,4.5916,1632.1001,1716.0996,1559.7322,1569.3055,1321.7825,1317.7683,0,on,1
1786107038.217164,1,0,edge-on,1641.0000,1722.0000,1554.0000,1565.0000,1341.0000,1313.0000,51.187,34.912,68.635,66.330,23.841,105.107,1177,1240,1186,1248,1196,1467,0,0,0,0,0,0,1,1,1,1,1,1,4.9908,4.9908,4.9908,4.9908,2.9084,4.5916,1632.1001,1716.0996,1559.7322,1569.3055,1321.7825,1317.7683,0,on,1
1786107038.249162,1,0,handedness unsure,1620.0000,1694.0000,1569.0000,1580.0000,1346.0000,1339.0000,55.288,40.521,65.698,63.474,21.938,99.402,1177,1240,1186,1248,1196,1467,0,0,0,0,0,0,1,1,1,1,1,1,4.9908,4.9908,4.9908,4.9908,2.9084,4.5916,1632.1001,1716.0996,1559.7322,1569.3055,1321.7825,1317.7683,0,on,1
1786107038.285141,1,0,edge-on,1622.0000,1690.0000,1572.0000,1574.0000,1344.0000,1351.0000,55.018,41.348,65.070,64.543,22.853,96.881,1177,1240,1186,1248,1196,1467,0,0,0,0,0,0,1,1,1,1,1,1,4.9908,4.9908,4.9908,4.9908,2.9084,4.5916,1632.1001,1716.0996,1559.7322,1569.3055,1321.7825,1317.7683,0,on,1
1786107038.317095,1,0,edge-on,1622.0000,1693.0000,1570.0000,1579.0000,1356.0000,1359.0000,55.065,40.732,65.468,63.585,18.464,95.090,1177,1240,1186,1248,1196,1467,0,0,0,0,0,0,1,1,1,1,1,1,4.9908,4.9908,4.9908,4.9908,2.9084,4.5916,1632.1001,1716.0996,1559.7322,1569.3055,1321.7825,1317.7683,1,on,1
1786107038.349186,1,0,edge-on,1613.0000,1692.0000,1582.0000,1591.0000,1351.0000,1371.0000,56.827,41.036,63.019,61.129,20.261,92.450,1177,1240,1186,1248,1196,1467,0,0,0,0,0,0,0,0,0,0,0,1,4.9908,4.9908,4.9908,4.9908,2.9084,4.5916,1632.1001,1716.0996,1559.7322,1569.3055,1321.7825,1317.7683,0,on,1
1786107038.385519,1,0,edge-on,1617.0000,1695.0000,1577.0000,1588.0000,1353.0000,1368.0000,55.937,40.422,63.949,61.726,19.467,93.121,1179,1244,1186,1248,1196,1464,63,53,62,70,21,100,0,0,0,0,0,1,4.9908,4.9908,4.9908,4.9908,2.9084,4.5916,1632.1001,1716.0996,1559.7322,1569.3055,1321.7825,1317.7683,0,on,1
1786107038.417128,1,0,edge-on,1626.0000,1680.0000,1570.0000,1584.0000,1347.0000,1367.0000,54.232,43.270,65.379,62.629,21.673,93.419,1195,1260,1208,1266,1196,1439,72,58,53,64,64,100,0,0,0,0,0,1,4.9908,4.9908,4.9908,4.9908,2.9084,4.5916,1632.1001,1707.4944,1559.7322,1569.3055,1321.7825,1317.7683,1,on,1
1786107038.449167,1,0,edge-on,1636.0000,1699.0000,1571.0000,1591.0000,1340.0000,1366.0000,52.199,39.534,65.270,61.101,23.942,93.649,1207,1272,1219,1281,1201,1420,75,64,53,48,47,101,0,0,0,0,0,1,4.9908,4.9908,4.9908,4.9908,2.9084,4.5916,1632.1001,1707.4944,1559.7322,1569.3055,1321.7825,1317.7683,0,on,1
1786107038.485148,1,1,,1671.0000,1687.0000,1529.0000,1520.0000,1337.0000,1286.0000,45.219,41.907,73.603,75.356,25.108,110.989,1237,1298,1246,1307,1207,1375,71,75,57,57,53,83,0,0,0,0,0,1,4.9908,4.9908,4.9908,4.9908,2.9084,4.5916,1632.1001,1707.4944,1559.7322,1569.3055,1321.7825,1317.7683,0,on,1
1786107038.517494,1,1,,1733.0000,1657.0000,1556.0000,1600.0000,1221.0000,1226.0000,32.713,47.889,68.272,59.402,64.919,141.273,1249,1311,1261,1320,1209,1356,65,76,57,44,44,93,0,0,0,0,0,1,4.9908,4.9908,4.9908,4.9908,2.9084,4.5916,1648.1500,1707.4944,1559.7322,1569.3055,1311.4431,1305.4808,1,on,1
1786107038.549155,1,0,handedness unsure,1735.0000,1634.0000,1594.0000,1635.0000,1273.0000,1226.0000,32.378,52.627,60.525,52.308,47.222,133.833,1270,1329,1278,1339,1214,1332,59,77,56,32,42,17,0,0,0,0,0,1,4.9908,4.9908,4.9908,4.9908,2.9084,4.5916,1663.9688,1691.8587,1559.7322,1577.2843,1311.4431,1305.4808,1,on,1
1786107038.585217,1,0,handedness unsure,1727.0000,1728.0000,1643.0000,1609.0000,1308.0000,1226.0000,33.849,33.817,50.751,57.656,35.158,139.037,1290,1349,1297,1354,1218,1330,55,63,60,46,30,30,0,0,0,0,0,1,4.9908,4.9908,4.9908,4.9908,2.9084,4.5916,1675.8631,1691.8587,1574.5976,1577.2843,1311.4431,1305.4808,1,on,1
1786107038.617125,1,0,handedness unsure,1685.0000,1670.0000,1640.0000,1664.0000,1321.0000,1850.0000,42.427,45.344,51.361,46.592,30.740,-178.886,1306,1365,1313,1375,1221,1326,50,62,61,38,33,26,0,0,0,0,0,1,4.9908,4.9908,4.9908,4.9908,2.9084,4.5916,1675.8631,1691.8587,1583.8966,1593.2588,1311.4431,1305.4808,1,on,1
1786107038.649488,1,0,hand looks flipped,1763.0000,1687.0000,1606.0000,1624.0000,1292.0000,1226.0000,26.741,41.946,58.106,54.551,40.442,170.311,1321,1382,1329,1384,1223,1324,69,61,60,45,28,20,0,0,0,0,0,1,4.9908,4.9908,4.9908,4.9908,2.9084,4.5916,1691.2331,1691.8587,1583.8966,1593.2588,1311.4431,1305.4808,1,on,1
1786107038.685115,1,0,handedness unsure,1659.0000,1691.0000,1544.0000,1569.0000,1284.0000,1483.0000,47.473,41.112,70.538,65.660,43.298,68.153,1338,1400,1349,1403,1226,1322,55,54,49,59,42,23,0,0,0,0,0,1,4.9908,4.9908,4.9908,4.9908,2.9084,4.5916,1691.2331,1691.8587,1583.8966,1593.2588,1311.4431,1305.4808,0,on,1
1786107038.717166,1,0,handedness unsure,1639.0000,1556.0000,1556.0000,1583.0000,1275.0000,1563.0000,51.588,68.197,68.129,62.814,46.354,50.798,1350,1409,1360,1414,1229,1322,69,57,50,35,31,24,0,0,0,0,0,1,4.9908,4.9908,4.9908,4.9908,2.9084,4.5916,1691.2331,1668.1676,1583.8966,1593.2588,1311.4431,1305.4808,1,on,1
1786107038.749244,1,0,handedness unsure,1693.0000,1695.0000,1688.0000,1711.0000,1321.0000,1765.0000,40.743,40.359,41.798,37.155,30.643,6.741,1366,1426,1377,1431,1232,1322,58,62,43,55,28,25,0,0,0,0,0,1,4.9908,4.9908,4.9908,4.9908,2.9084,4.5916,1691.2331,1668.1676,1596.5716,1612.6821,1311.4431,1305.4808,1,on,1
1786107038.785167,1,0,handedness unsure,1447.0000,1530.0000,1595.0000,1651.0000,1304.0000,1825.0000,90.007,73.479,60.466,49.269,36.359,-6.405,1381,1443,1390,1447,1235,1321,60,55,54,45,36,20,0,0,0,0,0,1,4.9908,4.9908,4.9908,4.9908,2.9084,4.5916,1621.2491,1640.9727,1596.5716,1612.6821,1311.4431,1305.4808,1,on,1
1786107038.817485,1,1,,1543.0000,1661.0000,1638.0000,1582.0000,1286.0000,1760.0000,70.907,47.184,51.872,62.961,42.643,7.748,1397,1457,1407,1465,1238,1316,66,69,51,41,37,30,0,0,0,0,0,1,4.9908,4.9908,4.9908,4.9908,2.9084,4.5916,1603.1196,1640.9727,1596.5716,1612.6821,1311.4431,1471.4205,1,on,1
1786107038.849539,1,0,handedness unsure,1414.0000,1305.0000,1227.0000,1143.0000,1344.0000,1585.0000,96.723,118.473,134.170,150.890,22.696,45.911,1413,1475,1421,1481,1242,1314,61,72,68,41,29,36,0,0,0,0,0,0,4.9908,4.9908,4.9908,4.9908,2.9084,4.5916,1545.7699,1524.8412,1478.9243,1428.3552,1311.4431,1471.4205,1,on,1
1786107038.885046,0,1,,,,,,,,,,,,,,1428,1492,1439,1497,1244,1314,70,62,54,0,36,33,0,0,0,1,0,0,4.9908,4.9908,4.9908,4.9908,2.9084,4.5916,,,,,,,0,on,1
1786107038.931106,1,1,,1710.0000,1664.0000,1657.0000,1661.0000,1330.0000,1773.0000,37.428,46.628,47.971,47.102,27.631,5.069,1451,1512,1460,1491,1248,1330,59,0,60,74,38,111,0,0,0,1,0,0,4.9908,4.9908,4.9908,4.9908,2.9084,4.5916,1545.7699,1543.6326,1478.9243,1443.2742,1311.4431,1625.5792,1,on,1
1786107038.953826,1,0,handedness unsure,1672.0000,1704.0000,1743.0000,1712.0000,1325.0000,1763.0000,44.903,38.492,30.710,36.999,29.085,7.216,1462,1514,1467,1474,1252,1358,58,13,20,48,24,98,0,0,0,1,0,0,4.9908,4.9908,4.9908,4.9908,2.9084,4.5916,1565.6325,1565.8226,1544.4380,1505.8454,1311.4431,1625.5792,1,on,1
1786107038.990357,1,0,handedness unsure,1692.0000,1684.0000,1723.0000,1724.0000,1319.0000,1763.0000,40.915,42.493,34.704,34.621,31.415,7.172,1478,1519,1470,1456,1255,1398,71,36,14,29,24,94,0,0,0,0,0,0,4.9908,4.9908,4.9908,4.9908,2.9084,4.5916,1596.0254,1594.3235,1605.8040,1586.6201,1311.4431,1625.5792,1,on,1
1786107039.017519,1,0,handedness unsure,1730.0000,1687.0000,1714.0000,1772.0000,1318.0000,1725.0000,33.372,41.961,36.643,24.972,31.778,15.348,1489,1527,1475,1452,1256,1419,65,63,45,0,31,105,0,0,0,0,0,0,4.9908,4.9908,4.9908,4.9908,2.9084,4.5916,1628.0528,1613.5652,1635.1828,1648.3768,1311.4431,1625.5792,1,on,1
1786107039.049508,1,0,handedness unsure,1750.0000,1723.0000,1734.0000,1769.0000,1296.0000,1773.0000,29.414,34.750,32.475,25.519,39.216,4.944,1506,1545,1489,1454,1259,1447,60,77,71,88,29,93,0,0,0,0,0,0,4.9908,4.9908,4.9908,4.9908,2.9084,4.5916,1661.6520,1640.6410,1662.7120,1688.5569,1311.4431,1625.5792,1,on,1
1786107039.085419,1,0,handedness unsure,1715.0000,1716.0000,1748.0000,1772.0000,1288.0000,1772.0000,36.256,36.238,29.691,24.982,42.037,5.106,1523,1564,1505,1477,1262,1475,68,83,81,46,37,93,0,0,0,0,0,0,4.9908,4.9908,4.9908,4.9908,2.9084,4.5916,1674.2535,1658.5464,1685.3033,1713.4204,1311.4431,1625.5792,1,on,1
1786107039.117367,1,1,,1697.0000,1745.0000,1778.0000,1736.0000,1280.0000,1734.0000,39.936,30.269,23.762,32.194,44.550,13.438,1540,1586,1527,1500,1266,1505,64,70,76,55,29,92,0,0,0,0,0,0,4.9908,4.9908,4.9908,4.9908,2.9084,4.5916,1674.2535,1677.4163,1707.3449,1713.4204,1311.4431,1658.5463,1,on,1
1786107039.149266,1,1,,1711.0000,1779.0000,1792.0000,1739.0000,1279.0000,1718.0000,37.096,23.452,20.886,31.547,44.923,16.920,1552,1598,1540,1514,1267,1521,74,67,64,48,27,78,0,0,0,0,0,0,4.9908,4.9908,4.9908,4.9908,2.9084,4.5916,1682.3252,1700.9303,1726.6636,1720.9417,1306.0669,1673.2878,1,on,1
1786107039.190470,1,1,,1720.0000,1764.0000,1802.0000,1747.0000,1286.0000,1724.0000,35.437,26.492,18.918,29.899,42.595,15.671,1575,1627,1568,1545,1272,1554,69,61,63,46,28,105,0,0,0,0,0,0,4.9908,4.9908,4.9908,4.9908,2.9084,4.5916,1682.3252,1715.4295,1744.6936,1720.9417,1306.0669,1684.8960,1,on,1
1786107039.217402,1,1,,1709.0000,1773.0000,1793.0000,1781.0000,1297.0000,1705.0000,37.519,24.745,20.794,23.156,38.821,19.876,1587,1640,1581,1558,1275,1570,62,69,70,45,24,97,0,0,0,0,0,0,4.9908,4.9908,4.9908,4.9908,2.9084,4.5916,1682.3252,1724.7339,1752.3142,1731.2284,1306.0669,1684.8960,1,on,1
1786107039.249433,1,1,,1678.0000,1757.0000,1761.0000,1754.0000,1301.0000,1719.0000,43.667,27.909,27.215,28.529,37.559,16.720,1605,1658,1599,1576,1277,1597,67,71,68,40,25,100,0,0,0,0,0,0,4.9908,4.9908,4.9908,4.9908,2.9084,4.5916,1682.3252,1724.7339,1752.3142,1731.2284,1306.0669,1684.8960,0,on,1
1786107039.285414,1,1,,1698.0000,1757.0000,1770.0000,1746.0000,1299.0000,1716.0000,39.812,27.957,25.306,30.144,38.047,17.457,1622,1681,1618,1596,1281,1621,66,57,58,42,28,98,0,0,0,0,0,0,4.9908,4.9908,4.9908,4.9908,2.9084,4.5916,1682.3252,1733.1670,1752.3142,1731.2284,1306.0669,1694.1803,1,on,1
1786107039.317546,1,1,,1704.0000,1766.0000,1783.0000,1770.0000,1312.0000,1716.0000,38.474,26.059,22.788,25.291,33.530,17.403,1642,1699,1638,1611,1283,1649,66,79,58,60,36,90,0,0,0,0,0,0,4.9908,4.9908,4.9908,4.9908,2.9084,4.5916,1690.0706,1733.1670,1752.3142,1731.2284,1306.0669,1694.1803,1,on,1
1786107039.349482,1,1,,1709.0000,1748.0000,1772.0000,1765.0000,1305.0000,1713.0000,37.592,29.642,24.835,26.424,36.004,18.134,1655,1712,1651,1626,1286,1665,67,20,58,55,28,88,0,0,0,0,0,0,4.9908,4.9908,4.9908,4.9908,2.9084,4.5916,1690.0706,1733.1670,1752.3142,1740.5322,1306.0669,1694.1803,1,on,1
1786107039.390443,1,1,,1699.0000,1745.0000,1766.0000,1755.0000,1301.0000,1708.0000,39.582,30.255,26.185,28.264,37.392,19.157,1678,1724,1676,1652,1290,1681,13,27,56,40,25,26,0,0,0,0,0,0,4.9908,4.9908,4.9908,4.9908,2.9084,4.5916,1690.0706,1733.1670,1752.3142,1740.5322,1306.0669,1694.1803,0,on,1
1786107039.417460,1,1,,1695.0000,1741.0000,1767.0000,1774.0000,1299.0000,1723.0000,40.397,31.043,25.956,24.537,38.165,15.777,1680,1728,1687,1663,1292,1684,21,21,68,52,24,35,0,0,0,0,0,0,4.9908,4.9908,4.9908,4.9908,2.9084,4.5916,1690.0706,1733.1670,1752.3142,1740.5322,1306.0669,1694.1803,0,on,1
1786107039.449521,1,1,,1681.0000,1747.0000,1766.0000,1772.0000,1293.0000,1731.0000,43.120,29.919,26.211,24.843,40.104,14.027,1685,1732,1708,1681,1295,1687,20,13,56,41,31,0,0,0,0,0,0,0,4.9908,4.9908,4.9908,4.9908,2.9084,4.5916,1690.0706,1733.1670,1752.3142,1740.5322,1306.0669,1702.2653,1,on,1
1786107039.485147,1,1,,1688.0000,1756.0000,1770.0000,1765.0000,1293.0000,1732.0000,41.838,28.057,25.245,26.338,40.224,13.964,1686,1732,1728,1700,1298,1687,0,0,64,50,30,64,0,0,0,0,0,0,4.9908,4.9908,4.9908,4.9908,2.9084,4.5916,1690.0706,1733.1670,1760.1192,1748.1048,1306.0669,1702.2653,1,on,1
1786107039.517459,1,1,,1676.0000,1755.0000,1761.0000,1765.0000,1290.0000,1731.0000,44.253,28.348,27.194,26.247,41.236,14.153,1686,1732,1742,1719,1302,1697,0,0,0,53,8,16,0,0,0,0,0,0,4.9908,4.9908,4.9908,4.9908,2.9084,4.5916,1690.0706,1733.1670,1760.1192,1748.1048,1306.0669,1702.2653,0,on,1
1786107039.549519,1,1,,1680.0000,1765.0000,1761.0000,1755.0000,1292.0000,1723.0000,43.416,26.247,27.137,28.263,40.487,15.778,1686,1732,1744,1739,1302,1697,9,0,0,11,0,20,0,0,0,0,0,0,4.9908,4.9908,4.9908,4.9908,2.9084,4.5916,1690.0706,1741.9315,1760.1192,1748.1048,1306.0669,1702.2653,1,on,1
1786107039.585503,1,1,,1680.0000,1771.0000,1769.0000,1753.0000,1297.0000,1730.0000,43.339,25.034,25.589,28.707,38.970,14.434,1688,1732,1744,1741,1303,1698,16,19,18,0,17,24,0,0,0,0,0,0,4.9908,4.9908,4.9908,4.9908,2.9084,4.5916,1690.0706,1741.9315,1760.1192,1748.1048,1306.0669,1710.0291,1,on,1
1786107039.617211,1,1,,1676.0000,1754.0000,1756.0000,1754.0000,1294.0000,1733.0000,44.218,28.511,28.139,28.569,39.748,13.743,1689,1734,1745,1743,1304,1697,0,28,14,0,14,50,0,0,0,0,0,0,4.9908,4.9908,4.9908,4.9908,2.9084,4.5916,1690.0706,1741.9315,1760.1192,1748.1048,1301.6552,1710.0291,1,on,1
1786107039.649132,1,1,,1703.0000,1759.0000,1756.0000,1763.0000,1294.0000,1734.0000,38.846,27.436,28.172,26.652,39.840,13.434,1689,1739,1746,1744,1305,1701,8,21,15,0,12,62,0,0,0,0,1,0,4.9908,4.9908,4.9908,4.9908,2.9084,4.5916,1690.0706,1741.9315,1760.1192,1748.1048,1301.6552,1710.0291,0,on,1
1786107039.685452,1,1,,1686.0000,1761.0000,1754.0000,1749.0000,1295.0000,1727.0000,42.140,27.107,28.540,29.515,39.544,15.010,1689,1742,1746,1744,1305,1712,16,15,14,0,40,0,0,1,0,0,1,1,4.9908,4.9908,4.9908,4.9908,2.9084,4.5916,1690.0706,1741.9315,1760.1192,1748.1048,1301.6552,1710.0291,0,on,1
1786107039.717581,1,1,,1696.0000,1759.0000,1751.0000,1759.0000,1297.0000,1723.0000,40.060,27.633,29.227,27.440,38.755,15.784,1690,1743,1750,1744,1303,1712,0,0,33,11,15,0,1,1,0,0,1,1,4.9908,4.9908,4.9908,4.9908,2.9084,4.5916,1690.0706,1741.9315,1760.1192,1748.1048,1301.6552,1710.0291,0,on,1
1786107039.749957,1,1,,1690.0000,1760.0000,1751.0000,1756.0000,1295.0000,1725.0000,41.297,27.427,29.224,28.119,39.506,15.469,1691,1743,1757,1747,1303,1712,0,0,20,19,14,0,1,1,0,0,1,1,4.9908,4.9908,4.9908,4.9908,2.9084,4.5916,1690.0706,1741.9315,1760.1192,1748.1048,1301.6552,1710.0291,0,on,1
1786107039.785217,1,1,,1682.0000,1764.0000,1754.0000,1751.0000,1295.0000,1726.0000,42.880,26.527,28.480,29.175,39.433,15.290,1691,1743,1760,1749,1302,1712,0,0,0,0,16,0,1,1,0,0,1,1,4.9908,4.9908,4.9908,4.9908,2.9084,4.5916,1690.0706,1741.9315,1760.1192,1748.1048,1301.6552,1710.0291,0,on,1
1786107039.822534,1,1,,1687.0000,1773.0000,1766.0000,1767.0000,1295.0000,1728.0000,41.882,24.695,26.175,26.029,39.582,14.833,1690,1743,1760,1749,1302,1712,0,0,0,0,0,0,1,1,0,0,1,1,4.9908,4.9908,4.9908,4.9908,2.9084,4.5916,1690.0706,1750.4208,1760.1192,1748.1048,1301.6552,1710.0291,1,on,1
1786107039.849521,1,1,,1688.0000,1764.0000,1763.0000,1755.0000,1291.0000,1727.0000,41.689,26.462,26.814,28.378,40.852,14.983,1690,1743,1760,1749,1302,1712,0,0,0,0,0,0,1,0,0,0,1,1,4.9908,4.9908,4.9908,4.9908,2.9084,4.5916,1690.0706,1750.4208,1760.1192,1748.1048,1301.6552,1710.0291,0,on,1
1786107039.885245,1,1,,1686.0000,1770.0000,1763.0000,1767.0000,1292.0000,1724.0000,42.131,25.381,26.767,25.852,40.728,15.654,1690,1743,1760,1750,1302,1712,0,28,0,0,0,0,1,0,0,1,1,1,4.9908,4.9908,4.9908,4.9908,2.9084,4.5916,1690.0706,1750.4208,1760.1192,1748.1048,1301.6552,1716.9700,1,on,1
1786107039.922570,1,0,handedness unsure,1692.0000,1769.0000,1762.0000,1763.0000,1292.0000,1719.0000,41.009,25.452,26.945,26.731,40.493,16.661,1690,1746,1760,1750,1302,1712,0,22,0,0,9,0,1,0,0,1,1,0,4.9908,4.9908,4.9908,4.9908,2.9084,4.5916,1690.0706,1750.4208,1760.1192,1748.1048,1301.6552,1716.9700,0,on,1
1786107039.954474,1,0,handedness unsure,1686.0000,1765.0000,1767.0000,1765.0000,1296.0000,1723.0000,42.227,26.394,25.981,26.283,39.334,15.794,1691,1750,1760,1751,1302,1712,0,24,0,0,21,0,1,0,0,1,1,0,4.9908,4.9908,4.9908,4.9908,2.9084,4.5916,1690.0706,1750.4208,1760.1192,1748.1048,1301.6552,1716.9700,0,on,1
1786107039.990422,1,0,handedness unsure,1686.0000,1759.0000,1767.0000,1771.0000,1294.0000,1721.0000,42.149,27.495,25.990,25.145,39.852,16.270,1690,1752,1760,1750,1302,1712,0,0,0,0,18,0,1,1,0,1,1,0,4.9908,4.9908,4.9908,4.9908,2.9084,4.5916,1690.0706,1750.4208,1760.1192,1748.1048,1301.6552,1716.9700,0,on,1
1786107040.022538,1,1,,1684.0000,1767.0000,1756.0000,1757.0000,1291.0000,1723.0000,42.538,26.010,28.207,27.879,40.925,15.827,1691,1752,1760,1751,1301,1712,0,0,0,0,14,0,1,1,0,1,1,0,4.9908,4.9908,4.9908,4.9908,2.9084,4.5916,1690.0706,1750.4208,1760.1192,1748.1048,1301.6552,1716.9700,0,on,1
1786107040.054484,1,1,,1689.0000,1761.0000,1759.0000,1760.0000,1293.0000,1731.0000,41.639,27.196,27.488,27.428,40.391,14.204,1690,1752,1760,1750,1301,1712,0,0,0,0,0,0,1,1,0,1,1,0,4.9908,4.9908,4.9908,4.9908,2.9084,4.5916,1690.0706,1750.4208,1760.1192,1748.1048,1301.6552,1716.9700,0,on,1
1786107040.090431,1,1,,1678.0000,1753.0000,1758.0000,1757.0000,1297.0000,1733.0000,43.711,28.735,27.804,27.967,38.996,13.654,1690,1752,1760,1751,1301,1712,0,0,0,0,0,0,1,1,0,1,1,0,4.9908,4.9908,4.9908,4.9908,2.9084,4.5916,1690.0706,1750.4208,1760.1192,1748.1048,1301.6552,1716.9700,0,on,1
1786107040.122499,1,1,,1677.0000,1749.0000,1751.0000,1756.0000,1292.0000,1729.0000,44.063,29.558,29.173,28.083,40.630,14.634,1690,1752,1760,1751,1301,1712,0,0,0,0,0,0,1,1,0,1,1,0,4.9908,4.9908,4.9908,4.9908,2.9084,4.5916,1690.0706,1750.4208,1760.1192,1748.1048,1301.6552,1716.9700,0,on,1
1786107040.154457,1,1,,1680.0000,1763.0000,1749.0000,1753.0000,1298.0000,1733.0000,43.421,26.750,29.532,28.713,38.668,13.581,1690,1752,1760,1751,1301,1712,0,0,0,0,0,0,1,1,0,1,1,0,4.9908,4.9908,4.9908,4.9908,2.9084,4.5916,1690.0706,1750.4208,1760.1192,1748.1048,1301.6552,1716.9700,0,on,1
1786107040.185220,1,1,,1682.0000,1769.0000,1748.0000,1748.0000,1298.0000,1728.0000,43.010,25.465,29.670,29.822,38.381,14.675,1691,1752,1760,1751,1301,1712,0,0,0,0,0,0,1,1,0,1,1,0,4.9908,4.9908,4.9908,4.9908,2.9084,4.5916,1690.0706,1750.4208,1760.1192,1748.1048,1301.6552,1716.9700,0,on,1
1786107040.222506,1,1,,1670.0000,1778.0000,1752.0000,1752.0000,1294.0000,1722.0000,45.376,23.754,28.887,28.992,39.939,15.974,1691,1752,1760,1751,1301,1712,0,0,0,0,0,0,1,1,0,1,1,0,4.9908,4.9908,4.9908,4.9908,2.9084,4.5916,1690.0706,1750.4208,1760.1192,1748.1048,1301.6552,1716.9700,0,on,1
1786107040.254472,1,0,handedness unsure,1682.0000,1771.0000,1747.0000,1751.0000,1296.0000,1722.0000,42.988,25.076,29.852,29.158,39.190,16.019,1690,1752,1760,1751,1301,1712,0,0,0,0,0,0,1,1,0,1,1,0,4.9908,4.9908,4.9908,4.9908,2.9084,4.5916,1690.0706,1750.4208,1760.1192,1748.1048,1301.6552,1716.9700,0,on,1
1786107040.290414,1,1,,1685.0000,1776.0000,1764.0000,1761.0000,1296.0000,1720.0000,42.457,24.092,26.623,27.178,39.186,16.580,1690,1752,1760,1751,1301,1712,0,0,0,0,0,0,1,1,0,1,1,0,4.9908,4.9908,4.9908,4.9908,2.9084,4.5916,1690.0706,1758.6424,1760.1192,1748.1048,1301.6552,1716.9700,1,on,1
1786107040.317444,1,1,,1678.0000,1771.0000,1757.0000,1753.0000,1289.0000,1722.0000,43.760,25.073,28.001,28.714,41.586,15.975,1690,1752,1760,1750,1301,1712,0,0,0,0,0,0,1,0,0,1,1,0,4.9908,4.9908,4.9908,4.9908,2.9084,4.5916,1690.0706,1758.6424,1760.1192,1748.1048,1301.6552,1716.9700,0,on,1
1786107040.349628,1,1,,1666.0000,1769.0000,1776.0000,1758.0000,1291.0000,1718.0000,46.112,25.504,24.027,27.748,40.969,16.881,1690,1752,1760,1750,1301,1712,0,0,0,0,0,27,1,0,0,1,1,0,4.9908,4.9908,4.9908,4.9908,2.9084,4.5916,1690.0706,1758.6424,1760.1192,1748.1048,1301.6552,1716.9700,0,on,1
1786107040.390745,1,1,,1686.0000,1774.0000,1777.0000,1760.0000,1286.0000,1725.0000,42.247,24.625,23.902,27.286,42.486,15.439,1690,1752,1760,1751,1301,1712,0,0,9,0,0,33,1,0,0,1,1,0,4.9908,4.9908,4.9908,4.9908,2.9084,4.5916,1690.0706,1758.6424,1760.1192,1748.1048,1301.6552,1716.9700,0,on,1
1786107040.422646,1,1,,1689.0000,1768.0000,1775.0000,1760.0000,1286.0000,1720.0000,41.479,25.642,24.332,27.299,42.718,16.431,1690,1754,1762,1751,1301,1715,0,22,10,0,0,29,1,0,1,1,1,0,4.9908,4.9908,4.9908,4.9908,2.9084,4.5916,1690.0706,1758.6424,1760.1192,1748.1048,1301.6552,1716.9700,0,on,1
1786107040.449548,1,1,,1687.0000,1772.0000,1778.0000,1752.0000,1292.0000,1716.0000,41.912,25.018,23.792,28.930,40.731,17.362,1690,1756,1762,1750,1301,1717,0,24,0,0,0,0,1,0,1,1,1,1,4.9908,4.9908,4.9908,4.9908,2.9084,4.5916,1690.0706,1758.6424,1760.1192,1748.1048,1297.2577,1716.9700,1,on,1
1786107040.490725,1,1,,1679.0000,1768.0000,1773.0000,1762.0000,1290.0000,1723.0000,43.627,25.744,24.763,26.941,41.406,15.805,1691,1759,1762,1751,1301,1716,0,0,0,0,0,0,1,0,1,1,1,1,4.9908,4.9908,4.9908,4.9908,2.9084,4.5916,1690.0706,1758.6424,1760.1192,1748.1048,1297.2577,1716.9700,0,on,1
1786107040.517612,1,1,,1682.0000,1770.0000,1775.0000,1762.0000,1291.0000,1725.0000,42.923,25.409,24.376,26.863,40.977,15.457,1691,1759,1762,1751,1301,1717,0,0,0,0,0,0,1,0,1,1,1,1,4.9908,4.9908,4.9908,4.9908,2.9084,4.5916,1690.0706,1758.6424,1760.1192,1748.1048,1297.2577,1716.9700,0,on,1
1786107040.549724,1,1,,1674.0000,1765.0000,1776.0000,1765.0000,1295.0000,1727.0000,44.622,26.310,24.159,26.294,39.428,14.923,1690,1759,1762,1751,1301,1717,0,0,0,0,0,0,1,0,1,1,1,1,4.9908,4.9908,4.9908,4.9908,2.9084,4.5916,1690.0706,1758.6424,1760.1192,1748.1048,1297.2577,1716.9700,0,on,1
1786107040.585615,1,1,,1663.0000,1775.0000,1763.0000,1772.0000,1287.0000,1735.0000,46.727,24.256,26.687,25.025,42.217,13.160,1691,1759,1762,1751,1301,1717,0,0,0,0,0,0,1,0,1,1,1,1,4.9908,4.9908,4.9908,4.9908,2.9084,4.5916,1690.0706,1758.6424,1760.1192,1756.1454,1297.2577,1716.9700,1,on,1
1786107040.617364,1,1,,1675.0000,1767.0000,1771.0000,1766.0000,1293.0000,1740.0000,44.283,25.931,25.192,26.175,40.123,12.130,1690,1759,1762,1751,1301,1717,0,0,0,0,0,0,1,0,1,0,1,1,4.9908,4.9908,4.9908,4.9908,2.9084,4.5916,1690.0706,1758.6424,1760.1192,1756.1454,1297.2577,1716.9700,0,on,1
1786107040.649298,1,1,,1675.0000,1769.0000,1765.0000,1771.0000,1290.0000,1729.0000,44.385,25.435,26.264,25.032,41.409,14.446,1691,1759,1762,1751,1301,1717,0,0,0,0,0,0,1,0,1,0,1,1,4.9908,4.9908,4.9908,4.9908,2.9084,4.5916,1690.0706,1758.6424,1760.1192,1756.1454,1297.2577,1716.9700,0,on,1
1786107040.685428,1,1,,1668.0000,1770.0000,1775.0000,1761.0000,1293.0000,1725.0000,45.751,25.280,24.315,27.200,40.146,15.479,1690,1759,1762,1751,1301,1716,0,0,0,10,0,0,1,0,1,0,1,1,4.9908,4.9908,4.9908,4.9908,2.9084,4.5916,1682.3872,1758.6424,1760.1192,1756.1454,1297.2577,1716.9700,1,on,1
1786107040.716993,1,1,,1686.0000,1769.0000,1769.0000,1769.0000,1286.0000,1731.0000,42.091,25.478,25.511,25.523,42.667,13.999,1690,1759,1762,1752,1301,1717,0,0,0,0,0,0,1,0,1,0,1,1,4.9908,4.9908,4.9908,4.9908,2.9084,4.5916,1682.3872,1758.6424,1760.1192,1756.1454,1297.2577,1716.9700,0,on,1
1786107040.749491,1,1,,1677.0000,1772.0000,1777.0000,1779.0000,1295.0000,1724.0000,44.014,24.981,23.922,23.480,39.702,15.644,1690,1759,1762,1752,1301,1717,0,0,0,0,0,0,1,0,1,0,1,1,4.9908,4.9908,4.9908,4.9908,2.9084,4.5916,1682.3872,1758.6424,1760.1192,1756.1454,1297.2577,1716.9700,0,on,1
1786107040.785488,1,1,,1669.0000,1764.0000,1775.0000,1769.0000,1286.0000,1730.0000,45.576,26.456,24.250,25.575,42.587,14.311,1690,1759,1762,1753,1301,1717,20,0,0,0,0,0,1,0,1,0,1,1,4.9908,4.9908,4.9908,4.9908,2.9084,4.5916,1682.3872,1758.6424,1760.1192,1756.1454,1297.2577,1716.9700,0,on,1
1786107040.817544,1,1,,1676.0000,1780.0000,1778.0000,1778.0000,1294.0000,1736.0000,44.080,23.259,23.689,23.807,39.855,13.062,1690,1759,1762,1753,1301,1717,13,0,0,13,0,0,1,0,1,0,1,1,4.9908,4.9908,4.9908,4.9908,2.9084,4.5916,1682.3872,1758.6424,1760.1192,1756.1454,1297.2577,1716.9700,0,on,1
1786107040.849202,1,1,,1678.0000,1770.0000,1778.0000,1783.0000,1297.0000,1733.0000,43.838,25.263,23.788,22.731,38.951,13.767,1690,1759,1762,1757,1301,1717,22,0,0,8,0,0,1,0,1,0,1,1,4.9908,4.9908,4.9908,4.9908,2.9084,4.5916,1682.3872,1758.6424,1760.1192,1756.1454,1297.2577,1716.9700,0,on,1
1786107040.885219,1,1,,1673.0000,1769.0000,1781.0000,1763.0000,1294.0000,1730.0000,44.793,25.549,23.185,26.637,40.024,14.279,1686,1759,1762,1757,1301,1717,18,0,0,9,0,0,1,0,1,0,1,1,4.9908,4.9908,4.9908,4.9908,2.9084,4.5916,1682.3872,1758.6424,1760.1192,1756.1454,1297.2577,1723.9079,1,on,1
1786107040.917495,1,1,,1676.0000,1765.0000,1779.0000,1771.0000,1291.0000,1727.0000,44.109,26.410,23.435,25.143,40.838,14.911,1685,1759,1762,1757,1301,1717,16,0,0,8,0,0,1,0,1,0,1,0,4.9908,4.9908,4.9908,4.9908,2.9084,4.5916,1682.3872,1758.6424,1760.1192,1756.1454,1297.2577,1723.9079,0,on,1
1786107040.949227,1,0,handedness unsure,1693.0000,1766.0000,1787.0000,1764.0000,1291.0000,1726.0000,40.820,26.109,21.839,26.529,40.939,15.298,1683,1759,1762,1757,1301,1717,17,0,0,9,0,0,1,0,1,0,1,0,4.9908,4.9908,4.9908,4.9908,2.9084,4.5916,1682.3872,1758.6424,1768.5557,1756.1454,1297.2577,1723.9079,1,on,1
1786107040.985490,1,1,,1674.0000,1748.0000,1780.0000,1763.0000,1288.0000,1753.0000,44.615,29.805,23.346,26.816,41.914,9.319,1683,1759,1762,1757,1301,1717,18,0,0,11,0,19,1,0,0,0,1,0,4.9908,4.9908,4.9908,4.9908,2.9084,4.5916,1682.3872,1758.6424,1768.5557,1756.1454,1297.2577,1723.9079,0,on,1
1786107041.017431,1,1,,1678.0000,1747.0000,1769.0000,1769.0000,1292.0000,1753.0000,43.732,29.856,25.492,25.476,40.594,9.327,1683,1759,1762,1757,1301,1717,0,0,19,0,0,33,1,0,0,0,1,0,4.9908,4.9908,4.9908,4.9908,2.9084,4.5916,1682.3872,1758.6424,1768.5557,1756.1454,1297.2577,1723.9079,0,on,1
1786107041.048996,1,1,,1676.0000,1746.0000,1781.0000,1768.0000,1296.0000,1754.0000,44.219,30.146,23.194,25.701,39.314,9.124,1683,1759,1767,1757,1301,1717,0,0,14,0,0,0,1,0,0,0,1,0,4.9908,4.9908,4.9908,4.9908,2.9084,4.5916,1682.3872,1758.6424,1768.5557,1756.1454,1297.2577,1723.9079,0,on,1
1786107041.090233,1,1,,1678.0000,1749.0000,1785.0000,1770.0000,1288.0000,1752.0000,43.775,29.537,22.322,25.293,41.835,9.599,1683,1759,1769,1757,1301,1717,0,0,12,0,0,29,1,0,0,0,1,0,4.9908,4.9908,4.9908,4.9908,2.9084,4.5916,1682.3872,1758.6424,1768.5557,1756.1454,1297.2577,1731.5882,1,on,1
1786107041.122223,1,1,,1681.0000,1748.0000,1780.0000,1759.0000,1305.0000,1735.0000,43.070,29.722,23.262,27.622,36.088,13.164,1683,1759,1769,1757,1301,1718,0,0,0,0,0,69,1,0,0,0,1,0,4.9908,4.9908,4.9908,4.9908,2.9084,4.5916,1682.3872,1758.6424,1768.5557,1756.1454,1297.2577,1731.5882,0,on,1
1786107041.154188,1,1,,1688.0000,1755.0000,1786.0000,1758.0000,1310.0000,1739.0000,41.774,28.337,22.176,27.645,34.350,12.461,1683,1759,1770,1757,1301,1727,0,0,0,0,0,39,1,0,1,0,1,0,4.9908,4.9908,4.9908,4.9908,2.9084,4.5916,1682.3872,1758.6424,1768.5557,1756.1454,1297.2577,1731.5882,0,on,1
1786107041.190246,1,1,,1701.0000,1753.0000,1785.0000,1768.0000,1308.0000,1749.0000,39.177,28.707,22.389,25.761,34.966,10.205,1683,1759,1770,1757,1301,1731,0,0,0,0,0,17,1,0,1,0,1,0,4.9908,4.9908,4.9908,4.9908,2.9084,4.5916,1682.3872,1758.6424,1768.5557,1756.1454,1297.2577,1731.5882,0,on,1
1786107041.217390,1,1,,1706.0000,1765.0000,1783.0000,1775.0000,1302.0000,1752.0000,38.110,26.269,22.785,24.392,37.004,9.569,1683,1759,1770,1757,1301,1731,0,0,0,0,0,14,1,0,1,0,1,0,4.9908,4.9908,4.9908,4.9908,2.9084,4.5916,1682.3872,1758.6424,1768.5557,1756.1454,1297.2577,1731.5882,0,on,1
1786107041.248954,1,1,,1695.0000,1757.0000,1780.0000,1774.0000,1299.0000,1746.0000,40.443,28.020,23.299,24.460,38.023,10.894,1683,1759,1770,1757,1301,1731,0,0,0,0,0,14,1,0,1,0,1,0,4.9908,4.9908,4.9908,4.9908,2.9084,4.5916,1682.3872,1758.6424,1768.5557,1756.1454,1297.2577,1731.5882,0,on,1
1786107041.290248,1,1,,1695.0000,1763.0000,1781.0000,1769.0000,1295.0000,1747.0000,40.312,26.649,23.037,25.580,39.471,10.557,1683,1759,1770,1757,1301,1731,0,0,0,0,0,14,1,0,1,0,1,0,4.9908,4.9908,4.9908,4.9908,2.9084,4.5916,1682.3872,1758.6424,1768.5557,1763.7570,1297.2577,1731.5882,1,on,1
1786107041.322214,1,1,,1678.0000,1754.0000,1774.0000,1769.0000,1292.0000,1747.0000,43.693,28.509,24.494,25.593,40.463,10.555,1683,1759,1769,1757,1301,1731,0,0,0,0,0,14,1,0,0,0,1,0,4.9908,4.9908,4.9908,4.9908,2.9084,4.5916,1682.3872,1758.6424,1768.5557,1763.7570,1297.2577,1731.5882,0,on,1
1786107041.354313,1,1,,1689.0000,1753.0000,1777.0000,1762.0000,1294.0000,1741.0000,41.658,28.714,23.909,26.952,40.033,11.900,1683,1759,1770,1757,1301,1731,0,0,0,15,0,15,1,0,1,0,1,0,4.9908,4.9908,4.9908,4.9908,2.9084,4.5916,1682.3872,1758.6424,1768.5557,1763.7570,1297.2577,1731.5882,0,on,1
1786107041.385547,1,1,,1686.0000,1755.0000,1780.0000,1758.0000,1290.0000,1736.0000,42.221,28.305,23.382,27.655,41.229,12.977,1683,1759,1770,1760,1301,1731,0,0,0,39,0,18,1,0,1,0,1,0,4.9908,4.9908,4.9908,4.9908,2.9084,4.5916,1682.3872,1758.6424,1768.5557,1763.7570,1297.2577,1731.5882,0,on,1
1786107041.422428,1,1,,1670.0000,1756.0000,1772.0000,1762.0000,1291.0000,1743.0000,45.319,28.092,25.009,26.833,40.858,11.425,1683,1759,1770,1762,1301,1731,0,0,0,0,0,20,1,0,1,0,1,0,4.9908,4.9908,4.9908,4.9908,2.9084,4.5916,1682.3872,1758.6424,1768.5557,1763.7570,1297.2577,1731.5882,0,on,1
1786107041.454278,1,1,,1683.0000,1766.0000,1784.0000,1765.0000,1293.0000,1733.0000,42.713,26.058,22.567,26.353,40.106,13.651,1683,1759,1770,1762,1301,1731,0,0,0,0,0,24,1,0,1,0,1,0,4.9908,4.9908,4.9908,4.9908,2.9084,4.5916,1682.3872,1758.6424,1768.5557,1763.7570,1297.2577,1731.5882,0,on,1
1786107041.490240,1,1,,1680.0000,1763.0000,1774.0000,1760.0000,1296.0000,1741.0000,43.422,26.822,24.482,27.406,39.289,11.857,1683,1759,1770,1762,1301,1731,0,0,0,21,0,0,1,0,1,0,1,0,4.9908,4.9908,4.9908,4.9908,2.9084,4.5916,1682.3872,1758.6424,1768.5557,1763.7570,1297.2577,1731.5882,0,on,1
1786107041.516955,1,1,,1664.0000,1752.0000,1779.0000,1765.0000,1294.0000,1734.0000,46.570,28.985,23.617,26.334,39.917,13.526,1683,1759,1770,1762,1301,1731,0,0,0,21,0,0,1,0,1,0,1,0,4.9908,4.9908,4.9908,4.9908,2.9084,4.5916,1682.3872,1758.6424,1768.5557,1763.7570,1297.2577,1731.5882,0,on,1
1786107041.549418,1,1,,1673.0000,1760.0000,1785.0000,1767.0000,1291.0000,1737.0000,44.823,27.242,22.382,26.004,40.798,12.861,1683,1759,1770,1763,1301,1731,0,0,0,0,0,0,1,0,1,0,1,0,4.9908,4.9908,4.9908,4.9908,2.9084,4.5916,1682.3872,1758.6424,1768.5557,1763.7570,1297.2577,1731.5882,0,on,1
1786107041.585396,1,1,,1687.0000,1765.0000,1789.0000,1778.0000,1296.0000,1724.0000,41.882,26.256,21.516,23.727,39.140,15.568,1683,1759,1770,1763,1301,1731,0,0,0,11,0,0,1,0,1,0,1,0,4.9908,4.9908,4.9908,4.9908,2.9084,4.5916,1682.3872,1758.6424,1768.5557,1763.7570,1297.2577,1731.5882,0,on,1
1786107041.617403,1,1,,1697.0000,1773.0000,1787.0000,1771.0000,1299.0000,1729.0000,39.984,24.744,21.888,25.032,38.306,14.545,1683,1759,1770,1763,1301,1731,0,0,0,10,0,0,1,0,1,0,1,0,4.9908,4.9908,4.9908,4.9908,2.9084,4.5916,1682.3872,1758.6424,1768.5557,1763.7570,1297.2577,1731.5882,0,on,1
1786107041.649417,1,1,,1701.0000,1776.0000,1787.0000,1776.0000,1294.0000,1728.0000,39.097,24.145,21.853,24.217,39.712,14.705,1683,1759,1770,1763,1301,1731,0,0,0,14,0,0,1,0,1,0,1,0,4.9908,4.9908,4.9908,4.9908,2.9084,4.5916,1682.3872,1758.6424,1768.5557,1763.7570,1297.2577,1731.5882,0,on,1
1786107041.685412,1,1,,1704.0000,1781.0000,1795.0000,1784.0000,1293.0000,1724.0000,38.601,23.130,20.224,22.614,40.291,15.659,1683,1759,1770,1763,1301,1731,0,0,0,18,0,0,1,0,1,0,1,0,4.9908,4.9908,4.9908,4.9908,2.9084,4.5916,1682.3872,1758.6424,1777.0478,1763.7570,1297.2577,1731.5882,1,on,1
1786107041.717427,1,1,,1695.0000,1770.0000,1786.0000,1767.0000,1292.0000,1731.0000,40.311,25.257,22.026,25.837,40.586,14.047,1683,1759,1770,1763,1301,1731,0,0,0,20,0,0,1,0,0,0,1,0,4.9908,4.9908,4.9908,4.9908,2.9084,4.5916,1682.3872,1758.6424,1777.0478,1763.7570,1297.2577,1731.5882,0,on,1
1786107041.749615,1,1,,1687.0000,1762.0000,1787.0000,1766.0000,1288.0000,1730.0000,42.012,26.867,21.976,26.036,41.939,14.341,1683,1759,1770,1763,1301,1731,0,0,24,14,0,0,1,0,0,0,1,0,4.9908,4.9908,4.9908,4.9908,2.9084,4.5916,1682.3872,1758.6424,1777.0478,1763.7570,1297.2577,1731.5882,0,on,1
1786107041.785542,1,1,,1707.0000,1767.0000,1799.0000,1755.0000,1298.0000,1729.0000,37.968,25.936,19.543,28.431,38.445,14.640,1683,1759,1774,1763,1301,1731,0,0,24,18,0,0,1,0,0,0,1,0,4.9908,4.9908,4.9908,4.9908,2.9084,4.5916,1682.3872,1758.6424,1777.0478,1763.7570,1297.2577,1731.5882,0,on,1
1786107041.817514,1,1,,1693.0000,1748.0000,1795.0000,1750.0000,1296.0000,1723.0000,40.747,29.638,20.315,29.347,39.101,15.822,1683,1759,1778,1763,1301,1731,0,0,16,20,0,0,1,0,0,0,1,0,4.9908,4.9908,4.9908,4.9908,2.9084,4.5916,1682.3872,1758.6424,1777.0478,1763.7570,1297.2577,1731.5882,0,on,1
1786107041.849578,1,1,,1710.0000,1754.0000,1813.0000,1734.0000,1294.0000,1718.0000,37.296,28.614,16.686,32.496,39.890,16.908,1683,1759,1779,1764,1301,1731,0,0,0,25,0,0,1,0,1,0,1,0,4.9908,4.9908,4.9908,4.9908,2.9084,4.5916,1682.3872,1758.6424,1777.0478,1763.7570,1297.2577,1731.5882,0,on,1
1786107041.885114,1,1,,1718.0000,1757.0000,1812.0000,1736.0000,1299.0000,1719.0000,35.664,27.948,16.976,32.183,38.074,16.736,1683,1759,1780,1765,1301,1731,0,0,0,37,0,0,1,0,1,1,1,0,4.9908,4.9908,4.9908,4.9908,2.9084,4.5916,1690.5651,1758.6424,1785.1132,1763.7570,1297.2577,1731.5882,1,on,1
1786107041.917135,1,1,,1711.0000,1755.0000,1806.0000,1744.0000,1295.0000,1712.0000,37.171,28.244,18.030,30.633,39.532,18.180,1683,1759,1780,1766,1301,1731,0,0,0,0,0,0,0,0,0,1,1,0,4.9908,4.9908,4.9908,4.9908,2.9084,4.5916,1690.5651,1758.6424,1785.1132,1763.7570,1297.2577,1731.5882,0,on,1
1786107041.949550,1,1,,1716.0000,1761.0000,1813.0000,1739.0000,1293.0000,1704.0000,36.102,27.084,16.667,31.497,40.110,20.005,1683,1759,1780,1766,1301,1731,0,0,0,0,0,0,0,0,0,1,1,0,4.9908,4.9908,4.9908,4.9908,2.9084,4.5916,1690.5651,1758.6424,1785.1132,1763.7570,1297.2577,1731.5882,0,on,1
1786107041.990468,1,1,,1722.0000,1762.0000,1814.0000,1752.0000,1301.0000,1717.0000,34.994,27.032,16.492,28.962,37.633,17.200,1683,1759,1780,1766,1301,1731,21,0,24,0,0,0,0,0,0,1,1,0,4.9908,4.9908,4.9908,4.9908,2.9084,4.5916,1690.5651,1758.6424,1785.1132,1763.7570,1297.2577,1731.5882,0,on,1
1786107042.022475,1,1,,1728.0000,1764.0000,1806.0000,1748.0000,1299.0000,1696.0000,33.723,26.439,18.090,29.678,38.000,21.713,1683,1759,1782,1766,1301,1731,24,0,21,0,0,0,0,0,0,1,1,0,4.9908,4.9908,4.9908,4.9908,2.9084,4.5916,1699.0655,1758.6424,1785.1132,1763.7570,1297.2577,1731.5882,1,on,1
1786107042.049480,1,1,,1727.0000,1771.0000,1806.0000,1746.0000,1300.0000,1701.0000,34.003,25.177,18.048,30.078,37.924,20.733,1684,1759,1784,1766,1301,1731,16,0,16,0,0,0,0,0,0,1,1,0,4.9908,4.9908,4.9908,4.9908,2.9084,4.5916,1699.0655,1758.6424,1792.8323,1763.7570,1297.2577,1724.4033,1,on,1
1786107042.085180,1,1,,1731.0000,1768.0000,1803.0000,1747.0000,1294.0000,1693.0000,33.054,25.800,18.736,29.987,39.927,22.366,1685,1759,1785,1766,1301,1731,0,0,0,0,0,0,0,0,0,1,1,1,4.9908,4.9908,4.9908,4.9908,2.9084,4.5916,1699.0655,1758.6424,1792.8323,1763.7570,1297.2577,1724.4033,0,on,1
1786107042.122414,1,1,,1733.0000,1769.0000,1804.0000,1739.0000,1294.0000,1697.0000,32.818,25.461,18.434,31.621,39.918,21.538,1686,1759,1785,1766,1301,1731,0,0,0,0,0,0,0,0,0,1,1,1,4.9908,4.9908,4.9908,4.9908,2.9084,4.5916,1707.0032,1758.6424,1792.8323,1755.7197,1297.2577,1724.4033,1,on,1
1786107042.154463,1,1,,1743.0000,1775.0000,1804.0000,1736.0000,1298.0000,1695.0000,30.642,24.410,18.469,32.189,38.558,21.992,1686,1759,1785,1766,1301,1731,45,0,0,0,0,0,0,0,0,1,1,1,4.9908,4.9908,4.9908,4.9908,2.9084,4.5916,1707.0032,1758.6424,1792.8323,1755.7197,1297.2577,1717.2798,1,on,1
1786107042.185386,1,1,,1749.0000,1771.0000,1800.0000,1733.0000,1297.0000,1697.0000,29.491,25.069,19.233,32.730,38.846,21.514,1691,1759,1785,1766,1301,1731,27,0,0,18,0,0,0,0,0,1,1,1,4.9908,4.9908,4.9908,4.9908,2.9084,4.5916,1707.0032,1758.6424,1792.8323,1755.7197,1297.2577,1717.2798,0,on,1
1786107042.217406,1,1,,1746.0000,1775.0000,1799.0000,1742.0000,1292.0000,1704.0000,30.230,24.262,19.551,30.883,40.565,20.000,1694,1759,1785,1765,1301,1731,10,0,0,44,0,33,0,0,0,1,1,1,4.9908,4.9908,4.9908,4.9908,2.9084,4.5916,1717.6896,1758.6424,1792.8323,1755.7197,1297.2577,1717.2798,1,on,1
1786107042.249422,1,1,,1726.0000,1770.0000,1805.0000,1738.0000,1296.0000,1700.0000,34.171,25.248,18.221,31.657,39.253,20.808,1697,1759,1785,1764,1301,1731,37,0,0,8,0,23,0,0,0,1,1,1,4.9908,4.9908,4.9908,4.9908,2.9084,4.5916,1717.6896,1758.6424,1792.8323,1755.7197,1297.2577,1717.2798,0,on,1
1786107042.290293,1,1,,1729.0000,1777.0000,1807.0000,1742.0000,1301.0000,1703.0000,33.446,23.970,17.880,31.037,37.314,20.282,1706,1759,1785,1763,1301,1723,65,0,0,27,0,29,0,0,0,1,1,1,4.9908,4.9908,4.9908,4.9908,2.9084,4.5916,1717.6896,1758.6424,1792.8323,1755.7197,1297.2577,1717.2798,0,on,1
1786107042.317414,1,1,,1729.0000,1760.0000,1798.0000,1750.0000,1288.0000,1708.0000,33.495,27.423,19.714,29.310,42.085,19.215,1710,1759,1785,1760,1301,1720,24,0,0,9,0,11,0,0,0,1,1,1,4.9908,4.9908,4.9908,4.9908,2.9084,4.5916,1717.6896,1758.6424,1792.8323,1755.7197,1297.2577,1717.2798,0,on,1
1786107042.349639,1,1,,1724.0000,1756.0000,1799.0000,1748.0000,1290.0000,1704.0000,34.644,28.188,19.562,29.773,41.178,19.952,1713,1759,1785,1760,1301,1720,26,0,0,11,0,0,0,0,0,1,1,1,4.9908,4.9908,4.9908,4.9908,2.9084,4.5916,1717.6896,1758.6424,1792.8323,1755.7197,1297.2577,1717.2798,0,on,1
1786107042.390464,1,1,,1724.0000,1758.0000,1797.0000,1749.0000,1294.0000,1706.0000,34.521,27.745,19.975,29.554,39.871,19.588,1715,1759,1785,1760,1301,1720,18,0,0,27,0,0,0,0,0,1,1,1,4.9908,4.9908,4.9908,4.9908,2.9084,4.5916,1717.6896,1758.6424,1792.8323,1755.7197,1297.2577,1717.2798,0,on,1
1786107042.422256,1,1,,1721.0000,1749.0000,1791.0000,1752.0000,1289.0000,1705.0000,35.097,29.526,21.111,28.919,41.491,19.752,1718,1759,1785,1757,1301,1720,13,0,0,0,0,0,0,0,0,1,1,1,4.9908,4.9908,4.9908,4.9908,2.9084,4.5916,1717.6896,1758.6424,1792.8323,1755.7197,1297.2577,1717.2798,0,on,1
1786107042.449419,1,1,,1712.0000,1761.0000,1795.0000,1749.0000,1295.0000,1700.0000,36.927,27.083,20.271,29.551,39.700,20.810,1718,1759,1785,1757,1301,1720,0,0,0,0,0,0,0,0,0,1,1,1,4.9908,4.9908,4.9908,4.9908,2.9084,4.5916,1717.6896,1758.6424,1792.8323,1755.7197,1297.2577,1717.2798,0,on,1
1786107042.485420,1,1,,1711.0000,1764.0000,1792.0000,1755.0000,1295.0000,1704.0000,37.204,26.440,20.899,28.402,39.476,19.951,1718,1759,1785,1757,1301,1720,0,0,0,0,0,0,0,0,0,1,1,1,4.9908,4.9908,4.9908,4.9908,2.9084,4.5916,1717.6896,1758.6424,1792.8323,1755.7197,1297.2577,1717.2798,0,on,1
1786107042.517470,1,1,,1720.0000,1756.0000,1804.0000,1750.0000,1294.0000,1710.0000,35.257,28.057,18.500,29.304,39.735,18.690,1718,1759,1785,1757,1301,1720,0,0,0,0,0,0,0,0,0,1,1,1,4.9908,4.9908,4.9908,4.9908,2.9084,4.5916,1717.6896,1758.6424,1792.8323,1755.7197,1297.2577,1717.2798,0,on,1
1786107042.549526,1,1,,1700.0000,1767.0000,1800.0000,1751.0000,1298.0000,1709.0000,39.336,25.995,19.403,29.165,38.659,18.861,1718,1759,1785,1757,1301,1720,0,0,20,0,0,19,0,0,0,1,1,1,4.9908,4.9908,4.9908,4.9908,2.9084,4.5916,1717.6896,1758.6424,1792.8323,1755.7197,1297.2577,1717.2798,0,on,1
1786107042.590340,1,1,,1713.0000,1764.0000,1795.0000,1755.0000,1295.0000,1710.0000,36.683,26.545,20.373,28.314,39.553,18.626,1718,1759,1787,1757,1301,1720,0,0,0,0,0,0,0,0,1,1,1,1,4.9908,4.9908,4.9908,4.9908,2.9084,4.5916,1717.6896,1758.6424,1792.8323,1755.7197,1297.2577,1717.2798,0,on,1
1786107042.622320,1,1,,1704.0000,1756.0000,1797.0000,1751.0000,1296.0000,1704.0000,38.636,28.206,19.905,29.191,39.266,20.068,1718,1759,1787,1757,1301,1719,0,0,0,0,0,0,0,0,1,1,1,1,4.9908,4.9908,4.9908,4.9908,2.9084,4.5916,1717.6896,1758.6424,1792.8323,1755.7197,1297.2577,1717.2798,0,on,1
1786107042.654241,1,1,,1710.0000,1762.0000,1791.0000,1753.0000,1296.0000,1707.0000,37.349,26.909,21.200,28.673,39.314,19.410,1718,1759,1787,1757,1301,1719,0,0,0,0,0,0,0,0,1,1,1,1,4.9908,4.9908,4.9908,4.9908,2.9084,4.5916,1717.6896,1758.6424,1792.8323,1755.7197,1297.2577,1717.2798,0,on,1
1786107042.690432,1,1,,1703.0000,1761.0000,1797.0000,1750.0000,1297.0000,1707.0000,38.791,27.037,19.835,29.380,38.808,19.266,1718,1759,1787,1757,1301,1719,0,0,0,0,0,0,0,0,1,1,1,1,4.9908,4.9908,4.9908,4.9908,2.9084,4.5916,1717.6896,1758.6424,1792.8323,1755.7197,1297.2577,1717.2798,0,on,1
1786107042.722319,1,1,,1705.0000,1770.0000,1797.0000,1755.0000,1299.0000,1705.0000,38.399,25.312,19.962,28.257,38.255,19.857,1718,1759,1787,1757,1301,1719,0,0,0,0,0,0,0,0,1,1,1,1,4.9908,4.9908,4.9908,4.9908,2.9084,4.5916,1717.6896,1758.6424,1792.8323,1755.7197,1297.2577,1717.2798,0,on,1
1786107042.749475,1,1,,1713.0000,1759.0000,1799.0000,1754.0000,1293.0000,1711.0000,36.726,27.534,19.536,28.554,40.189,18.433,1718,1759,1787,1757,1301,1719,8,0,0,0,0,0,0,0,1,1,1,1,4.9908,4.9908,4.9908,4.9908,2.9084,4.5916,1717.6896,1758.6424,1792.8323,1755.7197,1297.2577,1717.2798,0,on,1
1786107042.785528,1,1,,1713.0000,1760.0000,1798.0000,1749.0000,1295.0000,1709.0000,36.664,27.265,19.676,29.445,39.645,18.845,1718,1759,1787,1757,1301,1719,9,0,0,0,0,0,0,0,1,1,1,1,4.9908,4.9908,4.9908,4.9908,2.9084,4.5916,1717.6896,1758.6424,1792.8323,1755.7197,1297.2577,1717.2798,0,on,1
1786107042.817467,1,1,,1698.0000,1761.0000,1796.0000,1752.0000,1295.0000,1705.0000,39.783,27.112,20.020,28.970,39.415,19.844,1718,1759,1787,1757,1301,1719,10,0,0,0,0,0,0,0,1,1,1,1,4.9908,4.9908,4.9908,4.9908,2.9084,4.5916,1717.6896,1758.6424,1792.8323,1755.7197,1297.2577,1717.2798,0,on,1
1786107042.849535,1,1,,1716.0000,1763.0000,1798.0000,1754.0000,1294.0000,1712.0000,36.185,26.636,19.736,28.615,39.785,18.151,1718,1759,1787,1757,1301,1719,17,0,0,0,0,0,1,0,1,1,1,1,4.9908,4.9908,4.9908,4.9908,2.9084,4.5916,1717.6896,1758.6424,1792.8323,1755.7197,1297.2577,1717.2798,0,on,1
1786107042.890686,1,1,,1699.0000,1757.0000,1796.0000,1754.0000,1295.0000,1716.0000,39.496,27.910,20.100,28.575,39.453,17.343,1718,1759,1787,1757,1301,1719,18,0,0,0,0,0,1,0,1,1,1,1,4.9908,4.9908,4.9908,4.9908,2.9084,4.5916,1717.6896,1758.6424,1792.8323,1755.7197,1297.2577,1717.2798,0,on,1
1786107042.922681,1,1,,1696.0000,1753.0000,1783.0000,1754.0000,1289.0000,1723.0000,40.073,28.787,22.642,28.523,41.706,15.748,1718,1759,1787,1757,1301,1719,0,0,0,0,0,0,1,0,1,1,1,1,4.9908,4.9908,4.9908,4.9908,2.9084,4.5916,1717.6896,1758.6424,1792.8323,1755.7197,1297.2577,1717.2798,0,on,1
1786107042.949670,1,1,,1711.0000,1755.0000,1794.0000,1754.0000,1292.0000,1718.0000,37.102,28.329,20.528,28.600,40.610,16.926,1718,1759,1787,1757,1301,1719,0,0,0,0,0,0,1,0,1,1,1,1,4.9908,4.9908,4.9908,4.9908,2.9084,4.5916,1717.6896,1758.6424,1792.8323,1755.7197,1297.2577,1717.2798,0,on,1
1786107042.990629,1,1,,1706.0000,1757.0000,1799.0000,1751.0000,1291.0000,1714.0000,38.167,27.876,19.432,29.039,41.066,17.806,1718,1759,1787,1757,1301,1719,0,0,0,0,0,0,1,0,1,1,1,1,4.9908,4.9908,4.9908,4.9908,2.9084,4.5916,1717.6896,1758.6424,1792.8323,1755.7197,1297.2577,1717.2798,0,on,1
1786107043.022630,1,1,,1707.0000,1764.0000,1798.0000,1757.0000,1295.0000,1721.0000,37.859,26.595,19.728,27.895,39.572,16.219,1718,1759,1787,1757,1301,1719,0,0,0,0,0,0,1,0,1,1,1,1,4.9908,4.9908,4.9908,4.9908,2.9084,4.5916,1717.6896,1758.6424,1792.8323,1755.7197,1297.2577,1717.2798,0,on,1
1786107043.049577,1,1,,1705.0000,1760.0000,1809.0000,1754.0000,1289.0000,1709.0000,38.263,27.241,17.556,28.464,41.536,18.798,1718,1759,1787,1757,1301,1719,0,0,0,0,0,0,1,0,1,1,1,1,4.9908,4.9908,4.9908,4.9908,2.9084,4.5916,1717.6896,1758.6424,1792.8323,1755.7197,1297.2577,1717.2798,0,on,1
1786107043.090668,1,1,,1712.0000,1757.0000,1795.0000,1760.0000,1295.0000,1719.0000,36.895,27.991,20.361,27.261,39.514,16.762,1718,1759,1787,1757,1301,1719,0,0,0,0,0,0,1,0,1,1,1,1,4.9908,4.9908,4.9908,4.9908,2.9084,4.5916,1717.6896,1758.6424,1792.8323,1755.7197,1297.2577,1717.2798,0,on,1
1786107043.117388,1,1,,1711.0000,1759.0000,1802.0000,1745.0000,1290.0000,1711.0000,37.145,27.595,18.975,30.334,41.176,18.483,1719,1759,1787,1757,1301,1719,0,0,0,0,0,0,1,0,1,1,1,1,4.9908,4.9908,4.9908,4.9908,2.9084,4.5916,1717.6896,1758.6424,1792.8323,1755.7197,1297.2577,1717.2798,0,on,1
1786107043.149607,1,1,,1712.0000,1755.0000,1790.0000,1748.0000,1290.0000,1715.0000,36.899,28.314,21.325,29.780,41.132,17.570,1718,1759,1787,1757,1301,1719,0,0,0,0,0,0,1,0,1,1,1,1,4.9908,4.9908,4.9908,4.9908,2.9084,4.5916,1717.6896,1758.6424,1792.8323,1755.7197,1297.2577,1717.2798,0,on,1
1786107043.185402,1,0,handedness unsure,1727.0000,1755.0000,1797.0000,1742.0000,1294.0000,1715.0000,34.023,28.380,19.934,30.904,39.806,17.671,1718,1759,1787,1757,1301,1719,0,0,0,0,0,0,1,0,1,1,1,1,4.9908,4.9908,4.9908,4.9908,2.9084,4.5916,1717.6896,1758.6424,1792.8323,1755.7197,1297.2577,1717.2798,0,on,1
1786107043.217422,1,0,handedness unsure,1716.0000,1753.0000,1793.0000,1757.0000,1294.0000,1717.0000,36.173,28.714,20.705,28.012,40.020,17.111,1719,1759,1787,1757,1301,1719,0,0,0,0,0,0,1,0,1,1,1,1,4.9908,4.9908,4.9908,4.9908,2.9084,4.5916,1717.6896,1758.6424,1792.8323,1755.7197,1297.2577,1717.2798,0,on,1
1786107043.249564,1,1,,1717.0000,1755.0000,1801.0000,1758.0000,1296.0000,1712.0000,35.927,28.273,19.063,27.754,39.183,18.150,1718,1759,1787,1757,1301,1719,0,0,0,0,0,0,1,0,1,1,1,1,4.9908,4.9908,4.9908,4.9908,2.9084,4.5916,1717.6896,1758.6424,1792.8323,1755.7197,1297.2577,1717.2798,0,on,1
1786107043.286801,1,1,,1719.0000,1757.0000,1797.0000,1757.0000,1297.0000,1720.0000,35.530,27.857,19.919,27.970,38.801,16.550,1718,1759,1787,1757,1301,1719,0,0,0,0,0,0,1,0,1,1,1,1,4.9908,4.9908,4.9908,4.9908,2.9084,4.5916,1717.6896,1758.6424,1792.8323,1755.7197,1297.2577,1717.2798,0,on,1
1786107043.317574,1,1,,1716.0000,1756.0000,1792.0000,1756.0000,1294.0000,1722.0000,36.090,28.209,20.875,28.200,39.752,16.168,1719,1759,1787,1757,1301,1719,0,0,0,0,0,0,1,0,1,1,1,1,4.9908,4.9908,4.9908,4.9908,2.9084,4.5916,1717.6896,1758.6424,1792.8323,1755.7197,1297.2577,1717.2798,0,on,1
1786107043.349554,1,1,,1708.0000,1760.0000,1796.0000,1752.0000,1295.0000,1708.0000,37.799,27.423,20.111,28.992,39.468,19.062,1719,1759,1787,1757,1301,1719,0,0,0,0,0,0,1,0,1,1,1,1,4.9908,4.9908,4.9908,4.9908,2.9084,4.5916,1717.6896,1758.6424,1792.8323,1755.7197,1297.2577,1717.2798,0,on,1
1786107043.385395,1,1,,1719.0000,1756.0000,1794.0000,1756.0000,1292.0000,1726.0000,35.469,28.144,20.490,28.141,40.549,15.113,1718,1759,1787,1757,1301,1719,0,0,0,0,0,0,1,0,1,1,1,1,4.9908,4.9908,4.9908,4.9908,2.9084,4.5916,1717.6896,1758.6424,1792.8323,1755.7197,1297.2577,1717.2798,0,on,1
1786107043.417585,1,1,,1714.0000,1769.0000,1805.0000,1734.0000,1291.0000,1722.0000,36.523,25.590,18.252,32.624,41.050,15.997,1719,1759,1787,1757,1301,1719,0,0,0,0,0,0,1,0,1,1,1,1,4.9908,4.9908,4.9908,4.9908,2.9084,4.5916,1717.6896,1758.6424,1792.8323,1755.7197,1297.2577,1717.2798,0,on,1
1786107043.449588,1,1,,1709.0000,1765.0000,1791.0000,1762.0000,1292.0000,1723.0000,37.538,26.431,21.165,26.932,40.591,15.936,1719,1759,1787,1757,1301,1719,0,0,0,0,0,0,1,0,1,1,1,1,4.9908,4.9908,4.9908,4.9908,2.9084,4.5916,1717.6896,1758.6424,1792.8323,1755.7197,1297.2577,1717.2798,0,on,1
1786107043.490693,1,1,,1709.0000,1766.0000,1799.0000,1739.0000,1291.0000,1717.0000,37.633,26.072,19.481,31.536,40.829,17.058,1718,1759,1787,1757,1301,1719,0,0,0,0,0,0,1,0,1,1,1,1,4.9908,4.9908,4.9908,4.9908,2.9084,4.5916,1717.6896,1758.6424,1792.8323,1755.7197,1297.2577,1717.2798,0,on,1
1786107043.517325,1,1,,1691.0000,1750.0000,1785.0000,1744.0000,1287.0000,1726.0000,41.099,29.267,22.244,30.622,42.199,15.129,1718,1759,1787,1757,1301,1719,0,0,0,0,0,0,1,0,1,1,1,1,4.9908,4.9908,4.9908,4.9908,2.9084,4.5916,1717.6896,1758.6424,1792.8323,1755.7197,1297.2577,1717.2798,0,on,1
1786107043.549385,1,1,,1699.0000,1755.0000,1803.0000,1740.0000,1288.0000,1716.0000,39.524,28.362,18.731,31.398,41.776,17.308,1718,1759,1787,1757,1301,1719,0,0,0,0,0,0,1,0,1,1,1,1,4.9908,4.9908,4.9908,4.9908,2.9084,4.5916,1717.6896,1758.6424,1792.8323,1755.7197,1297.2577,1717.2798,0,on,1
1786107043.585408,1,1,,1705.0000,1751.0000,1788.0000,1744.0000,1288.0000,1721.0000,38.370,29.074,21.669,30.461,41.866,16.351,1718,1759,1787,1757,1301,1719,0,0,0,0,0,0,1,0,1,1,1,1,4.9908,4.9908,4.9908,4.9908,2.9084,4.5916,1717.6896,1758.6424,1792.8323,1755.7197,1297.2577,1717.2798,0,on,1
1786107043.617394,1,1,,1725.0000,1762.0000,1805.0000,1736.0000,1291.0000,1719.0000,34.328,26.925,18.268,32.171,41.026,16.676,1719,1759,1787,1757,1301,1719,0,0,0,0,0,0,1,0,1,1,1,1,4.9908,4.9908,4.9908,4.9908,2.9084,4.5916,1717.6896,1758.6424,1792.8323,1755.7197,1297.2577,1717.2798,0,on,1
1786107043.649393,1,1,,1733.0000,1779.0000,1795.0000,1754.0000,1298.0000,1717.0000,32.674,23.507,20.294,28.616,38.667,17.146,1718,1759,1787,1757,1301,1719,0,0,0,0,0,0,1,0,1,1,1,1,4.9908,4.9908,4.9908,4.9908,2.9084,4.5916,1717.6896,1758.6424,1792.8323,1755.7197,1297.2577,1717.2798,0,on,1
1786107043.690666,1,1,,1708.0000,1755.0000,1801.0000,1734.0000,1285.0000,1720.0000,37.653,28.237,19.195,32.634,42.810,16.535,1719,1759,1787,1757,1301,1719,0,0,0,0,0,0,1,0,1,1,1,1,4.9908,4.9908,4.9908,4.9908,2.9084,4.5916,1717.6896,1758.6424,1792.8323,1755.7197,1297.2577,1717.2798,0,on,1
1786107043.717377,1,1,,1739.0000,1775.0000,1795.0000,1750.0000,1297.0000,1710.0000,31.503,24.275,20.263,29.389,38.711,18.680,1718,1759,1787,1757,1301,1719,0,0,0,0,0,0,1,0,1,1,1,1,4.9908,4.9908,4.9908,4.9908,2.9084,4.5916,1717.6896,1758.6424,1792.8323,1755.7197,1297.2577,1717.2798,0,on,1
1786107043.749371,1,1,,1736.0000,1769.0000,1800.0000,1748.0000,1293.0000,1713.0000,32.127,25.584,19.269,29.776,40.288,18.135,1719,1759,1787,1757,1301,1719,0,0,0,0,0,0,1,0,1,1,1,1,4.9908,4.9908,4.9908,4.9908,2.9084,4.5916,1717.6896,1758.6424,1792.8323,1755.7197,1297.2577,1717.2798,0,on,1
1786107043.785602,1,0,handedness unsure,1722.0000,1763.0000,1788.0000,1755.0000,1290.0000,1698.0000,34.980,26.811,21.656,28.306,41.138,21.324,1719,1759,1787,1757,1301,1719,0,0,0,0,0,0,1,0,1,1,1,1,4.9908,4.9908,4.9908,4.9908,2.9084,4.5916,1717.6896,1758.6424,1792.8323,1755.7197,1297.2577,1717.2798,0,on,1
1786107043.817376,1,1,,1724.0000,1760.0000,1786.0000,1747.0000,1292.0000,1708.0000,34.508,27.282,22.134,29.960,40.702,19.174,1719,1759,1787,1757,1301,1719,0,0,0,0,0,0,1,0,1,1,1,1,4.9908,4.9908,4.9908,4.9908,2.9084,4.5916,1717.6896,1758.6424,1792.8323,1755.7197,1297.2577,1717.2798,0,on,1
1786107043.849619,1,1,,1731.0000,1766.0000,1796.0000,1747.0000,1295.0000,1700.0000,33.119,26.160,20.065,29.844,39.467,20.950,1718,1759,1787,1757,1301,1719,0,0,0,0,0,0,1,0,1,1,1,1,4.9908,4.9908,4.9908,4.9908,2.9084,4.5916,1717.6896,1758.6424,1792.8323,1755.7197,1297.2577,1717.2798,0,on,1
1786107043.885438,1,1,,1722.0000,1758.0000,1787.0000,1749.0000,1289.0000,1706.0000,34.950,27.639,21.849,29.479,41.750,19.635,1719,1759,1787,1757,1301,1719,0,0,0,0,0,0,1,0,1,1,1,1,4.9908,4.9908,4.9908,4.9908,2.9084,4.5916,1717.6896,1758.6424,1792.8323,1755.7197,1297.2577,1717.2798,0,on,1
1786107043.917530,1,0,handedness unsure,1729.0000,1764.0000,1804.0000,1743.0000,1295.0000,1703.0000,33.634,26.567,18.509,30.764,39.373,20.146,1719,1759,1787,1757,1301,1719,0,0,0,0,0,0,1,0,1,1,1,1,4.9908,4.9908,4.9908,4.9908,2.9084,4.5916,1717.6896,1758.6424,1792.8323,1755.7197,1297.2577,1717.2798,0,on,1
1786107043.949565,1,0,handedness unsure,1719.0000,1758.0000,1785.0000,1752.0000,1291.0000,1702.0000,35.562,27.706,22.307,29.016,40.932,20.471,1719,1759,1787,1757,1301,1719,0,0,0,0,0,0,1,0,1,1,1,1,4.9908,4.9908,4.9908,4.9908,2.9084,4.5916,1717.6896,1758.6424,1792.8323,1755.7197,1297.2577,1717.2798,0,on,1
1786107043.990692,1,1,,1713.0000,1755.0000,1784.0000,1753.0000,1291.0000,1697.0000,36.688,28.300,22.593,28.674,40.914,21.418,1719,1759,1787,1757,1301,1719,0,0,0,0,0,0,1,0,1,1,1,1,4.9908,4.9908,4.9908,4.9908,2.9084,4.5916,1717.6896,1758.6424,1792.8323,1755.7197,1297.2577,1717.2798,0,on,1
1786107044.017375,1,0,handedness unsure,1717.0000,1763.0000,1789.0000,1750.0000,1292.0000,1702.0000,35.954,26.749,21.601,29.241,40.621,20.440,1719,1759,1787,1757,1301,1719,0,0,0,0,0,0,1,0,1,1,1,1,4.9908,4.9908,4.9908,4.9908,2.9084,4.5916,1717.6896,1758.6424,1792.8323,1755.7197,1297.2577,1717.2798,0,on,1
1786107044.049584,1,1,,1715.0000,1756.0000,1789.0000,1752.0000,1290.0000,1698.0000,36.392,28.162,21.456,28.865,41.165,21.277,1718,1759,1787,1757,1301,1719,0,0,0,0,0,0,1,0,1,1,1,1,4.9908,4.9908,4.9908,4.9908,2.9084,4.5916,1717.6896,1758.6424,1792.8323,1755.7197,1297.2577,1717.2798,0,on,1
1786107044.085365,1,1,,1720.0000,1758.0000,1794.0000,1754.0000,1294.0000,1696.0000,35.418,27.669,20.531,28.455,39.955,21.724,1719,1759,1787,1757,1301,1719,0,0,0,0,0,0,1,0,1,1,1,1,4.9908,4.9908,4.9908,4.9908,2.9084,4.5916,1717.6896,1758.6424,1792.8323,1755.7197,1297.2577,1717.2798,0,on,1
1786107044.122657,1,1,,1719.0000,1757.0000,1787.0000,1757.0000,1289.0000,1699.0000,35.509,27.933,21.880,27.898,41.558,21.138,1718,1759,1787,1757,1301,1719,0,0,0,0,0,0,1,0,1,1,1,1,4.9908,4.9908,4.9908,4.9908,2.9084,4.5916,1717.6896,1758.6424,1792.8323,1755.7197,1297.2577,1717.2798,0,on,1
1786107044.149357,1,1,,1724.0000,1763.0000,1787.0000,1751.0000,1292.0000,1697.0000,34.546,26.650,21.853,29.089,40.413,21.560,1718,1759,1787,1757,1301,1719,0,0,0,0,0,0,1,0,1,1,1,1,4.9908,4.9908,4.9908,4.9908,2.9084,4.5916,1717.6896,1758.6424,1792.8323,1755.7197,1297.2577,1710.0085,1,on,1
1786107044.190644,1,1,,1722.0000,1756.0000,1786.0000,1755.0000,1291.0000,1700.0000,34.905,28.206,22.187,28.282,40.940,20.951,1718,1759,1787,1757,1301,1719,0,0,0,0,0,0,1,0,1,1,1,1,4.9908,4.9908,4.9908,4.9908,2.9084,4.5916,1717.6896,1758.6424,1792.8323,1755.7197,1297.2577,1710.0085,0,on,1
1786107044.217595,1,1,,1727.0000,1763.0000,1789.0000,1752.0000,1294.0000,1698.0000,34.028,26.702,21.427,28.988,40.041,21.379,1718,1759,1787,1757,1301,1719,0,0,0,0,0,23,1,0,1,1,1,1,4.9908,4.9908,4.9908,4.9908,2.9084,4.5916,1717.6896,1758.6424,1792.8323,1755.7197,1297.2577,1710.0085,0,on,1
1786107044.249606,1,1,,1716.0000,1757.0000,1783.0000,1752.0000,1290.0000,1700.0000,36.052,27.840,22.664,28.999,41.097,20.891,1719,1759,1787,1757,1301,1710,0,0,0,0,0,0,1,0,1,1,1,1,4.9908,4.9908,4.9908,4.9908,2.9084,4.5916,1717.6896,1758.6424,1792.8323,1755.7197,1297.2577,1710.0085,0,on,1
1786107044.462197,1,1,,1736.0000,1763.0000,1783.0000,1748.0000,1294.0000,1705.0000,32.050,26.795,22.688,29.780,39.755,19.762,1719,1759,1787,1757,1301,1711,0,0,0,0,0,0,1,0,1,1,1,1,4.9908,4.9908,4.9908,4.9908,2.9084,4.5916,1717.6896,1758.6424,1792.8323,1755.7197,1297.2577,1710.0085,0,on,1
1786107044.477481,1,1,,1715.0000,1749.0000,1779.0000,1754.0000,1291.0000,1701.0000,36.309,29.458,23.511,28.611,40.776,20.546,1718,1759,1787,1757,1301,1710,0,0,0,0,0,0,1,0,1,1,1,1,4.9908,4.9908,4.9908,4.9908,2.9084,4.5916,1717.6896,1758.6424,1792.8323,1755.7197,1297.2577,1710.0085,0,on,1
1786107044.488199,1,1,,1726.0000,1751.0000,1784.0000,1744.0000,1290.0000,1705.0000,34.223,29.211,22.443,30.568,41.131,19.809,1718,1759,1787,1757,1301,1710,0,0,0,0,0,0,1,0,1,1,1,1,4.9908,4.9908,4.9908,4.9908,2.9084,4.5916,1717.6896,1758.6424,1792.8323,1755.7197,1297.2577,1710.0085,0,on,1
1786107044.503654,1,1,,1724.0000,1755.0000,1783.0000,1747.0000,1289.0000,1699.0000,34.540,28.308,22.666,30.008,41.605,21.004,1718,1759,1787,1757,1301,1711,0,0,0,0,0,0,1,0,1,1,1,1,4.9908,4.9908,4.9908,4.9908,2.9084,4.5916,1717.6896,1758.6424,1792.8323,1755.7197,1297.2577,1710.0085,0,on,1
1786107044.520547,1,1,,1724.0000,1760.0000,1775.0000,1759.0000,1296.0000,1717.0000,34.531,27.340,24.427,27.568,39.084,17.149,1719,1759,1787,1757,1301,1710,0,0,0,0,0,0,1,0,1,1,1,1,4.9908,4.9908,4.9908,4.9908,2.9084,4.5916,1717.6896,1758.6424,1792.8323,1755.7197,1297.2577,1710.0085,0,on,1
1786107044.549396,1,1,,1710.0000,1755.0000,1769.0000,1749.0000,1288.0000,1711.0000,37.451,28.416,25.522,29.520,42.029,18.405,1718,1759,1787,1757,1301,1711,0,0,0,0,0,0,1,0,1,1,1,1,4.9908,4.9908,4.9908,4.9908,2.9084,4.5916,1717.6896,1758.6424,1792.8323,1755.7197,1297.2577,1710.0085,0,on,1
1786107044.587206,1,1,,1709.0000,1752.0000,1767.0000,1753.0000,1286.0000,1715.0000,37.626,28.842,25.866,28.819,42.618,17.650,1718,1759,1787,1757,1301,1710,0,0,0,0,0,0,1,0,1,1,1,1,4.9908,4.9908,4.9908,4.9908,2.9084,4.5916,1717.6896,1758.6424,1792.8323,1755.7197,1297.2577,1710.0085,0,on,1
1786107044.618248,1,1,,1696.0000,1751.0000,1766.0000,1754.0000,1286.0000,1717.0000,40.071,29.069,26.153,28.614,42.522,17.050,1719,1759,1787,1757,1301,1710,0,0,0,0,0,0,1,0,1,1,1,1,4.9908,4.9908,4.9908,4.9908,2.9084,4.5916,1717.6896,1758.6424,1792.8323,1755.7197,1292.8240,1710.0085,1,on,1
1786107044.649149,1,1,,1708.0000,1757.0000,1768.0000,1743.0000,1288.0000,1717.0000,37.808,27.957,25.817,30.665,41.953,17.089,1718,1759,1787,1757,1301,1711,0,0,0,0,0,0,1,0,1,1,1,1,4.9908,4.9908,4.9908,4.9908,2.9084,4.5916,1717.6896,1758.6424,1785.1751,1755.7197,1292.8240,1710.0085,1,on,1
1786107044.685165,1,1,,1712.0000,1751.0000,1758.0000,1745.0000,1287.0000,1710.0000,36.862,29.147,27.672,30.429,42.255,18.589,1719,1759,1788,1757,1301,1710,0,0,0,0,31,0,1,0,1,1,1,1,4.9908,4.9908,4.9908,4.9908,2.9084,4.5916,1717.6896,1758.6424,1785.1751,1755.7197,1292.8240,1710.0085,0,on,1
1786107044.717483,1,1,,1718.0000,1747.0000,1763.0000,1739.0000,1286.0000,1721.0000,35.724,30.018,26.825,31.534,42.611,16.286,1719,1759,1787,1757,1300,1710,0,0,0,0,39,0,1,0,1,1,1,1,4.9908,4.9908,4.9908,4.9908,2.9084,4.5916,1717.6896,1758.6424,1785.1751,1755.7197,1292.8240,1710.0085,0,on,1
1786107044.749210,1,1,,1716.0000,1754.0000,1764.0000,1746.0000,1295.0000,1720.0000,36.063,28.478,26.604,30.196,39.426,16.436,1718,1759,1787,1757,1297,1710,0,0,0,0,23,0,1,0,1,1,1,1,4.9908,4.9908,4.9908,4.9908,2.9084,4.5916,1717.6896,1758.6424,1785.1751,1755.7197,1292.8240,1710.0085,0,on,1
1786107044.785213,1,1,,1721.0000,1764.0000,1769.0000,1741.0000,1298.0000,1719.0000,35.236,26.597,25.482,31.167,38.569,16.724,1718,1759,1787,1757,1296,1710,0,0,0,0,0,0,1,0,1,1,1,1,4.9908,4.9908,4.9908,4.9908,2.9084,4.5916,1717.6896,1758.6424,1785.1751,1755.7197,1292.8240,1710.0085,0,on,1
1786107044.822457,1,1,,1720.0000,1756.0000,1762.0000,1748.0000,1292.0000,1721.0000,35.397,28.099,26.936,29.813,40.461,16.208,1718,1759,1787,1757,1296,1710,0,0,0,0,21,0,1,0,1,1,1,1,4.9908,4.9908,4.9908,4.9908,2.9084,4.5916,1717.6896,1758.6424,1785.1751,1755.7197,1292.8240,1710.0085,0,on,1
1786107044.854538,1,1,,1714.0000,1755.0000,1768.0000,1747.0000,1287.0000,1721.0000,36.523,28.358,25.656,29.992,42.456,16.333,1719,1759,1787,1757,1294,1710,0,0,0,0,26,0,1,0,1,1,1,1,4.9908,4.9908,4.9908,4.9908,2.9084,4.5916,1717.6896,1758.6424,1785.1751,1755.7197,1292.8240,1710.0085,0,on,1
1786107044.890418,1,1,,1717.0000,1758.0000,1764.0000,1747.0000,1289.0000,1723.0000,35.879,27.767,26.476,29.848,41.559,15.836,1718,1759,1787,1757,1293,1710,0,0,0,0,18,0,1,0,1,1,1,1,4.9908,4.9908,4.9908,4.9908,2.9084,4.5916,1717.6896,1758.6424,1777.2825,1755.7197,1292.8240,1710.0085,1,on,1
1786107044.917137,1,1,,1722.0000,1756.0000,1769.0000,1751.0000,1292.0000,1720.0000,34.958,28.227,25.617,29.040,40.613,16.562,1719,1759,1787,1757,1293,1711,0,0,0,0,13,0,1,0,1,1,1,1,4.9908,4.9908,4.9908,4.9908,2.9084,4.5916,1717.6896,1758.6424,1777.2825,1755.7197,1292.8240,1710.0085,0,on,1
1786107044.949557,1,1,,1704.0000,1748.0000,1760.0000,1750.0000,1294.0000,1721.0000,38.467,29.744,27.267,29.289,39.844,16.361,1719,1759,1787,1757,1293,1711,0,0,0,0,0,0,1,0,1,1,1,1,4.9908,4.9908,4.9908,4.9908,2.9084,4.5916,1717.6896,1758.6424,1777.2825,1755.7197,1292.8240,1710.0085,0,on,1
1786107044.985484,1,1,,1719.0000,1754.0000,1765.0000,1748.0000,1293.0000,1719.0000,35.491,28.591,26.382,29.673,40.207,16.780,1718,1759,1787,1757,1293,1711,0,0,0,0,0,0,1,0,1,1,1,1,4.9908,4.9908,4.9908,4.9908,2.9084,4.5916,1717.6896,1758.6424,1777.2825,1755.7197,1292.8240,1710.0085,0,on,1
1786107045.017466,1,1,,1717.0000,1753.0000,1765.0000,1746.0000,1297.0000,1722.0000,35.977,28.790,26.413,30.099,38.891,16.157,1718,1759,1787,1757,1293,1711,0,0,17,0,0,0,1,0,1,1,1,1,4.9908,4.9908,4.9908,4.9908,2.9084,4.5916,1717.6896,1758.6424,1777.2825,1755.7197,1292.8240,1710.0085,0,on,1
1786107045.049473,1,1,,1725.0000,1760.0000,1766.0000,1743.0000,1298.0000,1720.0000,34.442,27.356,26.113,30.660,38.421,16.552,1718,1759,1787,1757,1293,1710,0,0,0,0,0,0,1,0,1,1,1,1,4.9908,4.9908,4.9908,4.9908,2.9084,4.5916,1717.6896,1758.6424,1777.2825,1755.7197,1292.8240,1710.0085,0,on,1
1786107045.090431,1,1,,1708.0000,1754.0000,1767.0000,1756.0000,1301.0000,1724.0000,37.767,28.466,25.938,28.097,37.578,15.557,1718,1759,1787,1757,1293,1711,0,0,22,0,0,0,1,0,1,1,1,1,4.9908,4.9908,4.9908,4.9908,2.9084,4.5916,1717.6896,1758.6424,1777.2825,1755.7197,1292.8240,1710.0085,0,on,1
1786107045.117198,1,1,,1727.0000,1760.0000,1766.0000,1756.0000,1296.0000,1720.0000,34.005,27.364,26.192,28.082,39.089,16.599,1719,1759,1786,1757,1293,1710,0,0,26,0,0,0,1,0,1,1,1,1,4.9908,4.9908,4.9908,4.9908,2.9084,4.5916,1717.6896,1758.6424,1777.2825,1755.7197,1292.8240,1710.0085,0,on,1
1786107045.154474,1,1,,1711.0000,1762.0000,1777.0000,1757.0000,1300.0000,1730.0000,37.061,26.909,23.884,27.848,37.805,14.424,1719,1759,1784,1757,1293,1710,0,0,28,0,0,0,1,0,1,1,1,1,4.9908,4.9908,4.9908,4.9908,2.9084,4.5916,1717.6896,1758.6424,1777.2825,1755.7197,1292.8240,1710.0085,0,on,1
1786107045.185473,1,1,,1719.0000,1758.0000,1769.0000,1756.0000,1296.0000,1716.0000,35.530,27.737,25.455,28.104,39.022,17.284,1719,1759,1782,1757,1293,1710,0,0,28,0,0,0,1,0,1,1,1,1,4.9908,4.9908,4.9908,4.9908,2.9084,4.5916,1717.6896,1758.6424,1777.2825,1755.7197,1292.8240,1710.0085,0,on,1
1786107045.217151,1,1,,1707.0000,1756.0000,1770.0000,1761.0000,1297.0000,1727.0000,38.045,28.040,25.363,27.034,38.720,15.077,1719,1759,1781,1757,1293,1710,0,0,25,0,0,0,1,0,1,1,1,1,4.9908,4.9908,4.9908,4.9908,2.9084,4.5916,1717.6896,1758.6424,1777.2825,1755.7197,1292.8240,1710.0085,0,on,1
1786107045.249156,1,1,,1686.0000,1753.0000,1767.0000,1768.0000,1299.0000,1728.0000,42.177,28.828,26.008,25.723,38.300,14.696,1719,1759,1781,1757,1293,1710,0,0,23,0,0,0,1,0,1,1,1,1,4.9908,4.9908,4.9908,4.9908,2.9084,4.5916,1717.6896,1758.6424,1777.2825,1755.7197,1292.8240,1710.0085,0,on,1
1786107045.290452,1,1,,1695.0000,1755.0000,1769.0000,1764.0000,1300.0000,1728.0000,40.278,28.324,25.582,26.563,37.788,14.783,1718,1759,1780,1757,1293,1711,0,0,0,0,0,0,1,0,1,1,1,1,4.9908,4.9908,4.9908,4.9908,2.9084,4.5916,1717.6896,1758.6424,1777.2825,1755.7197,1292.8240,1710.0085,0,on,1
1786107045.317146,1,1,,1698.0000,1761.0000,1776.0000,1769.0000,1301.0000,1719.0000,39.832,27.220,24.030,25.509,37.575,16.626,1718,1759,1781,1757,1293,1711,0,0,0,0,0,0,1,0,1,1,1,1,4.9908,4.9908,4.9908,4.9908,2.9084,4.5916,1717.6896,1758.6424,1777.2825,1755.7197,1292.8240,1710.0085,0,on,1
1786107045.349149,1,1,,1679.0000,1758.0000,1778.0000,1771.0000,1299.0000,1729.0000,43.480,27.785,23.781,25.101,38.142,14.446,1718,1759,1781,1757,1293,1710,0,0,0,0,0,0,1,0,1,1,1,1,4.9908,4.9908,4.9908,4.9908,2.9084,4.5916,1710.0959,1758.6424,1777.2825,1755.7197,1292.8240,1710.0085,1,on,1
1786107045.385163,1,1,,1671.0000,1762.0000,1765.0000,1759.0000,1296.0000,1727.0000,45.209,26.976,26.363,27.442,39.140,15.080,1718,1759,1781,1757,1293,1711,0,0,0,0,0,0,1,0,1,1,1,1,4.9908,4.9908,4.9908,4.9908,2.9084,4.5916,1710.0959,1758.6424,1777.2825,1755.7197,1292.8240,1717.2025,1,on,1
1786107045.417597,1,1,,1677.0000,1755.0000,1763.0000,1753.0000,1294.0000,1727.0000,43.990,28.267,26.658,28.791,39.729,15.029,1719,1759,1781,1757,1293,1711,0,0,0,0,0,0,1,0,1,1,1,0,4.9908,4.9908,4.9908,4.9908,2.9084,4.5916,1710.0959,1758.6424,1777.2825,1755.7197,1292.8240,1717.2025,0,on,1
1786107045.449135,1,1,,1695.0000,1757.0000,1756.0000,1743.0000,1294.0000,1726.0000,40.328,28.030,28.066,30.724,39.835,15.216,1719,1759,1780,1757,1293,1710,0,0,0,0,0,0,1,0,1,1,1,0,4.9908,4.9908,4.9908,4.9908,2.9084,4.5916,1710.0959,1758.6424,1777.2825,1755.7197,1292.8240,1717.2025,0,on,1
1786107045.485197,1,1,,1700.0000,1746.0000,1756.0000,1745.0000,1298.0000,1723.0000,39.385,30.066,28.181,30.422,38.447,15.772,1718,1759,1780,1757,1293,1711,8,0,0,0,0,0,1,0,1,1,1,0,4.9908,4.9908,4.9908,4.9908,2.9084,4.5916,1710.0959,1758.6424,1777.2825,1755.7197,1292.8240,1717.2025,0,on,1
1786107045.517176,1,1,,1699.0000,1749.0000,1767.0000,1748.0000,1296.0000,1719.0000,39.573,29.508,26.017,29.708,39.327,16.809,1719,1759,1781,1757,1293,1711,8,0,0,0,0,17,1,0,1,1,1,0,4.9908,4.9908,4.9908,4.9908,2.9084,4.5916,1702.5332,1758.6424,1777.2825,1755.7197,1292.8240,1717.2025,1,on,1
1786107045.549158,1,1,,1696.0000,1753.0000,1758.0000,1743.0000,1299.0000,1719.0000,40.087,28.809,27.634,30.665,38.250,16.789,1718,1759,1781,1757,1293,1711,36,0,0,0,0,9,1,0,1,1,1,0,4.9908,4.9908,4.9908,4.9908,2.9084,4.5916,1702.5332,1758.6424,1777.2825,1755.7197,1292.8240,1717.2025,0,on,1
1786107045.590476,1,1,,1688.0000,1744.0000,1757.0000,1745.0000,1298.0000,1716.0000,41.762,30.606,27.897,30.263,38.490,17.329,1711,1759,1780,1757,1293,1710,51,0,0,0,0,24,1,0,1,1,1,0,4.9908,4.9908,4.9908,4.9908,2.9084,4.5916,1702.5332,1758.6424,1777.2825,1755.7197,1292.8240,1717.2025,0,on,1
1786107045.617207,1,1,,1690.0000,1740.0000,1757.0000,1745.0000,1300.0000,1720.0000,41.333,31.394,27.975,30.239,37.957,16.595,1710,1759,1781,1757,1293,1712,36,0,0,0,0,23,1,0,1,1,1,0,4.9908,4.9908,4.9908,4.9908,2.9084,4.5916,1702.5332,1758.6424,1769.5692,1755.7197,1292.8240,1717.2025,1,on,1
1786107045.649178,1,1,,1705.0000,1741.0000,1764.0000,1743.0000,1294.0000,1716.0000,38.361,31.129,26.627,30.751,39.987,17.323,1709,1759,1780,1757,1293,1717,38,0,0,0,8,23,1,0,1,1,1,0,4.9908,4.9908,4.9908,4.9908,2.9084,4.5916,1702.5332,1758.6424,1769.5692,1755.7197,1292.8240,1717.2025,0,on,1
1786107045.690363,1,1,,1693.0000,1752.0000,1764.0000,1741.0000,1299.0000,1718.0000,40.658,28.954,26.590,31.190,38.169,17.047,1706,1759,1780,1757,1292,1718,36,0,31,0,13,0,1,0,1,1,1,1,4.9908,4.9908,4.9908,4.9908,2.9084,4.5916,1702.5332,1758.6424,1769.5692,1755.7197,1292.8240,1717.2025,0,on,1
1786107045.722290,1,1,,1683.0000,1737.0000,1764.0000,1749.0000,1297.0000,1719.0000,42.688,31.902,26.493,29.572,38.738,16.791,1706,1759,1779,1757,1292,1718,28,0,44,0,0,0,1,0,1,1,1,1,4.9908,4.9908,4.9908,4.9908,2.9084,4.5916,1702.5332,1758.6424,1769.5692,1755.7197,1292.8240,1717.2025,0,on,1
1786107045.754297,1,1,,1693.0000,1753.0000,1775.0000,1753.0000,1293.0000,1708.0000,40.725,28.716,24.228,28.835,40.132,19.046,1704,1759,1776,1757,1292,1718,26,0,37,0,0,0,1,0,1,1,1,1,4.9908,4.9908,4.9908,4.9908,2.9084,4.5916,1702.5332,1758.6424,1769.5692,1755.7197,1292.8240,1717.2025,0,on,1
1786107045.790728,1,1,,1684.0000,1754.0000,1781.0000,1748.0000,1295.0000,1715.0000,42.533,28.606,23.094,29.732,39.534,17.628,1703,1759,1774,1757,1292,1718,0,0,17,0,0,0,1,0,1,1,1,1,4.9908,4.9908,4.9908,4.9908,2.9084,4.5916,1702.5332,1758.6424,1769.5692,1755.7197,1292.8240,1717.2025,0,on,1
1786107045.817702,1,1,,1688.0000,1754.0000,1778.0000,1746.0000,1294.0000,1714.0000,41.825,28.446,23.634,30.183,39.748,17.888,1703,1759,1774,1757,1292,1718,0,0,17,0,0,0,1,0,1,1,1,1,4.9908,4.9908,4.9908,4.9908,2.9084,4.5916,1702.5332,1758.6424,1769.5692,1755.7197,1292.8240,1717.2025,0,on,1
1786107045.849627,1,1,,1681.0000,1755.0000,1769.0000,1748.0000,1289.0000,1714.0000,43.124,28.268,25.437,29.694,41.524,17.784,1703,1759,1774,1757,1292,1718,0,0,19,0,23,0,1,0,1,1,1,1,4.9908,4.9908,4.9908,4.9908,2.9084,4.5916,1702.5332,1758.6424,1769.5692,1755.7197,1292.8240,1717.2025,0,on,1
1786107045.885453,1,1,,1675.0000,1764.0000,1767.0000,1749.0000,1293.0000,1720.0000,44.331,26.622,26.026,29.549,40.371,16.400,1703,1759,1774,1757,1292,1718,0,0,21,0,0,0,1,0,1,1,1,1,4.9908,4.9908,4.9908,4.9908,2.9084,4.5916,1702.5332,1758.6424,1769.5692,1755.7197,1292.8240,1717.2025,0,on,1
1786107045.921837,1,1,,1688.0000,1766.0000,1773.0000,1746.0000,1294.0000,1717.0000,41.812,26.147,24.724,30.171,39.920,17.236,1703,1759,1774,1757,1292,1718,0,0,24,0,0,0,1,0,1,1,1,1,4.9908,4.9908,4.9908,4.9908,2.9084,4.5916,1702.5332,1758.6424,1769.5692,1755.7197,1292.8240,1717.2025,0,on,1
1786107045.949622,1,1,,1672.0000,1767.0000,1764.0000,1735.0000,1295.0000,1716.0000,45.007,25.930,26.521,32.400,39.450,17.425,1703,1759,1774,1757,1292,1718,0,0,25,0,0,0,1,0,1,1,1,1,4.9908,4.9908,4.9908,4.9908,2.9084,4.5916,1694.4685,1758.6424,1769.5692,1755.7197,1292.8240,1717.2025,1,on,1
1786107045.985492,1,1,,1681.0000,1771.0000,1770.0000,1736.0000,1292.0000,1720.0000,43.067,25.175,25.279,32.204,40.668,16.489,1703,1759,1773,1757,1292,1718,0,0,22,0,0,0,1,0,1,1,1,1,4.9908,4.9908,4.9908,4.9908,2.9084,4.5916,1694.4685,1758.6424,1769.5692,1755.7197,1292.8240,1717.2025,0,on,1
1786107046.017434,1,1,,1692.0000,1777.0000,1773.0000,1727.0000,1293.0000,1715.0000,40.973,23.970,24.761,33.962,40.362,17.564,1703,1759,1773,1757,1292,1718,0,0,0,0,0,0,1,0,1,1,1,1,4.9908,4.9908,4.9908,4.9908,2.9084,4.5916,1694.4685,1758.6424,1769.5692,1755.7197,1292.8240,1717.2025,0,on,1
1786107046.049647,1,1,,1682.0000,1774.0000,1770.0000,1728.0000,1290.0000,1707.0000,42.917,24.437,25.383,33.703,41.098,19.330,1703,1759,1772,1757,1292,1718,30,0,0,0,0,0,1,0,1,1,1,1,4.9908,4.9908,4.9908,4.9908,2.9084,4.5916,1694.4685,1758.6424,1769.5692,1747.1863,1292.8240,1717.2025,1,on,1
1786107046.090718,1,1,,1699.0000,1779.0000,1770.0000,1732.0000,1285.0000,1710.0000,39.617,23.490,25.420,32.928,43.143,18.600,1700,1759,1772,1757,1292,1718,0,0,0,0,0,0,1,0,1,1,1,1,4.9908,4.9908,4.9908,4.9908,2.9084,4.5916,1694.4685,1758.6424,1769.5692,1747.1863,1292.8240,1717.2025,0,on,1
1786107046.117610,1,1,,1680.0000,1778.0000,1770.0000,1736.0000,1286.0000,1713.0000,43.263,23.664,25.384,32.049,42.760,18.073,1700,1759,1772,1757,1292,1718,0,0,0,0,0,0,1,0,1,1,1,1,4.9908,4.9908,4.9908,4.9908,2.9084,4.5916,1694.4685,1758.6424,1769.5692,1747.1863,1292.8240,1717.2025,0,on,1
1786107046.149436,1,1,,1696.0000,1777.0000,1770.0000,1730.0000,1286.0000,1718.0000,40.198,23.978,25.428,33.287,42.731,16.906,1700,1759,1772,1757,1292,1718,0,0,0,36,0,0,1,0,1,1,1,1,4.9908,4.9908,4.9908,4.9908,2.9084,4.5916,1694.4685,1758.6424,1769.5692,1747.1863,1292.8240,1717.2025,0,on,1
1786107046.185445,1,1,,1698.0000,1770.0000,1761.0000,1739.0000,1286.0000,1715.0000,39.788,25.336,27.169,31.514,42.728,17.626,1700,1759,1772,1757,1292,1718,0,0,0,10,0,0,1,0,1,1,1,1,4.9908,4.9908,4.9908,4.9908,2.9084,4.5916,1694.4685,1758.6424,1769.5692,1747.1863,1292.8240,1717.2025,0,on,1
1786107046.217727,1,1,,1670.0000,1769.0000,1764.0000,1756.0000,1289.0000,1727.0000,45.280,25.548,26.593,28.190,41.598,15.023,1700,1759,1772,1755,1292,1718,8,0,0,12,0,0,1,0,1,1,1,1,4.9908,4.9908,4.9908,4.9908,2.9084,4.5916,1694.4685,1758.6424,1769.5692,1747.1863,1292.8240,1717.2025,0,on,1
1786107046.249487,1,1,,1672.0000,1770.0000,1765.0000,1758.0000,1287.0000,1723.0000,44.947,25.234,26.395,27.695,42.197,15.771,1700,1759,1772,1754,1292,1718,13,0,0,19,0,0,1,0,1,1,1,1,4.9908,4.9908,4.9908,4.9908,2.9084,4.5916,1694.4685,1758.6424,1769.5692,1747.1863,1292.8240,1717.2025,0,on,1
1786107046.285477,1,1,,1685.0000,1768.0000,1764.0000,1759.0000,1292.0000,1730.0000,42.279,25.724,26.520,27.448,40.468,14.362,1698,1759,1771,1751,1292,1718,24,0,0,12,0,0,1,0,1,1,1,1,4.9908,4.9908,4.9908,4.9908,2.9084,4.5916,1694.4685,1758.6424,1769.5692,1747.1863,1292.8240,1717.2025,0,on,1
1786107046.319958,1,1,,1691.0000,1762.0000,1769.0000,1770.0000,1292.0000,1726.0000,41.074,27.020,25.597,25.324,40.671,15.123,1697,1759,1772,1751,1292,1718,24,0,0,8,0,0,1,0,1,1,1,1,4.9908,4.9908,4.9908,4.9908,2.9084,4.5916,1694.4685,1758.6424,1769.5692,1747.1863,1292.8240,1717.2025,0,on,1
1786107046.349427,1,1,,1684.0000,1750.0000,1768.0000,1766.0000,1294.0000,1721.0000,42.473,29.249,25.796,26.047,39.942,16.295,1696,1759,1772,1751,1292,1718,21,0,0,10,0,0,1,0,1,1,1,1,4.9908,4.9908,4.9908,4.9908,2.9084,4.5916,1694.4685,1758.6424,1769.5692,1747.1863,1292.8240,1717.2025,0,on,1
1786107046.385644,1,1,,1688.0000,1753.0000,1769.0000,1769.0000,1290.0000,1725.0000,41.843,28.642,25.563,25.454,41.317,15.312,1696,1759,1772,1751,1292,1718,20,0,0,12,0,0,1,0,1,1,1,1,4.9908,4.9908,4.9908,4.9908,2.9084,4.5916,1694.4685,1758.6424,1769.5692,1747.1863,1292.8240,1717.2025,0,on,1
1786107046.417571,1,1,,1691.0000,1763.0000,1766.0000,1765.0000,1295.0000,1730.0000,41.102,26.632,26.063,26.379,39.554,14.361,1695,1759,1772,1751,1292,1718,0,0,0,15,0,0,1,0,1,1,1,1,4.9908,4.9908,4.9908,4.9908,2.9084,4.5916,1694.4685,1758.6424,1769.5692,1747.1863,1292.8240,1717.2025,0,on,1
1786107046.449609,1,1,,1700.0000,1764.0000,1759.0000,1756.0000,1298.0000,1726.0000,39.373,26.622,27.517,28.137,38.626,15.091,1695,1759,1772,1749,1292,1718,0,0,0,0,0,0,1,0,1,1,1,1,4.9908,4.9908,4.9908,4.9908,2.9084,4.5916,1694.4685,1758.6424,1769.5692,1747.1863,1292.8240,1717.2025,0,on,1
1786107046.490706,1,1,,1710.0000,1764.0000,1762.0000,1752.0000,1299.0000,1714.0000,37.399,26.614,26.947,28.845,38.090,17.907,1695,1759,1772,1749,1292,1718,0,0,0,0,0,0,1,0,1,1,1,1,4.9908,4.9908,4.9908,4.9908,2.9084,4.5916,1694.4685,1758.6424,1769.5692,1747.1863,1292.8240,1717.2025,0,on,1
1786107046.522662,1,1,,1695.0000,1759.0000,1754.0000,1751.0000,1294.0000,1727.0000,40.367,27.567,28.436,29.117,39.953,14.986,1695,1759,1772,1749,1292,1718,0,0,0,0,0,0,1,0,1,1,1,1,4.9908,4.9908,4.9908,4.9908,2.9084,4.5916,1694.4685,1758.6424,1769.5692,1747.1863,1292.8240,1717.2025,0,on,1
1786107046.549577,1,1,,1699.0000,1753.0000,1753.0000,1746.0000,1293.0000,1727.0000,39.622,28.798,28.667,30.131,40.249,14.886,1695,1759,1772,1749,1292,1718,0,0,0,0,0,0,1,0,1,1,1,1,4.9908,4.9908,4.9908,4.9908,2.9084,4.5916,1694.4685,1758.6424,1769.5692,1747.1863,1292.8240,1717.2025,0,on,1
1786107046.585401,1,1,,1705.0000,1752.0000,1745.0000,1739.0000,1291.0000,1720.0000,38.353,28.980,30.269,31.589,40.903,16.426,1695,1759,1772,1749,1292,1718,0,0,0,0,0,0,1,0,1,1,1,1,4.9908,4.9908,4.9908,4.9908,2.9084,4.5916,1694.4685,1758.6424,1769.5692,1747.1863,1292.8240,1717.2025,0,on,1
1786107046.617443,1,1,,1698.0000,1757.0000,1750.0000,1737.0000,1290.0000,1729.0000,39.839,27.902,29.254,31.999,41.283,14.468,1695,1759,1772,1749,1292,1718,0,0,0,0,0,0,1,0,1,1,1,1,4.9908,4.9908,4.9908,4.9908,2.9084,4.5916,1694.4685,1758.6424,1769.5692,1747.1863,1292.8240,1717.2025,0,on,1
1786107046.649626,1,1,,1690.0000,1752.0000,1749.0000,1742.0000,1284.0000,1741.0000,41.379,28.865,29.542,30.952,43.315,12.037,1695,1759,1772,1749,1292,1718,0,0,0,0,0,0,1,0,1,1,1,1,4.9908,4.9908,4.9908,4.9908,2.9084,4.5916,1694.4685,1758.6424,1769.5692,1747.1863,1292.8240,1717.2025,0,on,1
1786107046.867561,1,1,,1688.0000,1770.0000,1763.0000,1748.0000,1285.0000,1739.0000,41.685,25.257,26.670,29.792,43.099,12.307,1695,1759,1772,1749,1292,1718,0,0,0,0,0,0,1,0,1,1,1,1,4.9908,4.9908,4.9908,4.9908,2.9084,4.5916,1694.4685,1758.6424,1769.5692,1747.1863,1292.8240,1717.2025,0,on,1
1786107046.880485,1,1,,1682.0000,1757.0000,1765.0000,1743.0000,1292.0000,1733.0000,42.890,27.913,26.232,30.720,40.605,13.618,1695,1759,1772,1749,1292,1718,0,0,0,0,0,0,1,0,1,1,1,1,4.9908,4.9908,4.9908,4.9908,2.9084,4.5916,1694.4685,1758.6424,1769.5692,1747.1863,1292.8240,1717.2025,0,on,1
1786107046.897781,1,1,,1686.0000,1765.0000,1770.0000,1736.0000,1290.0000,1728.0000,42.209,26.353,25.327,32.232,41.296,14.818,1695,1759,1772,1749,1292,1718,0,0,0,0,0,0,1,0,1,1,1,1,4.9908,4.9908,4.9908,4.9908,2.9084,4.5916,1694.4685,1758.6424,1769.5692,1747.1863,1292.8240,1717.2025,0,on,1
1786107046.910496,1,1,,1692.0000,1771.0000,1771.0000,1754.0000,1290.0000,1724.0000,40.881,25.126,25.132,28.619,41.111,15.666,1695,1759,1772,1749,1292,1718,0,0,0,0,0,0,1,0,1,1,1,1,4.9908,4.9908,4.9908,4.9908,2.9084,4.5916,1694.4685,1758.6424,1769.5692,1747.1863,1292.8240,1717.2025,0,on,1
1786107046.922687,1,1,,1644.0000,1744.0000,1757.0000,1776.0000,1275.0000,1684.0000,50.636,30.560,27.870,24.224,46.515,24.345,1695,1759,1772,1749,1292,1718,0,0,0,0,0,0,1,0,1,1,1,1,4.9908,4.9908,4.9908,4.9908,2.9084,4.5916,1694.4685,1758.6424,1769.5692,1747.1863,1292.8240,1717.2025,0,on,1
1786107046.952647,1,1,,1692.0000,1764.0000,1750.0000,1753.0000,1292.0000,1732.0000,40.929,26.519,29.412,28.796,40.600,13.790,1695,1759,1772,1749,1292,1718,0,0,0,0,0,0,1,0,1,1,1,1,4.9908,4.9908,4.9908,4.9908,2.9084,4.5916,1694.4685,1758.6424,1769.5692,1747.1863,1292.8240,1717.2025,0,on,1
1786107046.986187,1,1,,1690.0000,1757.0000,1751.0000,1749.0000,1286.0000,1732.0000,41.413,28.004,29.133,29.631,42.748,13.890,1695,1759,1772,1749,1292,1718,0,0,0,0,0,0,1,0,1,1,1,1,4.9908,4.9908,4.9908,4.9908,2.9084,4.5916,1694.4685,1758.6424,1769.5692,1747.1863,1292.8240,1717.2025,0,on,1
1786107047.017458,1,1,,1692.0000,1757.0000,1757.0000,1724.0000,1285.0000,1734.0000,40.889,27.882,28.028,34.511,42.814,13.348,1695,1759,1772,1749,1292,1718,0,0,0,0,0,0,1,0,1,1,1,1,4.9908,4.9908,4.9908,4.9908,2.9084,4.5916,1694.4685,1758.6424,1769.5692,1747.1863,1292.8240,1717.2025,0,on,1
1786107047.049644,1,1,,1706.0000,1779.0000,1761.0000,1737.0000,1285.0000,1724.0000,38.057,23.512,27.223,31.912,42.945,15.576,1695,1759,1772,1749,1292,1718,0,0,0,0,0,0,1,0,1,1,1,1,4.9908,4.9908,4.9908,4.9908,2.9084,4.5916,1694.4685,1758.6424,1769.5692,1747.1863,1292.8240,1717.2025,0,on,1
1786107047.090677,1,1,,1704.0000,1759.0000,1745.0000,1745.0000,1284.0000,1723.0000,38.652,27.494,30.422,30.253,43.477,15.779,1695,1759,1772,1749,1292,1718,0,0,0,0,0,0,1,0,1,1,1,1,4.9908,4.9908,4.9908,4.9908,2.9084,4.5916,1694.4685,1758.6424,1762.0492,1747.1863,1292.8240,1717.2025,1,on,1
1786107047.117577,1,1,,1673.0000,1755.0000,1729.0000,1747.0000,1278.0000,1718.0000,44.758,28.368,33.447,29.922,45.430,16.898,1695,1759,1772,1749,1292,1718,0,0,0,0,0,0,1,0,1,1,1,1,4.9908,4.9908,4.9908,4.9908,2.9084,4.5916,1694.4685,1758.6424,1762.0492,1747.1863,1292.8240,1717.2025,0,on,1
1786107047.149661,1,1,,1671.0000,1746.0000,1733.0000,1729.0000,1286.0000,1724.0000,45.213,30.172,32.802,33.576,42.561,15.659,1695,1759,1772,1749,1292,1718,0,0,0,0,0,0,1,0,1,1,1,1,4.9908,4.9908,4.9908,4.9908,2.9084,4.5916,1694.4685,1758.6424,1762.0492,1747.1863,1292.8240,1717.2025,0,on,1
1786107047.190646,1,1,,1659.0000,1724.0000,1727.0000,1739.0000,1285.0000,1722.0000,47.551,34.475,33.902,31.472,43.134,16.038,1695,1759,1771,1749,1292,1718,0,0,0,0,0,0,1,0,1,1,1,1,4.9908,4.9908,4.9908,4.9908,2.9084,4.5916,1694.4685,1758.6424,1762.0492,1747.1863,1292.8240,1717.2025,0,on,1
1786107047.217376,1,1,,1666.0000,1710.0000,1721.0000,1745.0000,1284.0000,1711.0000,46.209,37.332,35.174,30.371,43.470,18.481,1695,1759,1772,1749,1292,1718,0,0,25,0,0,0,1,0,1,1,1,1,4.9908,4.9908,4.9908,4.9908,2.9084,4.5916,1686.2828,1758.6424,1752.0665,1747.1863,1292.8240,1717.2025,1,on,1
1786107047.254704,1,1,,1656.0000,1712.0000,1730.0000,1754.0000,1282.0000,1704.0000,48.098,36.914,33.411,28.465,43.863,19.939,1695,1759,1770,1749,1292,1718,0,0,0,0,0,0,1,0,1,1,1,1,4.9908,4.9908,4.9908,4.9908,2.9084,4.5916,1686.2828,1748.6152,1752.0665,1747.1863,1292.8240,1717.2025,1,on,1
1786107047.290638,1,1,,1644.0000,1728.0000,1732.0000,1752.0000,1285.0000,1699.0000,50.549,33.837,33.031,28.976,42.827,21.090,1695,1759,1767,1749,1292,1718,35,0,41,0,0,0,1,1,1,1,1,1,4.9908,4.9908,4.9908,4.9908,2.9084,4.5916,1686.2828,1748.6152,1752.0665,1747.1863,1292.8240,1717.2025,0,on,1
1786107047.322703,1,1,,1640.0000,1716.0000,1738.0000,1754.0000,1290.0000,1703.0000,51.400,36.059,31.678,28.469,41.294,20.242,1692,1759,1762,1749,1292,1718,29,0,22,0,0,0,1,1,1,1,1,1,4.9908,4.9908,4.9908,4.9908,2.9084,4.5916,1675.4334,1748.6152,1752.0665,1747.1863,1292.8240,1717.2025,1,on,1
1786107047.349410,1,1,,1637.0000,1726.0000,1736.0000,1744.0000,1282.0000,1693.0000,52.038,34.144,32.066,30.528,43.861,22.487,1690,1759,1761,1749,1292,1718,30,16,0,0,0,0,1,1,1,1,1,1,4.9908,4.9908,4.9908,4.9908,2.9084,4.5916,1675.4334,1748.6152,1752.0665,1747.1863,1292.8240,1717.2025,0,on,1
1786107047.385422,1,1,,1633.0000,1705.0000,1725.0000,1746.0000,1283.0000,1707.0000,52.710,38.286,34.283,30.057,43.798,19.325,1686,1759,1761,1749,1292,1718,47,28,20,0,0,0,1,1,1,1,1,1,4.9908,4.9908,4.9908,4.9908,2.9084,4.5916,1666.8672,1738.6965,1752.0665,1747.1863,1292.8240,1717.2025,1,on,1
1786107047.417388,1,1,,1641.0000,1707.0000,1718.0000,1747.0000,1270.0000,1697.0000,51.276,37.875,35.835,30.020,47.996,21.504,1678,1759,1760,1749,1292,1718,34,0,27,0,0,0,1,1,1,1,1,1,4.9908,4.9908,4.9908,4.9908,2.9084,4.5916,1666.8672,1738.6965,1743.8358,1747.1863,1292.8240,1717.2025,1,on,1
1786107047.449451,1,1,,1649.0000,1712.0000,1712.0000,1733.0000,1274.0000,1704.0000,49.612,37.024,37.017,32.823,46.692,20.077,1671,1756,1757,1749,1292,1718,37,15,24,0,0,0,1,1,1,1,1,1,4.9908,4.9908,4.9908,4.9908,2.9084,4.5916,1666.8672,1738.6965,1743.8358,1747.1863,1287.8374,1717.2025,1,on,1
1786107047.485378,1,1,,1637.0000,1711.0000,1703.0000,1731.0000,1273.0000,1704.0000,51.906,37.060,38.774,33.126,46.973,19.882,1668,1754,1754,1749,1292,1718,36,49,47,0,0,0,1,1,1,1,1,1,4.9908,4.9908,4.9908,4.9908,2.9084,4.5916,1666.8672,1738.6965,1743.8358,1747.1863,1287.8374,1717.2025,0,on,1
1786107047.553425,1,1,,1629.0000,1717.0000,1697.0000,1734.0000,1273.0000,1696.0000,53.593,35.944,39.941,32.472,46.947,21.756,1667,1746,1746,1749,1292,1718,23,26,0,0,0,0,1,1,1,1,1,1,4.9908,4.9908,4.9908,4.9908,2.9084,4.5916,1656.8706,1730.1970,1731.2161,1747.1863,1287.8374,1717.2025,1,on,1
1786107047.577436,1,1,,1645.0000,1720.0000,1706.0000,1728.0000,1275.0000,1707.0000,50.363,35.253,38.170,33.814,46.460,19.394,1667,1744,1745,1749,1292,1718,22,23,0,0,0,0,1,1,1,1,1,1,4.9908,4.9908,4.9908,4.9908,2.9084,4.5916,1656.8706,1730.1970,1731.2161,1747.1863,1287.8374,1717.2025,0,on,1
1786107047.605380,1,1,,1645.0000,1756.0000,1727.0000,1722.0000,1275.0000,1712.0000,50.411,28.098,33.994,34.922,46.385,18.272,1667,1741,1746,1749,1292,1718,37,27,20,0,0,0,1,1,1,1,1,1,4.9908,4.9908,4.9908,4.9908,2.9084,4.5916,1656.8706,1730.1970,1731.2161,1747.1863,1287.8374,1717.2025,0,on,1
1786107047.633018,1,1,,1651.0000,1746.0000,1718.0000,1717.0000,1277.0000,1710.0000,49.126,30.118,35.799,36.001,45.582,18.673,1662,1735,1742,1749,1292,1718,39,17,48,0,0,0,1,1,1,1,1,1,4.9908,4.9908,4.9908,4.9908,2.9084,4.5916,1656.8706,1730.1970,1731.2161,1747.1863,1287.8374,1717.2025,0,on,1
1786107047.660971,1,1,,1652.0000,1750.0000,1714.0000,1715.0000,1282.0000,1707.0000,49.043,29.316,36.520,36.342,44.161,19.369,1661,1733,1740,1749,1292,1718,38,16,0,0,9,0,1,1,1,1,1,1,4.9908,4.9908,4.9908,4.9908,2.9084,4.5916,1656.8706,1730.1970,1731.2161,1739.6159,1287.8374,1717.2025,1,on,1
1786107047.690636,1,1,,1647.0000,1753.0000,1715.0000,1721.0000,1279.0000,1711.0000,49.972,28.731,36.354,35.076,45.129,18.477,1659,1732,1740,1749,1292,1718,29,10,8,0,20,0,1,1,1,1,1,1,4.9908,4.9908,4.9908,4.9908,2.9084,4.5916,1656.8706,1730.1970,1731.2161,1739.6159,1287.8374,1717.2025,0,on,1
1786107047.721096,1,1,,1649.0000,1753.0000,1711.0000,1716.0000,1278.0000,1704.0000,49.586,28.731,37.131,36.142,45.425,19.936,1657,1732,1739,1749,1291,1718,28,0,27,9,19,0,1,1,1,1,1,1,4.9908,4.9908,4.9908,4.9908,2.9084,4.5916,1656.8706,1730.1970,1731.2161,1739.6159,1287.8374,1717.2025,0,on,1
1786107047.751241,1,1,,1665.0000,1754.0000,1716.0000,1719.0000,1280.0000,1716.0000,46.410,28.441,36.112,35.599,44.752,17.309,1656,1732,1736,1748,1291,1718,0,0,28,29,17,0,1,1,1,1,1,1,4.9908,4.9908,4.9908,4.9908,2.9084,4.5916,1656.8706,1730.1970,1731.2161,1739.6159,1287.8374,1717.2025,0,on,1
1786107047.789636,1,1,,1636.0000,1749.0000,1706.0000,1733.0000,1275.0000,1705.0000,52.092,29.461,38.149,32.818,46.451,19.814,1656,1732,1736,1745,1291,1718,0,0,27,0,25,0,1,1,1,1,1,1,4.9908,4.9908,4.9908,4.9908,2.9084,4.5916,1656.8706,1730.1970,1731.2161,1739.6159,1287.8374,1717.2025,0,on,1
1786107047.818603,1,1,,1638.0000,1750.0000,1708.0000,1732.0000,1275.0000,1702.0000,51.860,29.350,37.736,33.006,46.333,20.341,1656,1732,1735,1745,1290,1718,0,0,23,0,26,0,1,1,1,1,1,1,4.9908,4.9908,4.9908,4.9908,2.9084,4.5916,1656.8706,1730.1970,1731.2161,1739.6159,1287.8374,1717.2025,0,on,1
1786107047.849516,1,1,,1643.0000,1743.0000,1706.0000,1739.0000,1271.0000,1706.0000,50.785,30.735,38.129,31.521,47.765,19.578,1656,1732,1733,1745,1289,1718,0,0,19,0,21,0,1,1,1,1,1,1,4.9908,4.9908,4.9908,4.9908,2.9084,4.5916,1656.8706,1730.1970,1722.7681,1739.6159,1283.2135,1717.2025,1,on,1
1786107047.885553,1,1,,1632.0000,1738.0000,1699.0000,1743.0000,1268.0000,1697.0000,52.980,31.836,39.513,30.740,48.699,21.532,1656,1732,1733,1745,1288,1718,0,0,27,8,24,0,1,1,1,1,1,1,4.9908,4.9908,4.9908,4.9908,2.9084,4.5916,1656.8706,1730.1970,1722.7681,1739.6159,1283.2135,1717.2025,0,on,1
1786107047.917410,1,1,,1642.0000,1754.0000,1708.0000,1725.0000,1274.0000,1712.0000,50.975,28.502,37.776,34.316,46.755,18.332,1656,1732,1730,1745,1288,1718,0,0,31,11,0,0,1,1,1,1,1,1,4.9908,4.9908,4.9908,4.9908,2.9084,4.5916,1656.8706,1738.1187,1722.7681,1739.6159,1283.2135,1717.2025,1,on,1
1786107047.949498,1,1,,1633.0000,1758.0000,1715.0000,1739.0000,1272.0000,1698.0000,52.798,27.830,36.311,31.489,47.559,21.253,1656,1732,1728,1745,1288,1718,0,0,23,30,0,0,1,0,1,1,1,1,4.9908,4.9908,4.9908,4.9908,2.9084,4.5916,1656.8706,1738.1187,1722.7681,1739.6159,1283.2135,1717.2025,0,on,1
1786107047.990493,1,1,,1649.0000,1767.0000,1718.0000,1729.0000,1279.0000,1709.0000,49.584,26.000,35.681,33.484,45.108,18.974,1656,1732,1726,1742,1288,1718,0,0,18,9,20,0,1,0,1,1,1,1,4.9908,4.9908,4.9908,4.9908,2.9084,4.5916,1656.8706,1738.1187,1722.7681,1739.6159,1283.2135,1717.2025,0,on,1
1786107048.017183,1,1,,1663.0000,1769.0000,1723.0000,1725.0000,1277.0000,1704.0000,46.764,25.538,34.673,34.293,45.671,19.991,1656,1732,1725,1742,1287,1718,0,0,16,11,19,0,1,0,1,1,1,1,4.9908,4.9908,4.9908,4.9908,2.9084,4.5916,1656.8706,1738.1187,1722.7681,1739.6159,1283.2135,1717.2025,0,on,1
1786107048.049213,1,1,,1665.0000,1772.0000,1728.0000,1715.0000,1277.0000,1712.0000,46.343,24.855,33.804,36.258,45.571,18.291,1657,1732,1724,1742,1287,1718,0,20,0,0,16,0,1,0,1,1,1,1,4.9908,4.9908,4.9908,4.9908,2.9084,4.5916,1656.8706,1745.6937,1722.7681,1739.6159,1283.2135,1717.2025,1,on,1
1786107048.085447,1,1,,1673.0000,1774.0000,1735.0000,1730.0000,1279.0000,1711.0000,44.862,24.472,32.329,33.315,45.022,18.500,1656,1732,1725,1742,1287,1718,0,40,0,0,0,0,1,0,1,1,1,1,4.9908,4.9908,4.9908,4.9908,2.9084,4.5916,1656.8706,1745.6937,1722.7681,1739.6159,1283.2135,1717.2025,0,on,1
1786107048.117166,1,1,,1662.0000,1769.0000,1731.0000,1723.0000,1276.0000,1707.0000,47.045,25.446,33.214,34.840,46.139,19.352,1657,1743,1724,1742,1286,1718,0,24,0,0,34,0,1,0,1,1,1,1,4.9908,4.9908,4.9908,4.9908,2.9084,4.5916,1656.8706,1745.6937,1722.7681,1739.6159,1283.2135,1717.2025,0,on,1
1786107048.149485,1,1,,1676.0000,1781.0000,1735.0000,1705.0000,1276.0000,1711.0000,44.099,23.042,32.292,38.436,46.103,18.432,1656,1745,1724,1742,1285,1718,0,14,0,0,0,0,1,0,1,1,1,1,4.9908,4.9908,4.9908,4.9908,2.9084,4.5916,1656.8706,1745.6937,1722.7681,1731.5739,1283.2135,1717.2025,1,on,1
1786107048.190434,1,1,,1684.0000,1789.0000,1732.0000,1693.0000,1284.0000,1704.0000,42.596,21.557,32.983,40.691,43.342,19.994,1656,1746,1724,1742,1285,1718,0,0,0,10,9,0,1,0,1,1,1,1,4.9908,4.9908,4.9908,4.9908,2.9084,4.5916,1656.8706,1756.6264,1722.7681,1731.5739,1283.2135,1710.2209,1,on,1
1786107048.217438,1,1,,1681.0000,1787.0000,1735.0000,1694.0000,1282.0000,1712.0000,43.158,21.841,32.304,40.643,43.889,18.284,1656,1746,1724,1739,1285,1718,0,0,0,29,28,0,1,0,1,1,1,1,4.9908,4.9908,4.9908,4.9908,2.9084,4.5916,1656.8706,1756.6264,1722.7681,1731.5739,1283.2135,1710.2209,0,on,1
1786107048.249492,1,1,,1668.0000,1778.0000,1725.0000,1702.0000,1278.0000,1704.0000,45.768,23.764,34.273,38.956,45.544,19.910,1657,1749,1724,1735,1284,1718,0,36,0,0,18,0,1,0,1,1,1,1,4.9908,4.9908,4.9908,4.9908,2.9084,4.5916,1656.8706,1756.6264,1722.7681,1722.9962,1283.2135,1710.2209,1,on,1
1786107048.285476,1,1,,1665.0000,1771.0000,1719.0000,1702.0000,1275.0000,1708.0000,46.338,25.143,35.613,38.990,46.491,19.219,1656,1757,1724,1735,1283,1718,0,20,0,20,0,0,1,0,1,1,1,1,4.9908,4.9908,4.9908,4.9908,2.9084,4.5916,1656.8706,1756.6264,1722.7681,1722.9962,1283.2135,1710.2209,0,on,1
1786107048.317157,1,1,,1680.0000,1776.0000,1729.0000,1688.0000,1277.0000,1702.0000,43.432,24.057,33.467,41.745,45.649,20.529,1657,1759,1724,1731,1283,1718,0,0,0,24,0,15,1,1,1,1,1,1,4.9908,4.9908,4.9908,4.9908,2.9084,4.5916,1656.8706,1756.6264,1722.7681,1722.9962,1283.2135,1710.2209,0,on,1
1786107048.349472,1,1,,1666.0000,1770.0000,1720.0000,1693.0000,1279.0000,1694.0000,46.073,25.427,35.353,40.736,45.187,22.266,1657,1759,1725,1724,1283,1718,0,0,0,0,0,18,1,1,1,1,1,1,4.9908,4.9908,4.9908,4.9908,2.9084,4.5916,1656.8706,1756.6264,1722.7681,1722.9962,1283.2135,1710.2209,0,on,1
1786107048.385095,1,1,,1665.0000,1781.0000,1727.0000,1695.0000,1274.0000,1698.0000,46.288,23.070,33.860,40.359,46.766,21.247,1656,1759,1724,1724,1283,1718,0,0,0,0,0,10,1,1,1,1,1,1,4.9908,4.9908,4.9908,4.9908,2.9084,4.5916,1656.8706,1756.6264,1722.7681,1714.3452,1283.2135,1710.2209,1,on,1
1786107048.417140,1,1,,1657.0000,1775.0000,1731.0000,1697.0000,1271.0000,1701.0000,47.898,24.308,33.149,39.878,47.804,20.674,1656,1759,1724,1725,1283,1718,0,0,0,0,9,27,1,1,1,1,1,1,4.9908,4.9908,4.9908,4.9908,2.9084,4.5916,1656.8706,1764.2431,1722.7681,1714.3452,1283.2135,1710.2209,1,on,1
1786107048.449687,1,1,,1651.0000,1769.0000,1734.0000,1703.0000,1273.0000,1694.0000,49.138,25.583,32.604,38.750,47.176,22.113,1656,1765,1724,1715,1283,1710,0,18,0,0,0,0,1,0,1,1,1,1,4.9908,4.9908,4.9908,4.9908,2.9084,4.5916,1656.8706,1764.2431,1722.7681,1714.3452,1283.2135,1710.2209,0,on,1
1786107048.667587,1,1,,1666.0000,1779.0000,1740.0000,1698.0000,1276.0000,1691.0000,46.109,23.529,31.435,39.784,46.186,22.800,1656,1765,1724,1715,1283,1710,0,18,0,0,0,0,1,0,1,1,1,1,4.9908,4.9908,4.9908,4.9908,2.9084,4.5916,1656.8706,1764.2431,1722.7681,1714.3452,1283.2135,1710.2209,0,on,1
1786107048.678027,1,1,,1663.0000,1775.0000,1734.0000,1699.0000,1269.0000,1688.0000,46.857,24.307,32.477,39.478,48.339,23.459,1657,1765,1724,1715,1283,1710,0,0,0,0,0,0,1,0,1,1,1,1,4.9908,4.9908,4.9908,4.9908,2.9084,4.5916,1656.8706,1764.2431,1722.7681,1714.3452,1283.2135,1710.2209,0,on,1
1786107048.689608,1,1,,1662.0000,1771.0000,1725.0000,1695.0000,1268.0000,1687.0000,46.879,25.211,34.346,40.303,48.864,23.717,1656,1765,1725,1715,1283,1710,0,0,0,0,0,0,1,0,1,1,1,1,4.9908,4.9908,4.9908,4.9908,2.9084,4.5916,1656.8706,1764.2431,1722.7681,1714.3452,1283.2135,1710.2209,0,on,1
1786107048.704002,1,1,,1665.0000,1763.0000,1719.0000,1696.0000,1269.0000,1686.0000,46.431,26.740,35.507,40.072,48.393,23.844,1657,1765,1724,1715,1283,1710,0,0,0,0,0,0,1,0,1,1,1,1,4.9908,4.9908,4.9908,4.9908,2.9084,4.5916,1656.8706,1764.2431,1722.7681,1714.3452,1283.2135,1710.2209,0,on,1
1786107048.720537,1,1,,1735.0000,1779.0000,1755.0000,1676.0000,1285.0000,1712.0000,32.321,23.613,28.235,44.123,43.137,18.288,1656,1765,1724,1715,1283,1710,0,0,0,0,0,0,1,0,1,1,1,1,4.9908,4.9908,4.9908,4.9908,2.9084,4.5916,1666.0878,1764.2431,1722.7681,1714.3452,1283.2135,1710.2209,1,on,1
1786107048.749058,1,1,,1685.0000,1778.0000,1748.0000,1671.0000,1291.0000,1715.0000,42.415,23.635,29.821,45.130,40.851,17.630,1657,1765,1724,1715,1283,1710,0,0,0,0,0,0,0,0,1,1,1,1,4.9908,4.9908,4.9908,4.9908,2.9084,4.5916,1666.0878,1764.2431,1722.7681,1704.1124,1283.2135,1710.2209,1,on,1
1786107048.786162,1,1,,1691.0000,1769.0000,1730.0000,1680.0000,1290.0000,1719.0000,41.234,25.593,33.359,43.412,41.235,16.658,1657,1765,1724,1715,1283,1711,26,0,0,0,0,0,0,0,1,1,1,1,4.9908,4.9908,4.9908,4.9908,2.9084,4.5916,1666.0878,1764.2431,1722.7681,1704.1124,1283.2135,1710.2209,0,on,1
1786107048.817428,1,1,,1695.0000,1775.0000,1736.0000,1682.0000,1287.0000,1723.0000,40.327,24.344,32.207,42.959,42.264,15.753,1661,1765,1724,1712,1283,1710,31,0,0,26,0,0,0,0,1,1,1,1,4.9908,4.9908,4.9908,4.9908,2.9084,4.5916,1666.0878,1764.2431,1722.7681,1704.1124,1283.2135,1710.2209,0,on,1
1786107048.849461,1,1,,1694.0000,1762.0000,1736.0000,1689.0000,1284.0000,1709.0000,40.629,26.905,32.237,41.652,43.282,18.865,1662,1765,1724,1708,1283,1710,17,0,0,0,0,0,0,0,1,1,1,1,4.9908,4.9908,4.9908,4.9908,2.9084,4.5916,1674.0844,1764.2431,1722.7681,1704.1124,1283.2135,1710.2209,1,on,1
1786107048.885446,1,1,,1692.0000,1769.0000,1742.0000,1689.0000,1284.0000,1713.0000,40.991,25.565,30.887,41.624,43.367,17.972,1665,1765,1724,1708,1283,1710,32,0,0,0,0,0,0,0,1,1,1,1,4.9908,4.9908,4.9908,4.9908,2.9084,4.5916,1674.0844,1764.2431,1722.7681,1704.1124,1283.2135,1710.2209,0,on,1
1786107048.917522,1,1,,1674.0000,1763.0000,1744.0000,1693.0000,1278.0000,1707.0000,44.527,26.755,30.574,40.689,45.455,19.339,1670,1765,1724,1708,1283,1710,20,0,0,0,0,0,0,0,1,1,1,1,4.9908,4.9908,4.9908,4.9908,2.9084,4.5916,1674.0844,1764.2431,1722.7681,1704.1124,1283.2135,1710.2209,0,on,1
1786107048.949480,1,1,,1661.0000,1759.0000,1748.0000,1691.0000,1279.0000,1709.0000,47.075,27.548,29.681,41.254,45.024,18.956,1673,1765,1724,1708,1283,1710,16,0,0,0,0,0,0,0,1,1,1,1,4.9908,4.9908,4.9908,4.9908,2.9084,4.5916,1674.0844,1764.2431,1730.4596,1704.1124,1283.2135,1710.2209,1,on,1
1786107048.985152,1,1,,1646.0000,1758.0000,1747.0000,1694.0000,1278.0000,1714.0000,50.221,27.738,29.858,40.595,45.360,17.723,1674,1765,1724,1708,1283,1711,0,0,0,0,0,0,1,0,0,1,1,1,4.9908,4.9908,4.9908,4.9908,2.9084,4.5916,1674.0844,1764.2431,1730.4596,1704.1124,1283.2135,1710.2209,0,on,1
1786107049.022457,1,1,,1644.0000,1751.0000,1740.0000,1693.0000,1278.0000,1715.0000,50.633,29.077,31.435,40.694,45.393,17.692,1674,1765,1724,1708,1283,1710,0,0,0,0,0,0,1,0,0,1,1,1,4.9908,4.9908,4.9908,4.9908,2.9084,4.5916,1674.0844,1764.2431,1730.4596,1704.1124,1283.2135,1710.2209,0,on,1
1786107049.049179,1,1,,1644.0000,1756.0000,1741.0000,1695.0000,1275.0000,1717.0000,50.514,28.036,31.089,40.287,46.355,17.226,1674,1765,1725,1708,1283,1710,0,0,14,0,0,0,1,0,0,1,1,1,4.9908,4.9908,4.9908,4.9908,2.9084,4.5916,1674.0844,1764.2431,1730.4596,1704.1124,1283.2135,1710.2209,0,on,1
1786107049.085490,1,1,,1634.0000,1749.0000,1739.0000,1701.0000,1279.0000,1715.0000,52.660,29.601,31.458,39.191,45.185,17.552,1674,1765,1725,1708,1283,1710,0,0,20,25,0,0,1,0,0,1,1,1,4.9908,4.9908,4.9908,4.9908,2.9084,4.5916,1666.0715,1764.2431,1730.4596,1704.1124,1283.2135,1710.2209,1,on,1
1786107049.117167,1,1,,1644.0000,1750.0000,1737.0000,1702.0000,1281.0000,1716.0000,50.536,29.265,31.899,39.044,44.346,17.315,1674,1765,1725,1706,1283,1710,0,0,13,0,0,0,1,0,0,1,1,1,4.9908,4.9908,4.9908,4.9908,2.9084,4.5916,1666.0715,1764.2431,1730.4596,1704.1124,1283.2135,1710.2209,0,on,1
1786107049.149534,1,1,,1661.0000,1759.0000,1736.0000,1696.0000,1282.0000,1717.0000,47.160,27.502,32.225,40.121,43.943,17.078,1674,1765,1726,1706,1283,1710,0,0,14,0,0,0,1,0,0,1,1,1,4.9908,4.9908,4.9908,4.9908,2.9084,4.5916,1666.0715,1764.2431,1730.4596,1704.1124,1283.2135,1710.2209,0,on,1
1786107049.190444,1,1,,1660.0000,1758.0000,1732.0000,1693.0000,1284.0000,1719.0000,47.323,27.802,32.872,40.811,43.428,16.642,1674,1765,1729,1706,1283,1710,22,0,9,0,0,0,1,0,0,1,1,1,4.9908,4.9908,4.9908,4.9908,2.9084,4.5916,1666.0715,1764.2431,1730.4596,1704.1124,1283.2135,1710.2209,0,on,1
1786107049.217487,1,1,,1659.0000,1757.0000,1731.0000,1699.0000,1283.0000,1717.0000,47.622,27.953,33.139,39.565,43.630,17.232,1674,1765,1730,1706,1283,1711,0,0,0,0,0,0,1,0,0,1,1,1,4.9908,4.9908,4.9908,4.9908,2.9084,4.5916,1666.0715,1764.2431,1730.4596,1704.1124,1283.2135,1710.2209,0,on,1
1786107049.249454,1,0,handedness unsure,1653.0000,1751.0000,1716.0000,1696.0000,1292.0000,1728.0000,48.753,29.232,36.158,40.239,40.401,14.859,1674,1765,1730,1706,1283,1710,33,0,0,0,0,0,1,0,0,1,1,1,4.9908,4.9908,4.9908,4.9908,2.9084,4.5916,1666.0715,1764.2431,1730.4596,1704.1124,1283.2135,1710.2209,0,on,1
1786107049.285151,1,1,,1652.0000,1732.0000,1689.0000,1679.0000,1289.0000,1732.0000,48.925,32.935,41.614,43.623,41.638,13.832,1670,1765,1730,1706,1283,1710,26,0,0,0,0,0,1,0,0,1,1,1,4.9908,4.9908,4.9908,4.9908,2.9084,4.5916,1666.0715,1764.2431,1730.4596,1704.1124,1283.2135,1710.2209,0,on,1
1786107049.317142,1,1,,1633.0000,1677.0000,1651.0000,1637.0000,1285.0000,1721.0000,52.681,43.902,49.249,51.910,42.871,16.385,1668,1765,1730,1706,1283,1710,29,0,0,0,0,0,1,0,0,1,1,1,4.9908,4.9908,4.9908,4.9908,2.9084,4.5916,1666.0715,1749.1892,1718.1077,1691.1001,1283.2135,1710.2209,1,on,1
1786107049.349493,1,1,,1571.0000,1604.0000,1619.0000,1636.0000,1282.0000,1724.0000,65.186,58.584,55.595,52.246,44.171,15.610,1667,1765,1730,1706,1283,1710,28,0,15,0,0,0,1,1,1,1,1,1,4.9908,4.9908,4.9908,4.9908,2.9084,4.5916,1647.9067,1715.8986,1699.4541,1691.1001,1283.2135,1710.2209,1,on,1
1786107049.385116,1,1,,1575.0000,1579.0000,1603.0000,1615.0000,1300.0000,1732.0000,64.454,63.659,58.863,56.411,37.913,13.936,1667,1765,1730,1706,1283,1711,60,71,53,0,0,0,1,1,1,1,1,1,4.9908,4.9908,4.9908,4.9908,2.9084,4.5916,1635.1542,1678.1084,1678.1706,1673.1097,1283.2135,1710.2209,1,on,1
1786107049.417443,1,1,,1524.0000,1531.0000,1566.0000,1621.0000,1309.0000,1736.0000,74.600,73.149,66.275,55.178,34.619,13.098,1662,1749,1720,1706,1283,1710,79,99,79,28,0,0,1,1,1,1,1,1,4.9908,4.9908,4.9908,4.9908,2.9084,4.5916,1611.7144,1635.8806,1652.0022,1665.4024,1283.2135,1710.2209,1,on,1
1786107049.485416,1,1,,1553.0000,1480.0000,1511.0000,1571.0000,1322.0000,1755.0000,68.907,83.421,77.228,65.129,30.309,8.903,1638,1695,1682,1681,1283,1710,96,89,88,25,0,0,1,1,1,1,1,1,4.9908,4.9908,4.9908,4.9908,2.9084,4.5916,1597.0396,1575.7712,1603.5848,1641.9124,1287.8882,1719.4286,1,on,1
1786107049.514094,1,1,,1463.0000,1459.0000,1456.0000,1546.0000,1313.0000,1740.0000,86.920,87.732,88.181,70.268,33.469,12.044,1628,1681,1667,1676,1283,1711,65,86,56,0,0,0,1,1,1,1,0,0,4.9908,4.9908,4.9908,4.9908,2.9084,4.5916,1569.0191,1547.7374,1566.9635,1625.0293,1287.8882,1719.4286,1,on,1
1786107049.541602,1,1,,1484.0000,1449.0000,1411.0000,1496.0000,1324.0000,1746.0000,82.614,89.721,97.249,80.229,29.716,10.861,1618,1666,1656,1672,1283,1711,67,71,76,58,24,17,1,1,1,1,0,0,4.9908,4.9908,4.9908,4.9908,2.9084,4.5916,1551.3365,1524.4012,1523.1245,1595.9931,1292.3852,1719.4286,1,on,1
1786107049.567321,1,1,,1476.0000,1437.0000,1419.0000,1484.0000,1319.0000,1736.0000,84.328,92.020,95.711,82.633,31.304,13.097,1600,1643,1638,1658,1283,1710,79,79,89,58,37,30,1,1,1,1,0,0,4.9908,4.9908,4.9908,4.9908,2.9084,4.5916,1536.5005,1504.9251,1495.9222,1569.7390,1292.3852,1719.4286,1,on,1
1786107049.597745,1,1,,1441.0000,1416.0000,1406.0000,1443.0000,1327.0000,1753.0000,91.193,96.283,98.248,90.780,28.494,9.315,1591,1629,1625,1642,1286,1710,96,69,82,76,25,52,1,1,1,1,0,0,4.9908,4.9908,4.9908,4.9908,2.9084,4.5916,1514.5452,1483.5002,1471.9441,1534.7110,1297.6236,1719.4286,1,on,1
1786107049.623167,1,1,,1393.0000,1397.0000,1379.0000,1403.0000,1318.0000,1764.0000,100.811,99.973,103.590,98.784,31.616,6.976,1579,1618,1611,1628,1288,1714,95,73,72,54,0,0,1,1,1,1,0,0,4.9908,4.9908,4.9908,4.9908,2.9084,4.5916,1486.1972,1465.0635,1450.3679,1499.9072,1297.6236,1728.9378,1,on,1
1786107049.653668,1,1,,1329.0000,1359.0000,1364.0000,1407.0000,1306.0000,1731.0000,113.609,107.770,106.692,98.134,35.911,14.113,1558,1597,1594,1606,1288,1714,85,71,79,83,22,0,1,1,1,1,0,0,4.9908,4.9908,4.9908,4.9908,2.9084,4.5916,1439.3105,1438.5842,1429.0737,1474.5817,1297.6236,1728.9378,1,on,1
1786107049.687235,1,1,,1351.0000,1356.0000,1320.0000,1418.0000,1235.0000,1683.0000,109.358,108.257,115.510,95.937,60.288,24.469,1539,1580,1572,1580,1291,1720,85,76,71,46,19,53,1,1,1,1,0,0,4.9908,4.9908,4.9908,4.9908,2.9084,4.5916,1414.7391,1418.4617,1400.3809,1461.1968,1297.6236,1728.9378,1,on,1
1786107049.719345,1,1,,1339.0000,1308.0000,1259.0000,1324.0000,1217.0000,1652.0000,111.593,117.939,127.675,114.642,66.242,31.380,1529,1567,1561,1567,1292,1727,99,67,76,70,16,0,1,1,1,1,0,0,4.9908,4.9908,4.9908,4.9908,2.9084,4.5916,1396.6031,1391.0521,1360.5788,1424.8038,1285.2413,1718.5475,1,on,1
1786107049.749531,1,1,,1305.0000,1264.0000,1214.0000,1290.0000,1207.0000,1685.0000,118.485,126.792,136.698,121.407,69.827,24.192,1509,1550,1544,1551,1293,1729,72,63,82,63,0,0,1,1,1,1,1,1,4.9908,4.9908,4.9908,4.9908,2.9084,4.5916,1375.6525,1357.9255,1317.7954,1387.7005,1272.7162,1718.5475,1,on,1
1786107049.785399,1,1,,1264.0000,1149.0000,1154.0000,1196.0000,1213.0000,1634.0000,126.748,149.700,148.708,140.314,67.558,35.269,1493,1532,1526,1532,1293,1729,93,74,74,61,0,19,1,1,1,1,1,1,4.9908,4.9908,4.9908,4.9908,2.9084,4.5916,1346.2821,1284.9377,1262.6979,1321.4431,1262.2143,1701.4207,1,on,1
1786107049.817646,1,1,,1159.0000,1074.0000,1130.0000,1151.0000,1189.0000,1616.0000,147.759,164.707,153.590,149.399,76.006,39.095,1475,1516,1509,1515,1293,1729,84,75,75,60,51,38,1,1,1,1,1,1,4.9908,4.9908,4.9908,4.9908,2.9084,4.5916,1288.5923,1208.5437,1221.9689,1264.1374,1249.3351,1685.7669,1,on,1
1786107049.849593,1,1,,1147.0000,1061.0000,1139.0000,1137.0000,1186.0000,1619.0000,150.218,167.296,151.737,152.155,76.865,38.608,1465,1505,1498,1504,1290,1723,96,93,87,62,58,25,1,1,1,1,1,1,4.9908,4.9908,4.9908,4.9908,2.9084,4.5916,1244.8394,1157.8829,1199.8319,1224.0399,1238.3266,1673.6742,1,on,1
1786107049.885624,1,1,,1148.0000,1064.0000,1132.0000,1139.0000,1212.0000,1546.0000,149.931,166.887,153.092,151.854,68.042,54.384,1442,1483,1473,1480,1283,1704,83,84,58,47,52,68,1,1,1,1,1,1,4.9908,4.9908,4.9908,4.9908,2.9084,4.5916,1216.4554,1128.5228,1183.3088,1199.5265,1238.3266,1642.2200,1,on,1
1786107049.917230,1,1,,1159.0000,1087.0000,1164.0000,1179.0000,1199.0000,1580.0000,147.764,162.179,146.706,143.655,72.381,47.019,1431,1473,1463,1469,1281,1692,87,62,74,63,58,31,1,1,1,1,1,1,4.9908,4.9908,4.9908,4.9908,2.9084,4.5916,1203.6430,1119.3238,1183.3088,1199.5265,1230.2509,1629.7468,1,on,1
1786107049.949512,1,1,,1188.0000,1107.0000,1165.0000,1201.0000,1214.0000,1571.0000,141.866,158.158,146.631,139.385,67.477,48.868,1415,1456,1447,1454,1276,1676,94,87,70,53,51,77,1,1,1,1,1,1,4.9908,4.9908,4.9908,4.9908,2.9084,4.5916,1203.6430,1119.3238,1183.3088,1199.5265,1230.2509,1618.8162,1,on,1
1786107049.987260,1,1,,1207.0000,1122.0000,1152.0000,1206.0000,1228.0000,1547.0000,138.114,155.233,149.221,138.411,62.425,54.245,1396,1437,1430,1439,1272,1652,79,74,62,65,41,87,1,1,1,1,1,1,4.9908,4.9908,4.9908,4.9908,2.9084,4.5916,1203.6430,1119.3238,1175.5073,1199.5265,1230.2509,1604.3253,1,on,1
1786107050.019271,1,1,,1256.0000,1143.0000,1149.0000,1202.0000,1241.0000,1530.0000,128.275,150.959,149.767,139.235,58.257,57.857,1383,1421,1415,1422,1269,1633,101,97,78,73,42,11,1,1,1,1,1,1,4.9908,4.9908,4.9908,4.9908,2.9084,4.5916,1203.6430,1119.3238,1175.5073,1199.5265,1230.2509,1590.5560,1,on,1
1786107050.049432,1,1,,1295.0000,1177.0000,1174.0000,1252.0000,1237.0000,1533.0000,120.482,144.133,144.680,129.027,59.498,57.180,1373,1411,1404,1410,1267,1630,96,73,78,65,42,21,1,1,1,1,1,1,4.9908,4.9908,4.9908,4.9908,2.9084,4.5916,1215.6515,1119.3238,1175.5073,1199.5265,1230.2509,1580.8074,1,on,1
1786107050.090301,1,1,,1320.0000,1200.0000,1187.0000,1274.0000,1239.0000,1541.0000,115.449,139.505,142.212,124.757,58.642,55.545,1351,1389,1383,1388,1262,1615,97,82,81,65,40,75,1,1,1,1,1,1,4.9908,4.9908,4.9908,4.9908,2.9084,4.5916,1237.9791,1134.9277,1175.5073,1211.5711,1230.2509,1580.8074,1,on,1
1786107050.118068,1,1,,1290.0000,1183.0000,1180.0000,1278.0000,1240.0000,1522.0000,121.440,142.996,143.644,123.952,58.311,59.554,1340,1378,1370,1376,1261,1604,110,80,73,56,50,37,1,1,1,1,1,1,4.9908,4.9908,4.9908,4.9908,2.9084,4.5916,1245.9030,1134.9277,1175.5073,1220.6514,1230.2509,1567.0929,1,on,1
1786107050.150060,1,1,,1304.0000,1189.0000,1176.0000,1280.0000,1229.0000,1529.0000,118.658,141.649,144.400,123.529,62.320,58.017,1324,1361,1353,1360,1257,1596,99,78,73,61,44,25,1,1,1,1,1,1,4.9908,4.9908,4.9908,4.9908,2.9084,4.5916,1255.6094,1147.5083,1175.5073,1230.0724,1230.2509,1567.0929,1,on,1
1786107050.185411,1,1,,1215.0000,1078.0000,1121.0000,1200.0000,1235.0000,1471.0000,136.515,163.931,155.442,139.596,60.195,70.703,1308,1347,1337,1346,1255,1592,98,93,73,83,52,20,1,1,1,1,1,1,4.9908,4.9908,4.9908,4.9908,2.9084,4.5916,1255.6094,1147.5083,1175.5073,1230.0724,1230.2509,1544.9066,1,on,1
1786107050.217428,1,1,,1196.0000,1084.0000,1157.0000,1252.0000,1218.0000,1482.0000,140.308,162.761,148.113,129.119,65.939,68.386,1290,1329,1323,1329,1251,1587,103,79,99,68,39,43,1,1,1,1,1,1,4.9908,4.9908,4.9908,4.9908,2.9084,4.5916,1255.6094,1139.9757,1175.5073,1230.0724,1230.2509,1534.0571,1,on,1
1786107050.249384,1,1,,1189.0000,1095.0000,1157.0000,1257.0000,1228.0000,1524.0000,141.816,160.544,148.254,128.091,62.564,59.248,1279,1317,1311,1317,1248,1574,120,84,89,60,36,31,1,1,1,1,1,1,4.9908,4.9908,4.9908,4.9908,2.9084,4.5916,1243.0004,1139.9757,1175.5073,1230.0724,1230.2509,1534.0571,1,on,1
1786107050.285413,1,1,,1185.0000,1118.0000,1188.0000,1334.0000,1217.0000,1533.0000,142.447,155.919,142.026,112.650,66.183,57.259,1268,1303,1294,1300,1246,1560,51,81,77,69,44,29,1,1,1,1,1,1,4.9908,4.9908,4.9908,4.9908,2.9084,4.5916,1234.7429,1139.9757,1175.5073,1249.3641,1230.2509,1534.0571,1,on,1
1786107050.317429,1,1,,1172.0000,1128.0000,1198.0000,1270.0000,1225.0000,1625.0000,145.126,153.878,139.998,125.499,63.585,37.200,1265,1285,1278,1284,1243,1549,41,80,84,68,46,0,1,1,1,1,1,1,4.9908,4.9908,4.9908,4.9908,2.9084,4.5916,1225.4385,1139.9757,1175.5073,1249.3641,1230.2509,1541.4899,1,on,1
1786107050.349427,1,1,,1192.0000,1109.0000,1168.0000,1247.0000,1237.0000,1557.0000,141.060,157.869,145.990,130.061,59.323,52.065,1257,1266,1261,1269,1240,1544,59,83,79,84,46,26,1,1,1,1,1,1,4.9908,4.9908,4.9908,4.9908,2.9084,4.5916,1225.4385,1131.4103,1175.5073,1249.3641,1230.2509,1541.4899,1,on,1
1786107050.390407,1,1,,1153.0000,1093.0000,1171.0000,1252.0000,1234.0000,1602.0000,149.010,160.984,145.431,129.048,60.656,42.221,1247,1251,1244,1261,1236,1544,54,90,91,27,41,0,1,1,1,1,1,1,4.9908,4.9908,4.9908,4.9908,2.9084,4.5916,1209.3856,1131.4103,1175.5073,1249.3641,1230.2509,1550.5827,1,on,1
1786107050.422231,1,1,,1163.0000,1083.0000,1167.0000,1248.0000,1247.0000,1569.0000,147.007,162.899,146.120,129.953,55.869,49.306,1237,1235,1229,1258,1233,1544,79,92,95,0,0,0,1,1,1,1,1,0,4.9908,4.9908,4.9908,4.9908,2.9084,4.5916,1209.3856,1122.8645,1175.5073,1249.3641,1230.2509,1550.5827,1,on,1
1786107050.454276,1,1,,1180.0000,1081.0000,1147.0000,1223.0000,1243.0000,1590.0000,143.593,163.381,150.114,134.985,57.266,44.806,1227,1219,1212,1258,1233,1544,69,104,105,9,25,17,1,1,1,1,1,0,4.9908,4.9908,4.9908,4.9908,2.9084,4.5916,1200.4522,1122.8645,1175.5073,1249.3641,1230.2509,1550.5827,1,on,1
1786107050.485422,1,1,,1174.0000,1075.0000,1130.0000,1197.0000,1242.0000,1563.0000,144.820,164.555,153.514,140.083,57.884,50.798,1224,1205,1200,1258,1233,1544,43,86,96,31,21,23,1,1,1,1,1,0,4.9908,4.9908,4.9908,4.9908,2.9084,4.5916,1200.4522,1113.0473,1165.9953,1249.3641,1230.2509,1550.5827,1,on,1
1786107050.517416,1,1,,1175.0000,1072.0000,1126.0000,1192.0000,1241.0000,1576.0000,144.627,165.278,154.434,141.099,57.966,47.889,1219,1189,1188,1253,1231,1544,96,106,0,0,19,40,1,1,1,1,1,0,4.9908,4.9908,4.9908,4.9908,2.9084,4.5916,1200.4522,1113.0473,1165.9953,1238.9530,1230.2509,1557.8246,1,on,1
1786107050.549420,1,1,,1201.0000,1085.0000,1131.0000,1194.0000,1229.0000,1574.0000,139.335,162.535,153.403,140.723,62.322,48.209,1213,1171,1186,1253,1231,1548,62,112,30,0,0,20,1,1,1,1,1,0,4.9908,4.9908,4.9908,4.9908,2.9084,4.5916,1200.4522,1113.0473,1165.9953,1238.9530,1230.2509,1557.8246,0,on,1
1786107050.585390,1,1,,1219.0000,1069.0000,1106.0000,1168.0000,1237.0000,1577.0000,135.713,165.692,158.465,146.042,59.610,47.724,1207,1152,1184,1252,1231,1551,57,103,29,20,0,23,1,1,1,1,1,0,4.9908,4.9908,4.9908,4.9908,2.9084,4.5916,1200.4522,1101.5867,1152.3098,1223.0104,1230.2509,1557.8246,1,on,1
1786107050.617375,1,1,,1195.0000,1078.0000,1132.0000,1184.0000,1231.0000,1583.0000,140.593,163.941,153.110,142.797,61.621,46.437,1206,1136,1181,1252,1231,1552,31,119,54,35,0,23,1,1,1,1,1,0,4.9908,4.9908,4.9908,4.9908,2.9084,4.5916,1200.4522,1101.5867,1152.3098,1223.0104,1230.2509,1557.8246,0,on,1
1786107050.649432,1,1,,1182.0000,1074.0000,1129.0000,1177.0000,1229.0000,1587.0000,143.077,164.812,153.770,144.075,62.131,45.428,1206,1123,1176,1246,1231,1554,36,122,54,34,0,19,1,1,1,1,1,0,4.9908,4.9908,4.9908,4.9908,2.9084,4.5916,1200.4522,1101.5867,1152.3098,1212.6750,1230.2509,1557.8246,1,on,1
1786107050.685385,1,1,,1185.0000,1068.0000,1114.0000,1178.0000,1240.0000,1576.0000,142.537,166.057,156.676,143.928,58.609,47.849,1206,1113,1167,1234,1231,1554,39,48,0,51,0,21,1,1,1,1,1,0,4.9908,4.9908,4.9908,4.9908,2.9084,4.5916,1200.4522,1101.5867,1152.3098,1212.6750,1230.2509,1557.8246,0,on,1
1786107050.717449,1,1,,1198.0000,1068.0000,1118.0000,1157.0000,1226.0000,1577.0000,139.964,165.928,156.032,148.199,63.273,47.692,1205,1112,1165,1225,1231,1554,36,50,49,14,0,21,1,1,1,1,1,0,4.9908,4.9908,4.9908,4.9908,2.9084,4.5916,1200.4522,1092.1721,1142.6658,1201.7537,1230.2509,1565.0376,1,on,1
1786107050.749495,1,1,,1185.0000,1069.0000,1117.0000,1167.0000,1229.0000,1560.0000,142.570,165.765,156.079,146.130,62.376,51.444,1205,1110,1162,1224,1231,1554,40,39,0,28,0,23,1,1,1,1,1,0,4.9908,4.9908,4.9908,4.9908,2.9084,4.5916,1200.4522,1092.1721,1142.6658,1201.7537,1230.2509,1565.0376,0,on,1
1786107050.790481,1,1,,1201.0000,1081.0000,1121.0000,1175.0000,1229.0000,1569.0000,139.321,163.385,155.422,144.517,62.260,49.424,1204,1104,1160,1218,1231,1557,38,35,31,14,0,30,1,1,1,1,1,0,4.9908,4.9908,4.9908,4.9908,2.9084,4.5916,1200.4522,1092.1721,1142.6658,1201.7537,1230.2509,1565.0376,0,on,1
1786107050.817463,1,1,,1184.0000,1060.0000,1123.0000,1161.0000,1232.0000,1568.0000,142.656,167.673,154.875,147.366,61.177,49.500,1204,1101,1159,1217,1231,1563,41,55,28,18,0,23,1,1,1,1,1,0,4.9908,4.9908,4.9908,4.9908,2.9084,4.5916,1200.4522,1092.1721,1142.6658,1192.0691,1230.2509,1565.0376,1,on,1
1786107050.849198,1,1,,1193.0000,1075.0000,1130.0000,1173.0000,1228.0000,1574.0000,141.009,164.517,153.555,144.919,62.702,48.354,1204,1098,1158,1217,1231,1563,47,45,31,23,0,21,1,1,1,1,1,0,4.9908,4.9908,4.9908,4.9908,2.9084,4.5916,1200.4522,1092.1721,1142.6658,1192.0691,1230.2509,1565.0376,0,on,1
1786107050.885556,1,1,,1192.0000,1073.0000,1129.0000,1177.0000,1227.0000,1576.0000,141.167,164.926,153.714,144.098,62.743,47.787,1204,1096,1157,1211,1231,1564,52,45,29,33,0,17,1,1,1,1,1,0,4.9908,4.9908,4.9908,4.9908,2.9084,4.5916,1200.4522,1092.1721,1142.6658,1192.0691,1230.2509,1565.0376,0,on,1
1786107050.917502,1,1,,1182.0000,1064.0000,1121.0000,1166.0000,1229.0000,1563.0000,143.122,166.815,155.316,146.418,62.277,50.771,1204,1094,1157,1205,1231,1565,53,40,29,29,0,17,1,1,1,1,1,1,4.9908,4.9908,4.9908,4.9908,2.9084,4.5916,1200.4522,1084.5610,1142.6658,1192.0691,1230.2509,1565.0376,1,on,1
1786107050.949447,1,1,,1179.0000,1070.0000,1121.0000,1169.0000,1219.0000,1576.0000,143.697,165.505,155.306,145.651,65.805,47.888,1203,1093,1157,1204,1231,1566,0,39,30,53,0,0,1,1,1,1,1,1,4.9908,4.9908,4.9908,4.9908,2.9084,4.5916,1200.4522,1084.5610,1142.6658,1192.0691,1230.2509,1565.0376,0,on,1
1786107050.990261,1,1,,1192.0000,1069.0000,1119.0000,1159.0000,1222.0000,1550.0000,141.161,165.806,155.804,147.801,64.625,53.520,1203,1092,1156,1203,1231,1565,0,59,0,37,0,0,1,1,1,1,1,1,4.9908,4.9908,4.9908,4.9908,2.9084,4.5916,1200.4522,1084.5610,1134.3901,1184.0331,1230.2509,1565.0376,1,on,1
1786107051.022221,1,1,,1190.0000,1075.0000,1127.0000,1167.0000,1224.0000,1567.0000,141.548,164.603,154.116,146.239,64.018,49.910,1203,1087,1152,1199,1231,1565,0,52,79,22,0,0,1,1,1,1,1,1,4.9908,4.9908,4.9908,4.9908,2.9084,4.5916,1200.4522,1084.5610,1134.3901,1184.0331,1230.2509,1565.0376,0,on,1
1786107051.049407,1,1,,1184.0000,1074.0000,1135.0000,1190.0000,1223.0000,1554.0000,142.676,164.815,152.639,141.473,64.324,52.568,1203,1086,1146,1198,1231,1565,0,49,65,8,0,0,1,1,1,1,1,1,4.9908,4.9908,4.9908,4.9908,2.9084,4.5916,1200.4522,1084.5610,1134.3901,1184.0331,1230.2509,1565.0376,0,on,1
1786107051.090233,1,1,,1186.0000,1071.0000,1135.0000,1207.0000,1219.0000,1558.0000,142.373,165.417,152.467,138.048,65.645,51.851,1203,1084,1143,1198,1231,1565,0,0,43,8,0,0,1,1,1,1,1,1,4.9908,4.9908,4.9908,4.9908,2.9084,4.5916,1200.4522,1084.5610,1134.3901,1184.0331,1230.2509,1565.0376,0,on,1
1786107051.122213,1,1,,1185.0000,1074.0000,1142.0000,1215.0000,1217.0000,1565.0000,142.512,164.850,151.215,136.588,66.411,50.304,1203,1084,1139,1198,1231,1566,0,0,35,10,8,0,1,1,1,1,1,1,4.9908,4.9908,4.9908,4.9908,2.9084,4.5916,1192.9606,1084.5610,1134.3901,1184.0331,1230.2509,1565.0376,1,on,1
1786107051.154418,1,1,,1184.0000,1067.0000,1123.0000,1181.0000,1229.0000,1547.0000,142.814,166.162,154.995,143.275,62.221,54.082,1203,1084,1137,1198,1231,1565,0,0,34,11,21,0,1,1,1,1,1,1,4.9908,4.9908,4.9908,4.9908,2.9084,4.5916,1192.9606,1084.5610,1134.3901,1184.0331,1230.2509,1565.0376,0,on,1
1786107051.190319,1,1,,1194.0000,1074.0000,1129.0000,1210.0000,1217.0000,1564.0000,140.807,164.861,153.863,137.585,66.374,50.469,1203,1084,1136,1198,1231,1565,35,0,34,12,0,0,1,1,1,1,1,1,4.9908,4.9908,4.9908,4.9908,2.9084,4.5916,1192.9606,1084.5610,1134.3901,1184.0331,1230.2509,1565.0376,0,on,1
1786107051.222167,1,1,,1175.0000,1075.0000,1139.0000,1201.0000,1224.0000,1566.0000,144.529,164.561,151.732,139.352,63.892,50.024,1199,1084,1136,1198,1231,1566,42,0,0,13,0,0,1,1,1,1,1,1,4.9908,4.9908,4.9908,4.9908,2.9084,4.5916,1192.9606,1084.5610,1134.3901,1184.0331,1230.2509,1565.0376,0,on,1
1786107051.254244,1,1,,1190.0000,1072.0000,1134.0000,1200.0000,1216.0000,1574.0000,141.511,165.244,152.678,139.488,66.802,48.286,1199,1084,1136,1198,1231,1565,12,0,0,14,0,0,1,1,1,1,1,1,4.9908,4.9908,4.9908,4.9908,2.9084,4.5916,1192.9606,1084.5610,1134.3901,1184.0331,1230.2509,1565.0376,0,on,1
1786107051.290214,1,1,,1183.0000,1071.0000,1136.0000,1210.0000,1218.0000,1561.0000,142.888,165.373,152.285,137.436,65.932,51.213,1199,1084,1136,1198,1231,1566,35,0,0,17,0,0,1,1,1,1,1,1,4.9908,4.9908,4.9908,4.9908,2.9084,4.5916,1192.9606,1084.5610,1134.3901,1184.0331,1230.2509,1565.0376,0,on,1
1786107051.317409,1,1,,1189.0000,1073.0000,1137.0000,1215.0000,1219.0000,1566.0000,141.801,164.898,152.204,136.505,65.760,50.056,1199,1084,1136,1198,1231,1565,43,0,0,17,20,0,1,1,1,1,1,1,4.9908,4.9908,4.9908,4.9908,2.9084,4.5916,1192.9606,1084.5610,1134.3901,1184.0331,1230.2509,1565.0376,0,on,1
1786107051.349387,1,1,,1179.0000,1067.0000,1131.0000,1204.0000,1222.0000,1559.0000,143.845,166.257,153.304,138.675,64.556,51.538,1197,1084,1136,1198,1230,1565,41,0,0,16,18,0,1,1,1,1,1,1,4.9908,4.9908,4.9908,4.9908,2.9084,4.5916,1192.9606,1084.5610,1134.3901,1192.0789,1230.2509,1565.0376,1,on,1
1786107051.390266,1,1,,1184.0000,1083.0000,1138.0000,1227.0000,1217.0000,1567.0000,142.791,163.038,152.056,134.129,66.246,49.796,1197,1084,1136,1198,1230,1565,42,0,0,21,20,0,1,1,1,1,1,1,4.9908,4.9908,4.9908,4.9908,2.9084,4.5916,1192.9606,1084.5610,1134.3901,1192.0789,1230.2509,1565.0376,0,on,1
1786107051.422260,1,1,,1174.0000,1070.0000,1145.0000,1221.0000,1215.0000,1572.0000,144.739,165.491,150.556,135.282,67.191,48.741,1196,1084,1136,1201,1230,1565,40,0,0,0,18,0,1,1,1,1,1,1,4.9908,4.9908,4.9908,4.9908,2.9084,4.5916,1192.9606,1084.5610,1134.3901,1192.0789,1230.2509,1565.0376,0,on,1
1786107051.449390,1,1,,1190.0000,1076.0000,1142.0000,1226.0000,1219.0000,1570.0000,141.560,164.323,151.117,134.298,65.542,49.179,1194,1084,1136,1203,1230,1565,0,0,0,0,8,0,1,1,1,1,1,1,4.9908,4.9908,4.9908,4.9908,2.9084,4.5916,1192.9606,1084.5610,1134.3901,1192.0789,1230.2509,1565.0376,0,on,1
1786107051.490383,1,1,,1179.0000,1083.0000,1147.0000,1229.0000,1211.0000,1581.0000,143.740,163.071,150.210,133.747,68.322,46.763,1193,1084,1136,1203,1230,1566,0,0,0,0,0,0,0,1,1,1,1,1,4.9908,4.9908,4.9908,4.9908,2.9084,4.5916,1192.9606,1084.5610,1134.3901,1202.5991,1225.2864,1565.0376,1,on,1
1786107051.517499,1,1,,1180.0000,1064.0000,1143.0000,1237.0000,1212.0000,1578.0000,143.564,166.780,150.912,132.166,67.940,47.432,1193,1084,1136,1203,1230,1565,0,0,0,0,0,0,0,1,1,0,1,1,4.9908,4.9908,4.9908,4.9908,2.9084,4.5916,1192.9606,1084.5610,1134.3901,1202.5991,1225.2864,1565.0376,0,on,1
1786107051.549620,1,1,,1183.0000,1075.0000,1135.0000,1226.0000,1216.0000,1570.0000,142.980,164.497,152.477,134.419,66.634,49.070,1193,1084,1136,1203,1230,1565,0,0,0,0,0,0,0,1,1,0,1,1,4.9908,4.9908,4.9908,4.9908,2.9084,4.5916,1192.9606,1084.5610,1134.3901,1202.5991,1225.2864,1565.0376,0,on,1
1786107051.585588,1,1,,1186.0000,1076.0000,1144.0000,1212.0000,1211.0000,1576.0000,142.302,164.356,150.662,137.234,68.298,47.900,1193,1084,1136,1203,1230,1565,0,0,0,0,0,0,0,1,1,0,1,1,4.9908,4.9908,4.9908,4.9908,2.9084,4.5916,1192.9606,1084.5610,1134.3901,1202.5991,1225.2864,1565.0376,0,on,1
1786107051.617465,1,1,,1188.0000,1075.0000,1150.0000,1254.0000,1203.0000,1592.0000,142.001,164.495,149.464,128.662,71.064,44.338,1193,1084,1136,1203,1230,1566,0,0,0,0,0,0,0,1,1,0,1,1,4.9908,4.9908,4.9908,4.9908,2.9084,4.5916,1192.9606,1084.5610,1134.3901,1211.8932,1225.2864,1565.0376,1,on,1
1786107051.649428,1,1,,1183.0000,1079.0000,1153.0000,1256.0000,1202.0000,1584.0000,143.018,163.870,149.050,128.337,71.375,46.066,1193,1084,1136,1203,1230,1565,0,0,0,0,0,0,0,1,1,0,1,1,4.9908,4.9908,4.9908,4.9908,2.9084,4.5916,1192.9606,1084.5610,1134.3901,1211.8932,1225.2864,1565.0376,0,on,1
1786107051.690280,1,1,,1178.0000,1070.0000,1144.0000,1235.0000,1205.0000,1584.0000,143.966,165.496,150.715,132.600,70.639,46.088,1193,1084,1136,1205,1230,1566,0,0,0,26,9,0,0,1,1,0,1,1,4.9908,4.9908,4.9908,4.9908,2.9084,4.5916,1192.9606,1084.5610,1134.3901,1211.8932,1220.1794,1565.0376,1,on,1
1786107051.717402,1,1,,1184.0000,1066.0000,1143.0000,1220.0000,1215.0000,1573.0000,142.818,166.343,151.048,135.571,67.054,48.443,1193,1084,1136,1207,1229,1566,0,0,0,0,31,0,0,1,1,0,1,1,4.9908,4.9908,4.9908,4.9908,2.9084,4.5916,1192.9606,1084.5610,1134.3901,1211.8932,1220.1794,1565.0376,0,on,1
1786107051.749574,1,1,,1181.0000,1085.0000,1162.0000,1236.0000,1207.0000,1598.0000,143.311,162.604,147.153,132.383,69.741,43.170,1193,1084,1136,1211,1227,1565,0,0,0,0,36,0,0,1,1,0,1,1,4.9908,4.9908,4.9908,4.9908,2.9084,4.5916,1192.9606,1084.5610,1134.3901,1219.6664,1220.1794,1565.0376,1,on,1
1786107051.790640,1,1,,1179.0000,1067.0000,1146.0000,1223.0000,1210.0000,1584.0000,143.843,166.174,150.350,134.867,68.601,46.090,1193,1084,1136,1212,1225,1565,0,0,0,22,37,0,0,1,1,0,1,1,4.9908,4.9908,4.9908,4.9908,2.9084,4.5916,1192.9606,1084.5610,1134.3901,1219.6664,1220.1794,1572.4560,1,on,1
1786107051.817575,1,1,,1177.0000,1073.0000,1152.0000,1231.0000,1210.0000,1586.0000,144.143,164.995,149.243,133.377,68.638,45.636,1193,1084,1136,1217,1224,1565,0,0,0,11,0,0,0,1,1,0,1,0,4.9908,4.9908,4.9908,4.9908,2.9084,4.5916,1192.9606,1084.5610,1134.3901,1219.6664,1220.1794,1572.4560,0,on,1
1786107051.849599,1,1,,1176.0000,1071.0000,1147.0000,1228.0000,1212.0000,1578.0000,144.374,165.465,150.138,133.874,67.935,47.410,1193,1084,1136,1221,1223,1565,0,0,0,0,0,0,0,1,1,1,1,0,4.9908,4.9908,4.9908,4.9908,2.9084,4.5916,1192.9606,1084.5610,1134.3901,1219.6664,1220.1794,1572.4560,0,on,1
1786107051.885596,1,1,,1164.0000,1062.0000,1144.0000,1222.0000,1218.0000,1578.0000,146.818,167.156,150.828,135.222,66.076,47.538,1193,1084,1136,1222,1222,1565,0,0,0,0,29,0,0,1,1,1,1,0,4.9908,4.9908,4.9908,4.9908,2.9084,4.5916,1192.9606,1076.4728,1134.3901,1219.6664,1220.1794,1572.4560,1,on,1
1786107051.917601,1,1,,1177.0000,1063.0000,1136.0000,1213.0000,1223.0000,1559.0000,144.185,166.934,152.320,137.009,64.143,51.566,1193,1084,1136,1222,1221,1566,0,0,0,0,19,18,0,1,1,1,1,0,4.9908,4.9908,4.9908,4.9908,2.9084,4.5916,1185.1622,1076.4728,1134.3901,1219.6664,1220.1794,1572.4560,1,on,1
1786107051.949603,1,1,,1177.0000,1073.0000,1138.0000,1224.0000,1215.0000,1586.0000,144.232,164.974,151.897,134.642,67.171,45.649,1193,1084,1136,1222,1221,1566,0,0,0,0,0,29,1,1,1,1,1,0,4.9908,4.9908,4.9908,4.9908,2.9084,4.5916,1185.1622,1076.4728,1134.3901,1219.6664,1220.1794,1572.4560,0,on,1
1786107051.990911,1,1,,1176.0000,1059.0000,1133.0000,1209.0000,1218.0000,1596.0000,144.286,167.762,152.900,137.715,65.932,43.612,1193,1084,1136,1222,1221,1566,25,47,0,0,0,0,1,1,1,1,1,0,4.9908,4.9908,4.9908,4.9908,2.9084,4.5916,1185.1622,1076.4728,1134.3901,1219.6664,1220.1794,1572.4560,0,on,1
1786107052.017546,1,1,,1176.0000,1089.0000,1151.0000,1239.0000,1203.0000,1596.0000,144.344,161.866,149.386,131.708,71.109,43.480,1193,1084,1136,1222,1221,1566,37,0,0,0,0,27,1,1,1,1,1,0,4.9908,4.9908,4.9908,4.9908,2.9084,4.5916,1185.1622,1076.4728,1134.3901,1219.6664,1220.1794,1572.4560,0,on,1
1786107052.049519,1,1,,1182.0000,1073.0000,1154.0000,1256.0000,1204.0000,1581.0000,143.233,164.936,148.841,128.254,70.704,46.857,1192,1084,1136,1222,1221,1567,43,31,0,0,0,31,1,1,1,1,1,0,4.9908,4.9908,4.9908,4.9908,2.9084,4.5916,1185.1622,1076.4728,1134.3901,1219.6664,1220.1794,1572.4560,0,on,1
1786107052.090544,1,1,,1182.0000,1084.0000,1160.0000,1253.0000,1198.0000,1602.0000,143.170,162.807,147.631,128.867,72.766,42.096,1189,1082,1136,1222,1221,1570,38,52,0,0,0,28,1,1,1,1,1,0,4.9908,4.9908,4.9908,4.9908,2.9084,4.5916,1185.1622,1076.4728,1134.3901,1219.6664,1220.1794,1572.4560,0,on,1
1786107052.122463,1,1,,1173.0000,1065.0000,1141.0000,1228.0000,1212.0000,1582.0000,144.981,166.559,151.379,134.015,68.119,46.541,1188,1081,1136,1222,1221,1571,41,25,0,0,0,0,1,1,1,1,1,0,4.9908,4.9908,4.9908,4.9908,2.9084,4.5916,1185.1622,1076.4728,1134.3901,1219.6664,1220.1794,1572.4560,0,on,1
1786107052.154487,1,1,,1176.0000,1079.0000,1157.0000,1238.0000,1207.0000,1591.0000,144.285,163.698,148.082,132.012,69.942,44.669,1188,1081,1136,1222,1221,1573,32,30,0,0,0,0,1,1,1,1,1,1,4.9908,4.9908,4.9908,4.9908,2.9084,4.5916,1185.1622,1076.4728,1142.2887,1219.6664,1215.6810,1572.4560,1,on,1
1786107052.190428,1,1,,1167.0000,1067.0000,1135.0000,1207.0000,1203.0000,1590.0000,146.227,166.203,152.492,138.207,71.001,44.805,1187,1081,1136,1222,1221,1573,31,41,0,0,0,0,1,1,0,1,1,1,4.9908,4.9908,4.9908,4.9908,2.9084,4.5916,1185.1622,1076.4728,1142.2887,1219.6664,1215.6810,1572.4560,0,on,1
1786107052.222399,1,1,,1178.0000,1085.0000,1159.0000,1244.0000,1203.0000,1588.0000,143.923,162.674,147.834,130.784,71.066,45.155,1187,1081,1136,1222,1221,1573,0,52,21,0,0,0,1,1,0,1,1,1,4.9908,4.9908,4.9908,4.9908,2.9084,4.5916,1185.1622,1076.4728,1142.2887,1219.6664,1215.6810,1579.5285,1,on,1
1786107052.254492,1,1,,1154.0000,1069.0000,1154.0000,1231.0000,1198.0000,1606.0000,148.838,165.773,148.663,133.236,73.042,41.226,1187,1079,1140,1222,1221,1573,0,49,15,0,23,0,1,1,0,1,1,0,4.9908,4.9908,4.9908,4.9908,2.9084,4.5916,1185.1622,1076.4728,1142.2887,1219.6664,1215.6810,1579.5285,0,on,1
1786107052.290406,1,1,,1162.0000,1073.0000,1152.0000,1221.0000,1197.0000,1602.0000,147.224,164.967,149.232,135.267,73.193,42.301,1187,1078,1145,1222,1220,1573,0,49,0,0,21,0,1,1,1,1,1,0,4.9908,4.9908,4.9908,4.9908,2.9084,4.5916,1185.1622,1076.4728,1142.2887,1219.6664,1215.6810,1579.5285,0,on,1
1786107052.322395,1,1,,1166.0000,1074.0000,1156.0000,1242.0000,1192.0000,1611.0000,146.371,164.805,148.383,131.169,74.852,40.295,1187,1077,1145,1222,1219,1573,0,45,0,0,19,0,1,1,1,1,1,0,4.9908,4.9908,4.9908,4.9908,2.9084,4.5916,1185.1622,1076.4728,1142.2887,1227.1904,1215.6810,1579.5285,1,on,1
1786107052.354443,1,1,,1162.0000,1073.0000,1160.0000,1240.0000,1189.0000,1616.0000,147.080,165.020,147.458,131.440,75.867,39.178,1187,1077,1145,1222,1219,1573,0,44,0,0,20,0,1,1,1,0,1,0,4.9908,4.9908,4.9908,4.9908,2.9084,4.5916,1185.1622,1076.4728,1142.2887,1227.1904,1210.0463,1587.3833,1,on,1
1786107052.390215,1,1,,1155.0000,1061.0000,1143.0000,1205.0000,1200.0000,1597.0000,148.628,167.415,150.980,138.479,72.252,43.297,1187,1077,1145,1222,1219,1573,0,0,0,25,0,28,1,1,1,0,1,0,4.9908,4.9908,4.9908,4.9908,2.9084,4.5916,1176.2505,1076.4728,1142.2887,1227.1904,1210.0463,1587.3833,1,on,1
1786107052.417364,1,1,,1173.0000,1075.0000,1157.0000,1249.0000,1187.0000,1618.0000,144.949,164.647,148.108,129.734,76.673,38.779,1187,1077,1145,1228,1218,1582,0,0,0,11,25,32,1,1,1,0,1,0,4.9908,4.9908,4.9908,4.9908,2.9084,4.5916,1176.2505,1076.4728,1142.2887,1227.1904,1210.0463,1587.3833,0,on,1
1786107052.449424,1,1,,1154.0000,1064.0000,1145.0000,1213.0000,1203.0000,1585.0000,148.817,166.751,150.503,136.843,71.235,45.879,1187,1077,1145,1232,1217,1583,64,0,0,0,35,0,1,1,1,1,1,0,4.9908,4.9908,4.9908,4.9908,2.9084,4.5916,1176.2505,1076.4728,1142.2887,1227.1904,1210.0463,1587.3833,0,on,1
1786107052.490263,1,1,,1162.0000,1070.0000,1146.0000,1212.0000,1197.0000,1616.0000,147.145,165.658,150.331,137.088,73.155,39.183,1184,1076,1145,1232,1214,1583,24,0,0,0,24,18,1,1,1,1,1,0,4.9908,4.9908,4.9908,4.9908,2.9084,4.5916,1176.2505,1076.4728,1142.2887,1227.1904,1210.0463,1587.3833,0,on,1
1786107052.522188,1,1,,1168.0000,1065.0000,1147.0000,1217.0000,1193.0000,1604.0000,146.043,166.500,150.224,136.113,74.624,41.826,1184,1076,1145,1232,1214,1584,35,0,0,0,18,22,1,1,1,1,1,0,4.9908,4.9908,4.9908,4.9908,2.9084,4.5916,1176.2505,1076.4728,1142.2887,1227.1904,1210.0463,1587.3833,0,on,1
1786107052.554251,1,1,,1152.0000,1071.0000,1150.0000,1215.0000,1198.0000,1588.0000,149.112,165.288,149.532,136.488,72.950,45.321,1183,1077,1145,1232,1214,1583,39,0,0,0,21,26,1,1,1,1,1,0,4.9908,4.9908,4.9908,4.9908,2.9084,4.5916,1176.2505,1076.4728,1142.2887,1227.1904,1210.0463,1587.3833,0,on,1
1786107052.590182,1,1,,1152.0000,1070.0000,1151.0000,1219.0000,1200.0000,1600.0000,149.211,165.653,149.315,135.791,72.098,42.696,1182,1077,1145,1232,1214,1585,46,0,0,0,0,27,1,1,1,1,1,0,4.9908,4.9908,4.9908,4.9908,2.9084,4.5916,1176.2505,1076.4728,1142.2887,1227.1904,1210.0463,1587.3833,0,on,1
1786107052.617415,1,1,,1152.0000,1070.0000,1148.0000,1213.0000,1203.0000,1587.0000,149.152,165.602,149.927,136.852,71.285,45.393,1181,1077,1145,1232,1213,1585,44,0,0,0,40,26,1,1,1,1,1,0,4.9908,4.9908,4.9908,4.9908,2.9084,4.5916,1176.2505,1076.4728,1142.2887,1227.1904,1210.0463,1587.3833,0,on,1
1786107052.649438,1,1,,1157.0000,1069.0000,1154.0000,1224.0000,1193.0000,1599.0000,148.186,165.707,148.851,134.728,74.445,42.817,1180,1077,1145,1232,1212,1586,46,0,0,0,27,25,1,1,1,1,1,0,4.9908,4.9908,4.9908,4.9908,2.9084,4.5916,1176.2505,1076.4728,1142.2887,1227.1904,1205.5019,1587.3833,1,on,1
1786107052.685413,1,1,,1156.0000,1076.0000,1157.0000,1220.0000,1195.0000,1606.0000,148.261,164.481,148.137,135.613,73.939,41.314,1180,1077,1145,1232,1211,1587,53,0,0,0,0,24,1,1,1,1,1,1,4.9908,4.9908,4.9908,4.9908,2.9084,4.5916,1168.6058,1076.4728,1142.2887,1227.1904,1205.5019,1587.3833,1,on,1
1786107052.717397,1,1,,1160.0000,1074.0000,1158.0000,1223.0000,1193.0000,1602.0000,147.617,164.839,147.971,134.960,74.688,42.105,1179,1077,1145,1232,1210,1587,47,0,0,0,24,26,1,1,1,1,1,1,4.9908,4.9908,4.9908,4.9908,2.9084,4.5916,1168.6058,1076.4728,1142.2887,1227.1904,1205.5019,1587.3833,0,on,1
1786107052.749559,1,1,,1157.0000,1067.0000,1149.0000,1211.0000,1198.0000,1581.0000,148.137,166.142,149.827,137.377,72.743,46.762,1176,1077,1145,1232,1209,1588,49,0,0,0,19,0,1,1,1,1,1,1,4.9908,4.9908,4.9908,4.9908,2.9084,4.5916,1168.6058,1076.4728,1142.2887,1227.1904,1205.5019,1587.3833,0,on,1
1786107052.785589,1,1,,1154.0000,1064.0000,1144.0000,1213.0000,1212.0000,1577.0000,148.839,166.806,150.853,136.987,68.203,47.655,1173,1077,1145,1232,1209,1588,40,0,0,14,17,0,1,1,1,1,1,1,4.9908,4.9908,4.9908,4.9908,2.9084,4.5916,1168.6058,1076.4728,1142.2887,1227.1904,1205.5019,1587.3833,0,on,1
1786107052.817514,1,1,,1145.0000,1058.0000,1148.0000,1201.0000,1211.0000,1590.0000,150.570,168.000,150.039,139.304,68.353,44.747,1173,1077,1145,1232,1209,1588,42,0,0,8,26,0,1,1,1,1,1,1,4.9908,4.9908,4.9908,4.9908,2.9084,4.5916,1168.6058,1076.4728,1142.2887,1227.1904,1205.5019,1587.3833,0,on,1
1786107052.849489,1,1,,1145.0000,1059.0000,1149.0000,1187.0000,1204.0000,1591.0000,150.563,167.807,149.699,142.236,70.927,44.622,1173,1077,1145,1232,1207,1588,44,0,0,0,29,0,1,1,1,1,1,1,4.9908,4.9908,4.9908,4.9908,2.9084,4.5916,1168.6058,1076.4728,1142.2887,1227.1904,1205.5019,1587.3833,0,on,1
1786107052.890451,1,1,,1130.0000,1046.0000,1138.0000,1174.0000,1197.0000,1593.0000,153.505,170.397,152.012,144.804,73.352,44.177,1173,1076,1145,1232,1207,1588,48,0,0,0,17,0,1,1,1,1,1,1,4.9908,4.9908,4.9908,4.9908,2.9084,4.5916,1168.6058,1076.4728,1142.2887,1214.4748,1205.5019,1587.3833,1,on,1
1786107052.917448,1,1,,1134.0000,1053.0000,1130.0000,1150.0000,1187.0000,1591.0000,152.809,168.906,153.552,149.477,76.739,44.646,1173,1077,1145,1232,1207,1588,50,0,0,0,0,0,1,1,1,1,1,1,4.9908,4.9908,4.9908,4.9908,2.9084,4.5916,1159.2064,1076.4728,1142.2887,1206.6466,1205.5019,1587.3833,1,on,1
1786107052.949478,1,1,,1134.0000,1063.0000,1126.0000,1156.0000,1174.0000,1615.0000,152.682,166.986,154.327,148.344,81.213,39.351,1171,1077,1145,1232,1207,1588,41,0,0,39,9,0,1,1,1,1,1,1,4.9908,4.9908,4.9908,4.9908,2.9084,4.5916,1159.2064,1068.8563,1142.2887,1206.6466,1205.5019,1587.3833,1,on,1
1786107052.990407,1,1,,1111.0000,1053.0000,1124.0000,1157.0000,1174.0000,1634.0000,157.419,168.919,154.695,148.070,81.125,35.138,1167,1077,1145,1224,1207,1588,50,0,0,36,30,0,1,1,1,1,1,1,4.9908,4.9908,4.9908,4.9908,2.9084,4.5916,1151.5137,1068.8563,1142.2887,1192.9890,1199.4698,1596.9231,1,on,1
1786107053.022269,1,1,,1162.0000,1083.0000,1140.0000,1196.0000,1187.0000,1664.0000,147.180,162.935,151.515,140.381,76.599,28.758,1165,1077,1145,1219,1205,1588,81,19,0,0,36,0,1,1,1,1,1,0,4.9908,4.9908,4.9908,4.9908,2.9084,4.5916,1151.5137,1068.8563,1142.2887,1192.9890,1199.4698,1605.1316,1,on,1
1786107053.054268,1,1,,1175.0000,1089.0000,1133.0000,1175.0000,1178.0000,1682.0000,144.514,161.686,152.870,144.624,79.911,24.773,1156,1077,1145,1214,1203,1589,74,60,0,44,29,65,1,1,1,1,1,0,4.9908,4.9908,4.9908,4.9908,2.9084,4.5916,1151.5137,1068.8563,1142.2887,1192.9890,1199.4698,1617.3904,1,on,1
1786107053.090309,1,1,,1173.0000,1095.0000,1132.0000,1186.0000,1206.0000,1664.0000,144.996,160.489,153.106,142.355,69.979,28.775,1154,1077,1145,1207,1202,1599,51,39,0,13,0,16,1,1,1,1,1,0,4.9908,4.9908,4.9908,4.9908,2.9084,4.5916,1151.5137,1068.8563,1142.2887,1192.9890,1199.4698,1624.7371,1,on,1
1786107053.117371,1,1,,1200.0000,1110.0000,1148.0000,1194.0000,1203.0000,1711.0000,139.575,157.593,149.933,140.792,71.082,18.467,1152,1076,1145,1207,1202,1601,0,69,0,15,24,57,1,1,1,1,1,0,4.9908,4.9908,4.9908,4.9908,2.9084,4.5916,1151.5137,1068.8563,1142.2887,1192.9890,1199.4698,1638.9201,1,on,1
1786107053.149423,1,1,,1199.0000,1113.0000,1149.0000,1191.0000,1198.0000,1701.0000,139.798,156.972,149.732,141.338,72.726,20.603,1153,1075,1145,1207,1201,1608,0,30,0,19,30,29,1,1,1,1,1,0,4.9908,4.9908,4.9908,4.9908,2.9084,4.5916,1161.4741,1077.6268,1142.2887,1192.9890,1199.4698,1650.1389,1,on,1
1786107053.185407,1,1,,1203.0000,1096.0000,1127.0000,1157.0000,1186.0000,1728.0000,138.851,160.398,154.122,148.232,77.170,14.739,1153,1075,1144,1206,1200,1618,19,0,0,14,24,92,0,0,1,1,1,0,4.9908,4.9908,4.9908,4.9908,2.9084,4.5916,1161.4741,1077.6268,1142.2887,1192.9890,1199.4698,1665.7893,1,on,1
1786107053.217413,1,1,,1203.0000,1100.0000,1138.0000,1156.0000,1173.0000,1735.0000,138.891,159.627,152.020,148.446,81.458,13.133,1152,1075,1145,1206,1200,1631,39,0,0,14,17,85,0,0,1,1,1,0,4.9908,4.9908,4.9908,4.9908,2.9084,4.5916,1170.4914,1077.6268,1142.2887,1192.9890,1199.4698,1678.5208,1,on,1
1786107053.249384,1,1,,1199.0000,1093.0000,1127.0000,1145.0000,1177.0000,1713.0000,139.803,161.033,154.187,150.550,80.143,17.976,1156,1075,1145,1206,1199,1647,13,0,0,15,0,60,0,0,1,1,1,0,4.9908,4.9908,4.9908,4.9908,2.9084,4.5916,1170.4914,1077.6268,1142.2887,1182.6006,1195.0706,1678.5208,1,on,1
1786107053.285392,1,1,,1204.0000,1087.0000,1123.0000,1148.0000,1182.0000,1690.0000,138.763,162.136,155.021,149.932,78.305,22.994,1161,1075,1145,1205,1199,1664,22,0,0,42,0,13,0,0,1,1,1,0,4.9908,4.9908,4.9908,4.9908,2.9084,4.5916,1170.4914,1077.6268,1142.2887,1182.6006,1195.0706,1678.5208,0,on,1
1786107053.317418,1,1,,1197.0000,1091.0000,1121.0000,1142.0000,1180.0000,1706.0000,140.153,161.322,155.425,151.104,79.173,19.517,1164,1075,1145,1195,1199,1668,30,0,0,0,0,36,0,0,1,1,1,0,4.9908,4.9908,4.9908,4.9908,2.9084,4.5916,1178.3041,1077.6268,1142.2887,1174.9886,1195.0706,1686.2444,1,on,1
1786107053.349493,1,1,,1190.0000,1084.0000,1113.0000,1126.0000,1179.0000,1698.0000,141.594,162.687,157.016,154.431,79.364,21.342,1169,1075,1145,1194,1199,1673,15,0,0,30,0,27,0,0,1,1,1,0,4.9908,4.9908,4.9908,4.9908,2.9084,4.5916,1178.3041,1077.6268,1142.2887,1174.9886,1195.0706,1686.2444,0,on,1
1786107053.390309,1,1,,1187.0000,1088.0000,1118.0000,1150.0000,1183.0000,1700.0000,142.129,161.984,156.025,149.587,78.055,20.900,1170,1075,1145,1184,1199,1676,22,0,0,43,8,57,0,0,1,1,1,0,4.9908,4.9908,4.9908,4.9908,2.9084,4.5916,1178.3041,1077.6268,1142.2887,1166.9660,1195.0706,1686.2444,1,on,1
1786107053.417392,1,1,,1193.0000,1088.0000,1124.0000,1151.0000,1179.0000,1699.0000,140.855,162.035,154.727,149.260,79.568,21.022,1174,1075,1145,1182,1199,1681,18,0,0,17,22,21,0,0,1,1,1,0,4.9908,4.9908,4.9908,4.9908,2.9084,4.5916,1178.3041,1077.6268,1142.2887,1166.9660,1195.0706,1686.2444,0,on,1
1786107053.449446,1,1,,1180.0000,1086.0000,1129.0000,1147.0000,1185.0000,1710.0000,143.640,162.422,153.694,150.083,77.336,18.650,1178,1075,1145,1181,1199,1681,0,0,0,15,18,26,0,0,1,1,1,0,4.9908,4.9908,4.9908,4.9908,2.9084,4.5916,1178.3041,1077.6268,1142.2887,1166.9660,1195.0706,1686.2444,0,on,1
1786107053.490288,1,1,,1188.0000,1084.0000,1116.0000,1140.0000,1189.0000,1728.0000,142.014,162.715,156.414,151.627,76.052,14.716,1179,1075,1145,1181,1198,1682,0,16,0,19,32,34,0,0,1,1,1,0,4.9908,4.9908,4.9908,4.9908,2.9084,4.5916,1178.3041,1077.6268,1133.9337,1166.9660,1195.0706,1693.4751,1,on,1
1786107053.522269,1,1,,1180.0000,1082.0000,1121.0000,1139.0000,1187.0000,1699.0000,143.585,163.125,155.311,151.685,76.776,21.128,1179,1075,1145,1180,1197,1682,0,14,0,0,23,50,0,0,1,1,1,0,4.9908,4.9908,4.9908,4.9908,2.9084,4.5916,1178.3041,1077.6268,1133.9337,1166.9660,1195.0706,1693.4751,0,on,1
1786107053.554255,1,1,,1180.0000,1083.0000,1113.0000,1142.0000,1184.0000,1686.0000,143.484,163.054,157.027,151.253,77.731,23.842,1179,1077,1145,1179,1196,1687,0,0,39,33,23,43,0,1,1,1,1,0,4.9908,4.9908,4.9908,4.9908,2.9084,4.5916,1178.3041,1077.6268,1133.9337,1159.4002,1195.0706,1693.4751,1,on,1
1786107053.585536,1,1,,1181.0000,1088.0000,1115.0000,1136.0000,1188.0000,1703.0000,143.338,161.913,156.619,152.263,76.402,20.134,1179,1078,1140,1176,1196,1693,0,0,0,10,20,34,0,1,1,1,1,0,4.9908,4.9908,4.9908,4.9908,2.9084,4.5916,1178.3041,1077.6268,1133.9337,1159.4002,1195.0706,1693.4751,0,on,1
1786107053.617403,1,1,,1178.0000,1077.0000,1112.0000,1134.0000,1178.0000,1692.0000,143.941,164.156,157.072,152.848,79.831,22.588,1179,1080,1139,1176,1196,1693,0,0,18,17,18,0,0,1,1,1,1,1,4.9908,4.9908,4.9908,4.9908,2.9084,4.5916,1178.3041,1077.6268,1133.9337,1159.4002,1190.5322,1693.4751,1,on,1
1786107053.649427,1,1,,1189.0000,1081.0000,1122.0000,1152.0000,1181.0000,1672.0000,141.729,163.384,155.140,149.111,78.641,27.022,1179,1080,1139,1176,1196,1694,0,0,23,19,0,0,0,1,1,1,1,1,4.9908,4.9908,4.9908,4.9908,2.9084,4.5916,1178.3041,1077.6268,1133.9337,1159.4002,1190.5322,1693.4751,0,on,1
1786107053.685429,1,1,,1186.0000,1086.0000,1115.0000,1129.0000,1195.0000,1670.0000,142.251,162.443,156.599,153.745,74.003,27.430,1179,1081,1139,1175,1196,1694,0,0,33,19,25,0,0,1,1,1,1,1,4.9908,4.9908,4.9908,4.9908,2.9084,4.5916,1178.3041,1077.6268,1133.9337,1159.4002,1190.5322,1693.4751,0,on,1
1786107053.717385,1,1,,1185.0000,1081.0000,1112.0000,1129.0000,1194.0000,1686.0000,142.555,163.294,157.167,153.685,74.268,23.813,1179,1082,1138,1172,1195,1694,0,0,33,12,22,0,0,1,1,1,1,1,4.9908,4.9908,4.9908,4.9908,2.9084,4.5916,1178.3041,1077.6268,1133.9337,1159.4002,1190.5322,1693.4751,0,on,1
1786107053.749391,1,1,,1178.0000,1077.0000,1111.0000,1131.0000,1192.0000,1683.0000,143.931,164.176,157.448,153.352,74.788,24.575,1179,1082,1137,1172,1194,1694,0,0,36,10,19,0,0,1,1,1,1,1,4.9908,4.9908,4.9908,4.9908,2.9084,4.5916,1178.3041,1077.6268,1133.9337,1150.5149,1190.5322,1693.4751,1,on,1
1786107053.790441,1,1,,1180.0000,1080.0000,1110.0000,1128.0000,1197.0000,1668.0000,143.603,163.517,157.531,153.952,73.106,27.811,1179,1082,1136,1170,1194,1694,0,29,37,18,18,0,0,1,1,1,1,1,4.9908,4.9908,4.9908,4.9908,2.9084,4.5916,1178.3041,1077.6268,1125.7871,1150.5149,1190.5322,1693.4751,1,on,1
1786107053.817488,1,1,,1176.0000,1082.0000,1114.0000,1129.0000,1196.0000,1673.0000,144.318,163.253,156.816,153.730,73.534,26.802,1179,1082,1135,1167,1193,1693,0,0,35,13,0,0,0,1,1,1,1,1,4.9908,4.9908,4.9908,4.9908,2.9084,4.5916,1178.3041,1077.6268,1125.7871,1150.5149,1190.5322,1693.4751,0,on,1
1786107053.849546,1,1,,1182.0000,1082.0000,1125.0000,1133.0000,1194.0000,1692.0000,143.139,163.234,154.524,153.060,74.132,22.644,1179,1082,1135,1165,1193,1694,0,0,42,15,38,0,0,1,1,1,1,1,4.9908,4.9908,4.9908,4.9908,2.9084,4.5916,1178.3041,1077.6268,1125.7871,1150.5149,1190.5322,1693.4751,0,on,1
1786107053.885447,1,1,,1187.0000,1086.0000,1120.0000,1134.0000,1196.0000,1669.0000,142.231,162.461,155.504,152.840,73.526,27.506,1179,1082,1132,1165,1192,1694,0,9,47,19,23,0,0,1,1,1,1,1,4.9908,4.9908,4.9908,4.9908,2.9084,4.5916,1178.3041,1077.6268,1125.7871,1150.5149,1190.5322,1693.4751,0,on,1
1786107053.917433,1,1,,1182.0000,1079.0000,1117.0000,1130.0000,1193.0000,1682.0000,143.205,163.869,156.083,153.523,74.456,24.770,1179,1082,1128,1163,1191,1693,0,32,28,36,20,0,0,1,1,1,1,1,4.9908,4.9908,4.9908,4.9908,2.9084,4.5916,1178.3041,1077.6268,1125.7871,1150.5149,1190.5322,1693.4751,0,on,1
1786107053.949502,1,1,,1177.0000,1079.0000,1118.0000,1133.0000,1199.0000,1681.0000,144.201,163.835,155.928,152.930,72.490,24.940,1179,1081,1126,1159,1191,1694,0,38,23,0,20,0,0,1,1,1,1,1,4.9908,4.9908,4.9908,4.9908,2.9084,4.5916,1178.3041,1077.6268,1125.7871,1150.5149,1190.5322,1693.4751,0,on,1
1786107053.985015,1,1,,1176.0000,1077.0000,1113.0000,1120.0000,1188.0000,1677.0000,144.287,164.244,156.993,155.535,76.255,25.928,1179,1079,1126,1159,1191,1694,0,38,0,26,22,0,0,1,1,1,1,1,4.9908,4.9908,4.9908,4.9908,2.9084,4.5916,1178.3041,1077.6268,1125.7871,1142.6844,1190.5322,1693.4751,1,on,1
1786107054.022282,1,1,,1176.0000,1078.0000,1116.0000,1125.0000,1182.0000,1694.0000,144.382,164.055,156.361,154.561,78.297,22.114,1179,1078,1126,1157,1191,1694,0,40,0,26,0,0,0,1,1,1,1,1,4.9908,4.9908,4.9908,4.9908,2.9084,4.5916,1178.3041,1077.6268,1125.7871,1142.6844,1190.5322,1693.4751,0,on,1
1786107054.049368,1,1,,1177.0000,1085.0000,1117.0000,1133.0000,1189.0000,1669.0000,144.200,162.674,156.228,152.938,76.008,27.694,1179,1078,1126,1153,1191,1693,0,41,0,63,0,0,0,1,1,1,1,1,4.9908,4.9908,4.9908,4.9908,2.9084,4.5916,1178.3041,1077.6268,1125.7871,1142.6844,1190.5322,1686.5842,1,on,1
1786107054.085393,1,1,,1177.0000,1084.0000,1122.0000,1131.0000,1188.0000,1676.0000,144.235,162.871,155.187,153.400,76.183,26.062,1179,1077,1126,1147,1191,1693,0,31,0,17,0,0,0,1,1,1,1,1,4.9908,4.9908,4.9908,4.9908,2.9084,4.5916,1178.3041,1077.6268,1125.7871,1142.6844,1190.5322,1686.5842,0,on,1
1786107054.117448,1,1,,1174.0000,1078.0000,1117.0000,1127.0000,1184.0000,1672.0000,144.765,164.083,156.121,154.177,77.669,26.917,1179,1077,1126,1147,1191,1693,0,36,0,20,0,0,0,1,1,1,1,1,4.9908,4.9908,4.9908,4.9908,2.9084,4.5916,1178.3041,1077.6268,1125.7871,1142.6844,1190.5322,1686.5842,0,on,1
1786107054.149420,1,1,,1163.0000,1062.0000,1101.0000,1115.0000,1183.0000,1693.0000,146.872,167.158,159.303,156.512,78.063,22.347,1179,1077,1126,1147,1191,1694,0,36,0,48,0,0,0,1,1,1,1,1,4.9908,4.9908,4.9908,4.9908,2.9084,4.5916,1178.3041,1077.6268,1125.7871,1142.6844,1190.5322,1686.5842,0,on,1
1786107054.190387,1,1,,1162.0000,1072.0000,1108.0000,1116.0000,1181.0000,1670.0000,147.059,165.181,157.988,156.345,78.766,27.499,1179,1077,1126,1145,1191,1694,0,0,0,17,0,0,0,1,1,1,1,1,4.9908,4.9908,4.9908,4.9908,2.9084,4.5916,1178.3041,1077.6268,1125.7871,1142.6844,1190.5322,1686.5842,0,on,1
1786107054.222182,1,1,,1163.0000,1074.0000,1106.0000,1126.0000,1183.0000,1688.0000,146.895,164.795,158.399,154.396,78.208,23.536,1179,1077,1126,1145,1191,1694,0,0,0,18,0,17,0,1,1,1,1,1,4.9908,4.9908,4.9908,4.9908,2.9084,4.5916,1178.3041,1077.6268,1125.7871,1142.6844,1190.5322,1686.5842,0,on,1
1786107054.254200,1,1,,1159.0000,1060.0000,1098.0000,1120.0000,1193.0000,1696.0000,147.783,167.677,160.002,155.475,74.601,21.796,1179,1077,1126,1145,1191,1694,0,0,0,21,8,0,0,1,1,1,1,1,4.9908,4.9908,4.9908,4.9908,2.9084,4.5916,1178.3041,1077.6268,1125.7871,1142.6844,1190.5322,1686.5842,0,on,1
1786107054.285406,1,1,,1160.0000,1063.0000,1105.0000,1133.0000,1192.0000,1707.0000,147.625,166.934,158.619,153.053,74.983,19.257,1179,1077,1126,1145,1191,1694,0,0,0,23,23,12,0,1,1,1,1,1,4.9908,4.9908,4.9908,4.9908,2.9084,4.5916,1178.3041,1077.6268,1125.7871,1135.1466,1190.5322,1686.5842,1,on,1
1786107054.317389,1,1,,1170.0000,1078.0000,1117.0000,1138.0000,1188.0000,1710.0000,145.472,163.891,156.141,152.061,76.461,18.728,1179,1077,1126,1145,1191,1694,0,0,0,36,25,20,0,1,1,1,1,1,4.9908,4.9908,4.9908,4.9908,2.9084,4.5916,1178.3041,1077.6268,1125.7871,1135.1466,1190.5322,1686.5842,0,on,1
1786107054.349401,1,1,,1167.0000,1068.0000,1108.0000,1133.0000,1183.0000,1714.0000,146.135,165.978,157.964,152.912,77.911,17.814,1179,1077,1126,1139,1190,1690,0,0,0,25,20,13,0,1,1,1,1,1,4.9908,4.9908,4.9908,4.9908,2.9084,4.5916,1178.3041,1077.6268,1118.0307,1135.1466,1190.5322,1686.5842,1,on,1
1786107054.385540,1,1,,1156.0000,1067.0000,1099.0000,1113.0000,1173.0000,1699.0000,148.449,166.218,159.740,156.905,81.376,21.094,1179,1077,1126,1136,1189,1687,0,0,0,0,0,0,0,1,1,1,1,1,4.9908,4.9908,4.9908,4.9908,2.9084,4.5916,1178.3041,1077.6268,1118.0307,1135.1466,1190.5322,1686.5842,0,on,1
1786107054.417424,1,1,,1166.0000,1079.0000,1110.0000,1121.0000,1170.0000,1691.0000,146.424,163.826,157.597,155.357,82.453,22.904,1179,1077,1126,1136,1189,1687,0,0,0,0,0,0,0,1,1,1,1,1,4.9908,4.9908,4.9908,4.9908,2.9084,4.5916,1178.3041,1077.6268,1118.0307,1135.1466,1190.5322,1686.5842,0,on,1
1786107054.449503,1,1,,1174.0000,1074.0000,1105.0000,1121.0000,1186.0000,1679.0000,144.756,164.716,158.619,155.299,77.107,25.379,1179,1077,1126,1136,1189,1687,8,0,10,0,0,0,0,1,1,1,1,1,4.9908,4.9908,4.9908,4.9908,2.9084,4.5916,1178.3041,1077.6268,1118.0307,1135.1466,1190.5322,1686.5842,0,on,1
1786107054.485420,1,1,,1189.0000,1099.0000,1136.0000,1155.0000,1173.0000,1691.0000,141.679,159.707,152.358,148.522,81.452,22.866,1179,1077,1126,1136,1189,1687,14,0,23,0,0,0,0,1,1,1,1,1,4.9908,4.9908,4.9908,4.9908,2.9084,4.5916,1178.3041,1077.6268,1118.0307,1135.1466,1190.5322,1686.5842,0,on,1
1786107054.517407,1,1,,1195.0000,1113.0000,1149.0000,1171.0000,1169.0000,1722.0000,140.618,156.914,149.679,145.433,82.728,16.173,1180,1077,1125,1136,1189,1687,0,0,24,0,0,0,1,1,1,1,1,1,4.9908,4.9908,4.9908,4.9908,2.9084,4.5916,1178.3041,1077.6268,1118.0307,1135.1466,1190.5322,1686.5842,0,on,1
1786107054.549374,1,1,,1191.0000,1096.0000,1122.0000,1140.0000,1175.0000,1659.0000,141.298,160.304,155.238,151.467,80.939,29.701,1180,1077,1125,1136,1189,1687,0,0,42,0,0,0,1,1,1,1,1,1,4.9908,4.9908,4.9908,4.9908,2.9084,4.5916,1178.3041,1077.6268,1118.0307,1135.1466,1185.8195,1686.5842,1,on,1
1786107054.585404,1,1,,1192.0000,1111.0000,1139.0000,1157.0000,1174.0000,1701.0000,141.043,157.443,151.784,148.118,81.195,20.706,1180,1077,1123,1136,1189,1687,0,0,0,0,0,0,1,1,1,1,1,1,4.9908,4.9908,4.9908,4.9908,2.9084,4.5916,1178.3041,1077.6268,1118.0307,1135.1466,1185.8195,1686.5842,0,on,1
1786107054.617402,1,1,,1171.0000,1089.0000,1120.0000,1136.0000,1167.0000,1723.0000,145.356,161.763,155.660,152.367,83.610,15.851,1180,1077,1123,1136,1189,1687,0,0,9,0,0,0,1,1,1,1,1,1,4.9908,4.9908,4.9908,4.9908,2.9084,4.5916,1178.3041,1077.6268,1118.0307,1135.1466,1185.8195,1686.5842,0,on,1
1786107054.649417,1,1,,1177.0000,1083.0000,1125.0000,1150.0000,1177.0000,1728.0000,144.225,162.930,154.473,149.562,80.154,14.802,1180,1077,1123,1136,1189,1687,0,0,26,0,0,0,1,1,1,1,1,1,4.9908,4.9908,4.9908,4.9908,2.9084,4.5916,1178.3041,1077.6268,1118.0307,1135.1466,1185.8195,1695.3817,1,on,1
1786107054.685408,1,1,,1161.0000,1072.0000,1101.0000,1114.0000,1164.0000,1697.0000,147.397,165.152,159.408,156.723,84.436,21.536,1180,1077,1123,1136,1189,1687,0,0,32,0,0,0,1,1,1,1,1,0,4.9908,4.9908,4.9908,4.9908,2.9084,4.5916,1178.3041,1077.6268,1118.0307,1135.1466,1185.8195,1695.3817,0,on,1
1786107054.716922,1,1,,1169.0000,1083.0000,1116.0000,1135.0000,1163.0000,1699.0000,145.782,163.043,156.316,152.492,84.808,20.973,1180,1077,1123,1136,1189,1687,0,0,39,0,24,0,1,1,1,1,1,0,4.9908,4.9908,4.9908,4.9908,2.9084,4.5916,1178.3041,1077.6268,1118.0307,1135.1466,1185.8195,1695.3817,0,on,1
1786107054.754268,1,1,,1167.0000,1080.0000,1114.0000,1128.0000,1169.0000,1688.0000,146.214,163.523,156.762,154.064,82.945,23.439,1180,1077,1122,1136,1189,1687,0,0,41,0,31,21,1,1,1,1,1,0,4.9908,4.9908,4.9908,4.9908,2.9084,4.5916,1178.3041,1077.6268,1118.0307,1135.1466,1180.8706,1695.3817,1,on,1
1786107054.785476,1,1,,1170.0000,1081.0000,1110.0000,1132.0000,1166.0000,1727.0000,145.613,163.351,157.532,153.214,83.737,14.890,1180,1077,1121,1136,1189,1687,0,0,39,0,33,13,1,1,1,1,1,0,4.9908,4.9908,4.9908,4.9908,2.9084,4.5916,1178.3041,1077.6268,1118.0307,1135.1466,1180.8706,1695.3817,0,on,1
1786107054.817498,1,1,,1158.0000,1077.0000,1106.0000,1123.0000,1174.0000,1683.0000,147.938,164.167,158.375,155.048,81.309,24.662,1180,1077,1121,1136,1189,1687,0,0,43,0,54,37,1,1,1,1,1,0,4.9908,4.9908,4.9908,4.9908,2.9084,4.5916,1178.3041,1077.6268,1118.0307,1135.1466,1180.8706,1695.3817,0,on,1
1786107054.849549,1,1,,1172.0000,1079.0000,1110.0000,1132.0000,1172.0000,1726.0000,145.168,163.817,157.535,153.113,81.891,15.117,1180,1077,1121,1136,1186,1693,0,0,43,0,53,28,1,1,1,1,1,0,4.9908,4.9908,4.9908,4.9908,2.9084,4.5916,1178.3041,1077.6268,1118.0307,1135.1466,1180.8706,1695.3817,0,on,1
1786107054.890441,1,1,,1170.0000,1082.0000,1111.0000,1134.0000,1180.0000,1699.0000,145.505,163.158,157.282,152.681,79.095,21.167,1180,1077,1119,1136,1183,1696,0,0,0,0,0,0,1,1,1,1,1,1,4.9908,4.9908,4.9908,4.9908,2.9084,4.5916,1178.3041,1077.6268,1118.0307,1135.1466,1180.8706,1695.3817,0,on,1
1786107054.917490,1,1,,1169.0000,1079.0000,1119.0000,1140.0000,1190.0000,1727.0000,145.715,163.700,155.692,151.476,75.679,14.964,1180,1077,1119,1136,1183,1696,0,0,0,0,0,0,1,1,1,1,1,1,4.9908,4.9908,4.9908,4.9908,2.9084,4.5916,1178.3041,1077.6268,1118.0307,1135.1466,1180.8706,1695.3817,0,on,1
1786107054.949554,1,1,,1167.0000,1080.0000,1112.0000,1134.0000,1183.0000,1720.0000,146.135,163.625,157.096,152.733,77.907,16.452,1180,1077,1119,1136,1182,1696,0,0,0,0,29,0,1,1,1,1,1,1,4.9908,4.9908,4.9908,4.9908,2.9084,4.5916,1178.3041,1077.6268,1118.0307,1135.1466,1180.8706,1695.3817,0,on,1
1786107054.990448,1,1,,1168.0000,1079.0000,1116.0000,1129.0000,1174.0000,1722.0000,146.020,163.703,156.450,153.861,81.029,16.116,1180,1077,1119,1136,1181,1696,0,0,0,0,20,0,1,1,1,1,1,1,4.9908,4.9908,4.9908,4.9908,2.9084,4.5916,1178.3041,1077.6268,1118.0307,1135.1466,1180.8706,1702.8499,1,on,1
1786107055.017121,1,1,,1166.0000,1079.0000,1112.0000,1132.0000,1173.0000,1731.0000,146.273,163.861,157.117,153.261,81.524,14.029,1181,1077,1119,1136,1181,1696,0,0,0,0,18,0,1,1,1,1,1,0,4.9908,4.9908,4.9908,4.9908,2.9084,4.5916,1178.3041,1077.6268,1118.0307,1135.1466,1180.8706,1702.8499,0,on,1
1786107055.049499,1,1,,1171.0000,1083.0000,1112.0000,1135.0000,1183.0000,1703.0000,145.303,162.886,157.263,152.561,77.881,20.100,1180,1077,1119,1136,1181,1696,0,0,0,0,0,0,1,1,1,1,1,0,4.9908,4.9908,4.9908,4.9908,2.9084,4.5916,1178.3041,1077.6268,1118.0307,1135.1466,1180.8706,1702.8499,0,on,1
1786107055.085232,1,1,,1170.0000,1084.0000,1114.0000,1126.0000,1156.0000,1700.0000,145.530,162.746,156.858,154.276,87.267,20.879,1180,1077,1119,1136,1181,1696,0,0,0,0,0,0,1,1,1,1,1,0,4.9908,4.9908,4.9908,4.9908,2.9084,4.5916,1178.3041,1077.6268,1118.0307,1135.1466,1180.8706,1702.8499,0,on,1
1786107055.117442,1,1,,1174.0000,1082.0000,1124.0000,1142.0000,1173.0000,1733.0000,144.784,163.108,154.810,151.254,81.353,13.679,1180,1077,1119,1136,1181,1696,0,0,0,0,0,20,1,1,1,1,1,0,4.9908,4.9908,4.9908,4.9908,2.9084,4.5916,1178.3041,1077.6268,1118.0307,1135.1466,1180.8706,1702.8499,0,on,1
1786107055.149543,1,1,,1171.0000,1088.0000,1122.0000,1139.0000,1161.0000,1725.0000,145.288,162.068,155.073,151.669,85.743,15.325,1180,1077,1119,1136,1181,1697,0,0,0,0,0,30,1,1,1,1,1,0,4.9908,4.9908,4.9908,4.9908,2.9084,4.5916,1178.3041,1077.6268,1118.0307,1135.1466,1180.8706,1702.8499,0,on,1
1786107055.190531,1,1,,1177.0000,1088.0000,1112.0000,1131.0000,1170.0000,1709.0000,144.162,161.987,157.202,153.280,82.387,18.935,1181,1077,1119,1136,1181,1698,0,0,0,0,0,0,1,1,1,1,1,0,4.9908,4.9908,4.9908,4.9908,2.9084,4.5916,1178.3041,1077.6268,1118.0307,1135.1466,1180.8706,1702.8499,0,on,1
1786107055.253553,1,1,,1179.0000,1083.0000,1118.0000,1137.0000,1174.0000,1731.0000,143.838,163.047,155.904,152.104,81.175,14.032,1181,1077,1119,1136,1181,1698,0,0,0,0,0,26,1,1,1,1,1,0,4.9908,4.9908,4.9908,4.9908,2.9084,4.5916,1178.3041,1077.6268,1118.0307,1135.1466,1180.8706,1702.8499,0,on,1
1786107055.277242,1,1,,1175.0000,1082.0000,1113.0000,1143.0000,1181.0000,1699.0000,144.481,163.097,156.885,151.001,78.753,21.119,1181,1077,1119,1136,1181,1698,0,0,0,0,0,31,1,1,1,1,1,0,4.9908,4.9908,4.9908,4.9908,2.9084,4.5916,1178.3041,1077.6268,1118.0307,1135.1466,1180.8706,1702.8499,0,on,1
1786107055.305555,1,1,,1177.0000,1087.0000,1118.0000,1136.0000,1173.0000,1689.0000,144.230,162.127,155.913,152.325,81.628,23.313,1180,1077,1119,1136,1181,1699,0,0,0,0,0,29,1,1,1,1,1,0,4.9908,4.9908,4.9908,4.9908,2.9084,4.5916,1178.3041,1077.6268,1118.0307,1135.1466,1180.8706,1702.8499,0,on,1
1786107055.334279,1,1,,1180.0000,1086.0000,1118.0000,1138.0000,1171.0000,1709.0000,143.543,162.331,156.004,151.951,82.329,18.986,1180,1077,1119,1136,1181,1700,0,0,0,0,0,30,1,1,1,1,1,0,4.9908,4.9908,4.9908,4.9908,2.9084,4.5916,1178.3041,1077.6268,1118.0307,1135.1466,1180.8706,1702.8499,0,on,1
1786107055.353556,1,1,,1186.0000,1091.0000,1125.0000,1148.0000,1166.0000,1731.0000,142.276,161.303,154.567,149.910,84.013,14.063,1180,1077,1119,1136,1181,1701,0,0,0,0,0,29,1,1,1,1,1,0,4.9908,4.9908,4.9908,4.9908,2.9084,4.5916,1178.3041,1077.6268,1118.0307,1135.1466,1180.8706,1702.8499,0,on,1
1786107055.385599,1,1,,1182.0000,1093.0000,1122.0000,1131.0000,1160.0000,1731.0000,143.080,161.037,155.103,153.376,86.070,14.093,1181,1077,1119,1136,1181,1702,0,0,0,0,26,0,1,1,1,1,1,1,4.9908,4.9908,4.9908,4.9908,2.9084,4.5916,1178.3041,1077.6268,1118.0307,1135.1466,1175.8788,1710.1535,1,on,1
1786107055.417506,1,1,,1180.0000,1087.0000,1122.0000,1146.0000,1168.0000,1765.0000,143.447,162.150,155.116,150.400,83.190,6.700,1181,1077,1119,1136,1181,1703,0,0,0,0,34,0,1,1,1,1,1,0,4.9908,4.9908,4.9908,4.9908,2.9084,4.5916,1178.3041,1077.6268,1118.0307,1135.1466,1175.8788,1710.1535,0,on,1
1786107055.449507,1,1,,1177.0000,1095.0000,1131.0000,1141.0000,1157.0000,1710.0000,144.056,160.532,153.349,151.419,87.072,18.646,1180,1077,1119,1136,1180,1703,0,0,0,0,37,24,1,1,1,1,1,0,4.9908,4.9908,4.9908,4.9908,2.9084,4.5916,1178.3041,1077.6268,1118.0307,1135.1466,1175.8788,1710.1535,0,on,1
1786107055.490416,1,1,,1192.0000,1097.0000,1116.0000,1134.0000,1162.0000,1732.0000,141.082,160.126,156.334,152.844,85.382,13.902,1181,1077,1119,1136,1178,1706,0,0,0,0,36,31,1,1,1,1,1,0,4.9908,4.9908,4.9908,4.9908,2.9084,4.5916,1178.3041,1077.6268,1118.0307,1135.1466,1175.8788,1710.1535,0,on,1
1786107055.517484,1,1,,1183.0000,1087.0000,1126.0000,1143.0000,1156.0000,1748.0000,142.903,162.234,154.340,150.885,87.388,10.458,1181,1077,1119,1136,1178,1708,0,0,0,0,31,29,1,1,1,1,1,0,4.9908,4.9908,4.9908,4.9908,2.9084,4.5916,1178.3041,1077.6268,1118.0307,1135.1466,1175.8788,1718.5675,1,on,1
1786107055.549150,1,1,,1173.0000,1098.0000,1129.0000,1134.0000,1155.0000,1680.0000,144.950,159.895,153.703,152.769,87.659,25.201,1181,1077,1119,1136,1177,1710,0,0,0,0,0,23,1,1,1,1,1,0,4.9908,4.9908,4.9908,4.9908,2.9084,4.5916,1178.3041,1085.4756,1118.0307,1135.1466,1175.8788,1718.5675,1,on,1
1786107055.585171,1,1,,1167.0000,1084.0000,1117.0000,1121.0000,1159.0000,1695.0000,146.237,162.864,156.251,155.444,86.240,21.879,1180,1077,1119,1136,1177,1712,0,0,0,0,0,31,1,0,1,1,1,0,4.9908,4.9908,4.9908,4.9908,2.9084,4.5916,1178.3041,1085.4756,1118.0307,1135.1466,1171.2232,1718.5675,1,on,1
1786107055.617375,1,1,,1180.0000,1088.0000,1120.0000,1140.0000,1157.0000,1735.0000,143.504,161.965,155.492,151.597,86.959,13.306,1181,1077,1119,1136,1177,1713,0,0,0,0,0,34,1,0,1,1,1,0,4.9908,4.9908,4.9908,4.9908,2.9084,4.5916,1178.3041,1085.4756,1118.0307,1135.1466,1171.2232,1718.5675,0,on,1
1786107055.648973,1,1,,1185.0000,1087.0000,1121.0000,1144.0000,1164.0000,1753.0000,142.474,162.144,155.328,150.770,84.630,9.324,1181,1077,1119,1136,1177,1715,0,20,0,0,0,34,1,0,1,1,1,0,4.9908,4.9908,4.9908,4.9908,2.9084,4.5916,1178.3041,1085.4756,1118.0307,1135.1466,1171.2232,1718.5675,0,on,1
1786107055.687207,1,1,,1185.0000,1094.0000,1128.0000,1154.0000,1170.0000,1749.0000,142.568,160.830,153.986,148.721,82.560,10.190,1181,1077,1119,1136,1177,1717,0,15,0,0,0,29,1,0,1,1,1,0,4.9908,4.9908,4.9908,4.9908,2.9084,4.5916,1178.3041,1085.4756,1118.0307,1135.1466,1171.2232,1718.5675,0,on,1
1786107055.719165,1,1,,1183.0000,1092.0000,1122.0000,1144.0000,1168.0000,1719.0000,142.870,161.204,155.076,150.759,83.162,16.770,1180,1078,1119,1136,1177,1717,0,19,0,0,0,31,1,0,1,1,1,0,4.9908,4.9908,4.9908,4.9908,2.9084,4.5916,1178.3041,1085.4756,1118.0307,1135.1466,1171.2232,1718.5675,0,on,1
1786107055.751186,1,1,,1181.0000,1091.0000,1126.0000,1145.0000,1170.0000,1711.0000,143.364,161.407,154.311,150.555,82.568,18.501,1180,1084,1119,1136,1177,1718,0,23,0,0,0,25,1,1,1,1,1,1,4.9908,4.9908,4.9908,4.9908,2.9084,4.5916,1178.3041,1085.4756,1118.0307,1135.1466,1171.2232,1718.5675,0,on,1
1786107055.790259,1,1,,1184.0000,1091.0000,1120.0000,1134.0000,1160.0000,1721.0000,142.802,161.385,155.569,152.821,85.983,16.332,1181,1087,1119,1136,1177,1718,0,0,0,0,0,25,1,1,1,1,1,1,4.9908,4.9908,4.9908,4.9908,2.9084,4.5916,1178.3041,1085.4756,1118.0307,1135.1466,1171.2232,1718.5675,0,on,1
1786107055.817486,1,1,,1191.0000,1091.0000,1117.0000,1131.0000,1162.0000,1709.0000,141.321,161.303,156.070,153.276,85.308,18.868,1180,1087,1119,1136,1177,1719,0,0,0,0,0,0,1,1,1,1,1,1,4.9908,4.9908,4.9908,4.9908,2.9084,4.5916,1178.3041,1085.4756,1118.0307,1135.1466,1171.2232,1718.5675,0,on,1
1786107055.849193,1,1,,1185.0000,1089.0000,1125.0000,1146.0000,1162.0000,1746.0000,142.609,161.724,154.578,150.436,85.267,10.858,1180,1087,1119,1136,1177,1719,0,0,0,0,0,0,1,1,1,1,1,1,4.9908,4.9908,4.9908,4.9908,2.9084,4.5916,1178.3041,1085.4756,1118.0307,1135.1466,1171.2232,1718.5675,0,on,1
1786107055.885505,1,1,,1181.0000,1089.0000,1110.0000,1128.0000,1161.0000,1707.0000,143.311,161.749,157.508,153.951,85.751,19.380,1180,1088,1119,1136,1177,1719,0,0,0,0,0,0,1,1,1,1,1,1,4.9908,4.9908,4.9908,4.9908,2.9084,4.5916,1178.3041,1085.4756,1118.0307,1135.1466,1171.2232,1718.5675,0,on,1
1786107055.917507,1,1,,1180.0000,1085.0000,1109.0000,1134.0000,1175.0000,1686.0000,143.542,162.549,157.819,152.675,80.721,23.981,1181,1088,1119,1136,1177,1719,0,0,0,0,0,0,1,1,1,1,1,1,4.9908,4.9908,4.9908,4.9908,2.9084,4.5916,1178.3041,1085.4756,1118.0307,1135.1466,1171.2232,1718.5675,0,on,1
1786107055.949491,1,1,,1184.0000,1093.0000,1130.0000,1154.0000,1163.0000,1743.0000,142.788,160.954,153.575,148.748,85.087,11.524,1180,1088,1119,1136,1177,1719,0,0,0,0,0,0,1,1,1,1,1,1,4.9908,4.9908,4.9908,4.9908,2.9084,4.5916,1178.3041,1085.4756,1118.0307,1135.1466,1171.2232,1718.5675,0,on,1
1786107055.990441,1,1,,1176.0000,1092.0000,1112.0000,1128.0000,1170.0000,1685.0000,144.295,161.140,157.247,154.015,82.489,24.069,1181,1089,1119,1136,1177,1719,0,0,0,0,0,0,1,1,1,1,1,1,4.9908,4.9908,4.9908,4.9908,2.9084,4.5916,1178.3041,1085.4756,1118.0307,1135.1466,1171.2232,1718.5675,0,on,1
1786107056.017355,1,1,,1170.0000,1087.0000,1118.0000,1128.0000,1163.0000,1682.0000,145.633,162.093,156.001,153.891,84.983,24.722,1180,1089,1119,1136,1177,1719,0,0,0,0,0,0,1,1,1,1,1,1,4.9908,4.9908,4.9908,4.9908,2.9084,4.5916,1178.3041,1085.4756,1118.0307,1135.1466,1171.2232,1718.5675,0,on,1
1786107056.049531,1,1,,1167.0000,1087.0000,1117.0000,1119.0000,1158.0000,1689.0000,146.232,162.128,156.130,155.696,86.617,23.273,1181,1089,1119,1136,1177,1719,0,0,0,0,0,0,1,1,1,1,1,1,4.9908,4.9908,4.9908,4.9908,2.9084,4.5916,1178.3041,1085.4756,1118.0307,1135.1466,1171.2232,1718.5675,0,on,1
1786107056.085480,1,1,,1168.0000,1092.0000,1121.0000,1127.0000,1165.0000,1675.0000,146.001,161.256,155.333,154.251,84.072,26.306,1181,1089,1119,1136,1177,1719,0,16,0,0,0,0,1,1,1,1,1,1,4.9908,4.9908,4.9908,4.9908,2.9084,4.5916,1178.3041,1085.4756,1118.0307,1135.1466,1171.2232,1709.0477,1,on,1
1786107056.117456,1,1,,1181.0000,1091.0000,1130.0000,1142.0000,1169.0000,1702.0000,143.286,161.340,153.500,151.154,82.942,20.399,1181,1089,1119,1136,1177,1719,0,10,0,0,0,0,1,1,1,1,1,1,4.9908,4.9908,4.9908,4.9908,2.9084,4.5916,1178.3041,1085.4756,1118.0307,1135.1466,1171.2232,1709.0477,0,on,1
1786107056.149554,1,1,,1175.0000,1089.0000,1129.0000,1142.0000,1163.0000,1706.0000,144.594,161.735,153.667,151.160,84.989,19.530,1181,1089,1119,1136,1177,1719,0,0,0,0,0,0,1,1,1,1,1,1,4.9908,4.9908,4.9908,4.9908,2.9084,4.5916,1178.3041,1085.4756,1118.0307,1135.1466,1171.2232,1709.0477,0,on,1
1786107056.190456,1,1,,1184.0000,1096.0000,1120.0000,1139.0000,1172.0000,1711.0000,142.675,160.388,155.607,151.715,81.690,18.499,1181,1089,1119,1136,1177,1719,0,18,0,0,0,17,1,1,1,1,1,1,4.9908,4.9908,4.9908,4.9908,2.9084,4.5916,1178.3041,1085.4756,1118.0307,1135.1466,1171.2232,1709.0477,0,on,1
1786107056.217524,1,1,,1192.0000,1101.0000,1134.0000,1152.0000,1157.0000,1734.0000,141.139,159.324,152.753,149.121,86.895,13.426,1181,1089,1119,1136,1177,1719,0,24,0,0,0,10,1,1,1,1,1,1,4.9908,4.9908,4.9908,4.9908,2.9084,4.5916,1178.3041,1085.4756,1118.0307,1135.1466,1171.2232,1709.0477,0,on,1
1786107056.249542,1,1,,1174.0000,1092.0000,1107.0000,1128.0000,1176.0000,1674.0000,144.775,161.115,158.075,153.931,80.467,26.611,1180,1089,1119,1136,1177,1719,0,29,0,0,0,22,1,1,1,1,1,1,4.9908,4.9908,4.9908,4.9908,2.9084,4.5916,1178.3041,1085.4756,1118.0307,1135.1466,1171.2232,1709.0477,0,on,1
1786107056.290419,1,1,,1186.0000,1095.0000,1131.0000,1144.0000,1148.0000,1739.0000,142.359,160.580,153.450,150.664,90.119,12.435,1180,1089,1119,1136,1177,1713,0,41,0,0,0,17,1,1,1,1,1,1,4.9908,4.9908,4.9908,4.9908,2.9084,4.5916,1178.3041,1085.4756,1118.0307,1135.1466,1171.2232,1709.0477,0,on,1
1786107056.317143,1,1,,1181.0000,1088.0000,1115.0000,1137.0000,1179.0000,1698.0000,143.350,162.050,156.491,152.084,79.569,21.276,1181,1088,1119,1136,1177,1710,0,39,0,0,0,0,1,1,1,1,1,1,4.9908,4.9908,4.9908,4.9908,2.9084,4.5916,1178.3041,1085.4756,1118.0307,1135.1466,1171.2232,1709.0477,0,on,1
1786107056.349234,1,1,,1192.0000,1097.0000,1122.0000,1148.0000,1152.0000,1764.0000,141.134,160.197,155.089,149.876,88.708,6.939,1181,1087,1119,1136,1177,1710,0,35,0,0,0,0,1,1,1,1,1,1,4.9908,4.9908,4.9908,4.9908,2.9084,4.5916,1178.3041,1085.4756,1118.0307,1135.1466,1171.2232,1709.0477,0,on,1
1786107056.385144,1,1,,1181.0000,1097.0000,1124.0000,1152.0000,1177.0000,1688.0000,143.371,160.196,154.766,149.078,79.957,23.410,1181,1086,1119,1136,1177,1710,0,33,0,0,0,0,1,1,1,1,1,1,4.9908,4.9908,4.9908,4.9908,2.9084,4.5916,1178.3041,1085.4756,1118.0307,1135.1466,1171.2232,1709.0477,0,on,1
1786107056.417534,1,1,,1186.0000,1105.0000,1131.0000,1159.0000,1170.0000,1725.0000,142.435,158.630,153.342,147.795,82.638,15.369,1181,1086,1119,1136,1177,1710,0,35,0,0,0,0,1,1,1,1,1,1,4.9908,4.9908,4.9908,4.9908,2.9084,4.5916,1178.3041,1085.4756,1118.0307,1135.1466,1171.2232,1709.0477,0,on,1
1786107056.449503,1,1,,1181.0000,1103.0000,1130.0000,1158.0000,1178.0000,1706.0000,143.260,158.915,153.634,147.960,79.721,19.587,1181,1086,1119,1136,1177,1710,0,38,0,0,0,0,1,1,1,1,1,1,4.9908,4.9908,4.9908,4.9908,2.9084,4.5916,1178.3041,1085.4756,1118.0307,1135.1466,1171.2232,1709.0477,0,on,1
1786107056.485661,1,1,,1181.0000,1102.0000,1132.0000,1155.0000,1165.0000,1733.0000,143.328,159.156,153.182,148.530,84.068,13.580,1181,1086,1119,1136,1177,1710,0,0,0,0,0,0,1,1,1,1,1,1,4.9908,4.9908,4.9908,4.9908,2.9084,4.5916,1178.3041,1085.4756,1118.0307,1135.1466,1171.2232,1709.0477,0,on,1
1786107056.517618,1,1,,1184.0000,1097.0000,1120.0000,1143.0000,1176.0000,1701.0000,142.649,160.275,155.659,151.026,80.330,20.615,1181,1086,1119,1136,1177,1710,0,0,0,0,0,0,1,1,1,1,1,1,4.9908,4.9908,4.9908,4.9908,2.9084,4.5916,1178.3041,1085.4756,1118.0307,1135.1466,1171.2232,1709.0477,0,on,1
1786107056.549623,1,1,,1183.0000,1093.0000,1128.0000,1153.0000,1167.0000,1751.0000,142.974,161.060,153.939,148.942,83.457,9.685,1181,1086,1119,1136,1177,1710,0,0,0,0,0,0,1,1,1,1,1,1,4.9908,4.9908,4.9908,4.9908,2.9084,4.5916,1178.3041,1085.4756,1118.0307,1135.1466,1171.2232,1709.0477,0,on,1
1786107056.585573,1,1,,1184.0000,1096.0000,1134.0000,1151.0000,1169.0000,1721.0000,142.743,160.293,152.806,149.368,82.753,16.372,1181,1086,1119,1136,1177,1710,0,0,0,0,0,0,1,1,1,1,1,1,4.9908,4.9908,4.9908,4.9908,2.9084,4.5916,1178.3041,1085.4756,1118.0307,1135.1466,1171.2232,1716.1373,1,on,1
1786107056.617380,1,1,,1186.0000,1096.0000,1124.0000,1146.0000,1166.0000,1704.0000,142.391,160.326,154.767,150.414,83.889,19.905,1181,1086,1119,1136,1177,1710,0,0,0,0,0,0,1,1,1,1,1,0,4.9908,4.9908,4.9908,4.9908,2.9084,4.5916,1178.3041,1085.4756,1118.0307,1135.1466,1171.2232,1716.1373,0,on,1
1786107056.649084,1,1,,1180.0000,1093.0000,1121.0000,1144.0000,1163.0000,1710.0000,143.605,161.025,155.270,150.673,84.778,18.590,1181,1086,1119,1136,1177,1710,0,0,0,0,0,0,1,1,1,1,1,0,4.9908,4.9908,4.9908,4.9908,2.9084,4.5916,1178.3041,1085.4756,1118.0307,1135.1466,1171.2232,1716.1373,0,on,1
1786107056.685438,1,1,,1177.0000,1090.0000,1118.0000,1132.0000,1161.0000,1706.0000,144.188,161.541,156.017,153.130,85.740,19.525,1181,1086,1119,1136,1177,1710,0,0,0,0,0,0,1,1,1,1,1,0,4.9908,4.9908,4.9908,4.9908,2.9084,4.5916,1178.3041,1085.4756,1118.0307,1135.1466,1171.2232,1716.1373,0,on,1
1786107056.717499,1,1,,1172.0000,1090.0000,1119.0000,1134.0000,1154.0000,1716.0000,145.156,161.669,155.708,152.769,87.947,17.424,1181,1086,1119,1136,1177,1710,0,0,0,0,0,14,1,1,1,1,1,0,4.9908,4.9908,4.9908,4.9908,2.9084,4.5916,1178.3041,1085.4756,1118.0307,1135.1466,1171.2232,1716.1373,0,on,1
1786107056.748988,1,1,,1168.0000,1089.0000,1115.0000,1123.0000,1160.0000,1709.0000,145.887,161.682,156.477,154.914,85.982,18.799,1181,1086,1119,1136,1177,1710,0,0,0,0,0,16,1,1,1,1,1,0,4.9908,4.9908,4.9908,4.9908,2.9084,4.5916,1178.3041,1085.4756,1118.0307,1135.1466,1166.7704,1716.1373,1,on,1
1786107056.785600,1,1,,1180.0000,1095.0000,1130.0000,1145.0000,1159.0000,1696.0000,143.470,160.542,153.534,150.636,86.183,21.713,1181,1086,1119,1136,1177,1710,0,0,0,0,0,9,1,1,1,1,1,0,4.9908,4.9908,4.9908,4.9908,2.9084,4.5916,1178.3041,1085.4756,1118.0307,1135.1466,1166.7704,1716.1373,0,on,1
1786107056.817511,1,1,,1176.0000,1083.0000,1120.0000,1145.0000,1157.0000,1719.0000,144.355,162.943,155.645,150.594,86.925,16.807,1181,1086,1119,1136,1177,1710,0,0,0,0,0,15,1,1,1,1,1,0,4.9908,4.9908,4.9908,4.9908,2.9084,4.5916,1178.3041,1085.4756,1118.0307,1135.1466,1166.7704,1716.1373,0,on,1
1786107056.849475,1,1,,1179.0000,1089.0000,1124.0000,1144.0000,1157.0000,1756.0000,143.656,161.849,154.728,150.670,86.903,8.675,1181,1086,1119,1136,1177,1712,0,0,0,0,0,23,1,1,1,1,1,0,4.9908,4.9908,4.9908,4.9908,2.9084,4.5916,1178.3041,1085.4756,1118.0307,1135.1466,1166.7704,1716.1373,0,on,1
1786107056.885465,1,1,,1175.0000,1091.0000,1139.0000,1152.0000,1158.0000,1736.0000,144.491,161.385,151.687,149.134,86.573,13.012,1181,1086,1119,1136,1177,1714,0,0,0,0,0,22,1,1,1,1,1,0,4.9908,4.9908,4.9908,4.9908,2.9084,4.5916,1178.3041,1085.4756,1118.0307,1135.1466,1166.7704,1716.1373,0,on,1
1786107056.917477,1,1,,1186.0000,1095.0000,1135.0000,1157.0000,1156.0000,1764.0000,142.325,160.563,152.507,148.165,87.281,6.865,1181,1086,1119,1136,1177,1716,0,0,0,0,0,19,1,1,1,1,1,1,4.9908,4.9908,4.9908,4.9908,2.9084,4.5916,1178.3041,1085.4756,1118.0307,1135.1466,1166.7704,1716.1373,0,on,1
1786107056.949441,1,1,,1177.0000,1088.0000,1131.0000,1149.0000,1168.0000,1747.0000,144.049,161.941,153.329,149.675,83.167,10.702,1181,1086,1119,1136,1177,1716,0,0,0,0,0,20,1,1,1,1,1,1,4.9908,4.9908,4.9908,4.9908,2.9084,4.5916,1178.3041,1085.4756,1118.0307,1135.1466,1166.7704,1724.6715,1,on,1
1786107056.985423,1,1,,1202.0000,1111.0000,1156.0000,1187.0000,1166.0000,1753.0000,139.228,157.442,148.383,142.215,84.043,9.248,1181,1086,1119,1136,1177,1716,0,0,0,0,0,31,1,1,1,1,1,0,4.9908,4.9908,4.9908,4.9908,2.9084,4.5916,1178.3041,1085.4756,1125.5946,1146.1410,1166.7704,1724.6715,1,on,1
1786107057.017382,1,1,,1216.0000,1125.0000,1158.0000,1189.0000,1193.0000,1728.0000,136.331,154.614,148.022,141.674,74.492,14.810,1181,1086,1119,1136,1177,1718,0,0,0,0,0,28,1,1,0,0,1,0,4.9908,4.9908,4.9908,4.9908,2.9084,4.5916,1178.3041,1093.9653,1125.5946,1146.1410,1166.7704,1724.6715,1,on,1
1786107057.049518,1,1,,1231.0000,1137.0000,1162.0000,1209.0000,1206.0000,1740.0000,133.234,152.235,147.062,137.639,70.207,12.195,1181,1086,1119,1139,1177,1720,0,0,0,27,0,29,1,0,0,0,1,0,4.9908,4.9908,4.9908,4.9908,2.9084,4.5916,1187.5180,1093.9653,1125.5946,1157.9766,1166.7704,1724.6715,1,on,1
1786107057.085546,1,1,,1242.0000,1166.0000,1183.0000,1230.0000,1207.0000,1709.0000,131.196,146.358,142.962,133.556,69.678,18.902,1181,1086,1119,1143,1177,1722,0,0,13,19,0,25,0,0,0,0,1,0,4.9908,4.9908,4.9908,4.9908,2.9084,4.5916,1187.5180,1107.8076,1137.7234,1169.9880,1173.3617,1724.6715,1,on,1
1786107057.117503,1,1,,1267.0000,1196.0000,1202.0000,1274.0000,1231.0000,1673.0000,126.103,140.347,139.099,124.690,61.558,26.728,1184,1086,1123,1148,1177,1723,17,24,37,11,0,23,0,0,0,0,1,0,4.9908,4.9908,4.9908,4.9908,2.9084,4.5916,1205.9216,1123.1491,1146.7885,1190.6889,1180.4412,1724.6715,1,on,1
1786107057.149574,1,1,,1280.0000,1230.0000,1225.0000,1305.0000,1224.0000,1666.0000,123.607,133.492,134.544,118.542,63.979,28.306,1186,1086,1135,1155,1177,1723,16,28,21,14,0,24,0,0,0,0,0,0,4.9908,4.9908,4.9908,4.9908,2.9084,4.5916,1218.7431,1145.9531,1160.1151,1217.2600,1185.9033,1716.5676,1,on,1
1786107057.185456,1,1,,1287.0000,1250.0000,1231.0000,1300.0000,1210.0000,1671.0000,122.072,129.598,133.265,119.569,68.874,27.168,1194,1097,1143,1170,1177,1724,61,72,34,33,0,0,0,0,0,0,0,1,4.9908,4.9908,4.9908,4.9908,2.9084,4.5916,1231.5140,1171.1746,1173.4530,1236.6834,1185.9033,1716.5676,1,on,1
1786107057.217129,1,1,,1296.0000,1292.0000,1269.0000,1344.0000,1213.0000,1672.0000,120.209,121.046,125.776,110.696,67.572,26.855,1204,1112,1150,1178,1177,1724,52,70,13,52,25,18,0,0,0,0,0,1,4.9908,4.9908,4.9908,4.9908,2.9084,4.5916,1242.5876,1201.1474,1192.6457,1261.7403,1190.8134,1706.0384,1,on,1
1786107057.254479,1,1,,1319.0000,1283.0000,1287.0000,1376.0000,1206.0000,1723.0000,115.606,122.958,122.061,104.217,70.028,15.766,1217,1135,1154,1199,1178,1724,63,65,41,52,32,68,0,0,0,0,0,1,4.9908,4.9908,4.9908,4.9908,2.9084,4.5916,1257.7730,1221.4962,1214.5367,1292.2788,1190.8134,1706.0384,1,on,1
1786107057.285068,1,1,,1335.0000,1351.0000,1331.0000,1378.0000,1236.0000,1721.0000,112.403,109.185,113.296,103.857,59.968,16.228,1233,1155,1166,1218,1181,1715,31,64,55,48,38,37,0,0,0,0,0,1,4.9908,4.9908,4.9908,4.9908,2.9084,4.5916,1271.9301,1253.9356,1241.6248,1311.5557,1196.2632,1706.0384,1,on,1
1786107057.317052,1,1,,1352.0000,1356.0000,1383.0000,1355.0000,1251.0000,1792.0000,108.997,108.343,102.778,108.481,54.735,0.905,1237,1177,1183,1236,1185,1709,47,57,57,39,37,0,0,0,0,0,0,1,4.9908,4.9908,4.9908,4.9908,2.9084,4.5916,1287.7736,1279.8940,1280.4113,1319.7786,1203.0850,1716.7287,1,on,1
1786107057.349460,1,1,,1436.0000,1407.0000,1403.0000,1430.0000,1281.0000,1777.0000,92.188,98.038,98.928,93.364,44.251,4.040,1248,1196,1201,1256,1189,1709,63,54,65,44,39,0,0,0,0,0,0,0,4.9908,4.9908,4.9908,4.9908,2.9084,4.5916,1326.3133,1314.5117,1314.7166,1344.5824,1215.7421,1725.0571,1,on,1
1786107057.385504,1,1,,1489.0000,1467.0000,1428.0000,1489.0000,1295.0000,1725.0000,81.614,86.048,93.784,81.627,39.462,15.439,1267,1215,1219,1271,1192,1709,73,55,65,61,39,43,0,0,0,0,0,0,4.9908,4.9908,4.9908,4.9908,2.9084,4.5916,1377.0603,1361.9441,1347.1580,1385.1384,1230.9228,1725.0571,1,on,1
1786107057.417442,1,1,,1483.0000,1493.0000,1488.0000,1575.0000,1311.0000,1716.0000,82.781,80.755,81.826,64.469,33.912,17.354,1277,1225,1233,1281,1195,1709,62,62,60,52,32,33,0,0,0,0,0,0,4.9908,4.9908,4.9908,4.9908,2.9084,4.5916,1405.9811,1400.0346,1387.3080,1445.1355,1246.0517,1725.0571,1,on,1
1786107057.449466,1,1,,1535.0000,1544.0000,1550.0000,1589.0000,1340.0000,1714.0000,72.431,70.539,69.486,61.573,23.988,17.740,1299,1241,1254,1301,1198,1718,58,60,55,41,30,37,0,0,0,0,0,0,4.9908,4.9908,4.9908,4.9908,2.9084,4.5916,1442.4364,1443.5914,1438.1016,1490.6440,1265.7625,1725.0571,1,on,1
1786107057.490318,1,1,,1551.0000,1557.0000,1545.0000,1584.0000,1334.0000,1704.0000,69.235,68.046,70.325,62.608,26.270,20.097,1322,1265,1277,1324,1202,1726,65,54,53,35,33,9,0,0,0,0,0,1,4.9908,4.9908,4.9908,4.9908,2.9084,4.5916,1474.9313,1479.3248,1471.8994,1519.4524,1280.7819,1725.0571,1,on,1
1786107057.517459,1,1,,1524.0000,1567.0000,1545.0000,1566.0000,1327.0000,1695.0000,74.715,66.098,70.464,66.280,28.490,21.936,1334,1278,1289,1334,1204,1726,68,48,54,56,36,0,0,0,0,0,0,1,4.9908,4.9908,4.9908,4.9908,2.9084,4.5916,1484.2583,1499.3939,1487.8543,1528.4324,1287.6254,1725.0571,1,on,1
1786107057.549502,1,1,,1542.0000,1565.0000,1556.0000,1591.0000,1339.0000,1699.0000,71.026,66.424,68.241,61.189,24.548,21.080,1353,1293,1306,1349,1207,1727,62,50,52,53,41,0,0,0,0,0,0,1,4.9908,4.9908,4.9908,4.9908,2.9084,4.5916,1495.3923,1514.1645,1502.8679,1540.8854,1295.8335,1725.0571,1,on,1
1786107057.590671,1,1,,1537.0000,1564.0000,1550.0000,1579.0000,1322.0000,1705.0000,72.038,66.609,69.381,63.514,30.153,19.878,1369,1308,1319,1367,1210,1727,70,63,60,35,39,0,0,0,0,0,0,1,4.9908,4.9908,4.9908,4.9908,2.9084,4.5916,1503.0038,1524.7492,1512.6027,1540.8854,1295.8335,1725.0571,1,on,1
1786107057.617477,1,1,,1551.0000,1560.0000,1556.0000,1593.0000,1328.0000,1702.0000,69.194,67.344,68.178,60.789,28.232,20.378,1385,1324,1337,1383,1214,1727,74,61,60,29,33,0,0,0,0,0,0,1,4.9908,4.9908,4.9908,4.9908,2.9084,4.5916,1503.0038,1524.7492,1512.6027,1553.6798,1302.2999,1725.0571,1,on,1
1786107057.649492,1,1,,1532.0000,1555.0000,1545.0000,1581.0000,1318.0000,1704.0000,73.018,68.390,70.460,63.203,31.509,20.026,1397,1336,1350,1394,1216,1726,62,62,56,46,30,0,0,0,0,0,0,1,4.9908,4.9908,4.9908,4.9908,2.9084,4.5916,1512.0297,1532.5937,1521.9620,1553.6798,1302.2999,1717.6381,1,on,1
1786107057.685472,1,1,,1542.0000,1545.0000,1543.0000,1590.0000,1326.0000,1698.0000,70.999,70.353,70.806,61.394,29.027,21.198,1414,1351,1368,1408,1219,1727,59,56,55,58,31,0,0,0,0,0,0,1,4.9908,4.9908,4.9908,4.9908,2.9084,4.5916,1512.0297,1532.5937,1521.9620,1553.6798,1302.2999,1717.6381,0,on,1
1786107057.717510,1,1,,1556.0000,1552.0000,1543.0000,1596.0000,1327.0000,1691.0000,68.156,69.041,70.806,60.155,28.500,22.903,1428,1368,1382,1426,1222,1727,67,57,55,44,27,0,0,0,0,0,0,1,4.9908,4.9908,4.9908,4.9908,2.9084,4.5916,1520.0118,1532.5937,1521.9620,1564.8119,1307.2251,1717.6381,1,on,1
1786107057.749138,1,1,,1530.0000,1559.0000,1542.0000,1585.0000,1315.0000,1695.0000,73.500,67.602,70.925,62.416,32.541,21.965,1445,1384,1396,1442,1225,1727,66,60,55,41,31,19,0,0,0,0,0,1,4.9908,4.9908,4.9908,4.9908,2.9084,4.5916,1520.0118,1532.5937,1521.9620,1564.8119,1307.2251,1717.6381,0,on,1
1786107057.785491,1,1,,1552.0000,1549.0000,1544.0000,1604.0000,1326.0000,1685.0000,68.982,69.615,70.620,58.648,28.981,24.056,1462,1400,1414,1458,1229,1727,64,65,53,46,29,12,0,0,0,0,0,1,4.9908,4.9908,4.9908,4.9908,2.9084,4.5916,1520.0118,1532.5937,1521.9620,1564.8119,1307.2251,1717.6381,0,on,1
1786107057.817488,1,1,,1530.0000,1552.0000,1529.0000,1597.0000,1313.0000,1709.0000,73.468,68.957,73.700,60.089,33.322,18.837,1478,1417,1428,1474,1232,1726,74,63,63,43,24,30,0,0,0,0,0,1,4.9908,4.9908,4.9908,4.9908,2.9084,4.5916,1520.0118,1532.5937,1521.9620,1573.0726,1307.2251,1717.6381,1,on,1
1786107057.849584,1,1,,1562.0000,1550.0000,1537.0000,1603.0000,1318.0000,1702.0000,66.928,69.444,72.074,58.724,31.485,20.359,1495,1434,1447,1491,1234,1720,68,59,61,40,35,19,0,0,0,0,0,1,4.9908,4.9908,4.9908,4.9908,2.9084,4.5916,1520.0118,1532.5937,1521.9620,1573.0726,1307.2251,1710.3920,1,on,1
1786107057.885518,1,1,,1539.0000,1547.0000,1534.0000,1599.0000,1307.0000,1703.0000,71.549,70.029,72.627,59.514,35.292,20.245,1509,1450,1463,1509,1236,1719,18,58,51,40,29,22,0,0,0,0,0,1,4.9908,4.9908,4.9908,4.9908,2.9084,4.5916,1528.2140,1532.5937,1521.9620,1573.0726,1307.2251,1710.3920,1,on,1
1786107057.917451,1,1,,1565.0000,1547.0000,1531.0000,1590.0000,1312.0000,1705.0000,66.317,70.101,73.174,61.433,33.612,19.843,1509,1459,1474,1517,1240,1715,23,68,54,56,29,16,0,0,0,0,0,1,4.9908,4.9908,4.9908,4.9908,2.9084,4.5916,1528.2140,1532.5937,1521.9620,1573.0726,1307.2251,1710.3920,0,on,1
1786107057.949478,1,1,,1543.0000,1546.0000,1532.0000,1584.0000,1307.0000,1709.0000,70.891,70.235,72.922,62.659,35.268,18.957,1517,1476,1490,1535,1243,1713,34,68,51,59,31,12,0,0,0,0,0,1,4.9908,4.9908,4.9908,4.9908,2.9084,4.5916,1528.2140,1532.5937,1521.9620,1573.0726,1307.2251,1710.3920,0,on,1
1786107057.985153,1,1,,1551.0000,1540.0000,1533.0000,1587.0000,1301.0000,1712.0000,69.144,71.315,72.771,61.985,37.558,18.156,1521,1494,1505,1554,1246,1712,14,59,61,40,36,0,0,0,0,0,0,1,4.9908,4.9908,4.9908,4.9908,2.9084,4.5916,1528.2140,1532.5937,1521.9620,1573.0726,1307.2251,1710.3920,0,on,1
1786107058.017156,1,1,,1545.0000,1547.0000,1540.0000,1604.0000,1301.0000,1704.0000,70.365,69.963,71.511,58.676,37.620,20.044,1523,1510,1510,1563,1250,1712,12,57,0,0,28,0,0,0,0,0,0,1,4.9908,4.9908,4.9908,4.9908,2.9084,4.5916,1528.2140,1540.2445,1521.9620,1580.8116,1307.2251,1710.3920,1,on,1
1786107058.049514,1,1,,1546.0000,1545.0000,1529.0000,1587.0000,1288.0000,1724.0000,70.213,70.404,73.549,61.948,41.979,15.716,1523,1521,1514,1565,1252,1712,0,0,16,12,27,0,0,0,0,0,0,1,4.9908,4.9908,4.9908,4.9908,2.9084,4.5916,1528.2140,1540.2445,1521.9620,1580.8116,1307.2251,1710.3920,0,on,1
1786107058.085514,1,1,,1591.0000,1553.0000,1544.0000,1584.0000,1296.0000,1719.0000,61.254,68.882,70.642,62.691,39.192,16.655,1523,1522,1517,1575,1256,1712,9,13,0,14,31,0,0,0,0,0,0,1,4.9908,4.9908,4.9908,4.9908,2.9084,4.5916,1540.8078,1540.2445,1529.9240,1580.8116,1307.2251,1710.3920,1,on,1
1786107058.117479,1,1,,1566.0000,1542.0000,1535.0000,1577.0000,1302.0000,1719.0000,66.148,71.084,72.343,64.033,37.287,16.765,1523,1524,1518,1577,1258,1712,24,8,0,0,30,0,0,0,0,0,0,1,4.9908,4.9908,4.9908,4.9908,2.9084,4.5916,1540.8078,1540.2445,1529.9240,1580.8116,1307.2251,1710.3920,0,on,1
1786107058.149499,1,1,,1576.0000,1547.0000,1538.0000,1578.0000,1296.0000,1726.0000,64.193,69.998,71.729,63.873,39.166,15.245,1527,1527,1518,1579,1261,1712,0,10,26,0,29,13,0,0,0,1,0,1,4.9908,4.9908,4.9908,4.9908,2.9084,4.5916,1540.8078,1540.2445,1529.9240,1580.8116,1307.2251,1710.3920,0,on,1
1786107058.185078,1,1,,1565.0000,1546.0000,1540.0000,1581.0000,1290.0000,1723.0000,66.433,70.199,71.507,63.215,41.403,15.746,1530,1532,1523,1579,1264,1712,29,20,16,0,33,19,0,0,0,1,0,1,4.9908,4.9908,4.9908,4.9908,2.9084,4.5916,1540.8078,1540.2445,1529.9240,1580.8116,1307.2251,1710.3920,0,on,1
1786107058.222203,1,1,,1594.0000,1544.0000,1544.0000,1589.0000,1296.0000,1724.0000,60.675,70.707,70.628,61.552,39.140,15.608,1533,1535,1525,1579,1267,1711,20,15,0,0,33,0,0,0,0,1,0,1,4.9908,4.9908,4.9908,4.9908,2.9084,4.5916,1553.0547,1540.2445,1529.9240,1580.8116,1307.2251,1710.3920,1,on,1
1786107058.249502,1,1,,1582.0000,1546.0000,1537.0000,1573.0000,1294.0000,1724.0000,62.910,70.284,72.092,64.776,39.758,15.620,1535,1535,1525,1579,1271,1710,16,0,0,0,32,0,0,0,0,1,0,1,4.9908,4.9908,4.9908,4.9908,2.9084,4.5916,1553.0547,1540.2445,1529.9240,1580.8116,1307.2251,1710.3920,0,on,1
1786107058.285507,1,1,,1590.0000,1548.0000,1538.0000,1587.0000,1294.0000,1716.0000,61.432,69.878,71.715,62.008,39.750,17.266,1536,1535,1525,1579,1274,1710,22,0,0,0,27,0,0,0,0,1,0,1,4.9908,4.9908,4.9908,4.9908,2.9084,4.5916,1553.0547,1540.2445,1529.9240,1580.8116,1307.2251,1710.3920,0,on,1
1786107058.317496,1,1,,1578.0000,1547.0000,1533.0000,1586.0000,1285.0000,1720.0000,63.860,69.949,72.780,62.227,42.966,16.524,1538,1535,1525,1579,1276,1710,16,0,0,0,27,0,0,0,0,1,0,1,4.9908,4.9908,4.9908,4.9908,2.9084,4.5916,1560.9164,1540.2445,1529.9240,1580.8116,1307.2251,1710.3920,1,on,1
1786107058.349505,1,1,,1576.0000,1544.0000,1537.0000,1587.0000,1298.0000,1716.0000,64.204,70.516,71.967,61.987,38.653,17.279,1539,1535,1525,1579,1279,1710,0,0,0,0,30,0,0,0,0,1,0,1,4.9908,4.9908,4.9908,4.9908,2.9084,4.5916,1560.9164,1540.2445,1529.9240,1580.8116,1307.2251,1710.3920,0,on,1
1786107058.385624,1,1,,1556.0000,1543.0000,1538.0000,1583.0000,1289.0000,1725.0000,68.288,70.824,71.862,62.807,41.709,15.505,1542,1535,1525,1579,1282,1710,25,0,0,0,32,0,0,0,0,1,0,1,4.9908,4.9908,4.9908,4.9908,2.9084,4.5916,1560.9164,1540.2445,1529.9240,1580.8116,1302.5021,1710.3920,1,on,1
1786107058.417450,1,1,,1572.0000,1544.0000,1533.0000,1577.0000,1297.0000,1710.0000,65.049,70.526,72.852,64.096,38.859,18.601,1547,1535,1525,1579,1286,1710,0,0,0,0,27,0,0,0,0,1,0,1,4.9908,4.9908,4.9908,4.9908,2.9084,4.5916,1560.9164,1540.2445,1529.9240,1580.8116,1302.5021,1710.3920,0,on,1
1786107058.449512,1,1,,1580.0000,1546.0000,1531.0000,1592.0000,1294.0000,1720.0000,63.455,70.305,73.263,60.944,39.777,16.395,1551,1535,1525,1579,1289,1710,26,0,0,0,25,0,0,0,0,1,0,1,4.9908,4.9908,4.9908,4.9908,2.9084,4.5916,1560.9164,1540.2445,1529.9240,1580.8116,1302.5021,1710.3920,0,on,1
1786107058.485476,1,1,,1598.0000,1553.0000,1543.0000,1598.0000,1301.0000,1729.0000,59.718,68.858,70.747,59.829,37.637,14.440,1554,1535,1525,1579,1292,1710,17,0,0,0,29,0,0,0,0,1,0,1,4.9908,4.9908,4.9908,4.9908,2.9084,4.5916,1560.9164,1540.2445,1529.9240,1580.8116,1302.5021,1710.3920,0,on,1
1786107058.517486,1,1,,1607.0000,1586.0000,1588.0000,1644.0000,1294.0000,1747.0000,57.951,62.255,61.888,50.598,39.806,10.697,1555,1535,1525,1579,1294,1710,14,0,0,0,33,0,0,0,0,1,0,1,4.9908,4.9908,4.9908,4.9908,2.9084,4.5916,1569.7568,1540.2445,1529.9240,1588.6124,1302.5021,1710.3920,1,on,1
1786107058.549485,1,1,,1660.0000,1619.0000,1623.0000,1653.0000,1298.0000,1760.0000,47.434,55.554,54.792,48.856,38.489,7.874,1556,1535,1525,1579,1297,1710,0,0,0,0,27,0,0,0,0,0,0,1,4.9908,4.9908,4.9908,4.9908,2.9084,4.5916,1584.1198,1555.3186,1550.2675,1597.3461,1302.5021,1720.6901,1,on,1
1786107058.585513,1,1,,1665.0000,1639.0000,1630.0000,1663.0000,1287.0000,1745.0000,46.453,51.492,53.357,46.819,42.387,11.055,1559,1535,1525,1581,1299,1710,44,27,37,21,19,0,0,0,0,0,0,0,4.9908,4.9908,4.9908,4.9908,2.9084,4.5916,1599.6669,1570.4487,1565.1678,1608.1108,1302.5021,1720.6901,1,on,1
1786107058.617476,1,1,,1659.0000,1649.0000,1641.0000,1682.0000,1280.0000,1752.0000,47.646,49.625,51.185,42.964,44.549,9.426,1566,1540,1535,1586,1300,1710,23,12,15,10,15,31,0,0,0,0,0,0,4.9908,4.9908,4.9908,4.9908,2.9084,4.5916,1609.7438,1584.7710,1579.0287,1620.6487,1302.5021,1720.6901,1,on,1
1786107058.649492,1,1,,1682.0000,1656.0000,1652.0000,1687.0000,1281.0000,1761.0000,42.938,48.238,49.035,42.058,44.485,7.521,1575,1546,1544,1592,1301,1710,52,47,37,10,0,27,0,0,0,0,0,0,4.9908,4.9908,4.9908,4.9908,2.9084,4.5916,1622.7371,1597.9972,1592.7145,1632.2030,1302.5021,1728.9542,1,on,1
1786107058.685462,1,1,,1686.0000,1658.0000,1657.0000,1692.0000,1278.0000,1763.0000,42.099,47.751,47.893,41.006,45.533,7.037,1590,1562,1558,1602,1301,1717,81,72,61,56,0,34,0,0,0,0,0,0,4.9908,4.9908,4.9908,4.9908,2.9084,4.5916,1634.5292,1609.1942,1605.0508,1642.9451,1297.4388,1728.9542,1,on,1
1786107058.717481,1,1,,1681.0000,1663.0000,1654.0000,1685.0000,1280.0000,1759.0000,43.187,46.691,48.610,42.355,44.520,7.906,1608,1581,1577,1615,1301,1723,76,64,60,70,18,38,0,0,0,0,1,0,4.9908,4.9908,4.9908,4.9908,2.9084,4.5916,1634.5292,1617.8993,1612.8726,1642.9451,1297.4388,1728.9542,1,on,1
1786107058.749494,1,1,,1671.0000,1658.0000,1655.0000,1692.0000,1277.0000,1759.0000,45.113,47.762,48.342,40.886,45.597,7.952,1619,1594,1590,1629,1301,1728,16,13,46,23,36,24,0,0,0,0,1,0,4.9908,4.9908,4.9908,4.9908,2.9084,4.5916,1645.4514,1617.8993,1612.8726,1655.0015,1297.4388,1737.0579,1,on,1
1786107058.785501,1,1,,1670.0000,1658.0000,1654.0000,1682.0000,1280.0000,1763.0000,45.273,47.708,48.631,42.956,44.568,7.128,1623,1598,1600,1631,1299,1729,26,13,10,14,12,0,0,0,0,0,1,0,4.9908,4.9908,4.9908,4.9908,2.9084,4.5916,1645.4514,1628.2793,1623.7233,1655.0015,1297.4388,1737.0579,1,on,1
1786107058.817436,1,1,,1672.0000,1660.0000,1648.0000,1675.0000,1276.0000,1754.0000,45.012,47.465,49.681,44.431,45.948,9.116,1628,1599,1604,1642,1298,1729,16,13,17,0,11,0,0,0,0,0,1,0,4.9908,4.9908,4.9908,4.9908,2.9084,4.5916,1645.4514,1628.2793,1623.7233,1655.0015,1297.4388,1737.0579,0,on,1
1786107058.849582,1,1,,1669.0000,1656.0000,1647.0000,1674.0000,1278.0000,1755.0000,45.483,48.085,49.926,44.540,45.280,8.929,1629,1608,1613,1644,1298,1730,16,30,36,36,0,24,0,0,0,0,1,0,4.9908,4.9908,4.9908,4.9908,2.9084,4.5916,1645.4514,1628.2793,1623.7233,1655.0015,1292.2378,1737.0579,1,on,1
1786107058.885452,1,1,,1673.0000,1655.0000,1645.0000,1669.0000,1277.0000,1752.0000,44.811,48.468,50.356,45.527,45.625,9.461,1631,1615,1617,1651,1298,1734,15,0,8,10,0,27,0,0,0,0,1,0,4.9908,4.9908,4.9908,4.9908,2.9084,4.5916,1653.6109,1636.0679,1623.7233,1655.0015,1292.2378,1737.0579,1,on,1
1786107058.917186,1,1,,1660.0000,1644.0000,1639.0000,1657.0000,1277.0000,1749.0000,47.359,50.560,51.562,47.914,45.581,10.187,1632,1619,1618,1653,1297,1735,40,54,0,0,20,26,0,0,0,0,1,0,4.9908,4.9908,4.9908,4.9908,2.9084,4.5916,1653.6109,1636.0679,1623.7233,1655.0015,1292.2378,1737.0579,0,on,1
1786107058.953610,1,1,,1673.0000,1646.0000,1647.0000,1654.0000,1283.0000,1745.0000,44.851,50.268,50.007,48.619,43.813,11.027,1639,1630,1618,1653,1295,1736,18,23,0,0,0,23,0,0,0,0,1,0,4.9908,4.9908,4.9908,4.9908,2.9084,4.5916,1653.6109,1636.0679,1623.7233,1655.0015,1292.2378,1737.0579,0,on,1
1786107058.985583,1,1,,1663.0000,1652.0000,1651.0000,1669.0000,1279.0000,1754.0000,46.783,49.071,49.092,45.526,45.158,9.019,1640,1632,1618,1652,1295,1737,34,14,0,0,26,22,0,0,0,0,1,0,4.9908,4.9908,4.9908,4.9908,2.9084,4.5916,1653.6109,1636.0679,1632.3104,1655.0015,1292.2378,1737.0579,1,on,1
1786107059.017507,1,1,,1644.0000,1654.0000,1653.0000,1670.0000,1285.0000,1743.0000,50.501,48.552,48.673,45.446,43.045,11.449,1647,1633,1618,1652,1294,1737,20,0,0,0,27,20,0,0,0,0,1,0,4.9908,4.9908,4.9908,4.9908,2.9084,4.5916,1653.6109,1636.0679,1632.3104,1655.0015,1292.2378,1737.0579,0,on,1
1786107059.049520,1,1,,1657.0000,1650.0000,1656.0000,1663.0000,1287.0000,1745.0000,48.011,49.329,48.257,46.833,42.388,10.962,1648,1633,1625,1652,1293,1737,20,0,24,0,19,21,0,0,0,0,1,0,4.9908,4.9908,4.9908,4.9908,2.9084,4.5916,1653.6109,1636.0679,1632.3104,1655.0015,1292.2378,1737.0579,0,on,1
1786107059.085484,1,1,,1677.0000,1644.0000,1652.0000,1655.0000,1287.0000,1754.0000,43.952,50.476,48.933,48.305,42.235,9.029,1650,1633,1631,1652,1293,1737,0,0,13,0,0,23,0,0,1,0,1,0,4.9908,4.9908,4.9908,4.9908,2.9084,4.5916,1653.6109,1636.0679,1632.3104,1655.0015,1292.2378,1737.0579,0,on,1
1786107059.117402,1,1,,1700.0000,1641.0000,1649.0000,1645.0000,1296.0000,1753.0000,39.271,51.271,49.551,50.361,39.192,9.294,1650,1633,1632,1652,1293,1737,0,0,0,0,0,24,0,0,1,0,1,1,4.9908,4.9908,4.9908,4.9908,2.9084,4.5916,1653.6109,1636.0679,1632.3104,1655.0015,1292.2378,1737.0579,0,on,1
1786107059.149420,1,1,,1719.0000,1624.0000,1631.0000,1631.0000,1296.0000,1736.0000,35.504,54.502,53.241,53.170,39.358,13.012,1650,1633,1632,1652,1293,1737,0,0,0,0,0,25,0,0,1,0,1,1,4.9908,4.9908,4.9908,4.9908,2.9084,4.5916,1666.9873,1636.0679,1632.3104,1655.0015,1292.2378,1737.0579,1,on,1
1786107059.185575,1,1,,1757.0000,1629.0000,1640.0000,1634.0000,1305.0000,1735.0000,27.860,53.664,51.283,52.535,36.157,13.228,1650,1633,1632,1652,1293,1738,0,0,0,0,0,0,0,0,1,0,1,1,4.9908,4.9908,4.9908,4.9908,2.9084,4.5916,1683.2656,1636.0679,1632.3104,1655.0015,1292.2378,1737.0579,1,on,1
1786107059.217387,1,1,,1753.0000,1631.0000,1644.0000,1632.0000,1307.0000,1721.0000,28.827,53.080,50.507,52.963,35.256,16.181,1650,1633,1632,1652,1293,1738,0,0,0,0,0,0,0,0,1,0,1,1,4.9908,4.9908,4.9908,4.9908,2.9084,4.5916,1695.3549,1636.0679,1632.3104,1655.0015,1292.2378,1737.0579,1,on,1
1786107059.249457,1,1,,1772.0000,1639.0000,1655.0000,1631.0000,1316.0000,1708.0000,24.877,51.547,48.379,53.089,32.174,19.187,1657,1633,1632,1652,1293,1738,54,0,0,0,0,0,0,0,1,0,1,1,4.9908,4.9908,4.9908,4.9908,2.9084,4.5916,1709.6373,1636.0679,1632.3104,1655.0015,1292.2378,1737.0579,1,on,1
1786107059.284963,1,1,,1781.0000,1635.0000,1646.0000,1629.0000,1311.0000,1707.0000,23.194,52.284,50.080,53.679,33.983,19.405,1673,1633,1632,1652,1293,1738,77,0,0,0,0,0,0,0,1,0,1,1,4.9908,4.9908,4.9908,4.9908,2.9084,4.5916,1723.6792,1636.0679,1632.3104,1655.0015,1292.2378,1737.0579,1,on,1
1786107059.317441,1,1,,1769.0000,1624.0000,1650.0000,1633.0000,1324.0000,1707.0000,25.454,54.672,49.354,52.789,29.622,19.384,1693,1633,1632,1652,1293,1738,76,0,0,0,0,0,0,0,1,0,1,1,4.9908,4.9908,4.9908,4.9908,2.9084,4.5916,1723.6792,1636.0679,1632.3104,1655.0015,1292.2378,1737.0579,0,on,1
1786107059.349422,1,1,,1778.0000,1619.0000,1642.0000,1610.0000,1316.0000,1706.0000,23.726,55.622,50.991,57.312,32.349,19.656,1706,1633,1632,1652,1293,1738,49,0,0,0,0,0,0,0,1,0,1,1,4.9908,4.9908,4.9908,4.9908,2.9084,4.5916,1737.9841,1636.0679,1632.3104,1646.4184,1297.5322,1737.0579,1,on,1
1786107059.385414,1,1,,1787.0000,1610.0000,1640.0000,1609.0000,1313.0000,1706.0000,21.943,57.475,51.330,57.624,33.494,19.522,1711,1633,1632,1652,1293,1738,36,0,0,0,0,0,0,0,1,1,0,1,4.9908,4.9908,4.9908,4.9908,2.9084,4.5916,1745.5302,1636.0679,1632.3104,1646.4184,1297.5322,1729.3302,1,on,1
1786107059.417412,1,1,,1814.0000,1625.0000,1641.0000,1617.0000,1325.0000,1715.0000,16.539,54.351,51.245,55.969,29.296,17.693,1716,1633,1632,1652,1293,1738,26,0,0,14,30,0,0,0,1,1,0,1,4.9908,4.9908,4.9908,4.9908,2.9084,4.5916,1756.4636,1636.0679,1632.3104,1646.4184,1297.5322,1729.3302,1,on,1
1786107059.449428,1,1,,1796.0000,1650.0000,1664.0000,1627.0000,1331.0000,1703.0000,20.106,49.400,46.556,53.943,27.252,20.302,1726,1633,1632,1648,1293,1738,32,0,0,14,15,0,0,0,1,1,0,1,4.9908,4.9908,4.9908,4.9908,2.9084,4.5916,1756.4636,1636.0679,1640.1402,1646.4184,1303.0449,1729.3302,1,on,1
1786107059.485442,1,1,,1756.0000,1656.0000,1672.0000,1650.0000,1330.0000,1712.0000,28.122,48.128,44.939,49.425,27.621,18.158,1737,1633,1632,1645,1295,1738,48,0,0,0,22,0,0,0,0,1,0,1,4.9908,4.9908,4.9908,4.9908,2.9084,4.5916,1756.4636,1636.0679,1640.1402,1646.4184,1303.0449,1729.3302,0,on,1
1786107059.517401,1,1,,1737.0000,1651.0000,1675.0000,1646.0000,1336.0000,1719.0000,31.894,49.081,44.426,50.080,25.443,16.830,1742,1633,1632,1645,1297,1738,46,0,0,0,24,19,0,0,0,1,0,1,4.9908,4.9908,4.9908,4.9908,2.9084,4.5916,1756.4636,1636.0679,1640.1402,1646.4184,1308.1459,1729.3302,1,on,1
1786107059.549444,1,1,,1751.0000,1664.0000,1691.0000,1662.0000,1329.0000,1739.0000,29.179,46.574,41.127,46.929,27.775,12.300,1744,1633,1632,1645,1299,1738,62,0,14,0,15,12,0,0,0,1,0,1,4.9908,4.9908,4.9908,4.9908,2.9084,4.5916,1756.4636,1636.0679,1650.1368,1646.4184,1308.1459,1729.3302,1,on,1
1786107059.585476,1,1,,1764.0000,1655.0000,1693.0000,1655.0000,1330.0000,1727.0000,26.434,48.313,40.742,48.388,27.544,14.886,1746,1633,1637,1645,1300,1738,47,0,44,0,21,31,0,0,0,1,0,1,4.9908,4.9908,4.9908,4.9908,2.9084,4.5916,1756.4636,1636.0679,1650.1368,1646.4184,1308.1459,1729.3302,0,on,1
1786107059.617424,1,1,,1750.0000,1660.0000,1688.0000,1657.0000,1321.0000,1709.0000,29.424,47.406,41.706,48.033,30.456,18.838,1749,1633,1646,1645,1302,1734,59,0,17,0,17,22,0,0,0,1,0,1,4.9908,4.9908,4.9908,4.9908,2.9084,4.5916,1756.4636,1636.0679,1658.8473,1646.4184,1308.1459,1729.3302,1,on,1
1786107059.649460,1,1,,1740.0000,1668.0000,1689.0000,1656.0000,1321.0000,1688.0000,31.260,45.849,41.640,48.099,30.701,23.487,1750,1633,1649,1645,1303,1729,36,0,0,0,12,0,0,0,0,1,0,1,4.9908,4.9908,4.9908,4.9908,2.9084,4.5916,1756.4636,1636.0679,1658.8473,1646.4184,1308.1459,1722.2696,1,on,1
1786107059.685449,1,1,,1767.0000,1669.0000,1703.0000,1656.0000,1318.0000,1725.0000,26.026,45.566,38.811,48.205,31.680,15.472,1751,1633,1650,1645,1304,1729,67,0,20,0,0,0,0,0,0,1,0,1,4.9908,4.9908,4.9908,4.9908,2.9084,4.5916,1756.4636,1644.8566,1666.7309,1646.4184,1312.6445,1722.2696,1,on,1
1786107059.717446,1,1,,1773.0000,1669.0000,1706.0000,1670.0000,1312.0000,1736.0000,24.739,45.563,38.200,45.310,33.824,12.989,1754,1633,1655,1645,1304,1729,52,32,27,0,25,0,0,0,0,1,0,1,4.9908,4.9908,4.9908,4.9908,2.9084,4.5916,1756.4636,1644.8566,1666.7309,1646.4184,1312.6445,1722.2696,0,on,1
1786107059.749036,1,1,,1789.0000,1673.0000,1705.0000,1651.0000,1306.0000,1727.0000,21.575,44.707,38.413,49.087,35.834,14.977,1757,1637,1659,1645,1305,1729,52,22,20,0,17,0,0,0,0,1,0,1,4.9908,4.9908,4.9908,4.9908,2.9084,4.5916,1756.4636,1644.8566,1674.7395,1646.4184,1312.6445,1722.2696,1,on,1
1786107059.785002,1,1,,1792.0000,1671.0000,1697.0000,1638.0000,1310.0000,1722.0000,20.958,45.192,40.032,51.825,34.275,16.021,1757,1644,1670,1645,1307,1729,14,0,12,0,12,0,0,1,0,1,0,1,4.9908,4.9908,4.9908,4.9908,2.9084,4.5916,1764.1133,1644.8566,1674.7395,1646.4184,1312.6445,1722.2696,1,on,1
1786107059.822287,1,1,,1781.0000,1671.0000,1707.0000,1650.0000,1304.0000,1730.0000,23.225,45.102,38.008,49.409,36.339,14.432,1759,1644,1674,1645,1308,1729,0,0,12,0,19,0,0,1,1,1,0,1,4.9908,4.9908,4.9908,4.9908,2.9084,4.5916,1764.1133,1644.8566,1674.7395,1646.4184,1312.6445,1722.2696,0,on,1
1786107059.854206,1,1,,1770.0000,1678.0000,1707.0000,1674.0000,1300.0000,1733.0000,25.284,43.671,37.867,44.544,37.705,13.756,1759,1644,1674,1645,1309,1729,0,0,0,0,14,16,0,1,1,1,0,1,4.9908,4.9908,4.9908,4.9908,2.9084,4.5916,1764.1133,1654.1872,1682.2871,1646.4184,1312.6445,1722.2696,1,on,1
1786107059.885168,1,1,,1773.0000,1692.0000,1720.0000,1681.0000,1296.0000,1731.0000,24.763,40.871,35.340,43.179,39.321,14.022,1759,1644,1674,1645,1311,1725,11,0,0,0,19,16,0,0,0,1,0,1,4.9908,4.9908,4.9908,4.9908,2.9084,4.5916,1764.1133,1654.1872,1682.2871,1646.4184,1312.6445,1722.2696,0,on,1
1786107059.917492,1,1,,1746.0000,1709.0000,1728.0000,1703.0000,1293.0000,1722.0000,30.121,37.538,33.655,38.787,40.265,16.044,1759,1644,1674,1645,1312,1724,42,21,0,0,0,0,0,0,0,1,1,1,4.9908,4.9908,4.9908,4.9908,2.9084,4.5916,1764.1133,1663.7320,1690.6572,1655.5028,1312.6445,1722.2696,1,on,1
1786107059.949542,1,1,,1755.0000,1721.0000,1727.0000,1702.0000,1289.0000,1715.0000,28.256,35.126,33.996,38.905,41.464,17.687,1762,1662,1691,1651,1312,1724,29,23,0,9,0,0,0,0,1,0,1,1,4.9908,4.9908,4.9908,4.9908,2.9084,4.5916,1764.1133,1671.5764,1690.6572,1655.5028,1312.6445,1722.2696,1,on,1
1786107060.066151,1,1,,1738.0000,1714.0000,1730.0000,1704.0000,1286.0000,1714.0000,31.745,36.485,33.429,38.641,42.458,17.719,1762,1665,1691,1653,1312,1724,32,16,0,0,0,0,0,0,1,0,1,1,4.9908,4.9908,4.9908,4.9908,2.9084,4.5916,1764.1133,1679.1986,1700.0347,1668.4797,1306.6979,1722.2696,1,on,1
1786107060.081060,1,1,,1732.0000,1718.0000,1728.0000,1705.0000,1285.0000,1724.0000,33.016,35.716,33.816,38.445,43.088,15.625,1762,1668,1691,1652,1312,1724,32,16,0,0,0,0,0,0,0,0,1,1,4.9908,4.9908,4.9908,4.9908,2.9084,4.5916,1764.1133,1679.1986,1700.0347,1668.4797,1306.6979,1722.2696,0,on,1
1786107060.092944,1,1,,1741.0000,1719.0000,1731.0000,1703.0000,1283.0000,1719.0000,31.216,35.481,33.185,38.655,43.805,16.764,1762,1668,1691,1652,1312,1724,36,22,0,0,0,0,0,0,0,0,1,1,4.9908,4.9908,4.9908,4.9908,2.9084,4.5916,1764.1133,1679.1986,1700.0347,1668.4797,1306.6979,1722.2696,0,on,1
1786107060.101652,1,1,,1733.0000,1725.0000,1729.0000,1705.0000,1283.0000,1718.0000,32.698,34.441,33.572,38.366,43.503,17.048,1762,1668,1691,1652,1312,1724,36,19,0,15,0,0,0,0,0,0,1,1,4.9908,4.9908,4.9908,4.9908,2.9084,4.5916,1764.1133,1686.7558,1700.0347,1668.4797,1306.6979,1722.2696,1,on,1
1786107060.116989,1,1,,1724.0000,1722.0000,1723.0000,1711.0000,1284.0000,1713.0000,34.565,34.930,34.762,37.107,43.416,18.041,1762,1670,1691,1653,1312,1724,39,26,0,23,0,0,0,0,0,0,1,1,4.9908,4.9908,4.9908,4.9908,2.9084,4.5916,1764.1133,1686.7558,1700.0347,1677.9900,1306.6979,1722.2696,1,on,1
1786107060.148971,1,1,,1723.0000,1733.0000,1727.0000,1711.0000,1286.0000,1715.0000,34.821,32.707,33.991,37.156,42.478,17.644,1763,1678,1693,1658,1312,1724,41,39,20,0,14,0,0,0,0,0,1,1,4.9908,4.9908,4.9908,4.9908,2.9084,4.5916,1752.4705,1697.4794,1708.0221,1677.9900,1301.3556,1722.2696,1,on,1
1786107060.188383,1,1,,1730.0000,1731.0000,1730.0000,1711.0000,1287.0000,1714.0000,33.342,33.050,33.425,37.094,42.437,17.847,1763,1686,1697,1661,1312,1724,0,48,18,13,41,0,1,0,0,0,1,1,4.9908,4.9908,4.9908,4.9908,2.9084,4.5916,1752.4705,1697.4794,1708.0221,1686.7122,1301.3556,1722.2696,1,on,1
1786107060.219180,1,1,,1730.0000,1722.0000,1723.0000,1708.0000,1286.0000,1715.0000,33.331,34.903,34.770,37.687,42.648,17.662,1763,1696,1703,1663,1307,1724,36,23,24,41,39,0,1,0,0,0,1,1,4.9908,4.9908,4.9908,4.9908,2.9084,4.5916,1752.4705,1697.4794,1708.0221,1686.7122,1301.3556,1722.2696,0,on,1
1786107060.251192,1,1,,1739.0000,1720.0000,1724.0000,1716.0000,1287.0000,1718.0000,31.580,35.316,34.629,36.248,42.403,16.831,1763,1699,1709,1669,1306,1724,76,0,12,20,30,0,1,1,1,0,1,1,4.9908,4.9908,4.9908,4.9908,2.9084,4.5916,1752.4705,1705.8323,1708.0221,1686.7122,1301.3556,1722.2696,1,on,1
1786107060.285419,1,1,,1733.0000,1714.0000,1722.0000,1703.0000,1291.0000,1701.0000,32.696,36.511,34.993,38.804,41.026,20.561,1763,1699,1709,1669,1306,1724,76,0,12,20,30,0,1,1,1,0,1,1,4.9908,4.9908,4.9908,4.9908,2.9084,4.5916,1752.4705,1705.8323,1708.0221,1686.7122,1301.3556,1722.2696,0,on,1
1786107060.317443,1,1,,1727.0000,1704.0000,1724.0000,1708.0000,1295.0000,1707.0000,33.905,38.535,34.638,37.803,39.397,19.255,1760,1699,1710,1679,1305,1724,46,0,0,19,28,0,1,0,1,0,1,1,4.9908,4.9908,4.9908,4.9908,2.9084,4.5916,1752.4705,1705.8323,1708.0221,1686.7122,1301.3556,1722.2696,0,on,1
1786107060.349422,1,1,,1731.0000,1714.0000,1726.0000,1716.0000,1291.0000,1715.0000,33.078,36.576,34.107,36.070,40.941,17.568,1759,1699,1710,1685,1303,1724,47,0,0,0,24,0,1,0,1,0,1,1,4.9908,4.9908,4.9908,4.9908,2.9084,4.5916,1744.6087,1705.8323,1708.0221,1694.7104,1301.3556,1722.2696,1,on,1
1786107060.385467,1,1,,1746.0000,1698.0000,1719.0000,1712.0000,1296.0000,1717.0000,30.070,39.803,35.541,37.000,39.255,17.106,1757,1699,1710,1685,1302,1724,60,19,0,0,19,0,1,0,1,0,1,1,4.9908,4.9908,4.9908,4.9908,2.9084,4.5916,1744.6087,1705.8323,1708.0221,1694.7104,1301.3556,1722.2696,0,on,1
1786107060.417410,1,1,,1752.0000,1682.0000,1708.0000,1693.0000,1300.0000,1724.0000,28.898,43.027,37.787,40.839,37.940,15.568,1756,1702,1710,1687,1302,1724,80,15,0,11,0,0,1,0,1,0,1,1,4.9908,4.9908,4.9908,4.9908,2.9084,4.5916,1744.6087,1705.8323,1708.0221,1694.7104,1301.3556,1722.2696,0,on,1
1786107060.449413,1,1,,1757.0000,1655.0000,1680.0000,1675.0000,1299.0000,1725.0000,27.909,48.396,43.365,44.380,38.234,15.332,1748,1704,1710,1690,1302,1724,65,13,0,0,0,0,1,0,1,0,1,1,4.9908,4.9908,4.9908,4.9908,2.9084,4.5916,1744.6087,1705.8323,1708.0221,1694.7104,1301.3556,1722.2696,0,on,1
1786107060.485413,1,1,,1691.0000,1542.0000,1584.0000,1618.0000,1312.0000,1710.0000,41.179,70.946,62.503,55.846,33.738,18.701,1746,1707,1710,1690,1302,1724,0,0,0,0,0,0,1,1,1,0,1,1,4.9908,4.9908,4.9908,4.9908,2.9084,4.5916,1744.6087,1664.1254,1688.3167,1686.1320,1301.3556,1722.2696,1,on,1
1786107060.517363,1,1,,1557.0000,1491.0000,1525.0000,1581.0000,1334.0000,1700.0000,68.002,81.310,74.428,63.198,25.971,20.870,1746,1707,1710,1691,1302,1724,0,0,0,0,0,0,1,1,1,1,1,1,4.9908,4.9908,4.9908,4.9908,2.9084,4.5916,1698.1827,1615.1205,1646.4038,1667.3157,1301.3556,1722.2696,1,on,1
1786107060.549438,1,1,,1536.0000,1475.0000,1500.0000,1556.0000,1326.0000,1707.0000,72.150,84.438,79.490,68.123,28.941,19.443,1746,1702,1710,1691,1302,1724,0,93,17,0,0,0,1,1,1,1,1,1,4.9908,4.9908,4.9908,4.9908,2.9084,4.5916,1651.8323,1573.6465,1604.4487,1642.8463,1301.3556,1722.2696,1,on,1
1786107060.584937,1,1,,1514.0000,1470.0000,1492.0000,1556.0000,1334.0000,1709.0000,76.534,85.419,81.046,68.282,26.231,18.843,1746,1681,1701,1691,1302,1724,104,101,84,80,0,0,1,1,1,1,1,1,4.9908,4.9908,4.9908,4.9908,2.9084,4.5916,1609.4860,1543.7853,1571.9336,1622.8715,1301.3556,1722.2696,1,on,1
1786107060.622316,1,1,,1486.0000,1443.0000,1467.0000,1559.0000,1322.0000,1711.0000,82.178,90.803,86.071,67.537,30.311,18.537,1728,1654,1681,1667,1302,1724,122,92,92,55,0,0,1,1,1,1,1,1,4.9908,4.9908,4.9908,4.9908,2.9084,4.5916,1572.0905,1516.0976,1542.6980,1609.4891,1306.6103,1722.2696,1,on,1
1786107060.649384,1,1,,1481.0000,1464.0000,1482.0000,1559.0000,1322.0000,1706.0000,83.226,86.662,83.006,67.508,30.139,19.600,1712,1637,1662,1650,1302,1724,116,82,76,56,0,0,1,1,1,1,0,1,4.9908,4.9908,4.9908,4.9908,2.9084,4.5916,1550.7210,1506.2546,1530.6717,1601.7190,1306.6103,1722.2696,1,on,1
1786107060.684959,1,1,,1492.0000,1455.0000,1483.0000,1557.0000,1325.0000,1709.0000,80.956,88.425,82.742,67.945,29.253,18.968,1690,1616,1641,1629,1302,1724,108,90,85,66,25,0,1,1,1,1,0,1,4.9908,4.9908,4.9908,4.9908,2.9084,4.5916,1536.9957,1496.2372,1521.2161,1601.7190,1306.6103,1722.2696,1,on,1
1786107060.717396,1,1,,1504.0000,1455.0000,1493.0000,1556.0000,1329.0000,1708.0000,78.630,88.381,80.927,68.245,27.980,19.212,1661,1595,1619,1610,1304,1724,104,98,81,12,25,0,1,1,1,1,0,1,4.9908,4.9908,4.9908,4.9908,2.9084,4.5916,1536.9957,1496.2372,1521.2161,1589.1031,1306.6103,1722.2696,1,on,1
1786107060.749417,1,1,,1518.0000,1471.0000,1500.0000,1548.0000,1332.0000,1706.0000,75.783,85.229,79.489,69.718,26.825,19.523,1636,1575,1598,1609,1306,1724,80,84,81,22,12,0,1,1,1,1,1,1,4.9908,4.9908,4.9908,4.9908,2.9084,4.5916,1536.9957,1487.6143,1521.2161,1589.1031,1311.4884,1722.2696,1,on,1
1786107060.790413,1,1,,1532.0000,1463.0000,1501.0000,1546.0000,1328.0000,1708.0000,73.059,86.795,79.280,70.112,28.342,19.144,1617,1556,1579,1603,1306,1724,90,75,79,15,0,0,1,1,1,1,0,1,4.9908,4.9908,4.9908,4.9908,2.9084,4.5916,1536.9957,1487.6143,1521.2161,1578.5645,1311.4884,1722.2696,1,on,1
1786107060.822292,1,1,,1510.0000,1471.0000,1506.0000,1560.0000,1329.0000,1701.0000,77.359,85.189,78.276,67.353,27.687,20.640,1597,1539,1560,1601,1306,1724,79,78,79,58,0,0,1,1,1,1,0,1,4.9908,4.9908,4.9908,4.9908,2.9084,4.5916,1528.6663,1487.6143,1513.4759,1578.5645,1311.4884,1715.1594,1,on,1
1786107060.849414,1,1,,1513.0000,1473.0000,1491.0000,1552.0000,1333.0000,1704.0000,76.825,84.800,81.267,68.958,26.595,20.078,1586,1527,1548,1593,1306,1724,90,75,76,25,0,0,1,1,1,1,0,1,4.9908,4.9908,4.9908,4.9908,2.9084,4.5916,1528.6663,1487.6143,1513.4759,1578.5645,1311.4884,1715.1594,0,on,1
1786107060.885520,1,1,,1518.0000,1485.0000,1512.0000,1553.0000,1322.0000,1700.0000,75.811,82.359,77.095,68.870,30.238,20.933,1567,1510,1530,1588,1306,1724,81,80,66,15,0,0,1,1,1,1,0,1,4.9908,4.9908,4.9908,4.9908,2.9084,4.5916,1528.6663,1487.6143,1513.4759,1578.5645,1311.4884,1715.1594,0,on,1
1786107060.917458,1,1,,1525.0000,1471.0000,1501.0000,1552.0000,1329.0000,1701.0000,74.359,85.162,79.293,69.076,27.707,20.567,1550,1496,1522,1582,1306,1724,84,0,0,16,0,21,1,1,1,1,0,1,4.9908,4.9908,4.9908,4.9908,2.9084,4.5916,1528.6663,1487.6143,1513.4759,1578.5645,1311.4884,1715.1594,0,on,1
1786107060.949196,1,1,,1528.0000,1469.0000,1499.0000,1552.0000,1331.0000,1702.0000,73.774,85.570,79.707,69.039,27.067,20.395,1536,1493,1518,1581,1306,1722,0,30,24,0,0,22,1,1,1,1,0,1,4.9908,4.9908,4.9908,4.9908,2.9084,4.5916,1528.6663,1487.6143,1513.4759,1570.0010,1316.5922,1715.1594,1,on,1
1786107060.985482,1,1,,1521.0000,1472.0000,1504.0000,1560.0000,1327.0000,1704.0000,75.269,85.000,78.528,67.374,28.533,20.096,1535,1491,1515,1581,1306,1719,37,26,16,0,30,15,1,1,1,1,0,1,4.9908,4.9908,4.9908,4.9908,2.9084,4.5916,1528.6663,1487.6143,1513.4759,1570.0010,1316.5922,1715.1594,0,on,1
1786107061.017613,1,1,,1504.0000,1472.0000,1499.0000,1562.0000,1328.0000,1705.0000,78.694,84.941,79.582,67.074,28.041,19.869,1533,1489,1514,1581,1309,1718,19,18,0,0,23,0,1,1,1,1,0,1,4.9908,4.9908,4.9908,4.9908,2.9084,4.5916,1528.6663,1487.6143,1513.4759,1570.0010,1316.5922,1715.1594,0,on,1
1786107061.049603,1,1,,1516.0000,1477.0000,1510.0000,1564.0000,1332.0000,1696.0000,76.174,83.966,77.465,66.696,26.812,21.831,1531,1488,1514,1581,1312,1718,21,17,0,0,0,0,1,1,1,1,0,1,4.9908,4.9908,4.9908,4.9908,2.9084,4.5916,1528.6663,1487.6143,1513.4759,1570.0010,1316.5922,1715.1594,0,on,1
1786107061.085642,1,1,,1531.0000,1480.0000,1507.0000,1568.0000,1332.0000,1699.0000,73.160,83.415,78.035,65.750,26.723,21.090,1530,1488,1514,1581,1312,1718,0,0,0,0,11,0,1,1,1,1,0,1,4.9908,4.9908,4.9908,4.9908,2.9084,4.5916,1528.6663,1487.6143,1513.4759,1570.0010,1316.5922,1715.1594,0,on,1
1786107061.117590,1,1,,1516.0000,1465.0000,1496.0000,1562.0000,1327.0000,1701.0000,76.259,86.402,80.174,66.962,28.541,20.562,1530,1488,1514,1581,1314,1718,0,0,0,0,15,0,1,1,1,1,0,1,4.9908,4.9908,4.9908,4.9908,2.9084,4.5916,1528.6663,1487.6143,1513.4759,1570.0010,1316.5922,1715.1594,0,on,1
1786107061.149643,1,1,,1499.0000,1466.0000,1499.0000,1563.0000,1326.0000,1702.0000,79.538,86.308,79.564,66.856,28.959,20.409,1530,1488,1514,1581,1315,1718,0,0,0,0,13,0,1,1,1,1,0,1,4.9908,4.9908,4.9908,4.9908,2.9084,4.5916,1528.6663,1479.8419,1513.4759,1570.0010,1316.5922,1715.1594,1,on,1
1786107061.190204,1,1,,1513.0000,1466.0000,1499.0000,1562.0000,1326.0000,1705.0000,76.873,86.204,79.645,67.008,28.733,19.775,1530,1487,1514,1581,1316,1718,0,43,0,8,0,0,1,1,1,1,1,1,4.9908,4.9908,4.9908,4.9908,2.9084,4.5916,1528.6663,1479.8419,1513.4759,1570.0010,1316.5922,1715.1594,0,on,1
1786107061.222237,1,1,,1502.0000,1468.0000,1502.0000,1569.0000,1326.0000,1699.0000,79.023,85.830,78.968,65.696,28.786,21.186,1530,1480,1514,1581,1316,1718,12,28,0,9,0,0,1,1,1,1,1,1,4.9908,4.9908,4.9908,4.9908,2.9084,4.5916,1528.6663,1479.8419,1513.4759,1570.0010,1316.5922,1715.1594,0,on,1
1786107061.254269,1,1,,1510.0000,1466.0000,1493.0000,1564.0000,1327.0000,1695.0000,77.425,86.333,80.801,66.688,28.591,21.932,1530,1479,1514,1581,1316,1718,30,0,0,9,0,0,1,1,1,1,1,1,4.9908,4.9908,4.9908,4.9908,2.9084,4.5916,1528.6663,1479.8419,1513.4759,1570.0010,1316.5922,1715.1594,0,on,1
1786107061.285420,1,1,,1508.0000,1467.0000,1495.0000,1566.0000,1325.0000,1699.0000,77.782,85.945,80.468,66.270,29.376,21.111,1529,1479,1514,1581,1316,1718,26,0,0,10,0,0,1,1,1,1,1,1,4.9908,4.9908,4.9908,4.9908,2.9084,4.5916,1520.7308,1479.8419,1513.4759,1570.0010,1316.5922,1715.1594,1,on,1
1786107061.317399,1,1,,1515.0000,1464.0000,1494.0000,1562.0000,1328.0000,1696.0000,76.488,86.600,80.643,67.039,28.198,21.758,1527,1479,1514,1579,1316,1718,27,0,9,33,0,0,1,1,1,1,1,1,4.9908,4.9908,4.9908,4.9908,2.9084,4.5916,1520.7308,1479.8419,1513.4759,1570.0010,1316.5922,1707.8926,1,on,1
1786107061.349425,1,1,,1511.0000,1475.0000,1504.0000,1566.0000,1322.0000,1704.0000,77.269,84.525,78.604,66.266,30.150,20.013,1524,1479,1514,1576,1316,1718,28,0,18,22,0,0,1,1,1,1,1,1,4.9908,4.9908,4.9908,4.9908,2.9084,4.5916,1520.7308,1479.8419,1513.4759,1570.0010,1316.5922,1707.8926,0,on,1
1786107061.385383,1,1,,1519.0000,1471.0000,1505.0000,1566.0000,1328.0000,1695.0000,75.706,85.151,78.456,66.300,28.258,21.904,1521,1479,1512,1575,1316,1718,23,0,0,8,0,32,1,1,1,1,1,1,4.9908,4.9908,4.9908,4.9908,2.9084,4.5916,1520.7308,1479.8419,1513.4759,1570.0010,1316.5922,1707.8926,0,on,1
1786107061.417371,1,1,,1527.0000,1470.0000,1510.0000,1562.0000,1327.0000,1705.0000,73.955,85.391,77.347,66.927,28.555,19.794,1520,1479,1512,1574,1316,1712,19,0,0,14,0,21,1,1,1,1,1,1,4.9908,4.9908,4.9908,4.9908,2.9084,4.5916,1520.7308,1479.8419,1513.4759,1570.0010,1321.0019,1707.8926,1,on,1
1786107061.449405,1,1,,1515.0000,1470.0000,1506.0000,1565.0000,1328.0000,1697.0000,76.464,85.342,78.292,66.378,28.174,21.475,1519,1479,1512,1569,1316,1708,0,8,0,12,0,0,1,1,1,1,0,1,4.9908,4.9908,4.9908,4.9908,2.9084,4.5916,1520.7308,1479.8419,1513.4759,1570.0010,1321.0019,1707.8926,0,on,1
1786107061.484940,1,1,,1517.0000,1466.0000,1506.0000,1566.0000,1325.0000,1700.0000,76.029,86.193,78.178,66.113,29.231,20.781,1519,1478,1512,1569,1316,1708,0,0,0,0,0,0,1,1,1,1,0,1,4.9908,4.9908,4.9908,4.9908,2.9084,4.5916,1520.7308,1479.8419,1513.4759,1570.0010,1321.0019,1707.8926,0,on,1
1786107061.517415,1,1,,1506.0000,1466.0000,1509.0000,1574.0000,1325.0000,1708.0000,78.252,86.215,77.599,64.629,29.146,19.188,1519,1478,1512,1569,1316,1708,0,0,0,0,0,0,1,1,1,1,0,1,4.9908,4.9908,4.9908,4.9908,2.9084,4.5916,1520.7308,1479.8419,1513.4759,1570.0010,1321.0019,1707.8926,0,on,1
1786107061.549390,1,1,,1503.0000,1463.0000,1499.0000,1580.0000,1324.0000,1706.0000,78.823,86.795,79.574,63.345,29.489,19.556,1519,1478,1512,1569,1316,1708,8,0,0,0,0,0,1,1,1,1,0,1,4.9908,4.9908,4.9908,4.9908,2.9084,4.5916,1520.7308,1479.8419,1513.4759,1570.0010,1321.0019,1707.8926,0,on,1
1786107061.585546,1,1,,1480.0000,1463.0000,1494.0000,1587.0000,1319.0000,1705.0000,83.413,86.928,80.575,62.095,31.426,19.767,1519,1478,1512,1569,1316,1708,9,0,0,0,0,0,1,1,1,1,0,1,4.9908,4.9908,4.9908,4.9908,2.9084,4.5916,1520.7308,1479.8419,1513.4759,1570.0010,1321.0019,1707.8926,0,on,1
1786107061.617002,1,1,,1503.0000,1462.0000,1495.0000,1579.0000,1321.0000,1703.0000,78.807,87.021,80.452,63.512,30.753,20.164,1519,1478,1512,1569,1316,1708,10,0,0,0,0,0,1,1,1,1,0,1,4.9908,4.9908,4.9908,4.9908,2.9084,4.5916,1520.7308,1479.8419,1505.6446,1570.0010,1321.0019,1707.8926,1,on,1
1786107061.649412,1,1,,1505.0000,1467.0000,1493.0000,1584.0000,1323.0000,1692.0000,78.376,86.094,80.755,62.594,30.034,22.671,1519,1478,1512,1569,1316,1708,0,0,0,0,19,0,1,1,1,1,0,1,4.9908,4.9908,4.9908,4.9908,2.9084,4.5916,1520.7308,1479.8419,1505.6446,1570.0010,1321.0019,1707.8926,0,on,1
1786107061.685487,1,1,,1519.0000,1448.0000,1493.0000,1566.0000,1318.0000,1705.0000,75.646,89.791,80.738,66.283,31.514,19.707,1519,1478,1511,1569,1317,1708,0,0,27,0,0,0,1,1,1,1,0,1,4.9908,4.9908,4.9908,4.9908,2.9084,4.5916,1520.7308,1472.0388,1505.6446,1570.0010,1321.0019,1707.8926,1,on,1
1786107061.717527,1,1,,1495.0000,1458.0000,1491.0000,1575.0000,1317.0000,1717.0000,80.355,87.938,81.215,64.423,31.936,17.066,1519,1478,1505,1569,1317,1708,0,0,15,0,24,0,1,1,1,1,0,1,4.9908,4.9908,4.9908,4.9908,2.9084,4.5916,1520.7308,1472.0388,1505.6446,1570.0010,1321.0019,1707.8926,0,on,1
1786107061.749232,1,1,,1489.0000,1466.0000,1489.0000,1575.0000,1326.0000,1699.0000,81.606,86.171,81.681,64.478,28.779,21.141,1519,1478,1505,1569,1318,1708,0,0,16,0,21,0,1,1,1,1,0,1,4.9908,4.9908,4.9908,4.9908,2.9084,4.5916,1512.0607,1472.0388,1505.6446,1570.0010,1321.0019,1707.8926,1,on,1
1786107061.785506,1,1,,1497.0000,1456.0000,1486.0000,1561.0000,1322.0000,1711.0000,80.123,88.238,82.255,67.237,30.263,18.444,1519,1477,1504,1569,1320,1708,27,31,0,0,13,0,1,1,1,1,0,1,4.9908,4.9908,4.9908,4.9908,2.9084,4.5916,1512.0607,1472.0388,1505.6446,1570.0010,1321.0019,1707.8926,0,on,1
1786107061.817413,1,1,,1502.0000,1470.0000,1492.0000,1565.0000,1330.0000,1696.0000,79.077,85.460,80.967,66.480,27.366,21.663,1517,1475,1504,1569,1320,1708,34,27,0,0,0,0,1,1,1,1,0,1,4.9908,4.9908,4.9908,4.9908,2.9084,4.5916,1512.0607,1472.0388,1505.6446,1570.0010,1321.0019,1707.8926,0,on,1
1786107061.849454,1,1,,1520.0000,1455.0000,1491.0000,1551.0000,1324.0000,1703.0000,75.405,88.470,81.303,69.173,29.657,20.182,1513,1474,1504,1569,1320,1708,0,22,0,0,0,0,1,1,1,1,0,1,4.9908,4.9908,4.9908,4.9908,2.9084,4.5916,1512.0607,1472.0388,1505.6446,1570.0010,1321.0019,1707.8926,0,on,1
1786107061.885452,1,1,,1508.0000,1464.0000,1497.0000,1573.0000,1325.0000,1702.0000,77.739,86.601,79.963,64.762,29.172,20.503,1512,1473,1504,1569,1320,1708,0,19,0,0,0,0,1,1,1,1,0,1,4.9908,4.9908,4.9908,4.9908,2.9084,4.5916,1512.0607,1472.0388,1505.6446,1570.0010,1321.0019,1707.8926,0,on,1
1786107061.917541,1,1,,1507.0000,1450.0000,1489.0000,1547.0000,1326.0000,1698.0000,78.017,89.495,81.629,70.006,28.767,21.293,1512,1473,1504,1569,1320,1708,0,20,0,0,0,0,1,1,1,1,0,1,4.9908,4.9908,4.9908,4.9908,2.9084,4.5916,1512.0607,1472.0388,1505.6446,1570.0010,1321.0019,1707.8926,0,on,1
1786107061.949501,1,1,,1501.0000,1460.0000,1492.0000,1562.0000,1325.0000,1705.0000,79.312,87.492,81.010,66.985,29.090,19.801,1512,1473,1504,1569,1320,1708,0,18,0,0,0,0,1,1,1,1,0,1,4.9908,4.9908,4.9908,4.9908,2.9084,4.5916,1512.0607,1472.0388,1505.6446,1570.0010,1321.0019,1707.8926,0,on,1
1786107061.985478,1,1,,1485.0000,1455.0000,1487.0000,1561.0000,1322.0000,1704.0000,82.495,88.399,82.041,67.282,30.304,19.904,1512,1473,1504,1569,1320,1708,9,18,0,0,0,0,1,1,1,1,0,1,4.9908,4.9908,4.9908,4.9908,2.9084,4.5916,1512.0607,1472.0388,1505.6446,1570.0010,1321.0019,1707.8926,0,on,1
1786107062.017164,1,1,,1479.0000,1457.0000,1490.0000,1555.0000,1320.0000,1708.0000,83.651,88.076,81.366,68.497,31.010,19.133,1512,1473,1504,1569,1320,1708,22,18,0,0,0,0,1,1,1,1,0,1,4.9908,4.9908,4.9908,4.9908,2.9084,4.5916,1512.0607,1472.0388,1505.6446,1570.0010,1321.0019,1707.8926,0,on,1
1786107062.054496,1,1,,1500.0000,1466.0000,1496.0000,1567.0000,1322.0000,1698.0000,79.506,86.295,80.327,66.032,30.089,21.285,1512,1473,1504,1569,1320,1708,20,0,0,0,0,0,1,1,1,1,0,1,4.9908,4.9908,4.9908,4.9908,2.9084,4.5916,1512.0607,1472.0388,1505.6446,1570.0010,1321.0019,1707.8926,0,on,1
1786107062.085459,1,1,,1490.0000,1460.0000,1497.0000,1561.0000,1314.0000,1709.0000,81.487,87.450,80.062,67.192,32.916,18.914,1511,1473,1504,1569,1320,1708,0,0,0,0,0,0,1,1,1,1,0,1,4.9908,4.9908,4.9908,4.9908,2.9084,4.5916,1512.0607,1472.0388,1505.6446,1570.0010,1321.0019,1707.8926,0,on,1
1786107062.117138,1,1,,1488.0000,1474.0000,1488.0000,1559.0000,1310.0000,1705.0000,81.909,84.541,81.887,67.659,34.392,19.727,1510,1473,1504,1569,1320,1708,0,0,0,0,0,0,1,1,1,1,0,1,4.9908,4.9908,4.9908,4.9908,2.9084,4.5916,1512.0607,1472.0388,1505.6446,1570.0010,1321.0019,1707.8926,0,on,1
1786107062.149029,1,1,,1497.0000,1476.0000,1492.0000,1560.0000,1311.0000,1700.0000,80.034,84.148,80.945,67.433,34.032,20.816,1510,1473,1504,1569,1320,1708,0,0,0,0,0,0,1,1,1,1,0,1,4.9908,4.9908,4.9908,4.9908,2.9084,4.5916,1504.2409,1472.0388,1505.6446,1570.0010,1321.0019,1707.8926,1,on,1
1786107062.185420,1,1,,1489.0000,1482.0000,1498.0000,1556.0000,1305.0000,1704.0000,81.667,82.959,79.770,68.270,35.958,19.936,1510,1473,1504,1569,1320,1708,9,0,0,0,0,0,1,1,1,1,0,1,4.9908,4.9908,4.9908,4.9908,2.9084,4.5916,1504.2409,1472.0388,1505.6446,1570.0010,1321.0019,1707.8926,0,on,1
1786107062.217438,1,1,,1476.0000,1476.0000,1500.0000,1574.0000,1312.0000,1693.0000,84.161,84.310,79.400,64.639,33.723,22.297,1509,1473,1504,1569,1320,1708,32,0,0,0,0,0,1,1,1,1,0,1,4.9908,4.9908,4.9908,4.9908,2.9084,4.5916,1504.2409,1472.0388,1505.6446,1570.0010,1321.0019,1707.8926,0,on,1
1786107062.249010,1,1,,1477.0000,1463.0000,1479.0000,1562.0000,1314.0000,1715.0000,84.034,86.822,83.709,67.072,32.992,17.510,1507,1473,1504,1569,1320,1708,33,0,0,0,0,0,1,1,1,1,0,1,4.9908,4.9908,4.9908,4.9908,2.9084,4.5916,1504.2409,1472.0388,1497.8093,1570.0010,1321.0019,1707.8926,1,on,1
1786107062.285426,1,1,,1483.0000,1477.0000,1487.0000,1554.0000,1319.0000,1715.0000,82.755,83.953,81.963,68.543,31.233,17.685,1504,1473,1504,1569,1320,1708,29,0,0,0,0,0,1,1,1,1,0,1,4.9908,4.9908,4.9908,4.9908,2.9084,4.5916,1504.2409,1472.0388,1497.8093,1570.0010,1321.0019,1707.8926,0,on,1
1786107062.317421,1,1,,1502.0000,1472.0000,1492.0000,1561.0000,1324.0000,1714.0000,79.059,84.959,80.973,67.165,29.551,17.830,1503,1473,1503,1569,1320,1708,21,0,37,0,0,0,1,1,1,1,0,1,4.9908,4.9908,4.9908,4.9908,2.9084,4.5916,1504.2409,1472.0388,1497.8093,1570.0010,1321.0019,1707.8926,0,on,1
1786107062.349409,1,1,,1476.0000,1466.0000,1486.0000,1558.0000,1307.0000,1715.0000,84.151,86.223,82.139,67.781,35.254,17.496,1503,1473,1500,1569,1320,1708,23,0,11,0,0,0,1,1,1,1,0,1,4.9908,4.9908,4.9908,4.9908,2.9084,4.5916,1504.2409,1472.0388,1497.8093,1570.0010,1321.0019,1707.8926,0,on,1
1786107062.385529,1,1,,1482.0000,1481.0000,1491.0000,1561.0000,1317.0000,1714.0000,83.024,83.253,81.195,67.156,31.981,17.752,1503,1473,1499,1569,1320,1708,25,0,0,0,0,0,1,1,1,1,0,1,4.9908,4.9908,4.9908,4.9908,2.9084,4.5916,1496.5993,1472.0388,1497.8093,1570.0010,1321.0019,1707.8926,1,on,1
1786107062.417408,1,1,,1495.0000,1468.0000,1481.0000,1543.0000,1313.0000,1719.0000,80.420,85.842,83.287,70.794,33.261,16.628,1503,1473,1499,1569,1320,1708,0,0,0,0,0,0,1,1,1,1,0,1,4.9908,4.9908,4.9908,4.9908,2.9084,4.5916,1496.5993,1472.0388,1497.8093,1570.0010,1321.0019,1707.8926,0,on,1
1786107062.449014,1,1,,1476.0000,1477.0000,1492.0000,1555.0000,1314.0000,1715.0000,84.273,83.988,80.968,68.375,33.009,17.555,1503,1473,1499,1569,1320,1708,38,0,0,0,0,0,1,1,1,1,0,1,4.9908,4.9908,4.9908,4.9908,2.9084,4.5916,1496.5993,1472.0388,1497.8093,1570.0010,1321.0019,1707.8926,0,on,1
1786107062.485399,1,1,,1467.0000,1477.0000,1485.0000,1556.0000,1313.0000,1715.0000,86.045,84.000,82.499,68.179,33.500,17.543,1499,1473,1499,1569,1320,1708,37,0,10,0,0,0,1,1,1,1,0,1,4.9908,4.9908,4.9908,4.9908,2.9084,4.5916,1496.5993,1472.0388,1497.8093,1570.0010,1321.0019,1707.8926,0,on,1
1786107062.517438,1,1,,1487.0000,1474.0000,1484.0000,1542.0000,1318.0000,1715.0000,81.953,84.552,82.671,71.111,31.722,17.562,1498,1473,1497,1569,1320,1708,21,9,18,0,0,0,1,1,1,1,0,1,4.9908,4.9908,4.9908,4.9908,2.9084,4.5916,1496.5993,1472.0388,1497.8093,1562.4061,1321.0019,1707.8926,1,on,1
1786107062.549394,1,1,,1479.0000,1472.0000,1496.0000,1559.0000,1307.0000,1699.0000,83.539,85.014,80.146,67.659,35.504,21.092,1498,1473,1497,1569,1320,1708,22,21,17,0,0,0,1,1,1,1,0,1,4.9908,4.9908,4.9908,4.9908,2.9084,4.5916,1496.5993,1472.0388,1497.8093,1562.4061,1321.0019,1707.8926,0,on,1
1786107062.585414,1,1,,1469.0000,1470.0000,1487.0000,1545.0000,1307.0000,1721.0000,85.682,85.402,82.023,70.408,35.425,16.287,1498,1471,1496,1569,1320,1708,21,0,16,17,0,0,1,1,1,1,0,1,4.9908,4.9908,4.9908,4.9908,2.9084,4.5916,1496.5993,1472.0388,1497.8093,1562.4061,1321.0019,1707.8926,0,on,1
1786107062.617404,1,1,,1492.0000,1474.0000,1493.0000,1556.0000,1303.0000,1707.0000,81.129,84.547,80.754,68.146,36.661,19.304,1496,1471,1496,1565,1320,1708,20,0,15,27,0,0,1,1,1,1,0,1,4.9908,4.9908,4.9908,4.9908,2.9084,4.5916,1496.5993,1472.0388,1497.8093,1562.4061,1321.0019,1707.8926,0,on,1
1786107062.648988,1,1,,1505.0000,1461.0000,1498.0000,1553.0000,1314.0000,1714.0000,78.362,87.185,79.756,68.736,32.847,17.855,1496,1471,1496,1562,1320,1708,23,0,0,0,0,0,1,1,1,1,0,1,4.9908,4.9908,4.9908,4.9908,2.9084,4.5916,1496.5993,1472.0388,1497.8093,1562.4061,1321.0019,1707.8926,0,on,1
1786107062.685388,1,1,,1483.0000,1448.0000,1485.0000,1541.0000,1309.0000,1716.0000,82.933,89.894,82.493,71.194,34.789,17.431,1496,1471,1496,1562,1320,1708,23,0,0,0,0,0,1,1,1,1,0,1,4.9908,4.9908,4.9908,4.9908,2.9084,4.5916,1496.5993,1472.0388,1497.8093,1562.4061,1321.0019,1707.8926,0,on,1
1786107062.717397,1,1,,1506.0000,1466.0000,1481.0000,1544.0000,1307.0000,1720.0000,78.299,86.225,83.187,70.577,35.349,16.422,1496,1471,1496,1562,1320,1708,25,0,0,0,0,0,1,1,1,1,0,1,4.9908,4.9908,4.9908,4.9908,2.9084,4.5916,1496.5993,1472.0388,1497.8093,1562.4061,1316.5470,1707.8926,1,on,1
1786107062.749434,1,1,,1511.0000,1469.0000,1485.0000,1539.0000,1309.0000,1720.0000,77.174,85.720,82.505,71.554,34.599,16.593,1496,1471,1496,1562,1320,1708,26,0,0,0,0,0,1,1,1,1,1,1,4.9908,4.9908,4.9908,4.9908,2.9084,4.5916,1496.5993,1472.0388,1497.8093,1562.4061,1316.5470,1707.8926,0,on,1
1786107062.785033,1,1,,1502.0000,1462.0000,1483.0000,1540.0000,1307.0000,1719.0000,79.014,87.030,82.777,71.336,35.572,16.677,1496,1471,1496,1562,1320,1708,27,0,0,0,0,0,1,1,1,1,1,1,4.9908,4.9908,4.9908,4.9908,2.9084,4.5916,1496.5993,1472.0388,1497.8093,1562.4061,1316.5470,1707.8926,0,on,1
1786107062.817430,1,1,,1489.0000,1473.0000,1483.0000,1536.0000,1303.0000,1717.0000,81.645,84.882,82.762,72.277,36.896,17.195,1496,1471,1496,1562,1320,1708,0,0,0,9,0,0,1,1,1,1,1,1,4.9908,4.9908,4.9908,4.9908,2.9084,4.5916,1496.5993,1472.0388,1497.8093,1562.4061,1316.5470,1707.8926,0,on,1
1786107062.849022,1,1,,1486.0000,1470.0000,1482.0000,1536.0000,1300.0000,1721.0000,82.195,85.474,83.038,72.200,37.802,16.237,1496,1471,1496,1562,1320,1708,0,0,0,0,0,0,1,1,1,1,1,1,4.9908,4.9908,4.9908,4.9908,2.9084,4.5916,1496.5993,1472.0388,1497.8093,1554.0989,1316.5470,1707.8926,1,on,1
1786107062.890320,1,1,,1488.0000,1471.0000,1485.0000,1542.0000,1302.0000,1713.0000,81.836,85.220,82.518,71.044,37.250,17.987,1496,1471,1496,1562,1320,1708,0,0,0,45,0,0,1,1,1,1,1,1,4.9908,4.9908,4.9908,4.9908,2.9084,4.5916,1496.5993,1472.0388,1497.8093,1554.0989,1316.5470,1707.8926,0,on,1
1786107062.917517,1,1,,1487.0000,1469.0000,1478.0000,1529.0000,1298.0000,1721.0000,81.998,85.586,83.804,73.695,38.460,16.221,1496,1471,1496,1555,1320,1708,0,0,0,23,0,0,1,1,1,1,1,1,4.9908,4.9908,4.9908,4.9908,2.9084,4.5916,1496.5993,1472.0388,1497.8093,1554.0989,1316.5470,1707.8926,0,on,1
1786107062.949517,1,1,,1489.0000,1474.0000,1489.0000,1544.0000,1294.0000,1715.0000,81.687,84.717,81.554,70.643,40.009,17.627,1496,1471,1496,1552,1320,1708,0,0,0,0,0,0,1,1,1,1,1,1,4.9908,4.9908,4.9908,4.9908,2.9084,4.5916,1496.5993,1472.0388,1497.8093,1554.0989,1312.1436,1707.8926,1,on,1
1786107062.985179,1,1,,1495.0000,1465.0000,1479.0000,1527.0000,1289.0000,1726.0000,80.478,86.379,83.714,74.023,41.596,15.253,1496,1471,1496,1552,1320,1708,0,0,0,0,0,0,1,1,1,1,1,1,4.9908,4.9908,4.9908,4.9908,2.9084,4.5916,1496.5993,1472.0388,1497.8093,1554.0989,1312.1436,1707.8926,0,on,1
1786107063.022441,1,1,,1494.0000,1473.0000,1485.0000,1534.0000,1290.0000,1726.0000,80.573,84.839,82.412,72.711,41.102,15.152,1496,1471,1496,1553,1320,1708,0,0,0,0,42,0,1,1,1,1,1,1,4.9908,4.9908,4.9908,4.9908,2.9084,4.5916,1496.5993,1472.0388,1497.8093,1554.0989,1312.1436,1707.8926,0,on,1
1786107063.049448,1,1,,1503.0000,1473.0000,1479.0000,1541.0000,1291.0000,1715.0000,78.751,84.898,83.580,71.158,40.790,17.539,1496,1471,1496,1553,1318,1708,0,0,0,0,34,0,1,1,1,1,1,1,4.9908,4.9908,4.9908,4.9908,2.9084,4.5916,1496.5993,1472.0388,1490.2991,1554.0989,1312.1436,1707.8926,1,on,1
1786107063.085487,1,1,,1476.0000,1473.0000,1483.0000,1533.0000,1286.0000,1710.0000,84.246,84.767,82.816,72.802,42.517,18.579,1496,1471,1496,1553,1316,1708,0,0,0,0,18,0,1,1,1,1,1,1,4.9908,4.9908,4.9908,4.9908,2.9084,4.5916,1496.5993,1472.0388,1490.2991,1554.0989,1306.3732,1707.8926,1,on,1
1786107063.117484,1,1,,1497.0000,1470.0000,1492.0000,1533.0000,1291.0000,1711.0000,80.060,85.508,81.053,72.745,40.848,18.434,1496,1471,1496,1553,1316,1708,0,0,0,0,0,0,1,1,1,1,1,1,4.9908,4.9908,4.9908,4.9908,2.9084,4.5916,1496.5993,1472.0388,1490.2991,1554.0989,1306.3732,1707.8926,0,on,1
1786107063.149155,1,1,,1487.0000,1468.0000,1502.0000,1557.0000,1295.0000,1707.0000,82.086,85.889,79.061,68.106,39.407,19.296,1496,1471,1495,1553,1315,1708,0,0,28,0,45,0,1,1,1,1,1,1,4.9908,4.9908,4.9908,4.9908,2.9084,4.5916,1496.5993,1472.0388,1490.2991,1554.0989,1306.3732,1707.8926,0,on,1
1786107063.185702,1,1,,1508.0000,1459.0000,1498.0000,1541.0000,1305.0000,1725.0000,77.756,87.673,79.826,71.280,35.947,15.339,1496,1471,1494,1553,1312,1708,0,0,22,0,34,0,1,1,1,1,1,1,4.9908,4.9908,4.9908,4.9908,2.9084,4.5916,1496.5993,1472.0388,1490.2991,1554.0989,1306.3732,1707.8926,0,on,1
1786107063.217165,1,1,,1495.0000,1454.0000,1487.0000,1547.0000,1304.0000,1731.0000,80.507,88.745,82.132,69.933,36.480,14.033,1496,1471,1492,1553,1311,1708,0,0,20,0,29,0,1,1,1,1,1,1,4.9908,4.9908,4.9908,4.9908,2.9084,4.5916,1496.5993,1472.0388,1490.2991,1554.0989,1306.3732,1707.8926,0,on,1
1786107063.249463,1,1,,1516.0000,1454.0000,1481.0000,1545.0000,1319.0000,1716.0000,76.251,88.598,83.143,70.420,31.264,17.367,1495,1471,1491,1553,1310,1708,0,0,0,0,0,0,1,1,1,1,1,1,4.9908,4.9908,4.9908,4.9908,2.9084,4.5916,1496.5993,1472.0388,1490.2991,1554.0989,1306.3732,1707.8926,0,on,1
1786107063.290469,1,1,,1508.0000,1458.0000,1490.0000,1539.0000,1311.0000,1714.0000,77.773,87.804,81.427,71.610,33.946,17.808,1496,1471,1491,1553,1309,1708,0,0,0,0,31,0,1,1,1,1,1,1,4.9908,4.9908,4.9908,4.9908,2.9084,4.5916,1496.5993,1472.0388,1490.2991,1554.0989,1306.3732,1707.8926,0,on,1
1786107063.317461,1,1,,1501.0000,1464.0000,1498.0000,1564.0000,1304.0000,1722.0000,79.298,86.661,79.790,66.586,36.382,16.098,1496,1471,1491,1553,1308,1708,0,0,0,0,18,0,1,1,1,1,1,1,4.9908,4.9908,4.9908,4.9908,2.9084,4.5916,1496.5993,1472.0388,1490.2991,1554.0989,1306.3732,1707.8926,0,on,1
1786107063.349473,1,1,,1492.0000,1454.0000,1475.0000,1527.0000,1306.0000,1723.0000,81.098,88.686,84.470,74.028,35.915,15.952,1496,1471,1491,1553,1307,1708,0,0,0,0,0,0,1,1,1,1,1,1,4.9908,4.9908,4.9908,4.9908,2.9084,4.5916,1496.5993,1472.0388,1490.2991,1546.4817,1306.3732,1707.8926,1,on,1
1786107063.385509,1,1,,1512.0000,1466.0000,1487.0000,1550.0000,1309.0000,1708.0000,77.079,86.207,82.011,69.507,34.653,19.156,1496,1471,1491,1552,1307,1708,0,0,0,25,0,0,1,1,1,1,1,1,4.9908,4.9908,4.9908,4.9908,2.9084,4.5916,1496.5993,1472.0388,1490.2991,1546.4817,1306.3732,1707.8926,0,on,1
1786107063.417481,1,1,,1490.0000,1447.0000,1474.0000,1522.0000,1303.0000,1723.0000,81.435,90.130,84.607,75.018,36.697,15.951,1495,1471,1491,1550,1307,1708,0,0,0,27,0,0,1,1,1,1,1,1,4.9908,4.9908,4.9908,4.9908,2.9084,4.5916,1496.5993,1472.0388,1490.2991,1546.4817,1306.3732,1707.8926,0,on,1
1786107063.449510,1,1,,1500.0000,1464.0000,1492.0000,1555.0000,1304.0000,1712.0000,79.369,86.718,81.070,68.500,36.484,18.282,1496,1471,1491,1546,1307,1709,0,0,0,8,0,0,1,1,1,1,1,1,4.9908,4.9908,4.9908,4.9908,2.9084,4.5916,1496.5993,1472.0388,1490.2991,1546.4817,1306.3732,1707.8926,0,on,1
1786107063.485141,1,1,,1494.0000,1454.0000,1481.0000,1529.0000,1308.0000,1718.0000,80.562,88.698,83.335,73.574,35.115,17.000,1496,1471,1491,1546,1307,1708,0,0,0,0,0,0,1,1,1,1,1,1,4.9908,4.9908,4.9908,4.9908,2.9084,4.5916,1496.5993,1472.0388,1490.2991,1546.4817,1306.3732,1707.8926,0,on,1
1786107063.517219,1,1,,1503.0000,1460.0000,1494.0000,1551.0000,1310.0000,1720.0000,78.825,87.459,80.559,69.210,34.275,16.601,1496,1471,1491,1546,1307,1708,0,0,0,0,0,0,1,1,1,1,1,1,4.9908,4.9908,4.9908,4.9908,2.9084,4.5916,1496.5993,1472.0388,1490.2991,1546.4817,1306.3732,1707.8926,0,on,1
1786107063.549578,1,1,,1501.0000,1450.0000,1477.0000,1529.0000,1305.0000,1721.0000,79.319,89.465,84.012,73.715,35.969,16.220,1496,1471,1491,1546,1307,1708,0,0,0,0,0,0,1,1,1,1,1,1,4.9908,4.9908,4.9908,4.9908,2.9084,4.5916,1496.5993,1464.1898,1490.2991,1546.4817,1306.3732,1707.8926,1,on,1
1786107063.585255,1,1,,1490.0000,1467.0000,1488.0000,1555.0000,1309.0000,1713.0000,81.499,85.952,81.784,68.369,34.629,18.108,1496,1471,1491,1546,1307,1708,0,0,0,0,0,0,1,1,1,1,1,1,4.9908,4.9908,4.9908,4.9908,2.9084,4.5916,1496.5993,1464.1898,1490.2991,1546.4817,1306.3732,1707.8926,0,on,1
1786107063.622324,1,1,,1496.0000,1453.0000,1479.0000,1537.0000,1307.0000,1717.0000,80.234,88.915,83.596,72.045,35.478,17.128,1496,1470,1491,1546,1307,1708,0,27,0,0,0,0,1,1,1,1,1,1,4.9908,4.9908,4.9908,4.9908,2.9084,4.5916,1496.5993,1464.1898,1490.2991,1546.4817,1306.3732,1707.8926,0,on,1
1786107063.649392,1,1,,1479.0000,1468.0000,1491.0000,1552.0000,1307.0000,1719.0000,83.622,85.779,81.324,68.976,35.447,16.767,1496,1464,1491,1546,1307,1708,0,16,0,0,0,0,1,1,1,1,1,1,4.9908,4.9908,4.9908,4.9908,2.9084,4.5916,1496.5993,1464.1898,1490.2991,1546.4817,1306.3732,1707.8926,0,on,1
1786107063.690293,1,1,,1494.0000,1450.0000,1478.0000,1537.0000,1308.0000,1713.0000,80.725,89.448,83.924,72.105,35.234,17.990,1496,1464,1491,1546,1307,1708,0,16,0,0,0,0,1,1,1,1,1,1,4.9908,4.9908,4.9908,4.9908,2.9084,4.5916,1496.5993,1464.1898,1490.2991,1546.4817,1306.3732,1707.8926,0,on,1
1786107063.722197,1,1,,1495.0000,1457.0000,1487.0000,1545.0000,1306.0000,1718.0000,80.511,87.997,82.041,70.350,35.795,16.934,1496,1463,1491,1546,1307,1708,0,0,0,10,0,0,1,1,1,1,1,1,4.9908,4.9908,4.9908,4.9908,2.9084,4.5916,1496.5993,1464.1898,1490.2991,1546.4817,1306.3732,1707.8926,0,on,1
1786107063.749424,1,1,,1483.0000,1443.0000,1473.0000,1537.0000,1311.0000,1714.0000,82.890,90.778,84.767,72.067,34.140,17.903,1496,1464,1491,1545,1307,1708,0,0,0,0,0,0,1,1,1,1,1,1,4.9908,4.9908,4.9908,4.9908,2.9084,4.5916,1496.5993,1464.1898,1490.2991,1546.4817,1306.3732,1707.8926,0,on,1
1786107063.785401,1,1,,1501.0000,1458.0000,1488.0000,1541.0000,1306.0000,1712.0000,79.209,87.815,81.906,71.302,35.747,18.147,1496,1463,1491,1545,1307,1708,0,0,0,0,0,0,1,1,1,1,1,1,4.9908,4.9908,4.9908,4.9908,2.9084,4.5916,1496.5993,1464.1898,1490.2991,1546.4817,1306.3732,1707.8926,0,on,1
1786107063.817041,1,1,,1492.0000,1450.0000,1473.0000,1525.0000,1309.0000,1713.0000,80.933,89.544,84.844,74.417,34.882,18.030,1496,1464,1491,1545,1307,1708,0,0,0,0,0,0,1,1,1,1,1,1,4.9908,4.9908,4.9908,4.9908,2.9084,4.5916,1496.5993,1464.1898,1490.2991,1546.4817,1306.3732,1707.8926,0,on,1
1786107063.849545,1,1,,1490.0000,1458.0000,1488.0000,1540.0000,1312.0000,1712.0000,81.476,87.911,81.874,71.437,33.788,18.288,1495,1463,1491,1545,1307,1708,0,0,0,0,8,0,1,1,1,1,1,1,4.9908,4.9908,4.9908,4.9908,2.9084,4.5916,1496.5993,1464.1898,1490.2991,1546.4817,1306.3732,1707.8926,0,on,1
1786107063.885592,1,1,,1499.0000,1456.0000,1482.0000,1547.0000,1314.0000,1710.0000,79.585,88.250,82.973,70.035,33.066,18.615,1496,1463,1491,1545,1307,1708,0,0,10,0,20,0,1,1,1,1,1,1,4.9908,4.9908,4.9908,4.9908,2.9084,4.5916,1496.5993,1464.1898,1490.2991,1546.4817,1306.3732,1707.8926,0,on,1
1786107063.917496,1,1,,1476.0000,1453.0000,1481.0000,1545.0000,1306.0000,1716.0000,84.316,88.843,83.224,70.324,35.706,17.409,1496,1463,1489,1545,1306,1708,0,0,0,0,0,0,1,1,1,1,1,1,4.9908,4.9908,4.9908,4.9908,2.9084,4.5916,1496.5993,1464.1898,1490.2991,1546.4817,1306.3732,1707.8926,0,on,1
1786107063.949479,1,1,,1469.0000,1458.0000,1476.0000,1552.0000,1298.0000,1718.0000,85.733,87.808,84.167,69.051,38.572,16.833,1496,1463,1489,1545,1306,1708,0,0,0,0,0,0,1,1,1,1,1,1,4.9908,4.9908,4.9908,4.9908,2.9084,4.5916,1496.5993,1464.1898,1490.2991,1546.4817,1306.3732,1707.8926,0,on,1
1786107063.990595,1,1,,1474.0000,1459.0000,1474.0000,1540.0000,1298.0000,1716.0000,84.635,87.632,84.646,71.415,38.466,17.372,1496,1463,1489,1545,1306,1708,0,0,0,0,0,0,1,1,1,1,1,1,4.9908,4.9908,4.9908,4.9908,2.9084,4.5916,1496.5993,1464.1898,1490.2991,1546.4817,1306.3732,1707.8926,0,on,1
1786107064.017456,1,1,,1489.0000,1456.0000,1478.0000,1537.0000,1299.0000,1722.0000,81.647,88.154,83.756,72.000,38.216,16.156,1496,1463,1489,1545,1306,1708,0,0,0,0,0,0,1,1,1,1,1,1,4.9908,4.9908,4.9908,4.9908,2.9084,4.5916,1496.5993,1464.1898,1490.2991,1546.4817,1306.3732,1707.8926,0,on,1
1786107064.049483,1,1,,1477.0000,1450.0000,1470.0000,1532.0000,1294.0000,1724.0000,84.137,89.355,85.375,73.025,39.722,15.545,1496,1464,1489,1545,1306,1708,0,0,0,0,0,0,1,1,1,1,1,1,4.9908,4.9908,4.9908,4.9908,2.9084,4.5916,1496.5993,1464.1898,1490.2991,1546.4817,1306.3732,1714.8575,1,on,1
1786107064.090410,1,1,,1493.0000,1465.0000,1479.0000,1548.0000,1301.0000,1715.0000,80.924,86.502,83.657,69.712,37.394,17.647,1496,1463,1489,1545,1306,1708,0,0,0,0,21,0,1,1,1,1,1,0,4.9908,4.9908,4.9908,4.9908,2.9084,4.5916,1496.5993,1464.1898,1490.2991,1546.4817,1306.3732,1714.8575,0,on,1
1786107064.117461,1,1,,1483.0000,1448.0000,1466.0000,1517.0000,1289.0000,1727.0000,82.768,89.835,86.255,75.966,41.591,14.912,1495,1463,1489,1545,1306,1708,0,0,0,0,15,0,1,1,1,1,1,0,4.9908,4.9908,4.9908,4.9908,2.9084,4.5916,1496.5993,1464.1898,1490.2991,1546.4817,1306.3732,1714.8575,0,on,1
1786107064.149529,1,1,,1497.0000,1457.0000,1483.0000,1543.0000,1300.0000,1722.0000,80.097,88.110,82.917,70.847,37.648,16.145,1495,1463,1489,1545,1306,1709,0,0,0,0,14,0,1,1,1,1,1,0,4.9908,4.9908,4.9908,4.9908,2.9084,4.5916,1496.5993,1464.1898,1490.2991,1546.4817,1306.3732,1714.8575,0,on,1
1786107064.190357,1,1,,1487.0000,1450.0000,1471.0000,1527.0000,1296.0000,1721.0000,81.999,89.464,85.215,73.925,39.347,16.265,1496,1463,1489,1545,1306,1708,0,0,0,0,0,18,1,1,1,1,1,0,4.9908,4.9908,4.9908,4.9908,2.9084,4.5916,1496.5993,1464.1898,1490.2991,1546.4817,1306.3732,1714.8575,0,on,1
1786107064.217216,1,1,,1498.0000,1455.0000,1476.0000,1536.0000,1292.0000,1713.0000,79.789,88.358,84.281,72.271,40.582,18.082,1496,1463,1489,1545,1306,1709,0,0,0,0,0,0,1,1,1,1,1,0,4.9908,4.9908,4.9908,4.9908,2.9084,4.5916,1496.5993,1464.1898,1490.2991,1546.4817,1306.3732,1714.8575,0,on,1
1786107064.249512,1,1,,1505.0000,1447.0000,1470.0000,1533.0000,1306.0000,1715.0000,78.423,90.133,85.351,72.740,35.752,17.655,1496,1463,1489,1545,1306,1708,0,0,0,0,0,17,1,1,1,1,1,0,4.9908,4.9908,4.9908,4.9908,2.9084,4.5916,1496.5993,1464.1898,1482.4777,1546.4817,1306.3732,1714.8575,1,on,1
1786107064.285501,1,1,,1491.0000,1446.0000,1475.0000,1540.0000,1302.0000,1721.0000,81.152,90.333,84.355,71.344,37.000,16.295,1496,1463,1489,1545,1306,1710,0,0,0,0,0,25,1,1,1,1,1,0,4.9908,4.9908,4.9908,4.9908,2.9084,4.5916,1496.5993,1464.1898,1482.4777,1546.4817,1306.3732,1714.8575,0,on,1
1786107064.317504,1,1,,1492.0000,1447.0000,1480.0000,1533.0000,1303.0000,1721.0000,80.944,90.100,83.405,72.903,36.801,16.223,1496,1463,1488,1545,1306,1714,0,0,33,0,0,19,1,1,1,1,1,0,4.9908,4.9908,4.9908,4.9908,2.9084,4.5916,1496.5993,1464.1898,1482.4777,1546.4817,1306.3732,1714.8575,0,on,1
1786107064.349121,1,1,,1492.0000,1450.0000,1473.0000,1537.0000,1301.0000,1713.0000,80.949,89.460,84.916,71.950,37.494,17.958,1496,1463,1484,1545,1306,1715,0,0,28,0,0,19,1,1,1,1,1,1,4.9908,4.9908,4.9908,4.9908,2.9084,4.5916,1496.5993,1464.1898,1482.4777,1546.4817,1306.3732,1714.8575,0,on,1
1786107064.385134,1,1,,1499.0000,1444.0000,1478.0000,1531.0000,1305.0000,1718.0000,79.592,90.636,83.775,73.283,36.051,16.910,1496,1463,1481,1545,1306,1716,0,0,0,0,0,0,1,1,1,1,1,1,4.9908,4.9908,4.9908,4.9908,2.9084,4.5916,1496.5993,1464.1898,1482.4777,1546.4817,1306.3732,1714.8575,0,on,1
1786107064.417141,1,1,,1491.0000,1447.0000,1481.0000,1530.0000,1309.0000,1714.0000,81.311,90.007,83.249,73.427,34.844,17.706,1496,1464,1481,1545,1306,1716,0,0,0,0,0,0,1,1,1,1,1,1,4.9908,4.9908,4.9908,4.9908,2.9084,4.5916,1496.5993,1464.1898,1482.4777,1546.4817,1306.3732,1714.8575,0,on,1
1786107064.449467,1,1,,1490.0000,1451.0000,1484.0000,1530.0000,1307.0000,1717.0000,81.363,89.283,82.700,73.325,35.429,17.216,1496,1463,1481,1545,1306,1716,0,0,0,0,0,0,1,1,1,1,1,1,4.9908,4.9908,4.9908,4.9908,2.9084,4.5916,1496.5993,1456.5191,1482.4777,1546.4817,1306.3732,1714.8575,1,on,1
1786107064.490492,1,1,,1494.0000,1460.0000,1496.0000,1538.0000,1303.0000,1713.0000,80.570,87.478,80.157,71.768,36.661,17.964,1495,1463,1481,1545,1306,1716,0,0,0,0,0,0,1,1,1,1,1,1,4.9908,4.9908,4.9908,4.9908,2.9084,4.5916,1496.5993,1456.5191,1482.4777,1546.4817,1306.3732,1714.8575,0,on,1
1786107064.517138,1,1,,1522.0000,1454.0000,1490.0000,1536.0000,1310.0000,1727.0000,75.073,88.608,81.390,72.185,34.489,14.916,1495,1463,1481,1545,1306,1716,0,40,0,0,0,0,1,1,1,1,1,1,4.9908,4.9908,4.9908,4.9908,2.9084,4.5916,1496.5993,1456.5191,1482.4777,1546.4817,1306.3732,1714.8575,0,on,1
1786107064.549467,1,1,,1505.0000,1457.0000,1495.0000,1542.0000,1308.0000,1714.0000,78.512,87.993,80.497,71.046,35.092,17.757,1496,1459,1481,1545,1306,1716,0,38,0,0,0,0,1,1,1,1,1,1,4.9908,4.9908,4.9908,4.9908,2.9084,4.5916,1496.5993,1456.5191,1482.4777,1546.4817,1306.3732,1714.8575,0,on,1
1786107064.590384,1,1,,1529.0000,1458.0000,1494.0000,1531.0000,1309.0000,1724.0000,73.663,87.751,80.637,73.276,34.791,15.702,1495,1458,1481,1545,1306,1716,0,17,0,0,0,0,1,1,1,1,1,1,4.9908,4.9908,4.9908,4.9908,2.9084,4.5916,1496.5993,1456.5191,1482.4777,1546.4817,1306.3732,1714.8575,0,on,1
1786107064.617447,1,1,,1488.0000,1461.0000,1490.0000,1539.0000,1310.0000,1714.0000,81.887,87.303,81.346,71.623,34.509,17.799,1496,1458,1481,1545,1306,1716,0,19,0,0,0,0,1,1,1,1,1,1,4.9908,4.9908,4.9908,4.9908,2.9084,4.5916,1496.5993,1456.5191,1482.4777,1546.4817,1306.3732,1714.8575,0,on,1
1786107064.649165,1,1,,1498.0000,1470.0000,1491.0000,1547.0000,1312.0000,1705.0000,79.929,85.480,81.173,70.073,33.599,19.848,1496,1457,1481,1545,1306,1716,0,21,0,0,0,0,1,1,1,1,1,1,4.9908,4.9908,4.9908,4.9908,2.9084,4.5916,1496.5993,1456.5191,1482.4777,1546.4817,1306.3732,1714.8575,0,on,1
1786107064.690454,1,1,,1475.0000,1459.0000,1482.0000,1539.0000,1311.0000,1715.0000,84.338,87.723,83.054,71.516,34.191,17.643,1496,1457,1481,1545,1306,1716,0,21,0,0,0,0,1,1,1,1,1,1,4.9908,4.9908,4.9908,4.9908,2.9084,4.5916,1496.5993,1456.5191,1482.4777,1546.4817,1306.3732,1714.8575,0,on,1
1786107064.717442,1,1,,1485.0000,1459.0000,1487.0000,1528.0000,1309.0000,1716.0000,82.445,87.733,81.946,73.854,34.829,17.452,1496,1457,1481,1545,1306,1716,0,22,0,0,0,0,1,1,1,1,1,1,4.9908,4.9908,4.9908,4.9908,2.9084,4.5916,1496.5993,1456.5191,1482.4777,1546.4817,1306.3732,1714.8575,0,on,1
1786107064.749451,1,1,,1492.0000,1462.0000,1498.0000,1526.0000,1308.0000,1725.0000,81.033,87.018,79.921,74.199,35.066,15.341,1495,1457,1481,1545,1306,1716,0,22,0,0,0,0,1,1,1,1,1,1,4.9908,4.9908,4.9908,4.9908,2.9084,4.5916,1496.5993,1456.5191,1482.4777,1538.6176,1306.3732,1714.8575,1,on,1
1786107064.785239,1,1,,1480.0000,1453.0000,1481.0000,1532.0000,1307.0000,1720.0000,83.447,88.875,83.286,73.071,35.521,16.420,1496,1457,1481,1545,1306,1716,0,22,0,0,0,0,1,1,1,1,1,1,4.9908,4.9908,4.9908,4.9908,2.9084,4.5916,1496.5993,1456.5191,1482.4777,1538.6176,1306.3732,1714.8575,0,on,1
1786107064.817177,1,1,,1489.0000,1450.0000,1479.0000,1524.0000,1305.0000,1730.0000,81.661,89.434,83.602,74.534,36.184,14.434,1496,1456,1481,1541,1306,1716,0,22,0,22,0,0,1,1,1,1,1,1,4.9908,4.9908,4.9908,4.9908,2.9084,4.5916,1496.5993,1456.5191,1482.4777,1538.6176,1306.3732,1714.8575,0,on,1
1786107064.849128,1,1,,1511.0000,1448.0000,1482.0000,1519.0000,1312.0000,1730.0000,77.181,89.748,82.999,75.705,33.663,14.374,1496,1456,1481,1538,1306,1716,0,22,0,0,0,0,1,1,1,1,1,1,4.9908,4.9908,4.9908,4.9908,2.9084,4.5916,1496.5993,1456.5191,1482.4777,1538.6176,1306.3732,1714.8575,0,on,1
1786107064.890421,1,1,,1473.0000,1453.0000,1483.0000,1530.0000,1303.0000,1729.0000,84.856,88.785,82.855,73.321,36.867,14.479,1496,1455,1481,1538,1306,1716,0,0,0,0,0,0,1,1,1,1,1,1,4.9908,4.9908,4.9908,4.9908,2.9084,4.5916,1496.5993,1456.5191,1482.4777,1538.6176,1306.3732,1714.8575,0,on,1
1786107064.917157,1,1,,1488.0000,1448.0000,1475.0000,1523.0000,1304.0000,1727.0000,81.776,89.936,84.443,74.776,36.530,15.069,1495,1455,1481,1538,1306,1716,0,0,0,0,0,0,1,1,1,1,1,1,4.9908,4.9908,4.9908,4.9908,2.9084,4.5916,1496.5993,1456.5191,1482.4777,1538.6176,1306.3732,1714.8575,0,on,1
1786107064.951896,1,1,,1498.0000,1461.0000,1490.0000,1523.0000,1307.0000,1725.0000,79.898,87.288,81.447,74.726,35.466,15.422,1496,1455,1481,1538,1306,1716,0,0,0,0,0,0,1,1,1,1,1,1,4.9908,4.9908,4.9908,4.9908,2.9084,4.5916,1496.5993,1456.5191,1482.4777,1538.6176,1306.3732,1714.8575,0,on,1
1786107064.985495,1,1,,1498.0000,1458.0000,1479.0000,1529.0000,1303.0000,1725.0000,79.889,87.856,83.680,73.699,36.951,15.413,1495,1455,1481,1538,1306,1716,0,0,0,0,0,0,1,1,1,1,1,1,4.9908,4.9908,4.9908,4.9908,2.9084,4.5916,1496.5993,1456.5191,1482.4777,1538.6176,1306.3732,1714.8575,0,on,1
1786107065.017112,1,1,,1485.0000,1456.0000,1480.0000,1528.0000,1301.0000,1724.0000,82.456,88.224,83.362,73.775,37.557,15.640,1496,1455,1481,1538,1306,1716,0,0,0,0,0,0,1,1,1,1,1,1,4.9908,4.9908,4.9908,4.9908,2.9084,4.5916,1496.5993,1456.5191,1482.4777,1538.6176,1306.3732,1714.8575,0,on,1
1786107065.049165,1,1,,1501.0000,1449.0000,1474.0000,1520.0000,1300.0000,1722.0000,79.129,89.648,84.570,75.447,37.670,16.008,1496,1455,1481,1538,1306,1716,0,0,0,8,0,0,1,1,1,1,1,1,4.9908,4.9908,4.9908,4.9908,2.9084,4.5916,1496.5993,1456.5191,1482.4777,1538.6176,1306.3732,1714.8575,0,on,1
1786107065.085141,1,1,,1496.0000,1457.0000,1479.0000,1527.0000,1300.0000,1718.0000,80.299,88.132,83.627,74.027,37.747,17.026,1496,1455,1481,1538,1306,1716,0,0,0,0,0,0,1,1,1,1,1,1,4.9908,4.9908,4.9908,4.9908,2.9084,4.5916,1496.5993,1456.5191,1482.4777,1538.6176,1306.3732,1714.8575,0,on,1
1786107065.116939,1,1,,1503.0000,1452.0000,1468.0000,1513.0000,1302.0000,1726.0000,78.852,89.146,85.806,76.851,37.167,15.231,1496,1455,1481,1538,1306,1716,0,0,0,0,0,0,1,1,1,1,1,1,4.9908,4.9908,4.9908,4.9908,2.9084,4.5916,1496.5993,1456.5191,1482.4777,1538.6176,1306.3732,1714.8575,0,on,1
1786107065.149420,1,1,,1482.0000,1452.0000,1477.0000,1519.0000,1298.0000,1714.0000,83.041,88.964,84.072,75.722,38.550,17.797,1496,1455,1481,1538,1306,1716,0,0,0,8,0,0,1,1,1,1,1,1,4.9908,4.9908,4.9908,4.9908,2.9084,4.5916,1496.5993,1456.5191,1482.4777,1538.6176,1306.3732,1714.8575,0,on,1
1786107065.185420,1,1,,1491.0000,1450.0000,1475.0000,1520.0000,1296.0000,1729.0000,81.154,89.444,84.397,75.488,39.264,14.510,1496,1455,1481,1537,1306,1716,0,0,0,9,0,0,1,1,1,1,1,1,4.9908,4.9908,4.9908,4.9908,2.9084,4.5916,1496.5993,1456.5191,1482.4777,1538.6176,1306.3732,1714.8575,0,on,1
1786107065.217391,1,1,,1488.0000,1457.0000,1471.0000,1521.0000,1300.0000,1727.0000,81.772,87.956,85.331,75.316,37.915,14.970,1496,1455,1481,1536,1306,1716,0,0,0,0,0,0,1,1,1,1,1,1,4.9908,4.9908,4.9908,4.9908,2.9084,4.5916,1496.5993,1456.5191,1482.4777,1530.9865,1306.3732,1714.8575,1,on,1
1786107065.249203,1,1,,1497.0000,1454.0000,1474.0000,1513.0000,1297.0000,1733.0000,79.939,88.741,84.563,76.818,38.763,13.577,1496,1455,1481,1536,1306,1716,0,0,0,0,0,0,1,1,1,1,1,1,4.9908,4.9908,4.9908,4.9908,2.9084,4.5916,1496.5993,1456.5191,1482.4777,1530.9865,1306.3732,1714.8575,0,on,1
1786107065.290490,1,1,,1490.0000,1445.0000,1472.0000,1524.0000,1295.0000,1722.0000,81.358,90.540,85.047,74.681,39.694,16.016,1496,1455,1481,1535,1306,1716,0,0,0,17,0,0,1,1,1,1,1,1,4.9908,4.9908,4.9908,4.9908,2.9084,4.5916,1496.5993,1456.5191,1482.4777,1530.9865,1306.3732,1714.8575,0,on,1
1786107065.317513,1,1,,1481.0000,1449.0000,1480.0000,1536.0000,1294.0000,1719.0000,83.264,89.582,83.435,72.244,39.724,16.630,1496,1455,1481,1532,1306,1716,0,0,0,15,0,0,1,1,1,1,1,1,4.9908,4.9908,4.9908,4.9908,2.9084,4.5916,1496.5993,1456.5191,1482.4777,1530.9865,1306.3732,1714.8575,0,on,1
1786107065.349504,1,1,,1482.0000,1452.0000,1484.0000,1529.0000,1291.0000,1726.0000,82.937,89.020,82.711,73.702,41.015,15.212,1495,1455,1481,1530,1306,1716,0,0,0,9,0,0,1,1,1,1,1,1,4.9908,4.9908,4.9908,4.9908,2.9084,4.5916,1496.5993,1456.5191,1482.4777,1530.9865,1306.3732,1714.8575,0,on,1
1786107065.385543,1,1,,1503.0000,1450.0000,1472.0000,1516.0000,1294.0000,1733.0000,78.916,89.476,84.999,76.221,39.747,13.660,1496,1455,1481,1530,1306,1716,0,0,0,0,0,0,1,1,1,1,1,1,4.9908,4.9908,4.9908,4.9908,2.9084,4.5916,1496.5993,1456.5191,1482.4777,1530.9865,1306.3732,1714.8575,0,on,1
1786107065.417113,1,1,,1503.0000,1452.0000,1478.0000,1516.0000,1294.0000,1729.0000,78.819,89.124,83.822,76.276,39.973,14.441,1496,1455,1481,1530,1306,1716,0,0,0,0,0,0,1,1,1,1,1,1,4.9908,4.9908,4.9908,4.9908,2.9084,4.5916,1496.5993,1456.5191,1482.4777,1530.9865,1306.3732,1714.8575,0,on,1
1786107065.454494,1,1,,1502.0000,1436.0000,1461.0000,1511.0000,1292.0000,1723.0000,78.986,92.155,87.187,77.161,40.633,15.836,1496,1455,1481,1530,1306,1716,0,0,0,0,0,0,1,1,1,1,1,1,4.9908,4.9908,4.9908,4.9908,2.9084,4.5916,1496.5993,1456.5191,1482.4777,1530.9865,1301.7025,1714.8575,1,on,1
1786107065.485487,1,1,,1510.0000,1456.0000,1477.0000,1524.0000,1297.0000,1722.0000,77.446,88.338,84.100,74.662,38.706,16.087,1495,1455,1481,1530,1306,1716,0,0,0,0,0,0,1,1,1,1,1,1,4.9908,4.9908,4.9908,4.9908,2.9084,4.5916,1496.5993,1456.5191,1482.4777,1530.9865,1301.7025,1714.8575,0,on,1
1786107065.517141,1,1,,1486.0000,1450.0000,1453.0000,1502.0000,1284.0000,1717.0000,82.249,89.545,88.932,78.949,43.367,17.251,1495,1455,1481,1530,1306,1716,0,0,0,0,0,0,1,1,1,1,1,1,4.9908,4.9908,4.9908,4.9908,2.9084,4.5916,1496.5993,1456.5191,1482.4777,1530.9865,1301.7025,1714.8575,0,on,1
1786107065.549520,1,1,,1483.0000,1453.0000,1467.0000,1516.0000,1285.0000,1732.0000,82.773,88.932,86.089,76.245,42.998,13.863,1496,1455,1481,1530,1306,1716,0,0,0,8,0,0,1,1,1,1,1,1,4.9908,4.9908,4.9908,4.9908,2.9084,4.5916,1496.5993,1456.5191,1482.4777,1530.9865,1301.7025,1714.8575,0,on,1
1786107065.585389,1,1,,1491.0000,1449.0000,1468.0000,1521.0000,1289.0000,1735.0000,81.234,89.687,85.854,75.264,41.710,13.238,1496,1455,1481,1529,1306,1716,0,0,0,10,0,0,1,1,1,1,1,1,4.9908,4.9908,4.9908,4.9908,2.9084,4.5916,1496.5993,1456.5191,1482.4777,1530.9865,1301.7025,1714.8575,0,on,1
1786107065.619882,1,1,,1498.0000,1449.0000,1466.0000,1500.0000,1291.0000,1718.0000,79.734,89.666,86.279,79.424,40.782,16.871,1496,1455,1481,1527,1306,1716,0,0,0,0,0,0,1,1,1,0,1,1,4.9908,4.9908,4.9908,4.9908,2.9084,4.5916,1496.5993,1456.5191,1482.4777,1530.9865,1301.7025,1714.8575,0,on,1
1786107065.649225,1,1,,1500.0000,1454.0000,1469.0000,1512.0000,1286.0000,1725.0000,79.504,88.605,85.690,77.048,42.571,15.374,1496,1455,1481,1527,1306,1716,0,0,0,0,0,0,1,1,1,0,1,1,4.9908,4.9908,4.9908,4.9908,2.9084,4.5916,1496.5993,1456.5191,1482.4777,1523.4026,1301.7025,1714.8575,1,on,1
1786107065.685128,1,1,,1472.0000,1454.0000,1473.0000,1535.0000,1301.0000,1708.0000,85.085,88.708,84.811,72.376,37.637,19.070,1495,1455,1481,1527,1306,1716,0,0,0,0,8,0,1,1,1,1,1,1,4.9908,4.9908,4.9908,4.9908,2.9084,4.5916,1496.5993,1456.5191,1482.4777,1523.4026,1301.7025,1714.8575,0,on,1
1786107065.717485,1,1,,1497.0000,1458.0000,1471.0000,1524.0000,1292.0000,1713.0000,79.966,87.818,85.236,74.680,40.591,17.974,1496,1455,1481,1527,1306,1716,0,0,0,13,22,0,1,1,1,1,1,1,4.9908,4.9908,4.9908,4.9908,2.9084,4.5916,1496.5993,1456.5191,1482.4777,1523.4026,1301.7025,1714.8575,0,on,1
1786107065.749485,1,1,,1488.0000,1459.0000,1480.0000,1535.0000,1292.0000,1712.0000,81.771,87.650,83.456,72.435,40.406,18.278,1496,1455,1481,1523,1306,1716,0,0,0,0,22,0,1,1,1,1,1,1,4.9908,4.9908,4.9908,4.9908,2.9084,4.5916,1496.5993,1456.5191,1482.4777,1523.4026,1301.7025,1714.8575,0,on,1
1786107065.785166,1,1,,1486.0000,1458.0000,1471.0000,1529.0000,1294.0000,1707.0000,82.246,87.806,85.218,73.612,39.894,19.244,1495,1455,1481,1523,1305,1716,0,0,0,0,18,0,1,1,1,1,1,1,4.9908,4.9908,4.9908,4.9908,2.9084,4.5916,1496.5993,1456.5191,1482.4777,1523.4026,1301.7025,1714.8575,0,on,1
1786107065.817122,1,1,,1480.0000,1464.0000,1478.0000,1537.0000,1297.0000,1708.0000,83.474,86.551,83.900,71.940,38.914,19.098,1496,1455,1481,1523,1305,1716,0,0,0,0,0,0,1,1,1,1,1,1,4.9908,4.9908,4.9908,4.9908,2.9084,4.5916,1496.5993,1456.5191,1482.4777,1523.4026,1301.7025,1714.8575,0,on,1
1786107065.848935,1,1,,1484.0000,1462.0000,1478.0000,1539.0000,1293.0000,1704.0000,82.634,86.959,83.753,71.645,40.063,20.034,1496,1455,1481,1523,1305,1716,0,0,0,8,32,0,1,1,1,1,1,1,4.9908,4.9908,4.9908,4.9908,2.9084,4.5916,1496.5993,1456.5191,1482.4777,1523.4026,1301.7025,1714.8575,0,on,1
1786107065.885503,1,1,,1486.0000,1455.0000,1477.0000,1536.0000,1290.0000,1716.0000,82.286,88.530,84.104,72.301,41.308,17.268,1496,1455,1481,1523,1303,1716,0,0,0,9,25,0,1,1,1,1,1,1,4.9908,4.9908,4.9908,4.9908,2.9084,4.5916,1496.5993,1456.5191,1482.4777,1523.4026,1301.7025,1714.8575,0,on,1
1786107065.917505,1,1,,1493.0000,1466.0000,1470.0000,1520.0000,1290.0000,1707.0000,80.862,86.268,85.368,75.458,41.161,19.263,1496,1455,1481,1522,1302,1716,0,0,0,0,20,0,1,1,1,1,1,1,4.9908,4.9908,4.9908,4.9908,2.9084,4.5916,1496.5993,1456.5191,1482.4777,1523.4026,1301.7025,1714.8575,0,on,1
1786107065.949143,1,1,,1488.0000,1455.0000,1469.0000,1526.0000,1288.0000,1707.0000,81.744,88.532,85.580,74.198,42.038,19.314,1496,1455,1481,1522,1302,1716,0,0,0,0,20,0,1,1,1,1,1,1,4.9908,4.9908,4.9908,4.9908,2.9084,4.5916,1496.5993,1456.5191,1482.4777,1523.4026,1297.2000,1714.8575,1,on,1
1786107065.990466,1,1,,1487.0000,1464.0000,1472.0000,1530.0000,1287.0000,1718.0000,82.048,86.584,84.959,73.391,42.408,16.852,1496,1455,1481,1522,1302,1716,0,0,0,0,0,0,1,1,1,1,1,1,4.9908,4.9908,4.9908,4.9908,2.9084,4.5916,1496.5993,1456.5191,1482.4777,1523.4026,1297.2000,1714.8575,0,on,1
1786107066.017222,1,1,,1492.0000,1458.0000,1469.0000,1525.0000,1284.0000,1714.0000,81.079,87.861,85.591,74.436,43.324,17.766,1495,1455,1481,1522,1302,1716,0,0,0,0,8,0,1,1,1,1,1,1,4.9908,4.9908,4.9908,4.9908,2.9084,4.5916,1496.5993,1456.5191,1482.4777,1523.4026,1297.2000,1714.8575,0,on,1
1786107066.049523,1,1,,1487.0000,1458.0000,1480.0000,1527.0000,1289.0000,1717.0000,82.065,87.757,83.475,74.022,41.534,17.165,1496,1455,1481,1522,1302,1716,0,0,0,0,19,0,1,1,1,1,1,1,4.9908,4.9908,4.9908,4.9908,2.9084,4.5916,1496.5993,1456.5191,1482.4777,1523.4026,1297.2000,1714.8575,0,on,1
1786107066.085494,1,1,,1484.0000,1455.0000,1461.0000,1518.0000,1290.0000,1706.0000,82.705,88.364,87.271,75.816,41.178,19.447,1496,1455,1481,1522,1301,1716,0,0,0,0,17,0,1,1,1,1,1,1,4.9908,4.9908,4.9908,4.9908,2.9084,4.5916,1496.5993,1456.5191,1482.4777,1523.4026,1297.2000,1714.8575,0,on,1
1786107066.117473,1,1,,1502.0000,1456.0000,1472.0000,1532.0000,1291.0000,1712.0000,79.066,88.280,85.097,72.918,41.078,18.325,1495,1455,1481,1522,1301,1716,0,0,0,0,19,0,1,1,1,1,1,1,4.9908,4.9908,4.9908,4.9908,2.9084,4.5916,1496.5993,1456.5191,1482.4777,1523.4026,1297.2000,1714.8575,0,on,1
1786107066.149549,1,1,,1505.0000,1453.0000,1463.0000,1527.0000,1296.0000,1718.0000,78.400,88.872,86.834,73.940,39.288,16.959,1496,1455,1481,1522,1301,1716,0,0,0,0,0,0,1,1,1,1,1,1,4.9908,4.9908,4.9908,4.9908,2.9084,4.5916,1496.5993,1456.5191,1474.7372,1523.4026,1297.2000,1714.8575,1,on,1
1786107066.188994,1,1,,1500.0000,1452.0000,1467.0000,1529.0000,1293.0000,1713.0000,79.491,89.071,86.107,73.529,40.111,17.955,1496,1455,1481,1522,1300,1716,0,0,30,0,28,0,1,1,1,1,1,1,4.9908,4.9908,4.9908,4.9908,2.9084,4.5916,1496.5993,1456.5191,1474.7372,1523.4026,1297.2000,1714.8575,0,on,1
1786107066.217424,1,1,,1507.0000,1453.0000,1468.0000,1534.0000,1301.0000,1715.0000,78.084,88.746,85.910,72.599,37.559,17.567,1495,1455,1479,1522,1298,1716,0,0,37,0,21,0,1,1,1,1,1,1,4.9908,4.9908,4.9908,4.9908,2.9084,4.5916,1496.5993,1456.5191,1474.7372,1523.4026,1297.2000,1714.8575,0,on,1
1786107066.249413,1,1,,1502.0000,1454.0000,1468.0000,1533.0000,1289.0000,1723.0000,79.045,88.728,85.936,72.804,41.703,15.829,1496,1455,1474,1522,1298,1716,0,0,0,0,16,0,1,1,1,1,1,1,4.9908,4.9908,4.9908,4.9908,2.9084,4.5916,1496.5993,1456.5191,1474.7372,1523.4026,1297.2000,1714.8575,0,on,1
1786107066.285501,1,1,,1496.0000,1457.0000,1466.0000,1525.0000,1297.0000,1714.0000,80.160,88.111,86.170,74.389,38.976,17.719,1496,1455,1474,1522,1298,1716,0,0,0,0,0,0,1,1,1,1,1,1,4.9908,4.9908,4.9908,4.9908,2.9084,4.5916,1496.5993,1456.5191,1474.7372,1523.4026,1297.2000,1714.8575,0,on,1
1786107066.317459,1,1,,1494.0000,1461.0000,1469.0000,1522.0000,1293.0000,1705.0000,80.586,87.294,85.730,74.954,40.309,19.693,1496,1455,1474,1522,1298,1716,0,0,0,0,0,0,1,1,1,1,1,1,4.9908,4.9908,4.9908,4.9908,2.9084,4.5916,1496.5993,1456.5191,1474.7372,1523.4026,1297.2000,1714.8575,0,on,1
1786107066.349550,1,1,,1521.0000,1457.0000,1474.0000,1534.0000,1299.0000,1718.0000,75.253,88.093,84.634,72.534,38.140,16.939,1496,1455,1474,1522,1298,1716,0,0,0,0,0,0,1,1,1,1,1,1,4.9908,4.9908,4.9908,4.9908,2.9084,4.5916,1496.5993,1456.5191,1474.7372,1523.4026,1297.2000,1714.8575,0,on,1
1786107066.385569,1,1,,1522.0000,1455.0000,1461.0000,1531.0000,1301.0000,1718.0000,74.955,88.529,87.331,73.169,37.552,16.925,1495,1455,1474,1522,1298,1716,0,0,0,0,0,0,1,1,1,1,1,1,4.9908,4.9908,4.9908,4.9908,2.9084,4.5916,1496.5993,1456.5191,1474.7372,1523.4026,1297.2000,1714.8575,0,on,1
1786107066.417471,1,1,,1519.0000,1453.0000,1468.0000,1510.0000,1298.0000,1704.0000,75.569,88.749,85.771,77.429,38.359,19.948,1496,1455,1474,1522,1298,1716,0,0,0,0,0,0,1,1,1,1,1,1,4.9908,4.9908,4.9908,4.9908,2.9084,4.5916,1496.5993,1456.5191,1474.7372,1523.4026,1297.2000,1714.8575,0,on,1
1786107066.449618,1,1,,1527.0000,1444.0000,1463.0000,1529.0000,1308.0000,1708.0000,73.980,90.558,86.806,73.633,34.997,19.027,1496,1455,1473,1522,1298,1716,0,0,0,0,0,0,1,1,1,1,1,1,4.9908,4.9908,4.9908,4.9908,2.9084,4.5916,1496.5993,1456.5191,1474.7372,1523.4026,1297.2000,1714.8575,0,on,1
1786107066.667219,1,1,,1509.0000,1444.0000,1462.0000,1526.0000,1305.0000,1699.0000,77.614,90.612,87.093,74.164,36.131,20.976,1496,1455,1473,1522,1298,1716,0,0,0,0,0,0,1,1,1,1,1,1,4.9908,4.9908,4.9908,4.9908,2.9084,4.5916,1496.5993,1456.5191,1474.7372,1523.4026,1297.2000,1714.8575,0,on,1
1786107066.680311,1,1,,1496.0000,1457.0000,1475.0000,1521.0000,1295.0000,1700.0000,80.163,88.115,84.431,75.121,39.631,20.891,1496,1455,1473,1522,1298,1716,0,0,0,0,0,0,1,1,1,1,1,1,4.9908,4.9908,4.9908,4.9908,2.9084,4.5916,1496.5993,1456.5191,1474.7372,1523.4026,1297.2000,1714.8575,0,on,1
1786107066.693178,1,1,,1501.0000,1455.0000,1472.0000,1532.0000,1297.0000,1715.0000,79.181,88.443,85.016,72.970,38.929,17.594,1496,1455,1473,1522,1298,1716,0,0,0,0,0,0,1,1,1,1,1,1,4.9908,4.9908,4.9908,4.9908,2.9084,4.5916,1496.5993,1456.5191,1474.7372,1523.4026,1297.2000,1714.8575,0,on,1
1786107066.706198,1,1,,1507.0000,1455.0000,1475.0000,1536.0000,1289.0000,1721.0000,78.096,88.502,84.428,72.215,41.751,16.295,1495,1455,1473,1522,1298,1716,0,0,0,0,0,0,1,1,1,1,1,1,4.9908,4.9908,4.9908,4.9908,2.9084,4.5916,1496.5993,1456.5191,1474.7372,1523.4026,1297.2000,1714.8575,0,on,1
1786107066.717889,1,1,,1505.0000,1465.0000,1471.0000,1529.0000,1302.0000,1707.0000,78.351,86.371,85.321,73.696,36.990,19.353,1496,1455,1474,1522,1298,1716,0,0,0,0,0,0,1,1,1,1,1,1,4.9908,4.9908,4.9908,4.9908,2.9084,4.5916,1496.5993,1456.5191,1474.7372,1523.4026,1297.2000,1714.8575,0,on,1
1786107066.749145,1,1,,1519.0000,1455.0000,1468.0000,1524.0000,1292.0000,1723.0000,75.626,88.392,85.769,74.631,40.476,15.784,1496,1455,1473,1522,1298,1716,0,0,0,0,0,0,1,1,1,1,1,1,4.9908,4.9908,4.9908,4.9908,2.9084,4.5916,1496.5993,1456.5191,1474.7372,1523.4026,1297.2000,1714.8575,0,on,1
1786107066.787268,1,1,,1502.0000,1458.0000,1466.0000,1518.0000,1305.0000,1700.0000,79.014,87.784,86.228,75.861,36.147,20.889,1495,1455,1474,1522,1298,1716,0,0,0,0,0,0,1,1,1,1,1,1,4.9908,4.9908,4.9908,4.9908,2.9084,4.5916,1496.5993,1456.5191,1474.7372,1523.4026,1297.2000,1714.8575,0,on,1
1786107066.853541,1,1,,1512.0000,1457.0000,1462.0000,1512.0000,1294.0000,1711.0000,77.102,87.973,87.125,77.021,39.936,18.435,1495,1455,1473,1522,1298,1716,0,0,0,0,0,0,1,1,1,1,1,1,4.9908,4.9908,4.9908,4.9908,2.9084,4.5916,1496.5993,1456.5191,1474.7372,1523.4026,1297.2000,1714.8575,0,on,1
1786107066.882193,1,1,,1506.0000,1465.0000,1461.0000,1504.0000,1296.0000,1706.0000,78.308,86.533,87.339,78.646,39.192,19.478,1496,1455,1473,1522,1298,1716,0,0,0,0,0,0,1,1,1,1,1,1,4.9908,4.9908,4.9908,4.9908,2.9084,4.5916,1496.5993,1456.5191,1474.7372,1523.4026,1297.2000,1714.8575,0,on,1
1786107066.907824,1,1,,1500.0000,1472.0000,1475.0000,1516.0000,1281.0000,1704.0000,79.447,85.063,84.462,76.236,44.375,20.092,1495,1455,1473,1522,1298,1716,0,0,0,0,0,0,1,1,1,1,1,1,4.9908,4.9908,4.9908,4.9908,2.9084,4.5916,1496.5993,1456.5191,1474.7372,1523.4026,1297.2000,1714.8575,0,on,1
1786107066.935208,1,1,,1511.0000,1466.0000,1477.0000,1523.0000,1292.0000,1703.0000,77.237,86.223,84.112,74.780,40.530,20.146,1496,1455,1473,1522,1298,1716,0,0,0,0,0,0,1,1,1,1,1,1,4.9908,4.9908,4.9908,4.9908,2.9084,4.5916,1496.5993,1456.5191,1474.7372,1523.4026,1297.2000,1714.8575,0,on,1
1786107066.963257,1,1,,1490.0000,1462.0000,1467.0000,1511.0000,1290.0000,1705.0000,81.368,86.995,85.981,77.231,41.278,19.820,1496,1455,1473,1522,1298,1716,0,0,0,0,0,0,1,1,1,1,1,1,4.9908,4.9908,4.9908,4.9908,2.9084,4.5916,1496.5993,1456.5191,1474.7372,1523.4026,1297.2000,1714.8575,0,on,1
1786107066.991305,1,1,,1508.0000,1464.0000,1468.0000,1517.0000,1281.0000,1703.0000,77.811,86.722,85.846,75.933,44.429,20.285,1496,1455,1473,1522,1298,1716,0,0,0,0,0,0,1,1,1,1,1,1,4.9908,4.9908,4.9908,4.9908,2.9084,4.5916,1496.5993,1456.5191,1474.7372,1523.4026,1297.2000,1714.8575,0,on,1
1786107067.021568,1,1,,1504.0000,1463.0000,1466.0000,1525.0000,1285.0000,1713.0000,78.556,86.926,86.186,74.432,42.857,18.134,1495,1455,1473,1522,1298,1716,0,0,0,0,0,0,1,1,1,1,1,1,4.9908,4.9908,4.9908,4.9908,2.9084,4.5916,1496.5993,1456.5191,1474.7372,1523.4026,1297.2000,1714.8575,0,on,1
1786107067.049546,1,1,,1506.0000,1467.0000,1465.0000,1521.0000,1283.0000,1706.0000,78.148,86.042,86.483,75.149,43.600,19.478,1496,1455,1474,1522,1297,1716,0,0,0,0,0,0,1,1,1,1,1,1,4.9908,4.9908,4.9908,4.9908,2.9084,4.5916,1496.5993,1456.5191,1474.7372,1523.4026,1297.2000,1714.8575,0,on,1
1786107067.261752,1,1,,1514.0000,1466.0000,1468.0000,1526.0000,1281.0000,1714.0000,76.700,86.148,85.865,74.303,44.506,17.847,1496,1455,1473,1522,1297,1716,0,0,0,0,0,0,1,1,1,1,1,1,4.9908,4.9908,4.9908,4.9908,2.9084,4.5916,1496.5993,1456.5191,1474.7372,1523.4026,1297.2000,1714.8575,0,on,1
1786107067.273028,1,1,,1517.0000,1456.0000,1461.0000,1529.0000,1281.0000,1722.0000,76.073,88.238,87.216,73.677,44.179,16.138,1495,1455,1473,1522,1297,1716,0,0,0,0,0,0,1,1,1,1,1,1,4.9908,4.9908,4.9908,4.9908,2.9084,4.5916,1496.5993,1456.5191,1474.7372,1523.4026,1297.2000,1714.8575,0,on,1
1786107067.287962,1,1,,1525.0000,1456.0000,1473.0000,1528.0000,1302.0000,1716.0000,74.496,88.195,84.752,73.743,37.298,17.298,1496,1455,1473,1522,1297,1716,0,0,0,0,0,0,1,1,1,1,1,1,4.9908,4.9908,4.9908,4.9908,2.9084,4.5916,1504.2519,1456.5191,1474.7372,1523.4026,1297.2000,1714.8575,1,on,1
1786107067.303547,1,1,,1527.0000,1447.0000,1466.0000,1531.0000,1298.0000,1703.0000,73.997,89.967,86.189,73.296,38.404,20.209,1496,1455,1473,1522,1297,1716,0,0,0,0,0,0,0,1,1,1,1,1,4.9908,4.9908,4.9908,4.9908,2.9084,4.5916,1504.2519,1456.5191,1474.7372,1523.4026,1297.2000,1714.8575,0,on,1
1786107067.317189,1,1,,1520.0000,1458.0000,1459.0000,1518.0000,1298.0000,1726.0000,75.396,87.838,87.682,75.828,38.347,15.291,1496,1455,1473,1522,1297,1716,0,0,0,0,0,0,0,1,1,1,1,1,4.9908,4.9908,4.9908,4.9908,2.9084,4.5916,1504.2519,1456.5191,1474.7372,1523.4026,1297.2000,1714.8575,0,on,1
1786107067.349224,1,1,,1505.0000,1452.0000,1462.0000,1514.0000,1295.0000,1712.0000,78.472,89.026,87.119,76.691,39.646,18.291,1496,1455,1474,1522,1297,1716,0,0,0,0,0,0,0,1,1,1,1,1,4.9908,4.9908,4.9908,4.9908,2.9084,4.5916,1504.2519,1456.5191,1474.7372,1523.4026,1297.2000,1714.8575,0,on,1
1786107067.385193,1,1,,1509.0000,1456.0000,1466.0000,1525.0000,1297.0000,1719.0000,77.696,88.325,86.150,74.327,38.692,16.643,1495,1455,1473,1522,1297,1716,24,0,0,0,0,0,0,1,1,1,1,1,4.9908,4.9908,4.9908,4.9908,2.9084,4.5916,1504.2519,1456.5191,1474.7372,1523.4026,1297.2000,1714.8575,0,on,1
1786107067.417164,1,1,,1502.0000,1446.0000,1463.0000,1530.0000,1293.0000,1714.0000,79.100,90.248,86.824,73.513,40.121,17.778,1496,1455,1473,1522,1297,1716,15,0,0,0,0,0,0,1,1,1,1,1,4.9908,4.9908,4.9908,4.9908,2.9084,4.5916,1504.2519,1456.5191,1474.7372,1523.4026,1297.2000,1714.8575,0,on,1
1786107067.451194,1,1,,1511.0000,1454.0000,1467.0000,1527.0000,1293.0000,1725.0000,77.160,88.574,86.007,74.044,40.102,15.466,1503,1455,1473,1522,1297,1716,0,0,0,0,0,0,1,1,1,1,1,1,4.9908,4.9908,4.9908,4.9908,2.9084,4.5916,1504.2519,1456.5191,1474.7372,1523.4026,1297.2000,1714.8575,0,on,1
1786107067.662283,1,1,,1500.0000,1451.0000,1455.0000,1521.0000,1301.0000,1717.0000,79.355,89.270,88.372,75.149,37.572,17.088,1503,1455,1474,1522,1297,1716,0,0,0,0,0,0,1,1,1,1,1,1,4.9908,4.9908,4.9908,4.9908,2.9084,4.5916,1504.2519,1456.5191,1474.7372,1523.4026,1297.2000,1714.8575,0,on,1
1786107067.677393,1,1,,1493.0000,1450.0000,1467.0000,1520.0000,1301.0000,1696.0000,80.742,89.417,86.074,75.460,37.314,21.777,1503,1455,1473,1522,1297,1716,0,0,0,0,0,0,1,1,1,1,1,1,4.9908,4.9908,4.9908,4.9908,2.9084,4.5916,1504.2519,1456.5191,1474.7372,1523.4026,1297.2000,1714.8575,0,on,1
1786107067.689620,1,1,,1507.0000,1460.0000,1477.0000,1535.0000,1300.0000,1721.0000,78.081,87.357,83.962,72.414,37.674,16.237,1503,1455,1473,1522,1297,1716,0,0,0,0,0,0,1,1,1,1,1,1,4.9908,4.9908,4.9908,4.9908,2.9084,4.5916,1504.2519,1456.5191,1474.7372,1523.4026,1297.2000,1714.8575,0,on,1
1786107067.701622,1,1,,1514.0000,1445.0000,1464.0000,1529.0000,1311.0000,1712.0000,76.613,90.382,86.617,73.593,34.050,18.336,1503,1455,1473,1522,1297,1716,0,0,0,0,0,0,1,1,1,1,1,1,4.9908,4.9908,4.9908,4.9908,2.9084,4.5916,1504.2519,1456.5191,1474.7372,1523.4026,1297.2000,1714.8575,0,on,1
1786107067.720628,1,1,,1529.0000,1464.0000,1485.0000,1531.0000,1302.0000,1704.0000,73.622,86.690,82.392,73.238,37.006,20.048,1503,1455,1473,1522,1297,1716,0,0,0,0,0,0,1,1,1,1,1,1,4.9908,4.9908,4.9908,4.9908,2.9084,4.5916,1504.2519,1456.5191,1474.7372,1523.4026,1297.2000,1714.8575,0,on,1
1786107067.749228,1,1,,1507.0000,1462.0000,1494.0000,1525.0000,1298.0000,1706.0000,77.930,87.055,80.692,74.426,38.391,19.574,1503,1455,1473,1522,1297,1716,0,0,0,0,0,0,1,1,1,1,1,1,4.9908,4.9908,4.9908,4.9908,2.9084,4.5916,1504.2519,1456.5191,1474.7372,1523.4026,1297.2000,1714.8575,0,on,1
1786107067.785090,1,1,,1515.0000,1460.0000,1475.0000,1538.0000,1306.0000,1705.0000,76.449,87.528,84.358,71.760,35.759,19.804,1503,1455,1473,1522,1297,1716,0,0,0,0,0,0,1,1,1,1,1,1,4.9908,4.9908,4.9908,4.9908,2.9084,4.5916,1504.2519,1456.5191,1474.7372,1523.4026,1297.2000,1714.8575,0,on,1
1786107067.817529,1,1,,1511.0000,1474.0000,1495.0000,1538.0000,1315.0000,1709.0000,77.264,84.539,80.368,71.879,32.698,18.984,1503,1455,1474,1522,1297,1716,0,0,0,0,0,0,1,1,1,1,1,1,4.9908,4.9908,4.9908,4.9908,2.9084,4.5916,1504.2519,1456.5191,1474.7372,1523.4026,1297.2000,1714.8575,0,on,1
1786107067.849530,1,1,,1519.0000,1505.0000,1548.0000,1613.0000,1304.0000,1730.0000,75.527,78.441,69.843,56.786,36.546,14.385,1503,1455,1473,1522,1297,1716,0,0,0,0,0,0,1,1,1,1,1,1,4.9908,4.9908,4.9908,4.9908,2.9084,4.5916,1504.2519,1456.5191,1474.7372,1536.6621,1297.2000,1714.8575,1,on,1
1786107067.885489,1,1,,1678.0000,1670.0000,1686.0000,1664.0000,1290.0000,1764.0000,43.681,45.343,42.212,46.634,41.418,6.905,1503,1455,1473,1522,1297,1716,0,0,0,0,0,0,1,1,1,0,1,1,4.9908,4.9908,4.9908,4.9908,2.9084,4.5916,1544.9093,1517.7929,1539.5977,1564.9241,1297.2000,1714.8575,1,on,1
1786107067.917418,1,1,,1662.0000,1698.0000,1740.0000,1692.0000,1272.0000,1730.0000,46.918,39.704,31.440,40.935,47.459,14.385,1503,1455,1473,1522,1297,1716,0,0,0,0,0,0,0,0,0,0,1,1,4.9908,4.9908,4.9908,4.9908,2.9084,4.5916,1572.4274,1572.7969,1604.5694,1595.9285,1297.2000,1714.8575,1,on,1
1786107067.949471,1,1,,1698.0000,1723.0000,1781.0000,1698.0000,1280.0000,1727.0000,39.685,34.656,23.182,39.838,44.572,14.878,1507,1455,1473,1522,1297,1716,63,67,69,76,0,0,0,0,0,0,1,1,4.9908,4.9908,4.9908,4.9908,2.9084,4.5916,1605.0737,1620.0708,1664.8143,1621.0807,1297.2000,1714.8575,1,on,1
1786107067.984993,1,1,,1713.0000,1759.0000,1799.0000,1743.0000,1283.0000,1709.0000,36.681,27.580,19.498,30.767,43.689,18.846,1521,1473,1489,1545,1297,1716,75,63,74,49,0,0,0,0,0,0,1,1,4.9908,4.9908,4.9908,4.9908,2.9084,4.5916,1634.2723,1665.1314,1709.9993,1654.4845,1297.2000,1714.8575,1,on,1
1786107068.017524,1,0,handedness unsure,1694.0000,1743.0000,1788.0000,1736.0000,1280.0000,1695.0000,40.552,30.837,21.643,32.119,44.604,22.000,1541,1494,1511,1566,1297,1716,88,78,75,49,0,0,0,0,0,0,1,1,4.9908,4.9908,4.9908,4.9908,2.9084,4.5916,1647.1869,1685.5964,1731.0915,1673.7714,1297.2000,1714.8575,1,on,1
1786107068.049506,1,1,,1691.0000,1749.0000,1788.0000,1732.0000,1283.0000,1707.0000,41.099,29.582,21.725,32.979,43.545,19.255,1555,1509,1527,1580,1297,1716,88,77,68,47,0,0,0,0,0,0,1,1,4.9908,4.9908,4.9908,4.9908,2.9084,4.5916,1654.9745,1699.7560,1743.7526,1685.5995,1297.2000,1714.8575,1,on,1
1786107068.087213,1,0,handedness unsure,1681.0000,1742.0000,1778.0000,1725.0000,1277.0000,1698.0000,43.092,30.953,23.629,34.325,45.801,21.236,1584,1536,1553,1603,1297,1716,71,77,63,52,0,0,0,0,0,0,1,1,4.9908,4.9908,4.9908,4.9908,2.9084,4.5916,1654.9745,1708.0528,1743.7526,1685.5995,1297.2000,1714.8575,1,on,1
1786107068.117510,1,0,handedness unsure,1684.0000,1744.0000,1789.0000,1741.0000,1280.0000,1705.0000,42.578,30.475,21.429,31.137,44.682,19.668,1597,1548,1567,1623,1297,1716,81,77,65,40,0,0,0,0,0,0,1,1,4.9908,4.9908,4.9908,4.9908,2.9084,4.5916,1654.9745,1708.0528,1755.6079,1699.7352,1297.2000,1714.8575,1,on,1
1786107068.149514,1,0,handedness unsure,1684.0000,1743.0000,1794.0000,1745.0000,1286.0000,1703.0000,42.583,30.795,20.455,30.368,42.697,20.132,1618,1568,1588,1643,1297,1716,79,60,58,40,0,0,0,0,0,0,1,1,4.9908,4.9908,4.9908,4.9908,2.9084,4.5916,1663.6845,1716.8560,1755.6079,1699.7352,1297.2000,1714.8575,1,on,1
1786107068.185455,1,0,handedness unsure,1691.0000,1745.0000,1788.0000,1741.0000,1284.0000,1702.0000,41.065,30.375,21.796,31.097,43.469,20.457,1639,1587,1605,1662,1297,1716,64,64,59,45,0,0,0,0,0,0,1,1,4.9908,4.9908,4.9908,4.9908,2.9084,4.5916,1663.6845,1716.8560,1763.9884,1710.9227,1297.2000,1714.8575,1,on,1
1786107068.217425,1,1,,1672.0000,1746.0000,1790.0000,1733.0000,1279.0000,1688.0000,44.940,30.054,21.260,32.827,44.978,23.524,1653,1603,1626,1681,1297,1716,0,64,54,39,0,0,0,0,0,0,1,1,4.9908,4.9908,4.9908,4.9908,2.9084,4.5916,1663.6845,1716.8560,1763.9884,1710.9227,1297.2000,1714.8575,0,on,1
1786107068.249418,1,1,,1672.0000,1747.0000,1782.0000,1743.0000,1290.0000,1697.0000,44.917,29.961,22.854,30.814,41.084,21.539,1654,1617,1637,1692,1297,1716,26,63,66,0,0,0,0,0,0,0,1,1,4.9908,4.9908,4.9908,4.9908,2.9084,4.5916,1663.6845,1724.7569,1763.9884,1710.9227,1297.2000,1714.8575,1,on,1
1786107068.285542,1,0,handedness unsure,1684.0000,1766.0000,1809.0000,1751.0000,1290.0000,1705.0000,42.617,26.174,17.457,29.096,41.346,19.776,1657,1635,1655,1701,1297,1716,20,67,70,15,0,0,0,0,0,0,1,1,4.9908,4.9908,4.9908,4.9908,2.9084,4.5916,1663.6845,1724.7569,1772.1104,1719.8698,1297.2000,1714.8575,1,on,1
1786107068.317547,1,1,,1668.0000,1761.0000,1799.0000,1741.0000,1286.0000,1687.0000,45.783,27.060,19.459,31.058,42.646,23.638,1660,1653,1675,1704,1297,1716,18,71,60,22,0,0,0,0,0,0,1,1,4.9908,4.9908,4.9908,4.9908,2.9084,4.5916,1663.6845,1732.4647,1772.1104,1719.8698,1292.7457,1714.8575,1,on,1
1786107068.349493,1,1,,1670.0000,1744.0000,1782.0000,1740.0000,1286.0000,1701.0000,45.401,30.526,22.880,31.321,42.563,20.679,1661,1673,1694,1712,1297,1716,0,64,59,23,0,0,0,0,0,0,1,1,4.9908,4.9908,4.9908,4.9908,2.9084,4.5916,1663.6845,1732.4647,1772.1104,1719.8698,1292.7457,1714.8575,0,on,1
1786107068.390457,1,1,,1675.0000,1750.0000,1805.0000,1734.0000,1282.0000,1700.0000,44.346,29.267,18.336,32.476,44.098,20.871,1661,1694,1714,1717,1297,1716,0,75,67,0,0,0,0,0,0,0,1,1,4.9908,4.9908,4.9908,4.9908,2.9084,4.5916,1663.6845,1732.4647,1772.1104,1719.8698,1292.7457,1714.8575,0,on,1
1786107068.417173,1,1,,1669.0000,1748.0000,1796.0000,1743.0000,1285.0000,1698.0000,45.483,29.703,20.156,30.786,42.950,21.256,1661,1712,1733,1717,1297,1716,0,76,68,0,0,0,0,0,0,0,1,1,4.9908,4.9908,4.9908,4.9908,2.9084,4.5916,1663.6845,1732.4647,1772.1104,1719.8698,1292.7457,1714.8575,0,on,1
1786107068.449192,1,0,handedness unsure,1661.0000,1750.0000,1793.0000,1745.0000,1287.0000,1693.0000,47.117,29.429,20.744,30.406,42.339,22.411,1661,1722,1745,1717,1297,1716,0,0,68,0,8,0,0,0,0,0,1,1,4.9908,4.9908,4.9908,4.9908,2.9084,4.5916,1663.6845,1732.4647,1779.7439,1719.8698,1292.7457,1714.8575,1,on,1
1786107068.517491,1,1,,1656.0000,1756.0000,1791.0000,1736.0000,1290.0000,1692.0000,48.134,28.177,21.117,32.135,41.156,22.591,1661,1729,1766,1717,1297,1716,0,21,0,11,21,0,0,0,0,0,1,1,4.9908,4.9908,4.9908,4.9908,2.9084,4.5916,1663.6845,1732.4647,1779.7439,1719.8698,1292.7457,1714.8575,0,on,1
1786107068.546147,1,1,,1657.0000,1762.0000,1796.0000,1732.0000,1280.0000,1676.0000,48.017,26.981,20.024,32.894,44.755,26.008,1661,1732,1773,1719,1296,1716,0,0,28,0,0,0,0,0,0,0,1,1,4.9908,4.9908,4.9908,4.9908,2.9084,4.5916,1663.6845,1732.4647,1779.7439,1719.8698,1292.7457,1707.2450,1,on,1
1786107068.576511,1,0,handedness unsure,1664.0000,1779.0000,1808.0000,1753.0000,1280.0000,1695.0000,46.561,23.547,17.623,28.718,44.538,21.955,1661,1732,1776,1719,1296,1716,0,0,18,0,25,0,0,0,0,0,1,1,4.9908,4.9908,4.9908,4.9908,2.9084,4.5916,1663.6845,1742.7234,1779.7439,1728.5785,1292.7457,1707.2450,1,on,1
1786107068.597476,1,0,handedness unsure,1701.0000,1809.0000,1814.0000,1775.0000,1295.0000,1693.0000,39.216,17.528,16.497,24.353,39.430,22.476,1661,1732,1777,1719,1295,1716,0,0,13,0,29,0,0,0,0,0,1,1,4.9908,4.9908,4.9908,4.9908,2.9084,4.5916,1663.6845,1742.7234,1779.7439,1728.5785,1292.7457,1707.2450,0,on,1
1786107068.625173,1,0,handedness unsure,1691.0000,1801.0000,1821.0000,1779.0000,1290.0000,1684.0000,41.252,19.146,15.101,23.449,41.275,24.406,1661,1732,1778,1719,1294,1716,0,33,0,32,0,0,0,0,0,0,1,1,4.9908,4.9908,4.9908,4.9908,2.9084,4.5916,1663.6845,1756.7655,1788.2912,1737.2379,1292.7457,1707.2450,1,on,1
1786107068.653569,1,0,handedness unsure,1642.0000,1803.0000,1798.0000,1808.0000,1297.0000,1670.0000,50.975,18.713,19.634,17.745,38.938,27.501,1661,1736,1778,1729,1294,1716,0,32,0,12,0,16,0,0,0,0,1,1,4.9908,4.9908,4.9908,4.9908,2.9084,4.5916,1663.6845,1756.7655,1788.2912,1747.6009,1292.7457,1707.2450,1,on,1
1786107068.685197,1,0,handedness unsure,1669.0000,1806.0000,1809.0000,1789.0000,1279.0000,1686.0000,45.472,18.159,17.596,21.598,44.930,24.011,1661,1744,1779,1733,1294,1716,0,0,23,8,20,20,0,0,0,0,1,1,4.9908,4.9908,4.9908,4.9908,2.9084,4.5916,1663.6845,1769.1773,1788.2912,1747.6009,1292.7457,1707.2450,1,on,1
1786107068.717450,1,0,handedness unsure,1657.0000,1809.0000,1808.0000,1793.0000,1288.0000,1690.0000,47.948,17.608,17.796,20.801,42.011,22.983,1661,1746,1781,1736,1293,1716,8,41,25,16,22,0,0,0,0,0,1,1,4.9908,4.9908,4.9908,4.9908,2.9084,4.5916,1663.6845,1769.1773,1788.2912,1758.8579,1292.7457,1707.2450,1,on,1
1786107068.748990,1,0,handedness unsure,1657.0000,1808.0000,1822.0000,1783.0000,1298.0000,1693.0000,48.058,17.748,14.838,22.668,38.652,22.395,1661,1759,1784,1738,1293,1716,0,47,15,25,18,21,0,0,0,0,1,1,4.9908,4.9908,4.9908,4.9908,2.9084,4.5916,1663.6845,1778.4221,1788.2912,1758.8579,1292.7457,1707.2450,1,on,1
1786107068.784961,1,0,handedness unsure,1667.0000,1816.0000,1835.0000,1797.0000,1324.0000,1670.0000,45.870,16.096,12.398,19.968,29.528,27.454,1661,1766,1785,1749,1292,1712,0,0,17,41,18,21,0,0,0,0,1,1,4.9908,4.9908,4.9908,4.9908,2.9084,4.5916,1663.6845,1778.4221,1798.4484,1758.8579,1292.7457,1707.2450,1,on,1
1786107068.817433,1,0,handedness unsure,1638.0000,1813.0000,1829.0000,1792.0000,1306.0000,1677.0000,51.785,16.693,13.490,20.932,35.796,25.947,1661,1773,1787,1752,1292,1707,0,33,12,14,16,0,0,0,1,0,1,1,4.9908,4.9908,4.9908,4.9908,2.9084,4.5916,1663.6845,1786.2303,1798.4484,1768.1770,1292.7457,1707.2450,1,on,1
1786107068.849515,1,0,handedness unsure,1674.0000,1830.0000,1850.0000,1783.0000,1322.0000,1676.0000,44.629,13.406,9.208,22.806,30.307,26.031,1661,1774,1788,1756,1292,1707,11,31,0,8,17,0,0,0,1,0,1,1,4.9908,4.9908,4.9908,4.9908,2.9084,4.5916,1663.6845,1786.2303,1807.0213,1768.1770,1292.7457,1707.2450,1,on,1
1786107068.886113,1,0,handedness unsure,1659.0000,1826.0000,1841.0000,1792.0000,1311.0000,1675.0000,47.490,14.009,11.170,20.995,33.894,26.337,1661,1776,1789,1765,1292,1707,20,59,0,41,0,0,0,0,1,0,1,1,4.9908,4.9908,4.9908,4.9908,2.9084,4.5916,1663.6845,1795.4001,1807.0213,1768.1770,1292.7457,1707.2450,1,on,1
1786107068.918082,1,0,handedness unsure,1664.0000,1827.0000,1836.0000,1796.0000,1307.0000,1685.0000,46.571,13.864,12.151,20.154,35.340,24.103,1662,1781,1789,1768,1292,1707,17,18,0,40,0,0,0,0,1,0,1,1,4.9908,4.9908,4.9908,4.9908,2.9084,4.5916,1663.6845,1795.4001,1807.0213,1768.1770,1292.7457,1707.2450,0,on,1
1786107068.948956,1,0,handedness unsure,1656.0000,1822.0000,1825.0000,1793.0000,1298.0000,1684.0000,48.112,14.925,14.264,20.761,38.410,24.433,1664,1781,1788,1771,1292,1707,0,23,0,0,0,0,1,0,1,1,1,1,4.9908,4.9908,4.9908,4.9908,2.9084,4.5916,1663.6845,1795.4001,1807.0213,1768.1770,1292.7457,1707.2450,0,on,1
1786107068.990272,1,0,handedness unsure,1681.0000,1836.0000,1850.0000,1793.0000,1315.0000,1695.0000,43.134,12.015,9.394,20.762,32.625,21.944,1663,1781,1788,1771,1292,1707,0,38,0,0,0,0,1,0,1,1,1,1,4.9908,4.9908,4.9908,4.9908,2.9084,4.5916,1663.6845,1804.7215,1817.9098,1775.9679,1292.7457,1707.2450,1,on,1
1786107069.017244,1,0,handedness unsure,1688.0000,1850.0000,1850.0000,1788.0000,1319.0000,1692.0000,41.846,9.348,8.706,21.750,31.275,22.669,1664,1782,1788,1771,1292,1708,0,41,0,0,0,0,1,0,1,0,1,1,4.9908,4.9908,4.9908,4.9908,2.9084,4.5916,1663.6845,1804.7215,1817.9098,1775.9679,1292.7457,1707.2450,0,on,1
1786107069.049535,1,0,handedness unsure,1673.0000,1845.0000,1847.0000,1786.0000,1312.0000,1689.0000,44.747,10.359,9.842,22.079,33.788,23.206,1664,1784,1789,1771,1292,1707,0,35,0,0,0,0,1,0,1,0,1,1,4.9908,4.9908,4.9908,4.9908,2.9084,4.5916,1663.6845,1813.2866,1817.9098,1775.9679,1292.7457,1707.2450,1,on,1
1786107069.085641,1,0,handedness unsure,1693.0000,1848.0000,1844.0000,1784.0000,1305.0000,1702.0000,40.800,9.776,10.589,22.499,36.212,20.471,1663,1785,1789,1771,1292,1708,0,35,0,8,0,0,1,0,1,0,1,1,4.9908,4.9908,4.9908,4.9908,2.9084,4.5916,1663.6845,1813.2866,1817.9098,1775.9679,1292.7457,1707.2450,0,on,1
1786107069.117493,1,0,handedness unsure,1681.0000,1837.0000,1845.0000,1770.0000,1299.0000,1699.0000,43.177,11.894,10.275,25.380,38.185,21.023,1663,1785,1789,1771,1292,1707,0,37,0,16,0,0,1,0,1,0,1,1,4.9908,4.9908,4.9908,4.9908,2.9084,4.5916,1663.6845,1813.2866,1826.2698,1775.9679,1292.7457,1707.2450,1,on,1
1786107069.149567,1,0,handedness unsure,1686.0000,1831.0000,1843.0000,1776.0000,1300.0000,1701.0000,42.179,13.136,10.785,24.104,37.810,20.699,1663,1785,1788,1771,1292,1708,0,43,0,0,0,0,1,0,1,0,1,1,4.9908,4.9908,4.9908,4.9908,2.9084,4.5916,1663.6845,1813.2866,1826.2698,1775.9679,1292.7457,1707.2450,0,on,1
1786107069.185523,1,0,handedness unsure,1670.0000,1827.0000,1833.0000,1777.0000,1287.0000,1694.0000,45.442,13.983,12.693,23.900,42.217,22.186,1663,1786,1789,1771,1292,1708,0,40,0,22,0,0,1,0,1,0,1,1,4.9908,4.9908,4.9908,4.9908,2.9084,4.5916,1663.6845,1813.2866,1826.2698,1775.9679,1292.7457,1707.2450,0,on,1
1786107069.217215,1,0,handedness unsure,1681.0000,1831.0000,1850.0000,1772.0000,1293.0000,1705.0000,43.137,13.016,8.715,24.854,40.129,19.798,1664,1787,1789,1771,1292,1708,0,0,0,36,0,0,1,1,1,0,1,1,4.9908,4.9908,4.9908,4.9908,2.9084,4.5916,1663.6845,1820.8092,1826.2698,1775.9679,1292.7457,1707.2450,1,on,1
1786107069.249522,1,0,handedness unsure,1672.0000,1835.0000,1850.0000,1770.0000,1291.0000,1694.0000,45.008,12.265,7.821,25.370,40.926,22.164,1664,1787,1789,1772,1292,1707,0,0,0,14,0,0,1,1,1,0,1,1,4.9908,4.9908,4.9908,4.9908,2.9084,4.5916,1663.6845,1820.8092,1826.2698,1775.9679,1292.7457,1707.2450,0,on,1
1786107069.285462,1,0,handedness unsure,1681.0000,1834.0000,1850.0000,1787.0000,1306.0000,1709.0000,43.160,12.409,9.357,21.923,35.589,18.943,1664,1787,1789,1772,1292,1708,0,0,0,28,0,0,1,1,1,0,1,1,4.9908,4.9908,4.9908,4.9908,2.9084,4.5916,1671.3306,1820.8092,1826.2698,1775.9679,1292.7457,1707.2450,1,on,1
1786107069.317495,1,0,handedness unsure,1678.0000,1825.0000,1850.0000,1781.0000,1307.0000,1697.0000,43.725,14.247,5.425,23.210,35.391,21.549,1663,1787,1789,1772,1292,1708,0,0,0,74,0,0,0,1,1,0,1,1,4.9908,4.9908,4.9908,4.9908,2.9084,4.5916,1671.3306,1820.8092,1826.2698,1775.9679,1292.7457,1707.2450,0,on,1
1786107069.349536,1,0,handedness unsure,1671.0000,1820.0000,1850.0000,1781.0000,1319.0000,1692.0000,45.202,15.263,7.123,23.188,31.426,22.657,1664,1787,1789,1774,1292,1708,21,0,0,35,0,0,0,1,1,0,1,1,4.9908,4.9908,4.9908,4.9908,2.9084,4.5916,1671.3306,1820.8092,1833.9612,1775.9679,1292.7457,1707.2450,1,on,1
1786107069.390311,1,0,handedness unsure,1674.0000,1818.0000,1850.0000,1783.0000,1321.0000,1692.0000,44.567,15.672,5.683,22.770,30.474,22.545,1667,1787,1789,1774,1292,1708,17,0,0,47,0,0,0,1,1,0,1,1,4.9908,4.9908,4.9908,4.9908,2.9084,4.5916,1671.3306,1820.8092,1833.9612,1775.9679,1292.7457,1707.2450,0,on,1
1786107069.417386,1,0,handedness unsure,1678.0000,1824.0000,1850.0000,1780.0000,1318.0000,1687.0000,43.665,14.591,5.331,23.336,31.474,23.681,1670,1787,1789,1779,1292,1708,15,0,0,0,0,0,0,1,1,1,1,1,4.9908,4.9908,4.9908,4.9908,2.9084,4.5916,1671.3306,1820.8092,1833.9612,1775.9679,1292.7457,1707.2450,0,on,1
1786107069.449475,1,0,handedness unsure,1671.0000,1819.0000,1850.0000,1781.0000,1324.0000,1679.0000,45.140,15.479,8.015,23.054,29.615,25.372,1671,1787,1789,1779,1292,1708,0,0,0,0,0,0,0,1,1,1,1,1,4.9908,4.9908,4.9908,4.9908,2.9084,4.5916,1671.3306,1820.8092,1833.9612,1775.9679,1292.7457,1707.2450,0,on,1
1786107069.490270,1,0,handedness unsure,1701.0000,1825.0000,1850.0000,1772.0000,1321.0000,1697.0000,39.177,14.387,8.109,24.961,30.554,21.523,1671,1787,1789,1779,1292,1708,0,0,0,0,0,0,1,1,1,1,1,1,4.9908,4.9908,4.9908,4.9908,2.9084,4.5916,1671.3306,1820.8092,1833.9612,1775.9679,1292.7457,1707.2450,0,on,1
1786107069.517402,1,0,handedness unsure,1692.0000,1815.0000,1842.0000,1783.0000,1324.0000,1701.0000,41.002,16.244,10.840,22.811,29.524,20.622,1671,1787,1789,1779,1292,1708,0,0,0,0,0,0,1,1,1,1,1,1,4.9908,4.9908,4.9908,4.9908,2.9084,4.5916,1671.3306,1820.8092,1833.9612,1775.9679,1292.7457,1707.2450,0,on,1
1786107069.549415,1,0,handedness unsure,1690.0000,1806.0000,1835.0000,1767.0000,1308.0000,1695.0000,41.440,18.214,12.295,25.967,35.049,21.847,1671,1787,1789,1779,1292,1708,0,0,0,0,0,0,1,1,1,1,1,1,4.9908,4.9908,4.9908,4.9908,2.9084,4.5916,1671.3306,1820.8092,1833.9612,1775.9679,1292.7457,1707.2450,0,on,1
1786107069.590248,1,0,handedness unsure,1698.0000,1806.0000,1826.0000,1777.0000,1301.0000,1704.0000,39.747,18.095,14.065,23.963,37.597,19.906,1671,1787,1789,1779,1292,1708,0,0,0,0,0,0,1,1,1,1,1,1,4.9908,4.9908,4.9908,4.9908,2.9084,4.5916,1671.3306,1820.8092,1833.9612,1775.9679,1292.7457,1707.2450,0,on,1
1786107069.617381,1,0,handedness unsure,1684.0000,1798.0000,1814.0000,1754.0000,1289.0000,1691.0000,42.576,19.676,16.437,28.499,41.441,22.910,1671,1787,1789,1779,1292,1708,0,0,0,0,0,0,1,1,1,1,1,1,4.9908,4.9908,4.9908,4.9908,2.9084,4.5916,1671.3306,1820.8092,1833.9612,1775.9679,1292.7457,1707.2450,0,on,1
1786107069.649458,1,0,handedness unsure,1684.0000,1796.0000,1821.0000,1767.0000,1303.0000,1693.0000,42.646,20.055,15.028,25.972,36.805,22.409,1671,1787,1789,1779,1292,1708,0,0,0,0,0,0,1,1,1,1,1,1,4.9908,4.9908,4.9908,4.9908,2.9084,4.5916,1671.3306,1820.8092,1833.9612,1775.9679,1292.7457,1707.2450,0,on,1
1786107069.690512,1,0,handedness unsure,1708.0000,1809.0000,1835.0000,1760.0000,1306.0000,1687.0000,37.672,17.592,12.210,27.423,35.750,23.701,1671,1787,1789,1779,1292,1708,0,0,0,0,0,0,0,1,1,1,1,1,4.9908,4.9908,4.9908,4.9908,2.9084,4.5916,1679.8626,1820.8092,1833.9612,1775.9679,1292.7457,1707.2450,1,on,1
1786107069.722303,1,0,handedness unsure,1681.0000,1810.0000,1837.0000,1789.0000,1311.0000,1683.0000,43.229,17.241,11.972,21.433,34.061,24.454,1671,1787,1789,1779,1292,1708,0,0,0,0,0,0,0,1,1,1,1,1,4.9908,4.9908,4.9908,4.9908,2.9084,4.5916,1679.8626,1820.8092,1833.9612,1775.9679,1292.7457,1707.2450,0,on,1
1786107069.749388,1,1,,1692.0000,1801.0000,1822.0000,1771.0000,1305.0000,1691.0000,40.877,19.138,14.912,25.127,35.927,22.787,1671,1787,1788,1779,1292,1708,26,0,0,0,0,0,0,1,1,1,1,1,4.9908,4.9908,4.9908,4.9908,2.9084,4.5916,1679.8626,1820.8092,1833.9612,1775.9679,1292.7457,1707.2450,0,on,1
1786107069.785381,1,0,handedness unsure,1699.0000,1807.0000,1833.0000,1772.0000,1308.0000,1690.0000,39.458,17.923,12.750,24.946,35.219,23.060,1676,1787,1789,1779,1292,1708,20,0,0,0,0,0,0,1,1,1,1,1,4.9908,4.9908,4.9908,4.9908,2.9084,4.5916,1679.8626,1820.8092,1833.9612,1775.9679,1292.7457,1707.2450,0,on,1
1786107069.817406,1,0,handedness unsure,1693.0000,1802.0000,1826.0000,1777.0000,1306.0000,1686.0000,40.808,19.011,14.126,23.995,35.780,24.015,1678,1787,1789,1779,1292,1708,18,0,0,0,0,0,0,1,1,1,1,1,4.9908,4.9908,4.9908,4.9908,2.9084,4.5916,1679.8626,1820.8092,1833.9612,1775.9679,1292.7457,1707.2450,0,on,1
1786107069.849394,1,0,handedness unsure,1700.0000,1796.0000,1821.0000,1766.0000,1302.0000,1689.0000,39.439,20.110,15.108,26.089,37.171,23.302,1680,1787,1789,1779,1292,1708,0,0,0,0,0,0,1,1,1,1,1,1,4.9908,4.9908,4.9908,4.9908,2.9084,4.5916,1679.8626,1820.8092,1833.9612,1775.9679,1292.7457,1707.2450,0,on,1
1786107069.894859,1,0,handedness unsure,1699.0000,1797.0000,1824.0000,1774.0000,1306.0000,1689.0000,39.616,19.844,14.441,24.514,35.725,23.247,1680,1787,1788,1779,1292,1708,0,0,0,0,0,0,1,1,1,1,1,1,4.9908,4.9908,4.9908,4.9908,2.9084,4.5916,1679.8626,1812.9680,1833.9612,1775.9679,1292.7457,1707.2450,1,on,1
1786107069.917757,1,0,handedness unsure,1713.0000,1796.0000,1824.0000,1768.0000,1305.0000,1695.0000,36.763,20.165,14.424,25.717,36.201,22.041,1680,1787,1789,1779,1292,1708,0,0,0,0,0,0,1,1,1,1,1,1,4.9908,4.9908,4.9908,4.9908,2.9084,4.5916,1679.8626,1812.9680,1833.9612,1775.9679,1292.7457,1707.2450,0,on,1
1786107069.949573,1,0,handedness unsure,1702.0000,1790.0000,1831.0000,1765.0000,1300.0000,1700.0000,38.957,21.276,13.131,26.420,37.690,20.836,1680,1787,1789,1779,1292,1708,0,0,0,0,0,0,1,1,1,1,1,1,4.9908,4.9908,4.9908,4.9908,2.9084,4.5916,1679.8626,1812.9680,1833.9612,1775.9679,1292.7457,1707.2450,0,on,1
1786107069.985180,1,0,handedness unsure,1713.0000,1784.0000,1828.0000,1759.0000,1300.0000,1695.0000,36.793,22.491,13.632,27.520,37.710,22.031,1680,1787,1789,1779,1292,1708,0,0,0,0,0,0,1,1,1,1,1,1,4.9908,4.9908,4.9908,4.9908,2.9084,4.5916,1688.8928,1812.9680,1833.9612,1775.9679,1292.7457,1707.2450,1,on,1
1786107070.017524,1,0,handedness unsure,1722.0000,1791.0000,1831.0000,1766.0000,1295.0000,1705.0000,35.034,21.168,13.174,26.063,39.661,19.870,1680,1787,1788,1779,1292,1708,0,0,0,0,0,0,0,1,1,1,1,1,4.9908,4.9908,4.9908,4.9908,2.9084,4.5916,1688.8928,1812.9680,1833.9612,1775.9679,1292.7457,1707.2450,0,on,1
1786107070.049556,1,0,handedness unsure,1735.0000,1787.0000,1822.0000,1763.0000,1290.0000,1701.0000,32.325,21.909,15.010,26.808,41.135,20.667,1680,1787,1789,1779,1292,1708,26,0,0,0,0,0,0,1,1,1,1,1,4.9908,4.9908,4.9908,4.9908,2.9084,4.5916,1688.8928,1812.9680,1833.9612,1775.9679,1292.7457,1707.2450,0,on,1
1786107070.085495,1,0,handedness unsure,1673.0000,1775.0000,1809.0000,1795.0000,1260.0000,1680.0000,44.832,24.252,17.528,20.298,51.715,25.226,1685,1787,1789,1779,1292,1708,20,0,0,10,0,0,0,1,1,1,1,1,4.9908,4.9908,4.9908,4.9908,2.9084,4.5916,1688.8928,1803.3347,1833.9612,1775.9679,1292.7457,1707.2450,1,on,1
1786107070.117483,1,1,,1678.0000,1756.0000,1780.0000,1832.0000,1232.0000,1701.0000,43.776,28.050,23.262,12.913,61.139,20.698,1688,1787,1788,1779,1292,1708,15,0,0,0,0,0,0,1,1,1,1,1,4.9908,4.9908,4.9908,4.9908,2.9084,4.5916,1688.8928,1803.3347,1833.9612,1775.9679,1286.7043,1707.2450,1,on,1
1786107070.149488,1,1,,1673.0000,1735.0000,1762.0000,1834.0000,1222.0000,1681.0000,44.695,32.424,26.998,12.413,64.476,25.027,1689,1787,1789,1779,1292,1708,0,0,0,0,0,0,1,1,1,1,1,1,4.9908,4.9908,4.9908,4.9908,2.9084,4.5916,1688.8928,1789.6971,1817.9018,1785.5087,1278.5060,1707.2450,1,on,1
1786107070.185152,1,1,,1675.0000,1727.0000,1771.0000,1821.0000,1223.0000,1659.0000,44.402,33.864,25.178,15.026,64.249,29.810,1689,1787,1789,1779,1292,1708,0,0,0,0,24,0,1,1,1,0,1,1,4.9908,4.9908,4.9908,4.9908,2.9084,4.5916,1688.8928,1779.6226,1817.9018,1785.5087,1270.3208,1699.7464,1,on,1
1786107070.217485,1,1,,1682.0000,1743.0000,1769.0000,1803.0000,1238.0000,1638.0000,42.947,30.654,25.596,18.628,59.224,34.376,1689,1787,1789,1779,1290,1708,0,0,0,0,56,0,1,1,1,0,1,1,4.9908,4.9908,4.9908,4.9908,2.9084,4.5916,1688.8928,1779.6226,1805.8440,1785.5087,1270.3208,1691.7734,1,on,1
1786107070.249462,1,1,,1677.0000,1726.0000,1740.0000,1797.0000,1229.0000,1653.0000,43.915,34.224,31.267,19.996,62.175,31.117,1689,1787,1789,1779,1287,1708,0,0,0,0,55,0,1,1,1,0,1,1,4.9908,4.9908,4.9908,4.9908,2.9084,4.5916,1688.8928,1768.2067,1795.9378,1785.5087,1262.0779,1691.7734,1,on,1
1786107070.290533,1,1,,1701.0000,1743.0000,1753.0000,1788.0000,1226.0000,1654.0000,39.159,30.740,28.712,21.686,63.201,30.849,1689,1787,1789,1779,1282,1700,0,71,0,0,60,8,1,1,1,0,1,1,4.9908,4.9908,4.9908,4.9908,2.9084,4.5916,1688.8928,1768.2067,1795.9378,1785.5087,1257.4429,1682.7610,1,on,1
1786107070.317091,1,1,,1691.0000,1725.0000,1746.0000,1780.0000,1224.0000,1639.0000,41.226,34.380,30.126,23.265,63.933,34.198,1689,1783,1789,1779,1279,1699,0,71,0,0,52,16,1,1,1,0,1,1,4.9908,4.9908,4.9908,4.9908,2.9084,4.5916,1688.8928,1768.2067,1784.2016,1785.5087,1257.4429,1682.7610,1,on,1
1786107070.349285,1,1,,1689.0000,1720.0000,1737.0000,1785.0000,1224.0000,1655.0000,41.618,35.313,31.878,22.367,64.082,30.634,1689,1778,1789,1779,1275,1690,0,28,0,0,54,34,1,1,1,0,1,1,4.9908,4.9908,4.9908,4.9908,2.9084,4.5916,1688.8928,1756.1300,1784.2016,1785.5087,1251.1826,1675.8353,1,on,1
1786107070.390514,1,1,,1690.0000,1724.0000,1735.0000,1780.0000,1227.0000,1652.0000,41.398,34.501,32.296,23.292,62.911,31.362,1689,1775,1789,1779,1271,1684,0,32,0,8,39,15,1,1,1,0,1,1,4.9908,4.9908,4.9908,4.9908,2.9084,4.5916,1688.8928,1756.1300,1771.4110,1785.5087,1251.1826,1675.8353,1,on,1
1786107070.417497,1,1,,1696.0000,1722.0000,1738.0000,1794.0000,1229.0000,1651.0000,40.070,35.023,31.683,20.555,62.311,31.578,1689,1773,1789,1779,1267,1682,0,0,26,13,40,14,1,1,1,0,1,1,4.9908,4.9908,4.9908,4.9908,2.9084,4.5916,1688.8928,1756.1300,1771.4110,1785.5087,1251.1826,1675.8353,0,on,1
1786107070.449536,1,1,,1687.0000,1718.0000,1732.0000,1793.0000,1226.0000,1648.0000,42.032,35.819,32.915,20.802,63.101,32.116,1689,1770,1787,1779,1265,1681,0,41,63,14,43,0,1,1,1,0,1,1,4.9908,4.9908,4.9908,4.9908,2.9084,4.5916,1688.8928,1746.2405,1763.8604,1785.5087,1245.6342,1675.8353,1,on,1
1786107070.490565,1,1,,1684.0000,1704.0000,1728.0000,1805.0000,1220.0000,1650.0000,42.568,38.574,33.713,18.354,65.164,31.847,1689,1765,1783,1779,1261,1681,0,0,25,10,48,0,1,1,1,0,1,1,4.9908,4.9908,4.9908,4.9908,2.9084,4.5916,1688.8928,1746.2405,1763.8604,1785.5087,1245.6342,1668.1038,1,on,1
1786107070.522251,1,1,,1685.0000,1713.0000,1732.0000,1786.0000,1226.0000,1650.0000,42.333,36.669,32.936,22.143,63.402,31.685,1689,1765,1781,1779,1259,1681,0,0,8,15,44,27,1,1,1,0,1,1,4.9908,4.9908,4.9908,4.9908,2.9084,4.5916,1688.8928,1738.2284,1763.8604,1785.5087,1245.6342,1668.1038,1,on,1
1786107070.554238,1,1,,1681.0000,1715.0000,1728.0000,1809.0000,1222.0000,1642.0000,43.107,36.357,33.780,17.584,64.660,33.516,1689,1765,1781,1779,1255,1677,0,0,53,19,38,28,1,1,1,0,1,1,4.9908,4.9908,4.9908,4.9908,2.9084,4.5916,1688.8928,1738.2284,1754.0170,1785.5087,1240.7861,1668.1038,1,on,1
1786107070.590201,1,1,,1686.0000,1704.0000,1734.0000,1796.0000,1223.0000,1643.0000,42.224,38.631,32.541,20.026,64.336,33.229,1689,1762,1776,1779,1253,1671,0,33,0,25,45,15,1,1,1,0,1,1,4.9908,4.9908,4.9908,4.9908,2.9084,4.5916,1688.8928,1738.2284,1754.0170,1785.5087,1240.7861,1668.1038,0,on,1
1786107070.622203,1,1,,1663.0000,1704.0000,1720.0000,1818.0000,1221.0000,1659.0000,46.828,38.492,35.313,15.696,65.134,29.803,1689,1754,1774,1779,1249,1668,0,0,23,30,32,0,1,1,1,0,1,1,4.9908,4.9908,4.9908,4.9908,2.9084,4.5916,1688.8928,1730.3769,1754.0170,1793.2401,1240.7861,1668.1038,1,on,1
1786107070.649023,1,1,,1679.0000,1713.0000,1738.0000,1788.0000,1234.0000,1646.0000,43.498,36.707,31.739,21.707,60.520,32.599,1689,1754,1773,1779,1247,1668,0,44,21,19,37,0,1,1,1,0,1,1,4.9908,4.9908,4.9908,4.9908,2.9084,4.5916,1688.8928,1730.3769,1754.0170,1793.2401,1240.7861,1668.1038,0,on,1
1786107070.690243,1,1,,1694.0000,1731.0000,1761.0000,1811.0000,1230.0000,1667.0000,40.553,33.139,27.222,17.091,61.713,28.130,1689,1740,1773,1779,1244,1668,0,10,20,25,0,0,1,1,1,0,1,1,4.9908,4.9908,4.9908,4.9908,2.9084,4.5916,1688.8928,1730.3769,1754.0170,1793.2401,1240.7861,1668.1038,0,on,1
1786107070.722207,1,1,,1657.0000,1721.0000,1766.0000,1822.0000,1237.0000,1660.0000,47.975,35.057,26.132,14.849,59.418,29.592,1689,1739,1772,1779,1243,1668,0,18,0,32,24,0,1,1,1,0,1,1,4.9908,4.9908,4.9908,4.9908,2.9084,4.5916,1688.8928,1730.3769,1754.0170,1793.2401,1240.7861,1668.1038,0,on,1
1786107070.749471,1,1,,1689.0000,1744.0000,1773.0000,1807.0000,1237.0000,1657.0000,41.596,30.481,24.744,17.826,59.569,30.310,1689,1736,1768,1779,1243,1668,0,14,39,35,29,0,1,1,1,0,1,1,4.9908,4.9908,4.9908,4.9908,2.9084,4.5916,1688.8928,1730.3769,1754.0170,1793.2401,1240.7861,1668.1038,0,on,1
1786107070.790333,1,1,,1671.0000,1733.0000,1780.0000,1811.0000,1236.0000,1659.0000,45.127,32.813,23.370,17.159,59.898,29.894,1689,1735,1762,1779,1242,1668,0,13,18,42,23,0,1,1,1,0,1,1,4.9908,4.9908,4.9908,4.9908,2.9084,4.5916,1688.8928,1730.3769,1754.0170,1793.2401,1240.7861,1668.1038,0,on,1
1786107070.817394,1,1,,1683.0000,1739.0000,1773.0000,1815.0000,1226.0000,1666.0000,42.742,31.451,24.709,16.263,63.355,28.233,1689,1735,1762,1779,1241,1668,0,0,0,48,17,0,1,1,1,0,1,1,4.9908,4.9908,4.9908,4.9908,2.9084,4.5916,1688.8928,1730.3769,1754.0170,1793.2401,1240.7861,1668.1038,0,on,1
1786107070.849462,1,1,,1686.0000,1738.0000,1765.0000,1805.0000,1225.0000,1658.0000,42.130,31.782,26.331,18.284,63.720,30.058,1689,1734,1762,1780,1241,1668,0,0,0,29,0,0,1,1,1,0,1,1,4.9908,4.9908,4.9908,4.9908,2.9084,4.5916,1688.8928,1730.3769,1754.0170,1793.2401,1240.7861,1668.1038,0,on,1
1786107070.885375,1,1,,1678.0000,1736.0000,1759.0000,1804.0000,1230.0000,1664.0000,43.818,32.147,27.509,18.522,61.819,28.673,1689,1734,1762,1780,1241,1668,0,0,0,31,0,0,1,1,1,0,1,1,4.9908,4.9908,4.9908,4.9908,2.9084,4.5916,1688.8928,1730.3769,1754.0170,1793.2401,1240.7861,1668.1038,0,on,1
1786107070.917392,1,1,,1684.0000,1719.0000,1754.0000,1799.0000,1215.0000,1660.0000,42.500,35.454,28.481,19.492,66.877,29.525,1689,1734,1762,1781,1241,1668,0,0,0,35,0,0,1,1,1,0,1,1,4.9908,4.9908,4.9908,4.9908,2.9084,4.5916,1688.8928,1730.3769,1754.0170,1793.2401,1235.5552,1668.1038,1,on,1
1786107070.949447,1,1,,1687.0000,1725.0000,1745.0000,1792.0000,1217.0000,1667.0000,41.931,34.301,30.260,20.986,66.373,28.081,1689,1734,1762,1780,1241,1668,0,17,0,39,0,0,1,1,1,0,1,1,4.9908,4.9908,4.9908,4.9908,2.9084,4.5916,1688.8928,1730.3769,1754.0170,1793.2401,1235.5552,1668.1038,0,on,1
1786107070.990317,1,1,,1683.0000,1712.0000,1730.0000,1796.0000,1199.0000,1653.0000,42.767,36.983,33.442,20.053,72.630,31.096,1689,1733,1762,1781,1241,1668,0,13,21,43,0,0,1,1,1,0,1,1,4.9908,4.9908,4.9908,4.9908,2.9084,4.5916,1688.8928,1730.3769,1754.0170,1793.2401,1235.5552,1668.1038,0,on,1
1786107071.017513,1,1,,1693.0000,1719.0000,1729.0000,1795.0000,1208.0000,1655.0000,40.683,35.582,33.640,20.334,69.599,30.752,1689,1732,1760,1781,1241,1668,0,0,22,45,9,0,1,1,1,0,1,1,4.9908,4.9908,4.9908,4.9908,2.9084,4.5916,1688.8928,1730.3769,1754.0170,1793.2401,1229.6548,1668.1038,1,on,1
1786107071.049543,1,1,,1694.0000,1716.0000,1722.0000,1791.0000,1197.0000,1658.0000,40.531,36.086,34.857,21.106,73.188,30.066,1689,1732,1759,1781,1240,1668,0,0,20,41,22,0,1,1,1,0,1,1,4.9908,4.9908,4.9908,4.9908,2.9084,4.5916,1688.8928,1730.3769,1754.0170,1793.2401,1229.6548,1668.1038,0,on,1
1786107071.085602,1,1,,1691.0000,1715.0000,1725.0000,1795.0000,1197.0000,1659.0000,41.150,36.260,34.411,20.243,73.084,29.897,1689,1732,1758,1781,1238,1668,0,0,23,49,45,0,1,1,1,0,1,1,4.9908,4.9908,4.9908,4.9908,2.9084,4.5916,1688.8928,1730.3769,1754.0170,1793.2401,1223.8524,1668.1038,1,on,1
1786107071.117509,1,1,,1698.0000,1715.0000,1723.0000,1797.0000,1199.0000,1662.0000,39.672,36.331,34.760,19.819,72.696,29.167,1689,1732,1757,1781,1235,1668,0,0,15,0,43,0,1,1,1,0,1,1,4.9908,4.9908,4.9908,4.9908,2.9084,4.5916,1688.8928,1730.3769,1745.8152,1793.2401,1223.8524,1668.1038,1,on,1
1786107071.149492,1,1,,1707.0000,1715.0000,1726.0000,1793.0000,1198.0000,1663.0000,38.011,36.443,34.183,20.621,72.967,28.843,1689,1732,1757,1781,1232,1668,0,0,18,0,57,0,1,1,1,0,1,1,4.9908,4.9908,4.9908,4.9908,2.9084,4.5916,1688.8928,1730.3769,1745.8152,1793.2401,1223.8524,1668.1038,0,on,1
1786107071.190495,1,1,,1714.0000,1719.0000,1727.0000,1794.0000,1197.0000,1669.0000,36.633,35.509,33.853,20.581,73.206,27.538,1689,1732,1756,1781,1227,1669,0,0,38,0,10,0,1,1,1,0,1,1,4.9908,4.9908,4.9908,4.9908,2.9084,4.5916,1688.8928,1730.3769,1745.8152,1793.2401,1217.7614,1668.1038,1,on,1
1786107071.217520,1,1,,1704.0000,1722.0000,1733.0000,1796.0000,1199.0000,1662.0000,38.522,35.019,32.737,20.081,72.707,29.051,1689,1732,1752,1781,1226,1668,0,0,28,0,0,0,1,1,1,0,1,1,4.9908,4.9908,4.9908,4.9908,2.9084,4.5916,1688.8928,1730.3769,1745.8152,1793.2401,1217.7614,1668.1038,0,on,1
1786107071.249477,1,1,,1688.0000,1707.0000,1738.0000,1818.0000,1179.0000,1650.0000,41.796,37.854,31.668,15.634,79.408,31.781,1689,1732,1746,1781,1226,1668,0,0,0,0,37,0,1,1,1,0,1,1,4.9908,4.9908,4.9908,4.9908,2.9084,4.5916,1688.8928,1730.3769,1745.8152,1793.2401,1213.1651,1668.1038,1,on,1
1786107071.285510,1,1,,1690.0000,1713.0000,1738.0000,1810.0000,1187.0000,1670.0000,41.342,36.663,31.736,17.308,76.549,27.396,1689,1732,1746,1781,1224,1668,0,0,0,0,53,0,1,1,1,0,1,1,4.9908,4.9908,4.9908,4.9908,2.9084,4.5916,1688.8928,1730.3769,1745.8152,1793.2401,1213.1651,1668.1038,0,on,1
1786107071.317479,1,1,,1684.0000,1719.0000,1730.0000,1811.0000,1199.0000,1656.0000,42.626,35.553,33.363,17.110,72.440,30.470,1689,1732,1746,1781,1219,1668,0,0,0,0,51,0,1,1,1,0,1,1,4.9908,4.9908,4.9908,4.9908,2.9084,4.5916,1688.8928,1730.3769,1745.8152,1793.2401,1213.1651,1668.1038,0,on,1
1786107071.349528,1,1,,1697.0000,1709.0000,1737.0000,1808.0000,1185.0000,1664.0000,40.023,37.628,31.998,17.657,77.395,28.780,1689,1732,1746,1781,1216,1668,0,0,0,0,0,0,1,1,1,0,1,1,4.9908,4.9908,4.9908,4.9908,2.9084,4.5916,1688.8928,1730.3769,1745.8152,1793.2401,1208.0848,1668.1038,1,on,1
1786107071.390481,1,1,,1678.0000,1704.0000,1744.0000,1832.0000,1190.0000,1662.0000,43.688,38.473,30.611,12.896,75.783,29.174,1689,1732,1747,1781,1216,1668,0,0,0,0,21,0,1,1,1,0,1,1,4.9908,4.9908,4.9908,4.9908,2.9084,4.5916,1688.8928,1722.2851,1745.8152,1802.3328,1208.0848,1668.1038,1,on,1
1786107071.417419,1,0,handedness unsure,1675.0000,1718.0000,1780.0000,1824.0000,1199.0000,1665.0000,44.358,35.805,23.239,14.514,72.687,28.452,1689,1732,1746,1781,1215,1668,0,0,0,0,30,0,1,1,1,0,1,1,4.9908,4.9908,4.9908,4.9908,2.9084,4.5916,1688.8928,1722.2851,1745.8152,1802.3328,1208.0848,1668.1038,0,on,1
1786107071.449435,1,0,handedness unsure,1687.0000,1742.0000,1799.0000,1825.0000,1204.0000,1686.0000,41.951,30.881,19.444,14.379,70.791,23.950,1689,1732,1747,1781,1214,1668,0,0,0,0,32,0,1,1,1,0,1,1,4.9908,4.9908,4.9908,4.9908,2.9084,4.5916,1688.8928,1722.2851,1745.8152,1802.3328,1208.0848,1668.1038,0,on,1
1786107071.490467,1,0,handedness unsure,1679.0000,1747.0000,1802.0000,1831.0000,1219.0000,1680.0000,43.506,29.856,18.923,13.152,65.649,25.300,1689,1731,1747,1781,1211,1668,0,24,0,0,0,0,1,1,1,0,1,1,4.9908,4.9908,4.9908,4.9908,2.9084,4.5916,1688.8928,1722.2851,1756.7965,1802.3328,1208.0848,1668.1038,1,on,1
1786107071.522447,1,0,handedness unsure,1688.0000,1761.0000,1809.0000,1829.0000,1222.0000,1702.0000,41.714,27.051,17.501,13.425,64.496,20.395,1689,1728,1747,1781,1211,1668,0,19,0,0,24,0,1,1,0,0,1,1,4.9908,4.9908,4.9908,4.9908,2.9084,4.5916,1688.8928,1722.2851,1756.7965,1802.3328,1208.0848,1668.1038,0,on,1
1786107071.554277,1,0,handedness unsure,1674.0000,1744.0000,1802.0000,1815.0000,1234.0000,1709.0000,44.466,30.521,18.873,16.227,60.659,18.842,1689,1726,1747,1781,1210,1668,0,16,34,0,25,0,1,1,0,0,1,1,4.9908,4.9908,4.9908,4.9908,2.9084,4.5916,1688.8928,1722.2851,1768.2783,1802.3328,1208.0848,1668.1038,1,on,1
1786107071.590303,1,0,handedness unsure,1675.0000,1760.0000,1776.0000,1838.0000,1239.0000,1704.0000,44.284,27.249,24.046,11.614,58.697,20.077,1689,1726,1754,1781,1209,1668,0,0,11,0,20,0,1,1,0,0,1,1,4.9908,4.9908,4.9908,4.9908,2.9084,4.5916,1688.8928,1730.7207,1768.2783,1811.3954,1208.0848,1668.1038,1,on,1
1786107071.622224,1,0,handedness unsure,1667.0000,1772.0000,1802.0000,1828.0000,1253.0000,1700.0000,46.018,25.014,18.979,13.626,53.871,20.962,1689,1726,1758,1781,1208,1669,0,0,28,0,0,0,1,0,0,0,1,1,4.9908,4.9908,4.9908,4.9908,2.9084,4.5916,1688.8928,1730.7207,1768.2783,1811.3954,1208.0848,1668.1038,0,on,1
1786107071.649474,1,0,handedness unsure,1682.0000,1801.0000,1796.0000,1824.0000,1258.0000,1712.0000,43.000,19.137,20.048,14.516,52.408,18.265,1689,1726,1765,1781,1208,1668,0,14,18,0,0,0,1,0,0,0,1,1,4.9908,4.9908,4.9908,4.9908,2.9084,4.5916,1688.8928,1743.1273,1768.2783,1811.3954,1208.0848,1668.1038,1,on,1
1786107071.690314,1,0,handedness unsure,1702.0000,1803.0000,1825.0000,1818.0000,1272.0000,1721.0000,38.950,18.701,14.277,15.662,47.353,16.354,1689,1726,1768,1781,1208,1668,0,25,0,0,0,0,1,0,0,0,1,1,4.9908,4.9908,4.9908,4.9908,2.9084,4.5916,1688.8928,1753.4390,1780.5511,1811.3954,1208.0848,1668.1038,1,on,1
1786107071.722275,1,0,handedness unsure,1680.0000,1785.0000,1809.0000,1827.0000,1271.0000,1711.0000,43.312,22.385,17.600,13.864,47.729,18.568,1689,1729,1768,1781,1208,1668,0,40,32,0,0,0,1,0,0,0,1,1,4.9908,4.9908,4.9908,4.9908,2.9084,4.5916,1688.8928,1753.4390,1780.5511,1811.3954,1208.0848,1668.1038,0,on,1
1786107071.754276,1,0,handedness unsure,1686.0000,1786.0000,1787.0000,1830.0000,1252.0000,1704.0000,42.142,22.209,21.853,13.329,54.379,20.043,1689,1737,1773,1781,1208,1668,0,26,28,0,0,0,1,0,0,0,1,1,4.9908,4.9908,4.9908,4.9908,2.9084,4.5916,1688.8928,1753.4390,1780.5511,1811.3954,1208.0848,1668.1038,0,on,1
1786107071.790297,1,0,handedness unsure,1667.0000,1766.0000,1796.0000,1830.0000,1251.0000,1695.0000,46.064,26.043,20.193,13.225,54.749,21.881,1689,1743,1777,1781,1208,1668,0,19,14,0,0,0,1,0,0,0,1,1,4.9908,4.9908,4.9908,4.9908,2.9084,4.5916,1688.8928,1753.4390,1780.5511,1811.3954,1208.0848,1668.1038,0,on,1
1786107071.821570,1,0,handedness unsure,1686.0000,1791.0000,1797.0000,1837.0000,1264.0000,1707.0000,42.117,21.152,20.005,11.839,50.041,19.265,1689,1746,1779,1781,1208,1668,0,29,0,0,0,0,1,0,0,0,1,1,4.9908,4.9908,4.9908,4.9908,2.9084,4.5916,1688.8928,1763.2777,1780.5511,1811.3954,1208.0848,1668.1038,1,on,1
1786107071.853569,1,0,handedness unsure,1698.0000,1791.0000,1799.0000,1825.0000,1281.0000,1727.0000,39.774,21.188,19.614,14.323,44.372,14.902,1689,1749,1779,1781,1208,1668,0,0,0,0,0,0,1,0,0,0,1,1,4.9908,4.9908,4.9908,4.9908,2.9084,4.5916,1688.8928,1763.2777,1780.5511,1811.3954,1208.0848,1668.1038,0,on,1
1786107071.887169,1,0,handedness unsure,1682.0000,1794.0000,1814.0000,1825.0000,1277.0000,1729.0000,42.863,20.580,16.582,14.318,45.700,14.487,1689,1750,1779,1781,1208,1668,0,0,0,0,0,0,1,0,0,0,1,1,4.9908,4.9908,4.9908,4.9908,2.9084,4.5916,1688.8928,1763.2777,1780.5511,1811.3954,1208.0848,1668.1038,0,on,1
1786107071.919190,1,0,handedness unsure,1713.0000,1807.0000,1818.0000,1809.0000,1287.0000,1750.0000,36.699,17.851,15.672,17.475,42.165,9.964,1689,1750,1779,1781,1208,1668,0,0,0,0,0,0,1,0,0,0,1,1,4.9908,4.9908,4.9908,4.9908,2.9084,4.5916,1688.8928,1772.0579,1790.1681,1811.3954,1208.0848,1668.1038,1,on,1
1786107071.951186,1,0,handedness unsure,1712.0000,1766.0000,1815.0000,1798.0000,1295.0000,1739.0000,37.005,26.126,16.278,19.757,39.685,12.410,1689,1750,1779,1781,1208,1668,0,0,0,0,0,0,1,0,0,0,1,1,4.9908,4.9908,4.9908,4.9908,2.9084,4.5916,1688.8928,1772.0579,1790.1681,1811.3954,1208.0848,1668.1038,0,on,1
1786107071.985406,1,0,handedness unsure,1735.0000,1802.0000,1836.0000,1778.0000,1300.0000,1718.0000,32.435,18.820,12.062,23.731,37.742,16.966,1689,1756,1779,1781,1208,1668,0,22,23,0,0,0,1,0,0,0,1,1,4.9908,4.9908,4.9908,4.9908,2.9084,4.5916,1688.8928,1772.0579,1790.1681,1811.3954,1208.0848,1668.1038,0,on,1
1786107072.017359,1,0,handedness unsure,1719.0000,1788.0000,1830.0000,1787.0000,1310.0000,1705.0000,35.520,21.773,13.384,21.891,34.439,19.789,1689,1758,1781,1781,1208,1668,0,0,20,0,0,0,1,0,0,0,1,1,4.9908,4.9908,4.9908,4.9908,2.9084,4.5916,1688.8928,1772.0579,1800.1843,1811.3954,1208.0848,1668.1038,1,on,1
1786107072.049534,1,0,handedness unsure,1729.0000,1791.0000,1832.0000,1774.0000,1309.0000,1696.0000,33.533,21.153,12.949,24.542,34.697,21.706,1689,1760,1785,1781,1208,1668,0,51,14,0,0,0,1,0,0,0,1,1,4.9908,4.9908,4.9908,4.9908,2.9084,4.5916,1698.7752,1772.0579,1800.1843,1811.3954,1208.0848,1668.1038,1,on,1
1786107072.085553,1,0,handedness unsure,1726.0000,1793.0000,1825.0000,1767.0000,1303.0000,1694.0000,34.095,20.710,14.360,25.851,36.740,22.256,1689,1765,1786,1781,1208,1668,29,24,12,0,0,0,0,0,0,0,1,1,4.9908,4.9908,4.9908,4.9908,2.9084,4.5916,1698.7752,1772.0579,1800.1843,1803.5532,1208.0848,1668.1038,1,on,1
1786107072.117526,1,0,handedness unsure,1734.0000,1800.0000,1826.0000,1768.0000,1315.0000,1697.0000,32.498,19.286,14.114,25.702,32.828,21.523,1691,1767,1788,1781,1208,1668,36,28,0,0,0,0,0,0,1,0,1,1,4.9908,4.9908,4.9908,4.9908,2.9084,4.5916,1698.7752,1772.0579,1800.1843,1803.5532,1208.0848,1668.1038,0,on,1
1786107072.149609,1,0,handedness unsure,1716.0000,1780.0000,1827.0000,1756.0000,1301.0000,1692.0000,36.153,23.318,13.856,28.148,37.609,22.497,1700,1773,1788,1781,1208,1668,0,24,0,0,0,0,1,0,1,0,1,1,4.9908,4.9908,4.9908,4.9908,2.9084,4.5916,1698.7752,1772.0579,1808.4769,1794.7386,1208.0848,1668.1038,1,on,1
1786107072.267623,1,0,handedness unsure,1713.0000,1812.0000,1821.0000,1784.0000,1314.0000,1695.0000,36.760,16.884,15.139,22.623,33.074,21.859,1700,1773,1788,1781,1208,1668,0,24,0,0,0,0,1,0,1,0,1,1,4.9908,4.9908,4.9908,4.9908,2.9084,4.5916,1698.7752,1781.9701,1808.4769,1794.7386,1208.0848,1668.1038,1,on,1
1786107072.283388,1,0,handedness unsure,1710.0000,1777.0000,1810.0000,1762.0000,1296.0000,1688.0000,37.394,23.976,17.263,26.899,39.165,23.479,1700,1773,1788,1781,1208,1668,0,25,0,0,0,0,1,0,1,0,1,1,4.9908,4.9908,4.9908,4.9908,2.9084,4.5916,1698.7752,1781.9701,1808.4769,1794.7386,1208.0848,1668.1038,0,on,1
1786107072.296162,1,0,handedness unsure,1711.0000,1793.0000,1824.0000,1776.0000,1309.0000,1691.0000,37.241,20.631,14.439,24.075,34.598,22.803,1700,1773,1788,1781,1208,1668,0,0,0,0,0,0,1,0,1,0,1,1,4.9908,4.9908,4.9908,4.9908,2.9084,4.5916,1698.7752,1781.9701,1808.4769,1794.7386,1208.0848,1668.1038,0,on,1
1786107072.311431,1,0,handedness unsure,1714.0000,1772.0000,1814.0000,1763.0000,1294.0000,1695.0000,36.611,24.847,16.524,26.828,39.943,21.909,1700,1773,1789,1781,1208,1668,0,24,0,0,0,0,1,0,1,0,1,1,4.9908,4.9908,4.9908,4.9908,2.9084,4.5916,1706.2786,1781.9701,1808.4769,1794.7386,1208.0848,1668.1038,1,on,1
1786107072.322139,1,0,handedness unsure,1697.0000,1791.0000,1826.0000,1770.0000,1304.0000,1690.0000,39.876,21.205,14.114,25.377,36.580,23.144,1700,1773,1789,1781,1208,1668,0,38,0,0,0,0,1,0,1,0,1,1,4.9908,4.9908,4.9908,4.9908,2.9084,4.5916,1706.2786,1781.9701,1808.4769,1794.7386,1208.0848,1668.1038,0,on,1
1786107072.350731,1,0,handedness unsure,1708.0000,1798.0000,1834.0000,1769.0000,1307.0000,1688.0000,37.840,19.810,12.409,25.490,35.253,23.422,1700,1775,1789,1781,1208,1668,0,50,0,0,0,0,0,0,1,0,1,1,4.9908,4.9908,4.9908,4.9908,2.9084,4.5916,1706.2786,1781.9701,1808.4769,1786.6678,1208.0848,1668.1038,1,on,1
1786107072.386627,1,0,handedness unsure,1709.0000,1786.0000,1833.0000,1765.0000,1304.0000,1685.0000,37.609,22.128,12.730,26.237,36.285,24.204,1700,1780,1788,1781,1208,1669,0,21,0,0,0,0,0,0,1,0,1,1,4.9908,4.9908,4.9908,4.9908,2.9084,4.5916,1706.2786,1781.9701,1808.4769,1786.6678,1208.0848,1668.1038,0,on,1
1786107072.418112,1,0,handedness unsure,1718.0000,1784.0000,1829.0000,1760.0000,1304.0000,1689.0000,35.801,22.470,13.606,27.263,36.270,23.163,1700,1780,1788,1781,1208,1668,19,23,0,0,0,0,0,0,1,0,1,1,4.9908,4.9908,4.9908,4.9908,2.9084,4.5916,1706.2786,1781.9701,1808.4769,1786.6678,1208.0848,1668.1038,0,on,1
1786107072.449495,1,0,handedness unsure,1701.0000,1792.0000,1833.0000,1764.0000,1310.0000,1684.0000,39.203,20.888,12.703,26.572,34.531,24.430,1702,1780,1789,1781,1208,1668,19,28,0,0,0,0,0,0,1,0,1,1,4.9908,4.9908,4.9908,4.9908,2.9084,4.5916,1706.2786,1781.9701,1808.4769,1786.6678,1208.0848,1668.1038,0,on,1
1786107072.486024,1,0,handedness unsure,1712.0000,1798.0000,1831.0000,1763.0000,1301.0000,1687.0000,36.961,19.809,13.015,26.777,37.504,23.781,1704,1780,1788,1781,1208,1668,0,32,0,0,0,0,0,0,1,0,1,1,4.9908,4.9908,4.9908,4.9908,2.9084,4.5916,1706.2786,1781.9701,1816.8035,1786.6678,1208.0848,1668.1038,1,on,1
1786107072.517413,1,0,handedness unsure,1710.0000,1804.0000,1835.0000,1772.0000,1313.0000,1681.0000,37.430,18.419,12.349,24.913,33.283,24.920,1704,1781,1789,1781,1208,1668,0,33,0,0,0,0,0,0,1,0,1,1,4.9908,4.9908,4.9908,4.9908,2.9084,4.5916,1706.2786,1781.9701,1816.8035,1786.6678,1208.0848,1668.1038,0,on,1
1786107072.549435,1,0,handedness unsure,1709.0000,1782.0000,1825.0000,1763.0000,1300.0000,1685.0000,37.609,22.891,14.373,26.739,37.710,24.202,1704,1781,1788,1781,1208,1668,0,35,0,0,0,0,0,0,1,0,1,1,4.9908,4.9908,4.9908,4.9908,2.9084,4.5916,1706.2786,1781.9701,1816.8035,1778.4494,1208.0848,1668.1038,1,on,1
1786107072.590329,1,0,handedness unsure,1706.0000,1786.0000,1830.0000,1756.0000,1298.0000,1688.0000,38.178,22.094,13.258,28.058,38.489,23.386,1704,1781,1789,1781,1208,1668,9,41,0,0,0,0,0,0,1,1,1,1,4.9908,4.9908,4.9908,4.9908,2.9084,4.5916,1706.2786,1781.9701,1816.8035,1778.4494,1208.0848,1668.1038,0,on,1
1786107072.620996,1,0,handedness unsure,1717.0000,1802.0000,1829.0000,1781.0000,1312.0000,1687.0000,35.975,18.958,13.570,23.195,33.790,23.672,1704,1784,1788,1781,1208,1668,13,0,0,0,0,0,0,1,1,1,1,1,4.9908,4.9908,4.9908,4.9908,2.9084,4.5916,1706.2786,1781.9701,1816.8035,1778.4494,1208.0848,1668.1038,0,on,1
1786107072.649565,1,0,handedness unsure,1712.0000,1777.0000,1820.0000,1761.0000,1295.0000,1694.0000,36.864,23.992,15.325,27.211,39.492,22.095,1704,1784,1788,1781,1208,1668,20,0,0,0,0,0,0,1,1,1,1,1,4.9908,4.9908,4.9908,4.9908,2.9084,4.5916,1706.2786,1781.9701,1816.8035,1778.4494,1208.0848,1668.1038,0,on,1
1786107072.721005,1,0,handedness unsure,1688.0000,1799.0000,1830.0000,1770.0000,1300.0000,1692.0000,41.794,19.441,13.338,25.232,37.737,22.567,1707,1784,1788,1781,1208,1669,19,0,0,0,0,0,1,1,1,1,1,1,4.9908,4.9908,4.9908,4.9908,2.9084,4.5916,1706.2786,1781.9701,1816.8035,1778.4494,1208.0848,1668.1038,0,on,1
1786107072.746061,1,0,handedness unsure,1699.0000,1801.0000,1829.0000,1770.0000,1313.0000,1687.0000,39.575,19.057,13.471,25.292,33.334,23.635,1707,1784,1788,1781,1208,1668,0,0,0,0,0,0,1,1,1,1,1,1,4.9908,4.9908,4.9908,4.9908,2.9084,4.5916,1706.2786,1781.9701,1816.8035,1778.4494,1208.0848,1668.1038,0,on,1
1786107072.776419,1,0,handedness unsure,1707.0000,1776.0000,1807.0000,1766.0000,1287.0000,1692.0000,38.002,24.224,17.852,26.181,42.327,22.655,1707,1784,1788,1781,1208,1668,0,0,0,0,10,0,1,1,1,1,1,1,4.9908,4.9908,4.9908,4.9908,2.9084,4.5916,1706.2786,1781.9701,1816.8035,1778.4494,1208.0848,1668.1038,0,on,1
1786107072.806562,1,0,handedness unsure,1684.0000,1792.0000,1822.0000,1784.0000,1302.0000,1691.0000,42.580,21.008,14.989,22.576,37.125,22.741,1707,1784,1788,1781,1208,1668,0,0,0,0,0,0,1,1,1,1,1,1,4.9908,4.9908,4.9908,4.9908,2.9084,4.5916,1706.2786,1781.9701,1816.8035,1778.4494,1208.0848,1668.1038,0,on,1
1786107072.834471,1,0,handedness unsure,1699.0000,1803.0000,1826.0000,1769.0000,1304.0000,1678.0000,39.613,18.739,14.108,25.470,36.439,25.678,1707,1784,1788,1781,1208,1668,0,0,0,0,0,0,1,1,1,1,1,1,4.9908,4.9908,4.9908,4.9908,2.9084,4.5916,1706.2786,1781.9701,1816.8035,1778.4494,1208.0848,1668.1038,0,on,1
1786107072.857667,1,0,handedness unsure,1706.0000,1784.0000,1825.0000,1764.0000,1300.0000,1688.0000,38.084,22.460,14.301,26.530,37.709,23.425,1707,1784,1789,1781,1208,1668,0,0,0,0,8,0,1,1,1,1,1,1,4.9908,4.9908,4.9908,4.9908,2.9084,4.5916,1706.2786,1781.9701,1816.8035,1778.4494,1208.0848,1668.1038,0,on,1
1786107072.887289,1,0,handedness unsure,1699.0000,1789.0000,1827.0000,1763.0000,1303.0000,1685.0000,39.610,21.469,13.885,26.662,36.842,24.098,1707,1784,1788,1781,1208,1668,0,0,0,0,10,0,1,1,1,1,1,1,4.9908,4.9908,4.9908,4.9908,2.9084,4.5916,1706.2786,1781.9701,1816.8035,1778.4494,1208.0848,1668.1038,0,on,1
1786107072.919196,1,0,handedness unsure,1698.0000,1796.0000,1824.0000,1778.0000,1306.0000,1680.0000,39.726,20.092,14.445,23.709,35.627,25.242,1707,1784,1788,1781,1208,1668,0,0,0,0,21,0,1,1,1,1,1,1,4.9908,4.9908,4.9908,4.9908,2.9084,4.5916,1706.2786,1781.9701,1816.8035,1778.4494,1208.0848,1668.1038,0,on,1
1786107072.951284,1,0,handedness unsure,1688.0000,1770.0000,1812.0000,1761.0000,1297.0000,1689.0000,41.705,25.251,16.882,27.199,38.860,23.290,1707,1784,1788,1781,1208,1668,0,0,0,0,0,0,1,1,1,1,1,1,4.9908,4.9908,4.9908,4.9908,2.9084,4.5916,1706.2786,1781.9701,1816.8035,1778.4494,1208.0848,1668.1038,0,on,1
1786107072.990536,1,0,handedness unsure,1692.0000,1765.0000,1808.0000,1764.0000,1294.0000,1679.0000,41.047,26.426,17.801,26.436,39.806,25.512,1707,1784,1788,1781,1208,1669,0,0,0,0,0,0,1,1,1,1,1,1,4.9908,4.9908,4.9908,4.9908,2.9084,4.5916,1706.2786,1781.9701,1816.8035,1778.4494,1208.0848,1668.1038,0,on,1
1786107073.020505,1,0,handedness unsure,1707.0000,1790.0000,1833.0000,1773.0000,1297.0000,1688.0000,37.970,21.271,12.712,24.732,39.004,23.373,1707,1784,1788,1781,1208,1669,0,0,0,0,0,0,1,1,1,1,1,1,4.9908,4.9908,4.9908,4.9908,2.9084,4.5916,1706.2786,1781.9701,1816.8035,1778.4494,1208.0848,1668.1038,0,on,1
1786107073.049582,1,0,handedness unsure,1686.0000,1781.0000,1827.0000,1772.0000,1299.0000,1685.0000,42.137,23.132,13.884,24.961,38.132,24.177,1707,1784,1788,1781,1208,1668,0,0,0,0,0,0,1,1,1,1,1,1,4.9908,4.9908,4.9908,4.9908,2.9084,4.5916,1706.2786,1781.9701,1816.8035,1778.4494,1208.0848,1668.1038,0,on,1
1786107073.086112,1,0,handedness unsure,1706.0000,1786.0000,1825.0000,1772.0000,1302.0000,1687.0000,38.204,22.061,14.285,24.852,37.116,23.712,1707,1784,1788,1781,1208,1668,0,0,0,0,0,0,1,1,1,1,1,1,4.9908,4.9908,4.9908,4.9908,2.9084,4.5916,1706.2786,1781.9701,1816.8035,1778.4494,1208.0848,1668.1038,0,on,1
1786107073.117609,1,0,handedness unsure,1702.0000,1796.0000,1825.0000,1768.0000,1303.0000,1682.0000,38.897,20.050,14.397,25.661,36.882,24.866,1707,1784,1788,1781,1208,1669,0,0,0,0,0,0,1,1,1,1,1,1,4.9908,4.9908,4.9908,4.9908,2.9084,4.5916,1706.2786,1781.9701,1816.8035,1778.4494,1208.0848,1668.1038,0,on,1
1786107073.149621,1,0,handedness unsure,1713.0000,1780.0000,1818.0000,1759.0000,1288.0000,1694.0000,36.796,23.254,15.741,27.584,42.083,22.269,1707,1784,1789,1781,1208,1669,0,0,0,0,0,0,1,1,1,1,1,1,4.9908,4.9908,4.9908,4.9908,2.9084,4.5916,1706.2786,1781.9701,1816.8035,1778.4494,1208.0848,1668.1038,0,on,1
1786107073.185625,1,0,handedness unsure,1704.0000,1792.0000,1822.0000,1777.0000,1304.0000,1684.0000,38.568,20.908,14.984,23.827,36.546,24.289,1707,1784,1788,1781,1208,1668,0,0,0,0,0,0,1,1,1,1,1,1,4.9908,4.9908,4.9908,4.9908,2.9084,4.5916,1706.2786,1781.9701,1816.8035,1778.4494,1208.0848,1668.1038,0,on,1
1786107073.217577,1,0,handedness unsure,1702.0000,1793.0000,1824.0000,1767.0000,1301.0000,1685.0000,38.986,20.800,14.534,25.990,37.326,24.176,1707,1784,1788,1781,1208,1668,0,0,0,0,0,0,1,1,1,1,1,1,4.9908,4.9908,4.9908,4.9908,2.9084,4.5916,1706.2786,1781.9701,1816.8035,1778.4494,1208.0848,1668.1038,0,on,1
1786107073.249529,1,0,handedness unsure,1703.0000,1800.0000,1827.0000,1775.0000,1301.0000,1682.0000,38.659,19.319,13.937,24.364,37.334,24.676,1707,1784,1788,1781,1208,1668,0,0,0,0,0,0,1,1,1,1,1,1,4.9908,4.9908,4.9908,4.9908,2.9084,4.5916,1706.2786,1781.9701,1816.8035,1778.4494,1208.0848,1668.1038,0,on,1
1786107073.290400,1,0,handedness unsure,1706.0000,1790.0000,1819.0000,1782.0000,1304.0000,1682.0000,38.072,21.263,15.428,22.910,36.477,24.687,1707,1784,1788,1781,1208,1668,0,0,0,0,0,0,1,1,1,1,1,1,4.9908,4.9908,4.9908,4.9908,2.9084,4.5916,1706.2786,1781.9701,1816.8035,1778.4494,1208.0848,1668.1038,0,on,1
1786107073.322274,1,0,handedness unsure,1695.0000,1777.0000,1818.0000,1766.0000,1282.0000,1692.0000,40.319,23.985,15.797,26.117,43.960,22.645,1707,1784,1788,1781,1208,1669,0,0,0,0,0,0,1,1,1,1,1,1,4.9908,4.9908,4.9908,4.9908,2.9084,4.5916,1706.2786,1781.9701,1816.8035,1778.4494,1208.0848,1668.1038,0,on,1
1786107073.354483,1,0,handedness unsure,1695.0000,1769.0000,1824.0000,1774.0000,1302.0000,1682.0000,40.303,25.562,14.460,24.572,37.257,24.740,1707,1784,1788,1781,1208,1669,0,0,0,0,0,0,1,1,1,1,1,1,4.9908,4.9908,4.9908,4.9908,2.9084,4.5916,1706.2786,1781.9701,1816.8035,1778.4494,1208.0848,1668.1038,0,on,1
1786107073.385633,1,0,handedness unsure,1709.0000,1784.0000,1825.0000,1770.0000,1295.0000,1695.0000,37.631,22.599,14.214,25.243,39.449,21.911,1707,1784,1788,1781,1208,1668,0,0,0,0,0,0,1,1,1,1,1,1,4.9908,4.9908,4.9908,4.9908,2.9084,4.5916,1706.2786,1781.9701,1816.8035,1778.4494,1208.0848,1668.1038,0,on,1
1786107073.417585,1,0,handedness unsure,1705.0000,1773.0000,1824.0000,1771.0000,1301.0000,1685.0000,38.354,24.737,14.568,25.085,37.523,24.137,1707,1784,1788,1781,1208,1669,0,0,0,0,0,0,1,1,1,1,1,1,4.9908,4.9908,4.9908,4.9908,2.9084,4.5916,1706.2786,1781.9701,1816.8035,1778.4494,1208.0848,1668.1038,0,on,1
1786107073.485825,1,0,handedness unsure,1707.0000,1779.0000,1819.0000,1778.0000,1300.0000,1684.0000,37.940,23.517,15.606,23.825,37.665,24.424,1707,1784,1788,1781,1208,1669,0,0,0,0,0,0,1,1,1,1,1,1,4.9908,4.9908,4.9908,4.9908,2.9084,4.5916,1706.2786,1781.9701,1816.8035,1778.4494,1208.0848,1668.1038,0,on,1
1786107073.516005,1,0,handedness unsure,1712.0000,1769.0000,1803.0000,1762.0000,1296.0000,1692.0000,36.906,25.619,18.671,26.903,39.050,22.532,1707,1784,1788,1781,1208,1668,0,0,0,0,0,0,1,1,1,1,1,1,4.9908,4.9908,4.9908,4.9908,2.9084,4.5916,1706.2786,1781.9701,1816.8035,1778.4494,1208.0848,1668.1038,0,on,1
1786107073.537628,1,0,handedness unsure,1727.0000,1752.0000,1794.0000,1747.0000,1292.0000,1703.0000,34.036,28.932,20.454,29.885,40.653,20.295,1707,1784,1788,1781,1208,1668,0,0,0,0,0,0,1,1,1,1,1,1,4.9908,4.9908,4.9908,4.9908,2.9084,4.5916,1706.2786,1781.9701,1816.8035,1778.4494,1208.0848,1668.1038,0,on,1
1786107073.565615,1,1,,1723.0000,1762.0000,1796.0000,1741.0000,1288.0000,1695.0000,34.814,26.988,20.181,31.129,42.011,21.965,1707,1784,1788,1781,1208,1668,0,0,0,0,0,0,1,1,1,1,1,1,4.9908,4.9908,4.9908,4.9908,2.9084,4.5916,1706.2786,1781.9701,1816.8035,1769.7380,1213.0516,1668.1038,1,on,1
1786107073.593627,1,0,handedness unsure,1709.0000,1764.0000,1779.0000,1741.0000,1288.0000,1696.0000,37.622,26.607,23.482,31.172,41.810,21.835,1707,1784,1788,1781,1208,1668,0,0,0,0,0,0,1,1,1,1,0,1,4.9908,4.9908,4.9908,4.9908,2.9084,4.5916,1706.2786,1781.9701,1816.8035,1769.7380,1213.0516,1668.1038,0,on,1
1786107073.621402,1,1,,1726.0000,1769.0000,1797.0000,1747.0000,1297.0000,1694.0000,34.216,25.528,19.910,29.901,38.724,22.212,1707,1784,1788,1781,1208,1668,0,0,0,22,0,0,1,1,1,1,0,1,4.9908,4.9908,4.9908,4.9908,2.9084,4.5916,1706.2786,1781.9701,1816.8035,1769.7380,1224.7441,1668.1038,1,on,1
1786107073.649597,1,1,,1710.0000,1777.0000,1792.0000,1745.0000,1293.0000,1682.0000,37.412,23.853,20.849,30.284,40.085,24.716,1707,1784,1788,1781,1208,1669,0,0,0,35,0,0,1,1,1,1,0,1,4.9908,4.9908,4.9908,4.9908,2.9084,4.5916,1706.2786,1781.9701,1816.8035,1769.7380,1235.5818,1668.1038,1,on,1
1786107073.685416,1,0,handedness unsure,1718.0000,1778.0000,1802.0000,1742.0000,1301.0000,1686.0000,35.713,23.742,18.925,30.978,37.310,23.962,1707,1784,1788,1781,1208,1669,0,0,0,22,36,0,1,1,1,1,0,1,4.9908,4.9908,4.9908,4.9908,2.9084,4.5916,1706.2786,1781.9701,1816.8035,1769.7380,1235.5818,1668.1038,0,on,1
1786107073.717236,1,0,handedness unsure,1712.0000,1783.0000,1793.0000,1750.0000,1301.0000,1702.0000,36.910,22.662,20.743,29.424,37.499,20.494,1707,1784,1788,1776,1212,1669,0,0,0,41,35,0,1,1,1,1,0,1,4.9908,4.9908,4.9908,4.9908,2.9084,4.5916,1706.2786,1781.9701,1816.8035,1761.7752,1235.5818,1668.1038,1,on,1
1786107073.749485,1,1,,1707.0000,1785.0000,1781.0000,1733.0000,1290.0000,1694.0000,37.879,22.367,23.192,32.737,41.140,22.175,1707,1784,1788,1772,1214,1669,0,0,0,0,46,0,1,1,1,1,0,1,4.9908,4.9908,4.9908,4.9908,2.9084,4.5916,1706.2786,1781.9701,1807.5475,1761.7752,1244.6633,1668.1038,1,on,1
1786107073.785519,1,1,,1703.0000,1773.0000,1773.0000,1736.0000,1286.0000,1703.0000,38.730,24.681,24.800,32.206,42.545,20.236,1707,1784,1788,1772,1219,1668,0,0,0,9,40,0,1,1,1,1,0,1,4.9908,4.9908,4.9908,4.9908,2.9084,4.5916,1706.2786,1781.9701,1807.5475,1761.7752,1251.1033,1668.1038,1,on,1
1786107073.817545,1,1,,1693.0000,1779.0000,1769.0000,1738.0000,1285.0000,1710.0000,40.695,23.471,25.458,31.705,42.822,18.674,1707,1784,1788,1772,1223,1669,0,0,0,28,36,0,1,1,1,1,0,1,4.9908,4.9908,4.9908,4.9908,2.9084,4.5916,1706.2786,1781.9701,1807.5475,1761.7752,1251.1033,1675.8190,1,on,1
1786107073.849429,1,1,,1655.0000,1764.0000,1756.0000,1730.0000,1282.0000,1700.0000,48.298,26.548,28.045,33.330,44.008,20.910,1707,1784,1788,1769,1226,1668,0,0,0,0,46,0,1,1,1,1,0,0,4.9908,4.9908,4.9908,4.9908,2.9084,4.5916,1706.2786,1781.9701,1795.9050,1754.2550,1258.2108,1675.8190,1,on,1
1786107073.885421,1,1,,1654.0000,1749.0000,1747.0000,1724.0000,1282.0000,1694.0000,48.659,29.632,29.973,34.584,43.928,22.088,1707,1784,1788,1769,1230,1669,0,0,0,33,35,0,1,1,1,1,0,0,4.9908,4.9908,4.9908,4.9908,2.9084,4.5916,1696.7251,1781.9701,1795.9050,1754.2550,1258.2108,1675.8190,1,on,1
1786107073.917445,1,1,,1658.0000,1753.0000,1742.0000,1716.0000,1288.0000,1703.0000,47.840,28.734,30.854,36.193,42.075,20.187,1707,1784,1788,1760,1233,1669,0,0,0,29,31,0,1,1,1,1,0,0,4.9908,4.9908,4.9908,4.9908,2.9084,4.5916,1696.7251,1781.9701,1783.3761,1754.2550,1263.0643,1675.8190,1,on,1
1786107073.949408,1,1,,1664.0000,1740.0000,1734.0000,1711.0000,1281.0000,1710.0000,46.590,31.437,32.536,37.165,44.279,18.723,1707,1784,1788,1758,1235,1669,30,0,0,0,34,17,1,1,1,1,0,0,4.9908,4.9908,4.9908,4.9908,2.9084,4.5916,1696.7251,1772.2967,1783.3761,1744.3852,1263.0643,1683.4632,1,on,1
1786107073.990598,1,1,,1646.0000,1735.0000,1749.0000,1712.0000,1279.0000,1692.0000,50.094,32.435,29.613,36.999,45.046,22.621,1706,1784,1788,1758,1239,1669,20,0,0,0,33,40,1,1,1,1,0,0,4.9908,4.9908,4.9908,4.9908,2.9084,4.5916,1683.9546,1772.2967,1773.1720,1744.3852,1263.0643,1683.4632,1,on,1
1786107074.022545,1,1,,1680.0000,1741.0000,1735.0000,1711.0000,1283.0000,1686.0000,43.352,31.239,32.332,37.114,43.720,23.818,1704,1784,1788,1757,1242,1673,47,20,18,24,35,16,1,1,1,1,0,0,4.9908,4.9908,4.9908,4.9908,2.9084,4.5916,1683.9546,1772.2967,1773.1720,1744.3852,1263.0643,1683.4632,0,on,1
1786107074.049602,1,1,,1649.0000,1729.0000,1730.0000,1719.0000,1276.0000,1687.0000,49.477,33.559,33.432,35.554,46.229,23.790,1698,1784,1788,1752,1244,1676,0,35,44,0,38,21,1,1,1,1,0,0,4.9908,4.9908,4.9908,4.9908,2.9084,4.5916,1683.9546,1762.4368,1765.0155,1736.5224,1263.0643,1683.4632,1,on,1
1786107074.085615,1,1,,1634.0000,1754.0000,1715.0000,1731.0000,1280.0000,1702.0000,52.545,28.576,36.317,33.153,44.531,20.410,1696,1784,1784,1752,1247,1678,45,23,20,38,36,25,1,1,1,1,0,0,4.9908,4.9908,4.9908,4.9908,2.9084,4.5916,1675.4040,1762.4368,1765.0155,1736.5224,1267.7655,1683.4632,1,on,1
1786107074.117589,1,1,,1620.0000,1743.0000,1720.0000,1716.0000,1275.0000,1709.0000,55.340,30.746,35.418,36.097,46.415,18.886,1694,1784,1782,1746,1252,1679,62,33,49,14,27,23,1,1,1,1,0,0,4.9908,4.9908,4.9908,4.9908,2.9084,4.5916,1675.4040,1762.4368,1753.5348,1736.5224,1267.7655,1683.4632,1,on,1
1786107074.149636,1,1,,1614.0000,1743.0000,1722.0000,1739.0000,1278.0000,1699.0000,56.523,30.818,34.856,31.472,45.509,21.132,1672,1779,1771,1738,1262,1681,48,23,19,0,38,22,1,1,1,1,0,0,4.9908,4.9908,4.9908,4.9908,2.9084,4.5916,1660.6519,1762.4368,1753.5348,1736.5224,1267.7655,1683.4632,1,on,1
1786107074.267452,1,1,,1603.0000,1723.0000,1723.0000,1740.0000,1272.0000,1699.0000,58.876,34.723,34.683,31.336,47.397,21.148,1670,1777,1770,1738,1263,1681,29,42,37,0,0,24,1,1,1,1,0,0,4.9908,4.9908,4.9908,4.9908,2.9084,4.5916,1649.0451,1754.9222,1753.5348,1736.5224,1267.7655,1683.4632,1,on,1
1786107074.283787,1,1,,1607.0000,1740.0000,1718.0000,1755.0000,1277.0000,1702.0000,58.014,31.332,35.707,28.432,45.831,20.506,1670,1774,1768,1738,1263,1681,0,25,41,0,0,27,1,1,1,1,0,0,4.9908,4.9908,4.9908,4.9908,2.9084,4.5916,1649.0451,1754.9222,1744.7701,1736.5224,1267.7655,1683.4632,1,on,1
1786107074.299618,1,1,,1615.0000,1738.0000,1732.0000,1769.0000,1279.0000,1713.0000,56.291,31.740,32.923,25.586,44.989,18.034,1669,1774,1765,1738,1263,1681,34,0,38,0,0,26,1,1,1,1,0,0,4.9908,4.9908,4.9908,4.9908,2.9084,4.5916,1649.0451,1754.9222,1744.7701,1736.5224,1267.7655,1683.4632,0,on,1
1786107074.313031,1,1,,1621.0000,1750.0000,1735.0000,1766.0000,1278.0000,1708.0000,55.231,29.283,32.255,26.054,45.384,19.132,1668,1774,1763,1739,1263,1681,36,0,18,0,19,26,1,1,1,1,0,0,4.9908,4.9908,4.9908,4.9908,2.9084,4.5916,1649.0451,1754.9222,1744.7701,1736.5224,1267.7655,1683.4632,0,on,1
1786107074.329406,1,1,,1612.0000,1744.0000,1725.0000,1744.0000,1279.0000,1706.0000,57.013,30.470,34.376,30.514,44.996,19.605,1667,1774,1762,1738,1264,1682,34,0,0,0,20,27,1,1,1,1,0,0,4.9908,4.9908,4.9908,4.9908,2.9084,4.5916,1639.2432,1754.9222,1744.7701,1736.5224,1267.7655,1691.0168,1,on,1
1786107074.351285,1,1,,1615.0000,1740.0000,1723.0000,1736.0000,1278.0000,1703.0000,56.409,31.365,34.711,32.043,45.279,20.292,1666,1774,1762,1738,1265,1682,31,0,55,0,17,37,1,1,1,1,0,0,4.9908,4.9908,4.9908,4.9908,2.9084,4.5916,1639.2432,1754.9222,1744.7701,1736.5224,1267.7655,1691.0168,0,on,1
1786107074.385174,1,1,,1610.0000,1737.0000,1720.0000,1745.0000,1283.0000,1703.0000,57.355,31.992,35.284,30.426,43.671,20.246,1661,1774,1756,1739,1266,1686,64,0,24,0,0,31,1,1,1,1,0,0,4.9908,4.9908,4.9908,4.9908,2.9084,4.5916,1639.2432,1754.9222,1744.7701,1736.5224,1267.7655,1691.0168,0,on,1
1786107074.418094,1,1,,1618.0000,1736.0000,1723.0000,1734.0000,1274.0000,1710.0000,55.754,32.091,34.720,32.452,46.659,18.687,1655,1774,1754,1738,1266,1687,46,8,0,0,0,30,1,1,1,1,0,0,4.9908,4.9908,4.9908,4.9908,2.9084,4.5916,1639.2432,1754.9222,1744.7701,1736.5224,1267.7655,1691.0168,0,on,1
1786107074.450147,1,1,,1624.0000,1741.0000,1723.0000,1744.0000,1276.0000,1711.0000,54.637,31.163,34.670,30.449,46.089,18.415,1652,1774,1753,1739,1266,1690,0,11,26,0,0,28,1,1,1,1,0,0,4.9908,4.9908,4.9908,4.9908,2.9084,4.5916,1631.7091,1754.9222,1744.7701,1736.5224,1267.7655,1691.0168,1,on,1
