t,seen,trust,why,tgt_pinky,tgt_ring,tgt_middle,tgt_index,tgt_thumb_bend,tgt_thumb_rot,curl_pinky,curl_ring,curl_middle,curl_index,thumb_flexion,opposition,ang_pinky,ang_ring,ang_middle,ang_index,ang_thumb_bend,ang_thumb_rot,cur_pinky,cur_ring,cur_middle,cur_index,cur_thumb_bend,cur_thumb_rot,gain_pinky,gain_ring,gain_middle,gain_index,gain_thumb_bend,gain_thumb_rot,sent_pinky,sent_ring,sent_middle,sent_index,sent_thumb_bend,sent_thumb_rot,sent,mode,applying
1786105521.292485,1,0,hand looks flipped,1352.0000,1611.0000,1587.0000,1376.0000,1796.0000,1237.0000,109.126,57.110,62.022,104.191,17.449,121.620,1449,1381,1347,1367,1375,1512,0,0,0,0,0,0,4.9908,4.9908,4.9908,4.9908,10.0990,4.5916,,,,,,,0,on,1
1786105521.309807,1,1,,1666.0000,1742.0000,1605.0000,1568.0000,1844.0000,1373.0000,46.261,31.012,58.423,65.852,12.731,92.122,1449,1381,1346,1367,1375,1512,0,0,0,0,0,0,4.9908,4.9908,4.9908,4.9908,10.0990,4.5916,1425.3208,1626.0982,1587.3977,1406.4371,1844.0000,1373.0000,0,on,1
1786105521.324246,1,0,handedness unsure,1632.0000,1732.0000,1616.0000,1593.0000,1850.0000,1393.0000,52.957,32.940,56.226,60.838,10.142,87.637,1449,1381,1346,1367,1375,1512,0,0,0,0,0,0,4.9908,4.9908,4.9908,4.9908,10.0990,4.5916,1480.0764,1641.4443,1587.3977,1446.3874,1844.0000,1373.0000,0,on,1
1786105521.344650,1,0,handedness unsure,1613.0000,1687.0000,1568.0000,1573.0000,1800.0000,1380.0000,56.803,41.965,65.872,64.797,17.116,90.519,1449,1381,1346,1367,1375,1512,0,0,0,0,0,0,4.9908,4.9908,4.9908,4.9908,10.0990,4.5916,1523.2112,1649.3193,1587.3977,1482.0131,1844.0000,1373.0000,0,on,1
1786105521.368789,1,0,handedness unsure,1621.0000,1692.0000,1559.0000,1567.0000,1803.0000,1377.0000,55.256,40.990,67.570,66.094,16.816,91.130,1449,1381,1346,1367,1375,1512,0,0,0,0,0,0,4.9908,4.9908,4.9908,4.9908,10.0990,4.5916,1554.5939,1649.3193,1587.3977,1505.9452,1844.0000,1373.0000,0,on,1
1786105521.396771,1,0,handedness unsure,1623.0000,1685.0000,1564.0000,1569.0000,1830.0000,1401.0000,54.817,42.389,66.505,65.569,14.124,85.872,1449,1381,1346,1367,1375,1512,0,0,0,0,0,0,4.9908,4.9908,4.9908,4.9908,10.0990,4.5916,1574.6225,1661.0059,1587.3977,1522.3688,1844.0000,1373.0000,0,on,1
1786105521.432756,1,0,edge-on,1602.0000,1672.0000,1559.0000,1564.0000,1824.0000,1405.0000,59.011,45.026,67.622,66.560,14.720,85.194,1449,1381,1347,1367,1375,1512,0,0,0,0,0,0,4.9908,4.9908,4.9908,4.9908,10.0990,4.5916,1574.6225,1661.0059,1587.3977,1532.1063,1844.0000,1373.0000,0,on,1
1786105521.464610,1,0,edge-on,1620.0000,1659.0000,1553.0000,1556.0000,1749.0000,1427.0000,55.315,47.536,68.762,68.267,22.149,80.314,1449,1381,1347,1367,1375,1512,0,0,0,0,0,0,4.9908,4.9908,4.9908,4.9908,10.0990,4.5916,1588.2831,1661.0059,1587.3977,1532.1063,1844.0000,1373.0000,0,on,1
1786105521.496648,1,0,edge-on,1636.0000,1672.0000,1550.0000,1549.0000,1756.0000,1399.0000,52.176,44.977,69.341,69.606,21.422,86.445,1449,1381,1346,1367,1375,1512,0,0,0,0,0,0,4.9908,4.9908,4.9908,4.9908,10.0990,4.5916,1596.0074,1661.0059,1578.5147,1532.1063,1844.0000,1373.0000,0,on,1
1786105521.532781,1,0,edge-on,1632.0000,1664.0000,1551.0000,1543.0000,1759.0000,1401.0000,53.056,46.641,69.128,70.769,21.195,85.987,1449,1381,1346,1367,1375,1512,0,0,0,0,0,0,4.9908,4.9908,4.9908,4.9908,10.0990,4.5916,1596.0074,1661.0059,1578.5147,1532.1063,1844.0000,1373.0000,0,on,1
1786105521.564704,1,0,edge-on,1641.0000,1654.0000,1540.0000,1519.0000,1802.0000,1403.0000,51.164,48.561,71.343,75.693,16.933,85.527,1449,1381,1346,1367,1375,1512,0,0,0,0,0,0,4.9908,4.9908,4.9908,4.9908,10.0990,4.5916,1606.3481,1661.0059,1578.5147,1532.1063,1844.0000,1373.0000,0,on,1
1786105521.596607,1,0,edge-on,1644.0000,1678.0000,1549.0000,1495.0000,1780.0000,1385.0000,50.494,43.682,69.543,80.359,19.084,89.361,1449,1381,1346,1367,1375,1512,0,0,0,0,0,0,4.9908,4.9908,4.9908,4.9908,10.0990,4.5916,1606.3481,1661.0059,1570.4200,1532.1063,1844.0000,1373.0000,0,on,1
1786105521.632704,1,0,edge-on,1639.0000,1681.0000,1551.0000,1497.0000,1763.0000,1399.0000,51.561,43.213,69.282,80.017,20.766,86.316,1449,1381,1346,1367,1375,1512,0,0,0,0,0,0,4.9908,4.9908,4.9908,4.9908,10.0990,4.5916,1614.1089,1661.0059,1570.4200,1532.1063,1844.0000,1373.0000,0,on,1
1786105521.664695,1,0,edge-on,1637.0000,1703.0000,1557.0000,1526.0000,1763.0000,1421.0000,52.027,38.744,67.990,74.318,20.778,81.679,1449,1381,1346,1367,1375,1512,0,0,0,0,0,0,4.9908,4.9908,4.9908,4.9908,10.0990,4.5916,1614.1089,1661.0059,1570.4200,1532.1063,1844.0000,1373.0000,0,on,1
1786105521.696558,1,0,edge-on,1643.0000,1708.0000,1546.0000,1537.0000,1765.0000,1419.0000,50.743,37.750,70.139,72.096,20.567,81.952,1449,1381,1347,1367,1375,1512,0,0,0,0,0,0,4.9908,4.9908,4.9908,4.9908,10.0990,4.5916,1614.1089,1671.0510,1570.4200,1532.1063,1844.0000,1373.0000,0,on,1
1786105521.732705,1,0,edge-on,1634.0000,1708.0000,1567.0000,1533.0000,1796.0000,1430.0000,52.572,37.668,65.936,72.903,17.487,79.718,1449,1381,1347,1367,1375,1512,0,0,0,0,0,0,4.9908,4.9908,4.9908,4.9908,10.0990,4.5916,1614.1089,1671.0510,1570.4200,1532.1063,1844.0000,1373.0000,0,on,1
1786105521.764666,1,0,edge-on,1638.0000,1718.0000,1572.0000,1532.0000,1791.0000,1424.0000,51.800,35.752,65.094,72.931,17.996,81.031,1449,1381,1346,1367,1375,1512,0,0,0,0,0,0,4.9908,4.9908,4.9908,4.9908,10.0990,4.5916,1614.1089,1679.9439,1570.4200,1532.1063,1844.0000,1373.0000,0,on,1
1786105521.796559,1,0,edge-on,1645.0000,1721.0000,1561.0000,1522.0000,1795.0000,1410.0000,50.418,35.195,67.201,75.021,17.587,83.992,1449,1381,1347,1367,1375,1512,0,0,0,0,0,0,4.9908,4.9908,4.9908,4.9908,10.0990,4.5916,1622.7502,1679.9439,1570.4200,1532.1063,1844.0000,1373.0000,0,on,1
1786105521.832742,1,0,edge-on,1641.0000,1720.0000,1570.0000,1529.0000,1792.0000,1418.0000,51.249,35.259,65.315,73.594,17.926,82.242,1449,1381,1346,1367,1375,1512,0,0,0,0,0,0,4.9908,4.9908,4.9908,4.9908,10.0990,4.5916,1622.7502,1688.9489,1570.4200,1532.1063,1844.0000,1373.0000,0,on,1
1786105521.864682,1,0,edge-on,1633.0000,1718.0000,1573.0000,1538.0000,1795.0000,1427.0000,52.712,35.702,64.834,71.895,17.628,80.217,1449,1381,1346,1367,1375,1512,0,0,0,0,0,0,4.9908,4.9908,4.9908,4.9908,10.0990,4.5916,1622.7502,1688.9489,1570.4200,1532.1063,1844.0000,1373.0000,0,on,1
1786105521.896690,1,1,,1636.0000,1717.0000,1573.0000,1537.0000,1800.0000,1421.0000,52.209,35.973,64.764,72.026,17.134,81.709,1449,1381,1346,1367,1375,1512,0,0,0,0,0,0,4.9908,4.9908,4.9908,4.9908,10.0990,4.5916,1622.7502,1688.9489,1570.4200,1532.1063,1844.0000,1373.0000,0,on,1
1786105521.932554,1,1,,1635.0000,1708.0000,1563.0000,1521.0000,1805.0000,1440.0000,52.433,37.805,66.763,75.288,16.621,77.560,1449,1381,1346,1367,1375,1512,0,0,0,0,0,0,4.9908,4.9908,4.9908,4.9908,10.0990,4.5916,1622.7502,1688.9489,1570.4200,1532.1063,1844.0000,1384.5182,0,on,1
1786105521.964742,1,1,,1639.0000,1709.0000,1571.0000,1520.0000,1779.0000,1451.0000,51.623,37.506,65.301,75.406,19.162,75.091,1449,1381,1346,1367,1375,1512,0,0,0,0,0,0,4.9908,4.9908,4.9908,4.9908,10.0990,4.5916,1622.7502,1688.9489,1570.4200,1532.1063,1844.0000,1394.1843,0,on,1
1786105521.996700,1,1,,1634.0000,1705.0000,1578.0000,1521.0000,1773.0000,1461.0000,52.557,38.272,63.732,75.138,19.769,72.883,1449,1381,1346,1367,1375,1512,0,0,0,0,0,0,4.9908,4.9908,4.9908,4.9908,10.0990,4.5916,1622.7502,1696.5892,1570.4200,1532.1063,1822.6661,1404.9300,1,on,1
1786105522.032688,1,1,,1648.0000,1707.0000,1555.0000,1504.0000,1797.0000,1437.0000,49.728,37.866,68.387,78.551,17.387,78.105,1541,1473,1437,1458,1375,1413,76,65,59,46,0,29,4.9908,4.9908,4.9908,4.9908,10.0990,4.5916,1622.7502,1696.5892,1570.4200,1532.1063,1822.6661,1404.9300,0,on,1
1786105522.243890,1,1,,1639.0000,1702.0000,1551.0000,1510.0000,1799.0000,1452.0000,51.507,38.995,69.174,77.448,17.236,74.950,1548,1477,1442,1464,1375,1412,61,69,63,49,0,23,4.9908,4.9908,4.9908,4.9908,10.0990,4.5916,1622.7502,1696.5892,1570.4200,1532.1063,1822.6661,1416.9146,1,on,1
1786105522.259267,1,1,,1626.0000,1702.0000,1560.0000,1515.0000,1788.0000,1454.0000,54.208,38.879,67.380,76.460,18.331,74.382,1555,1484,1449,1470,1375,1411,68,72,61,50,0,24,4.9908,4.9908,4.9908,4.9908,10.0990,4.5916,1622.7502,1696.5892,1570.4200,1532.1063,1822.6661,1416.9146,0,on,1
1786105522.271676,1,1,,1637.0000,1718.0000,1585.0000,1526.0000,1809.0000,1457.0000,51.893,35.719,62.396,74.134,16.227,73.770,1560,1491,1454,1476,1375,1409,73,67,67,48,0,20,4.9908,4.9908,4.9908,4.9908,10.0990,4.5916,1622.7502,1696.5892,1570.4200,1532.1063,1822.6661,1416.9146,0,on,1
1786105522.289478,1,0,edge-on,1679.0000,1723.0000,1612.0000,1549.0000,1780.0000,1431.0000,43.594,34.740,56.932,69.585,19.129,79.494,1573,1502,1466,1488,1375,1408,65,66,56,44,0,13,4.9908,4.9908,4.9908,4.9908,10.0990,4.5916,1631.7617,1696.5892,1570.4200,1532.1063,1822.6661,1416.9146,1,on,1
1786105522.300426,0,1,,,,,,,,,,,,,,1573,1502,1466,1488,1375,1408,64,62,62,62,0,16,4.9908,4.9908,4.9908,4.9908,10.0990,4.5916,,,,,,,0,on,1
1786105522.345192,1,0,handedness unsure,1380.0000,1307.0000,1402.0000,1473.0000,1443.0000,1367.0000,103.550,118.071,99.106,84.845,52.446,93.384,1596,1526,1489,1510,1375,1408,73,62,53,48,0,27,4.9908,4.9908,4.9908,4.9908,10.0990,4.5916,1559.6721,1540.9405,1534.7464,1521.8469,1822.6661,1416.9146,1,on,1
1786105522.364743,1,0,handedness unsure,1186.0000,1062.0000,1126.0000,1436.0000,1283.0000,1226.0000,142.438,167.139,154.439,92.172,68.282,125.682,1609,1537,1500,1521,1375,1408,68,58,58,0,0,40,4.9908,4.9908,4.9908,4.9908,10.0990,4.5916,1437.9334,1351.0513,1401.1893,1512.9055,1822.6661,1416.9146,1,on,1
1786105522.396487,0,1,,,,,,,,,,,,,,1622,1545,1516,1522,1375,1412,27,0,62,0,0,15,4.9908,4.9908,4.9908,4.9908,10.0990,4.5916,,,,,,,0,on,1
1786105522.436723,0,1,,,,,,,,,,,,,,1617,1545,1523,1522,1375,1412,117,50,57,12,0,15,4.9908,4.9908,4.9908,4.9908,10.0990,4.5916,,,,,,,0,on,1
1786105522.468684,0,1,,,,,,,,,,,,,,1593,1535,1509,1521,1375,1412,116,88,102,9,0,16,4.9908,4.9908,4.9908,4.9908,10.0990,4.5916,,,,,,,0,on,1
1786105522.501050,0,1,,,,,,,,,,,,,,1574,1519,1495,1520,1375,1412,101,86,106,40,0,16,4.9908,4.9908,4.9908,4.9908,10.0990,4.5916,,,,,,,0,on,1
1786105522.536679,0,1,,,,,,,,,,,,,,1541,1490,1460,1515,1375,1412,93,96,89,0,0,21,4.9908,4.9908,4.9908,4.9908,10.0990,4.5916,,,,,,,0,on,1
1786105522.568630,0,1,,,,,,,,,,,,,,1528,1475,1446,1515,1375,1412,92,118,96,0,0,20,4.9908,4.9908,4.9908,4.9908,10.0990,4.5916,,,,,,,0,on,1
1786105522.600923,0,1,,,,,,,,,,,,,,1505,1457,1425,1515,1375,1413,93,109,85,0,0,20,4.9908,4.9908,4.9908,4.9908,10.0990,4.5916,,,,,,,0,on,1
1786105522.646302,1,1,,1289.0000,1187.0000,1201.0000,1587.0000,1396.0000,1624.0000,121.622,142.067,139.418,62.068,57.105,37.352,1481,1431,1410,1514,1375,1414,88,99,0,18,0,20,4.9908,4.9908,4.9908,4.9908,10.0990,4.5916,1366.6355,1262.6496,1300.0296,1512.9055,1615.5268,1493.7912,1,on,1
1786105522.664598,1,1,,1486.0000,1524.0000,1574.0000,1644.0000,1315.0000,1796.0000,82.146,74.589,64.561,50.520,65.090,-0.063,1475,1424,1410,1513,1375,1414,83,87,32,15,0,19,4.9908,4.9908,4.9908,4.9908,10.0990,4.5916,1366.6355,1274.2396,1321.9152,1530.1244,1519.1701,1581.0271,1,on,1
1786105522.699000,1,0,handedness unsure,1649.0000,1708.0000,1680.0000,1651.0000,1548.0000,1718.0000,49.477,37.804,43.356,49.239,42.097,16.853,1458,1407,1404,1510,1375,1419,85,88,89,18,0,82,4.9908,4.9908,4.9908,4.9908,10.0990,4.5916,1446.1702,1450.3746,1458.1658,1559.2094,1519.1701,1581.0271,1,on,1
1786105522.732310,1,0,handedness unsure,1667.0000,1736.0000,1721.0000,1733.0000,1698.0000,1706.0000,45.897,32.131,35.163,32.725,27.170,19.549,1441,1391,1389,1510,1375,1437,91,75,99,17,0,96,4.9908,4.9908,4.9908,4.9908,10.0990,4.5916,1520.8081,1574.9934,1566.8223,1610.6610,1519.1701,1581.0271,1,on,1
1786105522.764346,1,1,,1695.0000,1714.0000,1731.0000,1767.0000,1647.0000,1786.0000,40.282,36.648,33.095,25.935,32.273,2.186,1439,1385,1382,1521,1375,1469,0,58,0,46,0,94,4.9908,4.9908,4.9908,4.9908,10.0990,4.5916,1580.4436,1627.7481,1629.0269,1659.0029,1547.3779,1664.3779,1,on,1
1786105522.800321,1,1,,1711.0000,1738.0000,1777.0000,1732.0000,1549.0000,1757.0000,37.128,31.755,23.957,32.957,41.959,8.363,1439,1398,1381,1540,1375,1499,70,86,82,46,0,96,4.9908,4.9908,4.9908,4.9908,10.0990,4.5916,1624.3741,1665.9653,1683.6917,1679.0360,1547.3779,1697.1550,1,on,1
1786105522.832331,1,1,,1783.0000,1746.0000,1795.0000,1733.0000,1553.0000,1772.0000,22.803,30.226,20.372,32.818,41.570,5.148,1454,1423,1399,1562,1375,1531,81,84,74,70,0,86,4.9908,4.9908,4.9908,4.9908,10.0990,4.5916,1675.5822,1687.9276,1718.1967,1690.3938,1547.3779,1717.7401,1,on,1
1786105522.864576,1,1,,1764.0000,1736.0000,1786.0000,1733.0000,1570.0000,1756.0000,26.605,32.081,22.219,32.679,39.834,8.690,1471,1440,1415,1576,1375,1547,89,72,85,38,0,90,4.9908,4.9908,4.9908,4.9908,10.0990,4.5916,1700.5786,1698.5186,1735.7703,1690.3938,1547.3779,1725.8607,1,on,1
1786105522.896369,1,1,,1774.0000,1715.0000,1745.0000,1725.0000,1560.0000,1766.0000,24.470,36.446,30.341,34.392,40.897,6.497,1492,1459,1439,1598,1375,1572,70,90,72,45,0,94,4.9908,4.9908,4.9908,4.9908,10.0990,4.5916,1718.4992,1698.5186,1735.7703,1701.5891,1547.3779,1732.7750,1,on,1
1786105522.932342,1,1,,1754.0000,1716.0000,1762.0000,1743.0000,1519.0000,1772.0000,28.548,36.207,26.895,30.793,44.877,5.205,1512,1481,1461,1614,1375,1602,88,78,74,61,0,101,4.9908,4.9908,4.9908,4.9908,10.0990,4.5916,1718.4992,1698.5186,1735.7703,1701.5891,1547.3779,1732.7750,0,on,1
1786105522.964534,1,1,,1724.0000,1731.0000,1773.0000,1737.0000,1526.0000,1748.0000,34.543,33.129,24.790,31.961,44.203,10.435,1531,1501,1482,1633,1375,1626,83,64,61,63,0,94,4.9908,4.9908,4.9908,4.9908,10.0990,4.5916,1718.4992,1698.5186,1744.6234,1710.6694,1547.3779,1739.8644,1,on,1
1786105522.996500,1,1,,1744.0000,1727.0000,1770.0000,1729.0000,1515.0000,1743.0000,30.486,33.991,25.284,33.482,45.300,11.410,1551,1519,1499,1654,1375,1653,71,65,64,64,0,98,4.9908,4.9908,4.9908,4.9908,10.0990,4.5916,1727.1109,1707.5306,1744.6234,1710.6694,1547.3779,1739.8644,1,on,1
1786105523.032463,1,1,,1743.0000,1730.0000,1782.0000,1719.0000,1517.0000,1734.0000,30.654,33.387,22.898,35.621,45.086,13.472,1570,1536,1516,1672,1375,1680,73,62,60,56,0,96,4.9908,4.9908,4.9908,4.9908,10.0990,4.5916,1727.1109,1707.5306,1744.6234,1710.6694,1547.3779,1739.8644,0,on,1
1786105523.064492,1,1,,1742.0000,1757.0000,1795.0000,1737.0000,1514.0000,1717.0000,30.891,27.950,20.321,31.934,45.377,17.225,1570,1536,1516,1672,1375,1680,73,62,60,56,0,96,4.9908,4.9908,4.9908,4.9908,10.0990,4.5916,1727.1109,1707.5306,1755.9900,1710.6694,1547.3779,1739.8644,1,on,1
1786105523.096522,1,1,,1717.0000,1743.0000,1792.0000,1724.0000,1533.0000,1718.0000,35.918,30.715,20.899,34.525,43.582,17.031,1599,1566,1546,1701,1375,1723,70,60,70,0,0,0,4.9908,4.9908,4.9908,4.9908,10.0990,4.5916,1727.1109,1717.3270,1755.9900,1710.6694,1547.3779,1739.8644,1,on,1
1786105523.132485,1,1,,1717.0000,1738.0000,1771.0000,1732.0000,1493.0000,1731.0000,35.982,31.670,25.070,32.917,47.464,14.032,1617,1583,1563,1703,1375,1727,77,55,54,22,0,42,4.9908,4.9908,4.9908,4.9908,10.0990,4.5916,1727.1109,1717.3270,1755.9900,1710.6694,1547.3779,1739.8644,0,on,1
1786105523.164563,1,1,,1693.0000,1725.0000,1761.0000,1741.0000,1474.0000,1721.0000,40.761,34.372,27.209,31.175,49.369,16.359,1636,1600,1581,1705,1375,1733,67,73,60,0,0,22,4.9908,4.9908,4.9908,4.9908,10.0990,4.5916,1727.1109,1717.3270,1755.9900,1710.6694,1526.7501,1739.8644,1,on,1
1786105523.196513,1,1,,1686.0000,1740.0000,1767.0000,1739.0000,1520.0000,1718.0000,42.182,31.358,25.969,31.552,44.805,16.966,1656,1619,1597,1706,1375,1734,63,65,69,0,0,27,4.9908,4.9908,4.9908,4.9908,10.0990,4.5916,1727.1109,1717.3270,1755.9900,1719.1979,1526.7501,1739.8644,1,on,1
1786105523.232642,1,1,,1697.0000,1732.0000,1771.0000,1749.0000,1505.0000,1725.0000,40.007,32.954,25.210,29.530,46.305,15.386,1727,1712,1726,1721,1375,1739,16,23,61,0,0,25,4.9908,4.9908,4.9908,4.9908,10.0990,4.5916,1727.1109,1717.3270,1755.9900,1719.1979,1526.7501,1739.8644,0,on,1
1786105523.449276,1,1,,1712.0000,1740.0000,1772.0000,1742.0000,1488.0000,1726.0000,36.947,31.338,25.009,31.000,48.010,15.134,1727,1713,1732,1721,1375,1739,0,20,76,0,0,26,4.9908,4.9908,4.9908,4.9908,10.0990,4.5916,1727.1109,1717.3270,1755.9900,1719.1979,1526.7501,1739.8644,0,on,1
1786105523.460397,1,1,,1714.0000,1739.0000,1775.0000,1741.0000,1500.0000,1728.0000,36.521,31.599,24.353,31.212,46.807,14.810,1727,1714,1738,1721,1375,1739,0,18,0,0,0,24,4.9908,4.9908,4.9908,4.9908,10.0990,4.5916,1727.1109,1717.3270,1755.9900,1719.1979,1526.7501,1739.8644,0,on,1
1786105523.470186,1,1,,1720.0000,1738.0000,1782.0000,1733.0000,1492.0000,1735.0000,35.354,31.712,22.994,32.660,47.563,13.131,1727,1715,1744,1721,1375,1740,0,18,0,0,0,24,4.9908,4.9908,4.9908,4.9908,10.0990,4.5916,1727.1109,1717.3270,1755.9900,1719.1979,1526.7501,1739.8644,0,on,1
1786105523.481146,1,1,,1717.0000,1738.0000,1782.0000,1727.0000,1497.0000,1734.0000,35.991,31.819,23.006,33.879,47.136,13.407,1727,1715,1745,1721,1375,1740,0,16,22,0,0,25,4.9908,4.9908,4.9908,4.9908,10.0990,4.5916,1727.1109,1717.3270,1763.6176,1719.1979,1526.7501,1739.8644,1,on,1
1786105523.496357,1,1,,1684.0000,1742.0000,1773.0000,1746.0000,1482.0000,1750.0000,42.539,30.978,24.797,30.085,48.592,9.871,1727,1716,1745,1721,1375,1740,0,0,32,0,0,27,4.9908,4.9908,4.9908,4.9908,10.0990,4.5916,1718.0736,1725.1222,1763.6176,1719.1979,1526.7501,1739.8644,1,on,1
1786105523.532614,1,1,,1668.0000,1726.0000,1747.0000,1749.0000,1510.0000,1722.0000,45.824,34.220,29.932,29.570,45.798,16.170,1727,1717,1752,1721,1375,1740,0,0,38,0,0,0,4.9908,4.9908,4.9908,4.9908,10.0990,4.5916,1718.0736,1725.1222,1763.6176,1727.6052,1526.7501,1739.8644,1,on,1
1786105523.564698,1,1,,1679.0000,1732.0000,1757.0000,1744.0000,1511.0000,1709.0000,43.561,33.041,27.871,30.633,45.762,18.965,1727,1717,1762,1721,1375,1740,18,20,17,0,0,0,4.9908,4.9908,4.9908,4.9908,10.0990,4.5916,1708.4967,1725.1222,1763.6176,1727.6052,1526.7501,1739.8644,1,on,1
1786105523.596643,1,1,,1672.0000,1738.0000,1748.0000,1744.0000,1528.0000,1707.0000,44.882,31.793,29.668,30.542,44.067,19.443,1727,1722,1764,1722,1375,1740,30,16,0,11,0,0,4.9908,4.9908,4.9908,4.9908,10.0990,4.5916,1708.4967,1725.1222,1763.6176,1727.6052,1526.7501,1731.5817,1,on,1
1786105523.632628,1,1,,1681.0000,1733.0000,1753.0000,1752.0000,1545.0000,1711.0000,43.233,32.817,28.834,28.956,42.331,18.434,1718,1725,1764,1727,1375,1740,54,0,0,0,0,0,4.9908,4.9908,4.9908,4.9908,10.0990,4.5916,1708.4967,1725.1222,1763.6176,1727.6052,1526.7501,1731.5817,0,on,1
1786105523.664618,1,1,,1680.0000,1733.0000,1758.0000,1747.0000,1560.0000,1706.0000,43.433,32.792,27.661,29.878,40.882,19.584,1718,1725,1764,1727,1375,1740,54,0,0,0,0,0,4.9908,4.9908,4.9908,4.9908,10.0990,4.5916,1700.3381,1725.1222,1763.6176,1727.6052,1526.7501,1731.5817,1,on,1
1786105523.700478,1,1,,1667.0000,1730.0000,1745.0000,1734.0000,1534.0000,1702.0000,46.028,33.261,30.396,32.450,43.393,20.391,1715,1725,1764,1729,1375,1740,0,0,0,0,0,0,4.9908,4.9908,4.9908,4.9908,10.0990,4.5916,1700.3381,1725.1222,1763.6176,1727.6052,1526.7501,1731.5817,0,on,1
1786105523.732657,1,1,,1696.0000,1737.0000,1764.0000,1736.0000,1565.0000,1705.0000,40.148,31.849,26.610,32.191,40.382,19.749,1711,1725,1764,1729,1375,1740,43,0,0,0,0,20,4.9908,4.9908,4.9908,4.9908,10.0990,4.5916,1700.3381,1725.1222,1763.6176,1727.6052,1526.7501,1724.6721,1,on,1
1786105523.764658,1,1,,1688.0000,1743.0000,1760.0000,1741.0000,1540.0000,1729.0000,41.761,30.741,27.256,31.104,42.882,14.542,1711,1725,1764,1729,1375,1740,35,0,0,0,0,13,4.9908,4.9908,4.9908,4.9908,10.0990,4.5916,1700.3381,1725.1222,1763.6176,1727.6052,1526.7501,1724.6721,0,on,1
1786105523.796663,1,1,,1688.0000,1738.0000,1764.0000,1743.0000,1530.0000,1717.0000,41.739,31.712,26.539,30.803,43.812,17.252,1709,1725,1764,1729,1375,1738,52,0,0,0,0,54,4.9908,4.9908,4.9908,4.9908,10.0990,4.5916,1700.3381,1725.1222,1763.6176,1727.6052,1526.7501,1724.6721,0,on,1
1786105523.832499,1,1,,1694.0000,1743.0000,1762.0000,1732.0000,1569.0000,1719.0000,40.648,30.736,27.023,32.923,39.983,16.750,1707,1725,1764,1729,1375,1729,26,0,0,0,0,23,4.9908,4.9908,4.9908,4.9908,10.0990,4.5916,1700.3381,1725.1222,1763.6176,1727.6052,1526.7501,1724.6721,0,on,1
1786105523.864537,1,1,,1702.0000,1744.0000,1770.0000,1743.0000,1553.0000,1717.0000,39.017,30.519,25.343,30.800,41.597,17.101,1707,1725,1764,1729,1375,1729,26,0,0,0,0,23,4.9908,4.9908,4.9908,4.9908,10.0990,4.5916,1700.3381,1725.1222,1763.6176,1727.6052,1526.7501,1724.6721,0,on,1
1786105523.896524,1,1,,1685.0000,1737.0000,1768.0000,1739.0000,1541.0000,1711.0000,42.327,31.960,25.726,31.471,42.706,18.543,1705,1726,1764,1729,1375,1726,29,16,0,0,0,0,4.9908,4.9908,4.9908,4.9908,10.0990,4.5916,1700.3381,1725.1222,1763.6176,1727.6052,1526.7501,1724.6721,0,on,1
1786105523.932652,1,1,,1693.0000,1746.0000,1770.0000,1743.0000,1558.0000,1712.0000,40.856,30.090,25.262,30.685,41.036,18.214,1703,1727,1764,1729,1375,1726,24,0,0,0,0,0,4.9908,4.9908,4.9908,4.9908,10.0990,4.5916,1700.3381,1725.1222,1763.6176,1727.6052,1526.7501,1724.6721,0,on,1
1786105523.964613,1,1,,1689.0000,1744.0000,1765.0000,1750.0000,1541.0000,1719.0000,41.641,30.492,26.376,29.263,42.726,16.715,1701,1727,1764,1729,1375,1726,0,0,0,0,0,0,4.9908,4.9908,4.9908,4.9908,10.0990,4.5916,1700.3381,1725.1222,1763.6176,1727.6052,1526.7501,1724.6721,0,on,1
1786105523.996533,1,1,,1682.0000,1733.0000,1762.0000,1736.0000,1542.0000,1706.0000,42.904,32.657,26.999,32.100,42.661,19.446,1701,1727,1764,1729,1375,1726,0,0,0,0,0,0,4.9908,4.9908,4.9908,4.9908,10.0990,4.5916,1700.3381,1725.1222,1763.6176,1727.6052,1526.7501,1724.6721,0,on,1
1786105524.032650,1,1,,1699.0000,1736.0000,1760.0000,1749.0000,1553.0000,1713.0000,39.590,32.079,27.323,29.594,41.543,18.056,1701,1727,1764,1729,1375,1726,0,0,0,0,0,11,4.9908,4.9908,4.9908,4.9908,10.0990,4.5916,1700.3381,1725.1222,1763.6176,1735.2640,1526.7501,1724.6721,1,on,1
1786105524.064513,1,1,,1694.0000,1738.0000,1759.0000,1748.0000,1535.0000,1718.0000,40.505,31.784,27.438,29.693,43.301,16.895,1701,1727,1764,1729,1375,1726,0,0,0,0,0,11,4.9908,4.9908,4.9908,4.9908,10.0990,4.5916,1700.3381,1725.1222,1763.6176,1735.2640,1526.7501,1724.6721,0,on,1
1786105524.096535,1,1,,1691.0000,1733.0000,1760.0000,1747.0000,1540.0000,1708.0000,41.251,32.707,27.308,29.881,42.884,19.202,1701,1727,1764,1729,1375,1726,0,0,0,0,0,14,4.9908,4.9908,4.9908,4.9908,10.0990,4.5916,1700.3381,1725.1222,1763.6176,1735.2640,1526.7501,1724.6721,0,on,1
1786105524.132481,1,1,,1686.0000,1733.0000,1761.0000,1752.0000,1532.0000,1708.0000,42.098,32.820,27.077,28.949,43.645,19.147,1701,1727,1764,1731,1375,1724,0,0,0,9,0,0,4.9908,4.9908,4.9908,4.9908,10.0990,4.5916,1700.3381,1725.1222,1763.6176,1735.2640,1526.7501,1724.6721,0,on,1
1786105524.164671,1,1,,1684.0000,1727.0000,1761.0000,1733.0000,1534.0000,1705.0000,42.650,34.017,27.205,32.664,43.453,19.792,1701,1727,1764,1733,1375,1724,0,0,0,0,0,0,4.9908,4.9908,4.9908,4.9908,10.0990,4.5916,1700.3381,1725.1222,1763.6176,1735.2640,1526.7501,1724.6721,0,on,1
1786105524.196476,1,1,,1688.0000,1729.0000,1756.0000,1740.0000,1523.0000,1703.0000,41.766,33.457,28.048,31.390,44.496,20.167,1701,1727,1764,1735,1375,1724,0,0,0,15,0,0,4.9908,4.9908,4.9908,4.9908,10.0990,4.5916,1700.3381,1725.1222,1763.6176,1735.2640,1526.7501,1724.6721,0,on,1
1786105524.232513,1,1,,1684.0000,1726.0000,1758.0000,1736.0000,1541.0000,1701.0000,42.507,34.142,27.812,32.148,42.740,20.566,1701,1727,1764,1736,1375,1725,0,0,0,0,0,0,4.9908,4.9908,4.9908,4.9908,10.0990,4.5916,1700.3381,1725.1222,1763.6176,1735.2640,1526.7501,1717.7723,1,on,1
1786105524.264503,1,1,,1682.0000,1731.0000,1765.0000,1745.0000,1520.0000,1707.0000,42.932,33.061,26.320,30.428,44.804,19.402,1701,1727,1764,1736,1375,1725,0,0,0,0,0,0,4.9908,4.9908,4.9908,4.9908,10.0990,4.5916,1700.3381,1725.1222,1763.6176,1735.2640,1526.7501,1717.7723,0,on,1
1786105524.296649,1,1,,1684.0000,1740.0000,1768.0000,1755.0000,1531.0000,1706.0000,42.633,31.289,25.828,28.347,43.743,19.534,1701,1727,1764,1736,1375,1725,0,0,0,21,0,0,4.9908,4.9908,4.9908,4.9908,10.0990,4.5916,1700.3381,1725.1222,1763.6176,1735.2640,1526.7501,1717.7723,0,on,1
1786105524.332449,1,1,,1691.0000,1750.0000,1774.0000,1755.0000,1527.0000,1709.0000,41.153,29.372,24.588,28.279,44.108,18.907,1701,1727,1764,1737,1375,1725,0,0,0,0,0,0,4.9908,4.9908,4.9908,4.9908,10.0990,4.5916,1700.3381,1725.1222,1763.6176,1735.2640,1526.7501,1717.7723,0,on,1
1786105524.364519,1,1,,1687.0000,1733.0000,1774.0000,1749.0000,1524.0000,1722.0000,41.963,32.655,24.479,29.452,44.433,16.151,1701,1727,1764,1737,1375,1725,0,0,0,0,0,0,4.9908,4.9908,4.9908,4.9908,10.0990,4.5916,1692.8299,1725.1222,1763.6176,1735.2640,1526.7501,1717.7723,1,on,1
1786105524.396590,1,1,,1718.0000,1734.0000,1779.0000,1738.0000,1536.0000,1709.0000,35.681,32.540,23.551,31.738,43.232,18.917,1701,1727,1764,1737,1375,1725,0,0,0,0,0,0,4.9908,4.9908,4.9908,4.9908,10.0990,4.5916,1692.8299,1725.1222,1763.6176,1735.2640,1526.7501,1717.7723,0,on,1
1786105524.432357,1,1,,1717.0000,1735.0000,1757.0000,1727.0000,1573.0000,1685.0000,35.871,32.278,27.943,33.904,39.575,24.138,1701,1727,1764,1737,1375,1725,0,0,0,0,0,16,4.9908,4.9908,4.9908,4.9908,10.0990,4.5916,1692.8299,1732.6226,1763.6176,1735.2640,1526.7501,1717.7723,1,on,1
1786105524.469723,1,1,,1759.0000,1701.0000,1724.0000,1703.0000,1556.0000,1663.0000,27.504,39.230,34.497,38.718,41.234,28.896,1701,1727,1764,1737,1375,1725,24,0,0,0,0,22,4.9908,4.9908,4.9908,4.9908,10.0990,4.5916,1702.6552,1732.6226,1763.6176,1735.2640,1526.7501,1708.8431,1,on,1
1786105524.496380,1,1,,1654.0000,1553.0000,1574.0000,1629.0000,1552.0000,1623.0000,48.514,68.843,64.539,53.590,41.669,37.694,1699,1727,1764,1737,1375,1725,0,0,0,0,0,39,4.9908,4.9908,4.9908,4.9908,10.0990,4.5916,1702.6552,1695.2885,1721.6334,1721.0913,1526.7501,1696.8276,1,on,1
1786105524.532369,1,1,,1610.0000,1464.0000,1491.0000,1539.0000,1608.0000,1550.0000,57.291,86.693,81.263,71.637,36.106,53.488,1699,1727,1764,1737,1375,1720,0,0,0,0,0,10,4.9908,4.9908,4.9908,4.9908,10.0990,4.5916,1689.5749,1615.3339,1640.8884,1669.3405,1547.3794,1659.5883,1,on,1
1786105524.564598,1,1,,1505.0000,1385.0000,1419.0000,1458.0000,1520.0000,1602.0000,78.523,102.480,95.601,87.872,44.831,42.224,1699,1727,1764,1737,1375,1713,0,0,26,22,0,52,4.9908,4.9908,4.9908,4.9908,10.0990,4.5916,1642.7047,1529.8858,1559.1679,1599.0722,1547.3794,1647.9375,1,on,1
1786105524.596399,1,1,,1362.0000,1284.0000,1315.0000,1348.0000,1597.0000,1506.0000,107.106,122.763,116.595,109.806,37.179,63.047,1698,1723,1754,1731,1375,1696,28,90,110,97,0,79,4.9908,4.9908,4.9908,4.9908,10.0990,4.5916,1539.3431,1431.1478,1461.6547,1502.2229,1547.3794,1611.7967,1,on,1
1786105524.632537,1,1,,1306.0000,1211.0000,1223.0000,1293.0000,1625.0000,1432.0000,118.377,137.266,134.897,120.807,34.434,79.232,1691,1698,1732,1704,1375,1669,83,82,119,83,0,41,4.9908,4.9908,4.9908,4.9908,10.0990,4.5916,1443.1483,1337.9468,1358.7368,1416.6386,1547.3794,1553.6754,1,on,1
1786105524.664597,1,1,,1228.0000,1120.0000,1124.0000,1212.0000,1635.0000,1483.0000,134.025,155.638,154.668,137.060,33.472,68.173,1670,1673,1704,1680,1375,1650,96,87,80,72,0,86,4.9908,4.9908,4.9908,4.9908,10.0990,4.5916,1358.3384,1250.4510,1261.5894,1337.4338,1573.5755,1535.8117,1,on,1
1786105524.696637,1,1,,1240.0000,1146.0000,1132.0000,1220.0000,1664.0000,1543.0000,131.431,150.331,153.148,135.524,30.570,55.115,1657,1655,1685,1663,1375,1631,100,103,86,54,0,73,4.9908,4.9908,4.9908,4.9908,10.0990,4.5916,1317.3185,1214.6204,1214.1771,1297.3298,1590.9387,1535.8117,1,on,1
1786105524.732567,1,1,,1212.0000,1123.0000,1118.0000,1197.0000,1628.0000,1609.0000,137.204,154.955,155.982,140.130,34.167,40.716,1632,1633,1659,1639,1375,1604,93,95,88,48,0,73,4.9908,4.9908,4.9908,4.9908,10.0990,4.5916,1283.4026,1186.2021,1182.6037,1265.6939,1590.9387,1535.8117,1,on,1
1786105524.764549,1,1,,1192.0000,1123.0000,1126.0000,1193.0000,1506.0000,1715.0000,141.087,155.059,154.393,140.933,46.247,17.691,1613,1612,1638,1617,1375,1572,108,82,88,38,0,64,4.9908,4.9908,4.9908,4.9908,10.0990,4.5916,1258.8716,1171.0681,1168.7232,1247.5132,1590.9387,1574.7367,1,on,1
1786105524.796337,1,1,,1155.0000,1073.0000,1091.0000,1121.0000,1454.0000,1702.0000,148.605,164.915,161.315,155.417,51.365,20.337,1592,1592,1618,1601,1375,1548,100,73,70,65,0,0,4.9908,4.9908,4.9908,4.9908,10.0990,4.5916,1231.8263,1147.5646,1151.1397,1213.6696,1567.8656,1606.0281,1,on,1
1786105524.832635,1,1,,1184.0000,1089.0000,1104.0000,1136.0000,1347.0000,1749.0000,142.795,161.789,158.732,152.422,61.997,10.097,1571,1573,1599,1579,1375,1548,94,72,65,54,0,23,4.9908,4.9908,4.9908,4.9908,10.0990,4.5916,1221.1514,1134.7021,1141.6911,1193.9653,1497.2769,1647.9183,1,on,1
1786105524.864605,1,1,,1180.0000,1087.0000,1093.0000,1129.0000,1307.0000,1735.0000,143.591,162.253,161.034,153.741,65.880,13.226,1554,1554,1581,1563,1375,1558,88,79,69,62,0,109,4.9908,4.9908,4.9908,4.9908,10.0990,4.5916,1221.1514,1126.4662,1133.7442,1180.5022,1433.8359,1669.4628,1,on,1
1786105524.896422,1,1,,1178.0000,1095.0000,1114.0000,1143.0000,1312.0000,1748.0000,143.884,160.566,156.678,151.007,65.421,10.398,1541,1543,1570,1552,1375,1577,81,75,78,57,0,101,4.9908,4.9908,4.9908,4.9908,10.0990,4.5916,1209.0425,1126.4662,1133.7442,1180.5022,1395.9595,1687.3944,1,on,1
1786105524.932360,1,1,,1191.0000,1099.0000,1116.0000,1149.0000,1283.0000,1736.0000,141.378,159.841,156.270,149.818,68.323,13.126,1524,1526,1552,1534,1375,1611,83,75,65,65,0,122,4.9908,4.9908,4.9908,4.9908,10.0990,4.5916,1209.0425,1126.4662,1133.7442,1170.6926,1361.3625,1697.2215,1,on,1
1786105524.964687,1,1,,1173.0000,1087.0000,1085.0000,1111.0000,1274.0000,1746.0000,144.973,162.143,162.510,157.389,69.222,10.931,1506,1508,1536,1516,1375,1643,88,78,87,52,0,102,4.9908,4.9908,4.9908,4.9908,10.0990,4.5916,1209.0425,1115.8604,1124.8890,1162.0524,1338.8715,1705.3179,1,on,1
1786105524.996608,1,1,,1179.0000,1096.0000,1105.0000,1141.0000,1290.0000,1739.0000,143.781,160.378,158.543,151.308,67.649,12.470,1490,1492,1519,1500,1375,1675,84,71,76,59,41,95,4.9908,4.9908,4.9908,4.9908,10.0990,4.5916,1201.1020,1115.8604,1124.8890,1162.0524,1338.8715,1705.3179,1,on,1
1786105525.032705,1,1,,1187.0000,1099.0000,1103.0000,1141.0000,1266.0000,1729.0000,142.169,159.829,158.996,151.290,69.930,14.581,1474,1475,1501,1484,1372,1692,84,89,82,57,77,0,4.9908,4.9908,4.9908,4.9908,10.0990,4.5916,1201.1020,1115.8604,1124.8890,1162.0524,1315.9661,1705.3179,1,on,1
1786105525.064675,1,1,,1199.0000,1117.0000,1124.0000,1159.0000,1234.0000,1735.0000,139.776,156.076,154.829,147.683,73.161,13.272,1474,1475,1501,1484,1372,1692,84,89,82,57,77,0,4.9908,4.9908,4.9908,4.9908,10.0990,4.5916,1201.1020,1115.8604,1124.8890,1162.0524,1299.8696,1714.2266,1,on,1
1786105525.096505,1,1,,1217.0000,1144.0000,1149.0000,1209.0000,1202.0000,1735.0000,136.197,150.744,149.811,137.757,76.323,13.141,1445,1448,1471,1456,1365,1696,76,83,84,57,74,0,4.9908,4.9908,4.9908,4.9908,10.0990,4.5916,1201.1020,1115.8604,1124.8890,1162.0524,1278.6844,1714.2266,1,on,1
1786105525.132677,1,1,,1207.0000,1137.0000,1148.0000,1207.0000,1211.0000,1742.0000,138.078,152.064,149.969,138.051,75.411,11.732,1428,1431,1456,1441,1361,1696,97,74,79,53,67,19,4.9908,4.9908,4.9908,4.9908,10.0990,4.5916,1201.1020,1115.8604,1124.8890,1162.0524,1278.6844,1714.2266,0,on,1
1786105525.164522,1,1,,1238.0000,1174.0000,1177.0000,1239.0000,1222.0000,1721.0000,131.848,144.816,144.199,131.690,74.314,16.292,1412,1415,1440,1425,1355,1696,85,84,75,67,56,24,4.9908,4.9908,4.9908,4.9908,10.0990,4.5916,1201.1020,1115.8604,1124.8890,1175.3534,1257.3237,1714.2266,1,on,1
1786105525.196515,1,1,,1259.0000,1199.0000,1199.0000,1251.0000,1115.0000,1704.0000,127.719,139.740,139.697,129.387,84.957,19.954,1396,1398,1422,1405,1351,1696,94,82,66,58,51,29,4.9908,4.9908,4.9908,4.9908,10.0990,4.5916,1208.7957,1133.2382,1138.7381,1187.9474,1223.4018,1714.2266,1,on,1
1786105525.232476,1,1,,1250.0000,1215.0000,1210.0000,1238.0000,1142.0000,1688.0000,129.588,136.632,137.569,131.937,82.303,23.450,1382,1381,1407,1391,1348,1696,100,66,74,64,45,29,4.9908,4.9908,4.9908,4.9908,10.0990,4.5916,1208.7957,1148.6420,1151.0039,1196.2177,1204.0668,1714.2266,1,on,1
1786105525.264462,1,1,,1259.0000,1222.0000,1220.0000,1263.0000,1149.0000,1701.0000,127.662,135.192,135.600,126.872,81.604,20.646,1365,1365,1391,1374,1345,1697,95,80,80,75,50,33,4.9908,4.9908,4.9908,4.9908,10.0990,4.5916,1219.2196,1161.9513,1162.6749,1207.1422,1204.0668,1714.2266,1,on,1
1786105525.296659,1,1,,1247.0000,1224.0000,1228.0000,1274.0000,1146.0000,1685.0000,130.173,134.638,133.844,124.687,81.891,24.121,1353,1354,1382,1361,1344,1698,103,86,91,49,61,33,4.9908,4.9908,4.9908,4.9908,10.0990,4.5916,1219.2196,1172.9323,1173.9940,1218.6213,1185.5780,1714.2266,1,on,1
1786105525.332455,1,1,,1244.0000,1220.0000,1224.0000,1273.0000,1168.0000,1701.0000,130.789,135.525,134.675,124.861,79.697,20.656,1337,1338,1364,1346,1340,1698,91,78,73,83,44,35,4.9908,4.9908,4.9908,4.9908,10.0990,4.5916,1219.2196,1180.8161,1182.4111,1227.9675,1185.5780,1714.2266,1,on,1
1786105525.366998,1,1,,1249.0000,1215.0000,1220.0000,1254.0000,1238.0000,1696.0000,129.750,136.493,135.563,128.793,72.739,21.824,1321,1323,1347,1332,1337,1698,110,85,72,66,51,0,4.9908,4.9908,4.9908,4.9908,10.0990,4.5916,1219.2196,1180.8161,1182.4111,1227.9675,1185.5780,1714.2266,0,on,1
1786105525.396483,1,1,,1266.0000,1225.0000,1230.0000,1254.0000,1194.0000,1715.0000,126.221,134.604,133.570,128.766,77.086,17.598,1306,1306,1331,1314,1333,1701,119,95,85,75,44,53,4.9908,4.9908,4.9908,4.9908,10.0990,4.5916,1230.2057,1190.1898,1192.9483,1227.9675,1185.5780,1714.2266,1,on,1
1786105525.468496,1,1,,1253.0000,1212.0000,1226.0000,1262.0000,1206.0000,1703.0000,129.013,137.103,134.371,127.071,75.919,20.140,1271,1271,1298,1281,1327,1709,102,83,86,62,45,42,4.9908,4.9908,4.9908,4.9908,10.0990,4.5916,1230.2057,1190.1898,1192.9483,1237.4817,1185.5780,1714.2266,1,on,1
1786105525.498979,1,1,,1244.0000,1212.0000,1227.0000,1262.0000,1191.0000,1709.0000,130.737,137.216,134.166,127.077,77.365,18.824,1255,1255,1281,1265,1323,1712,112,83,80,72,39,17,4.9908,4.9908,4.9908,4.9908,10.0990,4.5916,1230.2057,1190.1898,1200.8494,1237.4817,1185.5780,1714.2266,1,on,1
1786105525.521770,1,1,,1247.0000,1202.0000,1215.0000,1237.0000,1187.0000,1704.0000,130.100,139.085,136.492,132.151,77.849,19.924,1249,1250,1277,1260,1322,1712,0,83,82,62,38,17,4.9908,4.9908,4.9908,4.9908,10.0990,4.5916,1230.2057,1190.1898,1200.8494,1237.4817,1185.5780,1714.2266,0,on,1
1786105525.552490,1,1,,1240.0000,1207.0000,1221.0000,1261.0000,1208.0000,1696.0000,131.452,138.058,135.338,127.337,75.746,21.624,1242,1232,1260,1248,1319,1712,0,91,83,0,39,18,4.9908,4.9908,4.9908,4.9908,10.0990,4.5916,1230.2057,1190.1898,1200.8494,1237.4817,1185.5780,1714.2266,0,on,1
1786105525.581748,1,1,,1240.0000,1211.0000,1222.0000,1266.0000,1188.0000,1694.0000,131.515,137.309,135.108,126.370,77.669,22.221,1240,1217,1243,1246,1316,1712,43,93,89,18,43,20,4.9908,4.9908,4.9908,4.9908,10.0990,4.5916,1230.2057,1190.1898,1200.8494,1237.4817,1185.5780,1714.2266,0,on,1
1786105525.604470,1,1,,1247.0000,1219.0000,1229.0000,1267.0000,1206.0000,1698.0000,130.175,135.723,133.633,126.200,75.907,21.375,1239,1212,1236,1246,1315,1712,0,0,83,0,43,24,4.9908,4.9908,4.9908,4.9908,10.0990,4.5916,1230.2057,1190.1898,1200.8494,1237.4817,1185.5780,1714.2266,0,on,1
1786105525.632484,1,1,,1249.0000,1221.0000,1237.0000,1277.0000,1236.0000,1696.0000,129.811,135.292,132.099,124.119,72.965,21.787,1239,1202,1220,1245,1312,1712,27,0,83,25,44,24,4.9908,4.9908,4.9908,4.9908,10.0990,4.5916,1230.2057,1199.2012,1208.5443,1246.6389,1185.5780,1714.2266,1,on,1
1786105525.667059,1,1,,1255.0000,1228.0000,1222.0000,1287.0000,1224.0000,1716.0000,128.581,133.836,135.147,122.064,74.151,17.368,1238,1200,1213,1244,1308,1712,46,0,0,0,35,31,4.9908,4.9908,4.9908,4.9908,10.0990,4.5916,1230.2057,1199.2012,1208.5443,1246.6389,1185.5780,1714.2266,0,on,1
1786105525.696506,1,1,,1257.0000,1227.0000,1233.0000,1319.0000,1302.0000,1718.0000,128.199,134.154,132.944,115.638,66.458,16.962,1236,1200,1213,1244,1306,1712,24,0,15,0,37,36,4.9908,4.9908,4.9908,4.9908,10.0990,4.5916,1238.0750,1199.2012,1208.5443,1260.3610,1213.3165,1714.2266,1,on,1
1786105525.732476,1,1,,1259.0000,1228.0000,1235.0000,1323.0000,1300.0000,1725.0000,127.644,133.894,132.466,114.870,66.623,15.334,1236,1200,1216,1244,1304,1713,26,0,0,0,44,36,4.9908,4.9908,4.9908,4.9908,10.0990,4.5916,1238.0750,1199.2012,1208.5443,1270.7684,1231.4412,1714.2266,1,on,1
1786105525.764832,1,1,,1253.0000,1214.0000,1223.0000,1320.0000,1315.0000,1722.0000,129.011,136.715,134.938,115.502,65.104,16.068,1236,1200,1217,1244,1300,1715,0,0,0,63,43,30,4.9908,4.9908,4.9908,4.9908,10.0990,4.5916,1238.0750,1199.2012,1208.5443,1270.7684,1248.3367,1714.2266,1,on,1
1786105525.796536,1,1,,1241.0000,1203.0000,1221.0000,1303.0000,1320.0000,1738.0000,131.237,139.020,135.398,118.880,64.597,12.553,1236,1200,1218,1260,1297,1716,14,0,0,10,42,0,4.9908,4.9908,4.9908,4.9908,10.0990,4.5916,1238.0750,1199.2012,1208.5443,1280.9620,1248.3367,1714.2266,1,on,1
1786105525.832493,1,1,,1228.0000,1179.0000,1202.0000,1273.0000,1350.0000,1711.0000,133.903,143.690,139.072,124.887,61.638,18.440,1236,1200,1217,1264,1293,1716,14,0,0,18,42,0,4.9908,4.9908,4.9908,4.9908,10.0990,4.5916,1238.0750,1199.2012,1208.5443,1280.9620,1281.5319,1714.2266,1,on,1
1786105525.864625,1,1,,1212.0000,1142.0000,1171.0000,1199.0000,1319.0000,1702.0000,137.091,151.233,145.252,139.730,64.689,20.375,1236,1200,1218,1270,1290,1716,18,0,16,0,42,0,4.9908,4.9908,4.9908,4.9908,10.0990,4.5916,1238.0750,1199.2012,1208.5443,1273.4329,1281.5319,1714.2266,1,on,1
1786105525.896659,1,1,,1199.0000,1109.0000,1132.0000,1157.0000,1312.0000,1674.0000,139.734,157.837,153.166,148.111,65.379,26.579,1237,1200,1217,1271,1288,1716,15,0,0,17,39,0,4.9908,4.9908,4.9908,4.9908,10.0990,4.5916,1238.0750,1184.3963,1200.7131,1252.4774,1281.5319,1714.2266,1,on,1
1786105525.932380,1,1,,1178.0000,1086.0000,1119.0000,1139.0000,1311.0000,1641.0000,143.853,162.308,155.670,151.768,65.547,33.720,1240,1200,1218,1272,1285,1716,0,0,18,24,0,0,4.9908,4.9908,4.9908,4.9908,10.0990,4.5916,1228.4328,1163.8194,1186.1622,1226.0947,1281.5319,1700.8935,1,on,1
1786105525.964312,1,1,,1163.0000,1075.0000,1106.0000,1137.0000,1280.0000,1653.0000,146.920,164.543,158.320,152.067,68.597,31.198,1240,1200,1215,1269,1284,1716,0,28,84,62,0,22,4.9908,4.9908,4.9908,4.9908,10.0990,4.5916,1219.0800,1145.5010,1171.4902,1206.6428,1281.5319,1700.8935,1,on,1
1786105525.996618,1,1,,1165.0000,1083.0000,1104.0000,1125.0000,1226.0000,1665.0000,146.555,162.914,158.808,154.572,73.920,28.453,1240,1196,1205,1255,1283,1716,37,100,37,70,22,43,4.9908,4.9908,4.9908,4.9908,10.0990,4.5916,1211.0725,1133.5011,1159.1097,1189.0115,1281.5319,1691.5640,1,on,1
1786105526.032645,1,1,,1147.0000,1067.0000,1089.0000,1103.0000,1188.0000,1677.0000,150.200,166.093,161.774,158.893,77.703,25.891,,,,,,,,,,,,,4.9908,4.9908,4.9908,4.9908,10.0990,4.5916,1200.2718,1120.4694,1145.4708,1169.4190,1281.5319,1691.5640,1,on,
1786105526.064639,1,1,,1143.0000,1066.0000,1089.0000,1100.0000,1152.0000,1701.0000,150.936,166.378,161.814,159.563,81.218,20.666,1225,1154,1180,1217,1282,1698,104,79,70,109,17,26,4.9908,4.9908,4.9908,4.9908,10.0990,4.5916,1191.3521,1111.3640,1135.9636,1155.6739,1245.3681,1691.5640,1,on,1
1786105526.096663,1,1,,1149.0000,1062.0000,1086.0000,1106.0000,1167.0000,1704.0000,149.814,167.106,162.372,158.274,79.774,20.082,1217,1143,1169,1204,1282,1694,77,115,99,98,0,14,4.9908,4.9908,4.9908,4.9908,10.0990,4.5916,1191.3521,1103.6589,1128.1011,1147.0191,1228.9964,1691.5640,1,on,1
1786105526.132465,1,1,,1151.0000,1062.0000,1077.0000,1108.0000,1178.0000,1683.0000,149.382,167.203,164.088,158.010,78.654,24.560,1205,1125,1148,1176,1282,1691,0,27,0,97,37,0,4.9908,4.9908,4.9908,4.9908,10.0990,4.5916,1180.7349,1103.6589,1119.8967,1147.0191,1228.9964,1691.5640,1,on,1
1786105526.164648,1,1,,1145.0000,1059.0000,1078.0000,1111.0000,1186.0000,1684.0000,150.520,167.705,163.960,157.341,77.924,24.352,1204,1123,1148,1159,1279,1691,63,98,0,0,43,0,4.9908,4.9908,4.9908,4.9908,10.0990,4.5916,1180.7349,1092.5239,1119.8967,1137.1978,1228.9964,1691.5640,1,on,1
1786105526.196507,1,1,,1150.0000,1061.0000,1082.0000,1114.0000,1186.0000,1684.0000,149.649,167.391,163.211,156.680,77.908,24.302,1203,1117,1146,1159,1276,1692,75,74,68,29,51,0,4.9908,4.9908,4.9908,4.9908,10.0990,4.5916,1180.7349,1092.5239,1110.3040,1137.1978,1211.0125,1691.5640,1,on,1
1786105526.232647,1,1,,1146.0000,1066.0000,1079.0000,1095.0000,1186.0000,1671.0000,150.370,166.295,163.760,160.591,77.863,27.251,,,,,,,,,,,,,4.9908,4.9908,4.9908,4.9908,10.0990,4.5916,1171.0023,1092.5239,1110.3040,1137.1978,1211.0125,1691.5640,1,on,
1786105526.264361,1,1,,1156.0000,1063.0000,1087.0000,1113.0000,1200.0000,1669.0000,148.323,166.892,162.143,156.914,76.492,27.562,1197,1107,1130,1147,1267,1692,45,47,63,40,47,0,4.9908,4.9908,4.9908,4.9908,10.0990,4.5916,1171.0023,1084.5179,1110.3040,1128.7084,1211.0125,1691.5640,1,on,1
1786105526.296708,1,1,,1147.0000,1062.0000,1074.0000,1093.0000,1184.0000,1661.0000,150.174,167.285,164.830,160.982,78.080,29.358,1196,1106,1125,1142,1265,1691,70,24,0,59,47,0,4.9908,4.9908,4.9908,4.9908,10.0990,4.5916,1171.0023,1084.5179,1102.0146,1128.7084,1211.0125,1691.5640,1,on,1
1786105526.332617,1,1,,1148.0000,1066.0000,1085.0000,1110.0000,1207.0000,1680.0000,149.920,166.328,162.634,157.609,75.862,25.315,1187,1106,1122,1130,1261,1692,48,43,57,0,56,0,4.9908,4.9908,4.9908,4.9908,10.0990,4.5916,1171.0023,1084.5179,1102.0146,1128.7084,1211.0125,1691.5640,0,on,1
1786105526.364673,1,1,,1139.0000,1060.0000,1075.0000,1096.0000,1180.0000,1669.0000,151.697,167.555,164.617,160.436,78.491,27.644,1186,1105,1121,1130,1258,1692,38,46,81,0,51,0,4.9908,4.9908,4.9908,4.9908,10.0990,4.5916,1171.0023,1084.5179,1102.0146,1128.7084,1211.0125,1691.5640,0,on,1
1786105526.396632,1,1,,1163.0000,1068.0000,1088.0000,1118.0000,1194.0000,1699.0000,146.923,166.048,162.058,155.914,77.127,21.126,1183,1102,1108,1130,1255,1691,0,43,52,0,49,0,4.9908,4.9908,4.9908,4.9908,10.0990,4.5916,1171.0023,1084.5179,1102.0146,1128.7084,1211.0125,1691.5640,0,on,1
1786105526.432673,1,1,,1132.0000,1061.0000,1074.0000,1089.0000,1180.0000,1676.0000,153.247,167.405,164.813,161.760,78.468,26.060,,,,,,,,,,,,,4.9908,4.9908,4.9908,4.9908,10.0990,4.5916,1161.8193,1084.5179,1102.0146,1118.8570,1211.0125,1691.5640,1,on,
1786105526.464619,1,1,,1151.0000,1070.0000,1086.0000,1116.0000,1197.0000,1685.0000,149.376,165.611,162.450,156.383,76.837,24.219,1180,1099,1107,1130,1247,1692,31,41,36,0,36,0,4.9908,4.9908,4.9908,4.9908,10.0990,4.5916,1161.8193,1084.5179,1102.0146,1118.8570,1211.0125,1691.5640,0,on,1
1786105526.496497,1,1,,1140.0000,1065.0000,1074.0000,1089.0000,1156.0000,1695.0000,151.649,166.680,164.698,161.794,80.831,21.978,1180,1099,1106,1128,1246,1692,58,42,31,33,38,0,4.9908,4.9908,4.9908,4.9908,10.0990,4.5916,1161.8193,1084.5179,1094.2406,1118.8570,1211.0125,1691.5640,1,on,1
1786105526.532453,1,1,,1149.0000,1072.0000,1080.0000,1097.0000,1170.0000,1705.0000,149.745,165.285,163.575,160.152,79.532,19.695,1178,1099,1105,1125,1243,1691,42,45,30,8,47,0,4.9908,4.9908,4.9908,4.9908,10.0990,4.5916,1161.8193,1076.8367,1094.2406,1118.8570,1195.3143,1691.5640,1,on,1
1786105526.564677,1,1,,1148.0000,1065.0000,1077.0000,1098.0000,1163.0000,1700.0000,150.052,166.572,164.226,159.920,80.167,20.934,1176,1099,1102,1125,1240,1692,40,44,37,21,43,0,4.9908,4.9908,4.9908,4.9908,10.0990,4.5916,1161.8193,1076.8367,1094.2406,1118.8570,1195.3143,1691.5640,0,on,1
1786105526.596492,1,1,,1138.0000,1069.0000,1079.0000,1091.0000,1164.0000,1715.0000,151.903,165.751,163.751,161.284,80.108,17.662,1174,1096,1100,1122,1237,1692,56,72,39,18,44,0,4.9908,4.9908,4.9908,4.9908,10.0990,4.5916,1161.8193,1076.8367,1094.2406,1118.8570,1195.3143,1691.5640,0,on,1
1786105526.632634,1,1,,1135.0000,1061.0000,1072.0000,1085.0000,1160.0000,1714.0000,152.513,167.343,165.201,162.605,80.436,17.723,,,,,,,,,,,,,4.9908,4.9908,4.9908,4.9908,10.0990,4.5916,1161.8193,1076.8367,1094.2406,1110.2392,1195.3143,1691.5640,1,on,
1786105526.664636,1,1,,1148.0000,1068.0000,1077.0000,1098.0000,1155.0000,1732.0000,149.934,166.034,164.113,159.992,80.982,13.942,1169,1089,1096,1119,1230,1692,53,48,31,0,47,0,4.9908,4.9908,4.9908,4.9908,10.0990,4.5916,1161.8193,1076.8367,1094.2406,1110.2392,1195.3143,1691.5640,0,on,1
1786105526.696653,1,1,,1129.0000,1062.0000,1068.0000,1074.0000,1159.0000,1680.0000,153.792,167.250,166.018,164.866,80.599,25.194,1169,1086,1096,1119,1227,1692,27,0,31,21,35,0,4.9908,4.9908,4.9908,4.9908,10.0990,4.5916,1153.7509,1076.8367,1094.2406,1110.2392,1195.3143,1691.5640,1,on,1
1786105526.732467,1,1,,1140.0000,1063.0000,1089.0000,1113.0000,1154.0000,1724.0000,151.544,166.930,161.712,157.059,81.082,15.706,1169,1086,1095,1117,1225,1691,46,67,35,19,54,0,4.9908,4.9908,4.9908,4.9908,10.0990,4.5916,1153.7509,1076.8367,1094.2406,1110.2392,1179.1074,1691.5640,1,on,1
1786105526.764564,1,1,,1133.0000,1062.0000,1079.0000,1107.0000,1149.0000,1720.0000,152.892,167.137,163.783,158.144,81.602,16.466,1165,1082,1096,1117,1222,1692,97,50,37,29,46,0,4.9908,4.9908,4.9908,4.9908,10.0990,4.5916,1153.7509,1076.8367,1094.2406,1110.2392,1179.1074,1691.5640,0,on,1
1786105526.796755,1,1,,1131.0000,1064.0000,1077.0000,1104.0000,1160.0000,1715.0000,153.336,166.871,164.274,158.826,80.428,17.563,1159,1081,1095,1116,1219,1692,39,25,34,26,46,0,4.9908,4.9908,4.9908,4.9908,10.0990,4.5916,1153.7509,1076.8367,1094.2406,1110.2392,1179.1074,1698.8105,1,on,1
1786105526.832683,1,1,,1131.0000,1056.0000,1073.0000,1086.0000,1168.0000,1698.0000,153.431,168.467,165.058,162.289,79.696,21.336,1155,1077,1095,1111,1197,1692,47,46,0,0,38,35,4.9908,4.9908,4.9908,4.9908,10.0990,4.5916,1153.7509,1076.8367,1094.2406,1110.2392,1179.1074,1698.8105,0,on,1
1786105527.044046,1,1,,1128.0000,1057.0000,1077.0000,1088.0000,1147.0000,1708.0000,154.049,168.255,164.277,162.020,81.739,19.120,1156,1076,1094,1111,1196,1694,46,0,0,0,46,30,4.9908,4.9908,4.9908,4.9908,10.0990,4.5916,1153.7509,1076.8367,1086.2536,1110.2392,1179.1074,1698.8105,1,on,1
1786105527.058038,1,1,,1121.0000,1058.0000,1077.0000,1083.0000,1148.0000,1717.0000,155.371,167.910,164.206,162.900,81.694,17.136,1155,1077,1094,1111,1195,1696,43,0,0,0,46,28,4.9908,4.9908,4.9908,4.9908,10.0990,4.5916,1145.9710,1076.8367,1086.2536,1110.2392,1179.1074,1698.8105,1,on,1
1786105527.071551,1,1,,1130.0000,1069.0000,1088.0000,1105.0000,1175.0000,1715.0000,153.473,165.710,161.905,158.633,78.988,17.675,1155,1076,1094,1111,1194,1696,47,0,0,0,45,27,4.9908,4.9908,4.9908,4.9908,10.0990,4.5916,1145.9710,1076.8367,1086.2536,1110.2392,1179.1074,1698.8105,0,on,1
1786105527.087070,1,1,,1127.0000,1059.0000,1075.0000,1091.0000,1163.0000,1698.0000,154.244,167.692,164.597,161.280,80.144,21.300,1155,1076,1094,1111,1193,1698,47,0,8,0,40,26,4.9908,4.9908,4.9908,4.9908,10.0990,4.5916,1145.9710,1076.8367,1086.2536,1110.2392,1179.1074,1698.8105,0,on,1
1786105527.098161,1,1,,1119.0000,1055.0000,1073.0000,1066.0000,1129.0000,1702.0000,155.701,168.626,164.930,166.435,83.535,20.462,1156,1076,1094,1111,1192,1698,62,0,32,0,43,26,4.9908,4.9908,4.9908,4.9908,10.0990,4.5916,1145.9710,1076.8367,1086.2536,1101.8147,1179.1074,1698.8105,1,on,1
1786105527.136177,1,1,,1120.0000,1053.0000,1078.0000,1071.0000,1156.0000,1672.0000,155.472,168.972,164.028,165.450,80.861,26.866,1152,1077,1094,1111,1188,1699,69,0,53,0,43,0,4.9908,4.9908,4.9908,4.9908,10.0990,4.5916,1145.9710,1068.7067,1086.2536,1101.8147,1179.1074,1698.8105,1,on,1
1786105527.164689,1,1,,1119.0000,1056.0000,1088.0000,1091.0000,1139.0000,1711.0000,155.777,168.353,161.955,161.289,82.553,18.487,1148,1077,1091,1111,1186,1699,60,0,22,38,46,0,4.9908,4.9908,4.9908,4.9908,10.0990,4.5916,1145.9710,1068.7067,1086.2536,1101.8147,1179.1074,1698.8105,0,on,1
1786105527.196571,1,1,,1124.0000,1060.0000,1091.0000,1087.0000,1121.0000,1699.0000,154.679,167.609,161.474,162.089,84.365,20.995,1146,1077,1091,1109,1183,1699,0,26,27,0,53,0,4.9908,4.9908,4.9908,4.9908,10.0990,4.5916,1137.8700,1068.7067,1086.2536,1101.8147,1160.6806,1698.8105,1,on,1
1786105527.232561,1,1,,1124.0000,1062.0000,1090.0000,1078.0000,1106.0000,1681.0000,154.753,167.267,161.657,163.985,85.811,25.023,1147,1076,1091,1108,1182,1699,0,66,30,23,0,0,4.9908,4.9908,4.9908,4.9908,10.0990,4.5916,1137.8700,1068.7067,1086.2536,1101.8147,1160.6806,1698.8105,0,on,1
1786105527.264634,1,1,,1128.0000,1058.0000,1077.0000,1062.0000,1116.0000,1660.0000,153.880,168.041,164.236,167.246,84.800,29.467,1147,1075,1090,1107,1182,1699,0,24,30,28,39,0,4.9908,4.9908,4.9908,4.9908,10.0990,4.5916,1137.8700,1068.7067,1086.2536,1093.1559,1160.6806,1698.8105,1,on,1
1786105527.296532,1,1,,1139.0000,1059.0000,1075.0000,1059.0000,1123.0000,1630.0000,151.689,167.829,164.612,167.790,84.150,36.138,1146,1073,1089,1105,1180,1699,36,32,29,11,34,0,4.9908,4.9908,4.9908,4.9908,10.0990,4.5916,1137.8700,1068.7067,1086.2536,1093.1559,1160.6806,1687.9534,1,on,1
1786105527.332659,1,1,,1163.0000,1072.0000,1088.0000,1079.0000,1097.0000,1651.0000,146.914,165.116,162.036,163.732,86.729,31.522,1146,1073,1089,1098,1179,1699,10,63,30,34,0,0,4.9908,4.9908,4.9908,4.9908,10.0990,4.5916,1137.8700,1068.7067,1086.2536,1093.1559,1139.8068,1687.9534,1,on,1
1786105527.364507,1,1,,1149.0000,1064.0000,1082.0000,1072.0000,1093.0000,1648.0000,149.797,166.874,163.134,165.166,87.090,32.138,1146,1073,1088,1093,1179,1699,51,62,31,0,9,22,4.9908,4.9908,4.9908,4.9908,10.0990,4.5916,1137.8700,1068.7067,1086.2536,1093.1559,1139.8068,1679.4240,1,on,1
1786105527.396520,1,1,,1151.0000,1064.0000,1079.0000,1067.0000,1091.0000,1640.0000,149.312,166.708,163.877,166.229,87.257,33.919,1145,1071,1088,1093,1179,1699,67,58,38,0,23,75,4.9908,4.9908,4.9908,4.9908,10.0990,4.5916,1137.8700,1068.7067,1086.2536,1093.1559,1139.8068,1679.4240,0,on,1
1786105527.432509,1,1,,1140.0000,1066.0000,1073.0000,1070.0000,1108.0000,1649.0000,151.589,166.444,164.896,165.643,85.657,31.864,,,,,,,,,,,,,4.9908,4.9908,4.9908,4.9908,10.0990,4.5916,1137.8700,1068.7067,1086.2536,1085.5549,1139.8068,1672.1477,1,on,
1786105527.464553,1,1,,1147.0000,1069.0000,1083.0000,1096.0000,1122.0000,1650.0000,150.248,165.707,163.075,160.369,84.242,31.651,1145,1068,1087,1093,1178,1686,56,0,36,0,20,14,4.9908,4.9908,4.9908,4.9908,10.0990,4.5916,1137.8700,1068.7067,1086.2536,1085.5549,1139.8068,1672.1477,0,on,1
1786105527.496538,1,1,,1146.0000,1065.0000,1085.0000,1089.0000,1120.0000,1661.0000,150.358,166.590,162.565,161.709,84.444,29.277,1142,1068,1087,1093,1178,1682,55,0,0,20,20,22,4.9908,4.9908,4.9908,4.9908,10.0990,4.5916,1137.8700,1068.7067,1086.2536,1085.5549,1139.8068,1672.1477,0,on,1
1786105527.532621,1,1,,1142.0000,1065.0000,1081.0000,1096.0000,1117.0000,1671.0000,151.232,166.563,163.323,160.468,84.702,27.070,1140,1068,1087,1093,1178,1677,43,0,0,50,17,14,4.9908,4.9908,4.9908,4.9908,10.0990,4.5916,1137.8700,1068.7067,1086.2536,1085.5549,1139.8068,1672.1477,0,on,1
1786105527.565235,1,1,,1146.0000,1063.0000,1086.0000,1088.0000,1095.0000,1678.0000,150.318,167.066,162.397,162.073,86.935,25.671,1138,1068,1087,1092,1177,1676,0,0,0,11,17,11,4.9908,4.9908,4.9908,4.9908,10.0990,4.5916,1137.8700,1068.7067,1086.2536,1085.5549,1123.3300,1672.1477,1,on,1
1786105527.596510,1,1,,1151.0000,1068.0000,1087.0000,1093.0000,1118.0000,1661.0000,149.444,165.984,162.229,160.917,84.655,29.336,1138,1068,1087,1092,1177,1676,0,0,0,29,0,0,4.9908,4.9908,4.9908,4.9908,10.0990,4.5916,1137.8700,1068.7067,1086.2536,1085.5549,1123.3300,1672.1477,0,on,1
1786105527.632502,1,1,,1158.0000,1070.0000,1090.0000,1101.0000,1126.0000,1674.0000,147.903,165.654,161.661,159.306,83.792,26.585,1138,1068,1087,1088,1177,1675,0,0,0,31,0,0,4.9908,4.9908,4.9908,4.9908,10.0990,4.5916,1137.8700,1068.7067,1086.2536,1085.5549,1123.3300,1672.1477,0,on,1
1786105527.664503,1,1,,1146.0000,1067.0000,1084.0000,1087.0000,1113.0000,1667.0000,150.414,166.138,162.868,162.156,85.083,27.990,1138,1068,1087,1084,1177,1675,0,0,0,0,0,0,4.9908,4.9908,4.9908,4.9908,10.0990,4.5916,1137.8700,1068.7067,1086.2536,1085.5549,1123.3300,1672.1477,0,on,1
1786105527.696654,1,1,,1149.0000,1066.0000,1088.0000,1089.0000,1110.0000,1686.0000,149.854,166.426,162.076,161.804,85.462,23.967,1138,1068,1087,1084,1177,1675,0,0,0,0,0,0,4.9908,4.9908,4.9908,4.9908,10.0990,4.5916,1137.8700,1068.7067,1086.2536,1085.5549,1123.3300,1672.1477,0,on,1
1786105527.732454,1,1,,1159.0000,1077.0000,1099.0000,1099.0000,1094.0000,1689.0000,147.755,164.270,159.808,159.759,87.001,23.343,1138,1068,1087,1084,1177,1675,0,0,0,0,0,0,4.9908,4.9908,4.9908,4.9908,10.0990,4.5916,1137.8700,1068.7067,1086.2536,1085.5549,1123.3300,1672.1477,0,on,1
1786105527.764689,1,1,,1160.0000,1073.0000,1089.0000,1100.0000,1111.0000,1658.0000,147.647,164.922,161.873,159.664,85.297,29.926,1138,1068,1087,1084,1177,1676,0,0,0,0,0,0,4.9908,4.9908,4.9908,4.9908,10.0990,4.5916,1137.8700,1068.7067,1086.2536,1085.5549,1123.3300,1672.1477,0,on,1
1786105527.796532,1,1,,1157.0000,1074.0000,1090.0000,1091.0000,1088.0000,1665.0000,148.251,164.700,161.666,161.389,87.557,28.405,1138,1068,1087,1084,1177,1675,0,0,0,0,0,0,4.9908,4.9908,4.9908,4.9908,10.0990,4.5916,1137.8700,1068.7067,1086.2536,1085.5549,1123.3300,1672.1477,0,on,1
1786105527.832396,1,1,,1164.0000,1072.0000,1088.0000,1096.0000,1106.0000,1652.0000,146.852,165.213,162.019,160.407,85.805,31.266,1138,1068,1087,1084,1177,1676,0,0,0,0,0,0,4.9908,4.9908,4.9908,4.9908,10.0990,4.5916,1137.8700,1068.7067,1086.2536,1085.5549,1123.3300,1672.1477,0,on,1
1786105527.864380,1,1,,1163.0000,1075.0000,1096.0000,1101.0000,1115.0000,1667.0000,146.977,164.563,160.423,159.353,84.935,28.026,1138,1068,1087,1084,1177,1676,0,0,0,0,0,15,4.9908,4.9908,4.9908,4.9908,10.0990,4.5916,1146.1296,1068.7067,1086.2536,1085.5549,1123.3300,1672.1477,1,on,1
1786105527.896553,1,1,,1169.0000,1080.0000,1092.0000,1102.0000,1100.0000,1661.0000,145.729,163.678,161.269,159.202,86.422,29.299,1138,1068,1087,1084,1177,1673,0,0,0,0,0,12,4.9908,4.9908,4.9908,4.9908,10.0990,4.5916,1146.1296,1068.7067,1086.2536,1085.5549,1123.3300,1672.1477,0,on,1
1786105527.932525,1,1,,1153.0000,1070.0000,1086.0000,1100.0000,1093.0000,1651.0000,148.912,165.524,162.447,159.634,87.072,31.621,1138,1068,1087,1084,1177,1673,37,0,0,0,0,0,4.9908,4.9908,4.9908,4.9908,10.0990,4.5916,1146.1296,1068.7067,1086.2536,1085.5549,1123.3300,1672.1477,0,on,1
1786105527.964608,1,1,,1156.0000,1071.0000,1082.0000,1095.0000,1102.0000,1652.0000,148.291,165.483,163.235,160.513,86.247,31.343,1140,1068,1087,1084,1177,1672,14,0,0,0,0,0,4.9908,4.9908,4.9908,4.9908,10.0990,4.5916,1146.1296,1068.7067,1086.2536,1085.5549,1123.3300,1672.1477,0,on,1
1786105527.996603,1,1,,1169.0000,1076.0000,1090.0000,1107.0000,1091.0000,1643.0000,145.737,164.392,161.595,158.228,87.343,33.327,1144,1068,1087,1084,1177,1673,0,0,0,0,0,0,4.9908,4.9908,4.9908,4.9908,10.0990,4.5916,1146.1296,1068.7067,1086.2536,1085.5549,1123.3300,1672.1477,0,on,1
1786105528.032584,1,1,,1164.0000,1078.0000,1096.0000,1098.0000,1073.0000,1659.0000,146.771,163.949,160.469,159.939,89.057,29.794,1144,1068,1087,1084,1177,1673,0,0,0,0,0,0,4.9908,4.9908,4.9908,4.9908,10.0990,4.5916,1146.1296,1068.7067,1086.2536,1085.5549,1123.3300,1672.1477,0,on,1
1786105528.064623,1,1,,1165.0000,1075.0000,1096.0000,1111.0000,1101.0000,1680.0000,146.507,164.573,160.434,157.312,86.356,25.306,1144,1068,1087,1084,1177,1673,0,0,0,0,0,0,4.9908,4.9908,4.9908,4.9908,10.0990,4.5916,1146.1296,1068.7067,1086.2536,1085.5549,1123.3300,1672.1477,0,on,1
1786105528.096582,1,1,,1178.0000,1089.0000,1102.0000,1111.0000,1136.0000,1649.0000,143.956,161.820,159.250,157.408,82.832,31.971,1144,1068,1087,1084,1177,1672,0,0,0,0,0,0,4.9908,4.9908,4.9908,4.9908,10.0990,4.5916,1146.1296,1068.7067,1086.2536,1093.1640,1123.3300,1672.1477,1,on,1
1786105528.132561,1,1,,1184.0000,1099.0000,1113.0000,1139.0000,1144.0000,1677.0000,142.799,159.805,157.019,151.809,82.102,25.976,1144,1068,1087,1084,1177,1673,0,0,0,0,0,0,4.9908,4.9908,4.9908,4.9908,10.0990,4.5916,1155.5451,1068.7067,1086.2536,1093.1640,1123.3300,1672.1477,1,on,1
1786105528.164557,1,1,,1192.0000,1113.0000,1125.0000,1161.0000,1174.0000,1700.0000,141.238,156.917,154.635,147.358,79.071,20.755,1144,1068,1086,1088,1177,1673,35,0,0,18,0,0,4.9908,4.9908,4.9908,4.9908,10.0990,4.5916,1155.5451,1068.7067,1086.2536,1105.8256,1123.3300,1672.1477,1,on,1
1786105528.196342,1,1,,1213.0000,1165.0000,1164.0000,1217.0000,1242.0000,1690.0000,136.841,146.620,146.835,136.095,72.373,22.989,1152,1068,1087,1092,1177,1673,28,0,0,16,0,0,4.9908,4.9908,4.9908,4.9908,10.0990,4.5916,1165.4172,1089.6642,1101.5020,1127.4058,1142.6028,1672.1477,1,on,1
1786105528.232731,1,1,,1294.0000,1237.0000,1231.0000,1301.0000,1273.0000,1690.0000,120.689,132.202,133.423,119.393,69.302,22.938,1155,1068,1087,1094,1177,1673,0,0,0,0,0,0,4.9908,4.9908,4.9908,4.9908,10.0990,4.5916,1193.5422,1126.7828,1130.7896,1177.8838,1176.3400,1672.1477,1,on,1
1786105528.264411,1,1,,1265.0000,1194.0000,1212.0000,1343.0000,1467.0000,1707.0000,126.453,140.771,137.142,110.818,50.090,19.313,1156,1068,1087,1102,1177,1673,41,52,25,57,0,0,4.9908,4.9908,4.9908,4.9908,10.0990,4.5916,1207.3551,1140.7059,1147.5042,1227.7817,1282.8457,1672.1477,1,on,1
1786105528.296388,1,1,,1467.0000,1354.0000,1392.0000,1485.0000,1595.0000,1721.0000,86.011,108.640,101.162,82.475,37.382,16.215,1163,1072,1092,1116,1177,1673,68,76,50,50,0,0,4.9908,4.9908,4.9908,4.9908,10.0990,4.5916,1294.1363,1206.8238,1228.1014,1324.9272,1418.1502,1672.1477,1,on,1
1786105528.332550,1,1,,1625.0000,1571.0000,1563.0000,1586.0000,1722.0000,1688.0000,54.438,65.128,66.773,62.147,24.838,23.513,1185,1098,1109,1140,1177,1673,56,84,67,49,22,0,4.9908,4.9908,4.9908,4.9908,10.0990,4.5916,1440.9552,1370.4950,1376.7056,1437.2801,1563.1805,1679.5571,1,on,1
1786105528.364346,1,1,,1677.0000,1699.0000,1706.0000,1674.0000,1678.0000,1728.0000,43.881,39.527,38.156,44.556,29.200,14.768,1202,1122,1132,1159,1178,1672,70,62,64,61,57,0,4.9908,4.9908,4.9908,4.9908,10.0990,4.5916,1540.0581,1522.5530,1528.3663,1535.0775,1606.7254,1679.5571,1,on,1
1786105528.396564,1,1,,1675.0000,1723.0000,1758.0000,1701.0000,1561.0000,1728.0000,44.435,34.774,27.721,39.195,40.718,14.781,1224,1144,1153,1180,1184,1673,64,62,73,49,45,0,4.9908,4.9908,4.9908,4.9908,10.0990,4.5916,1590.6298,1609.6761,1630.8036,1599.3263,1606.7254,1689.6553,1,on,1
1786105528.432485,1,1,,1676.0000,1714.0000,1786.0000,1725.0000,1504.0000,1727.0000,44.133,36.459,22.164,34.302,46.450,14.890,1244,1167,1176,1199,1188,1673,82,52,56,46,44,13,4.9908,4.9908,4.9908,4.9908,10.0990,4.5916,1618.4658,1649.2558,1695.1659,1644.5915,1606.7254,1689.6553,1,on,1
1786105528.467000,1,1,,1685.0000,1745.0000,1771.0000,1761.0000,1456.0000,1713.0000,42.263,30.384,25.103,27.103,51.195,18.122,1263,1185,1194,1219,1192,1672,65,61,70,36,39,45,4.9908,4.9908,4.9908,4.9908,10.0990,4.5916,1635.7543,1679.3902,1719.7703,1681.5163,1570.6936,1689.6553,1,on,1
1786105528.496500,1,1,,1676.0000,1724.0000,1756.0000,1765.0000,1461.0000,1711.0000,44.205,34.586,28.158,26.354,50.633,18.568,1275,1197,1207,1229,1196,1676,64,63,57,44,34,75,4.9908,4.9908,4.9908,4.9908,10.0990,4.5916,1643.2823,1689.3933,1727.8744,1702.8670,1548.8083,1696.9899,1,on,1
1786105528.532509,1,1,,1674.0000,1725.0000,1766.0000,1782.0000,1447.0000,1709.0000,44.527,34.300,26.147,22.911,52.071,18.971,1298,1222,1232,1253,1200,1687,56,49,57,45,27,24,4.9908,4.9908,4.9908,4.9908,10.0990,4.5916,1643.2823,1689.3933,1735.4235,1723.1058,1524.3025,1696.9899,1,on,1
1786105528.564655,1,1,,1674.0000,1731.0000,1769.0000,1764.0000,1470.0000,1713.0000,44.614,33.168,25.487,26.626,49.822,18.023,1309,1231,1243,1262,1202,1688,49,58,46,62,32,31,4.9908,4.9908,4.9908,4.9908,10.0990,4.5916,1651.4921,1701.4901,1735.4235,1730.7964,1524.3025,1696.9899,1,on,1
1786105528.596507,1,1,,1704.0000,1753.0000,1789.0000,1761.0000,1496.0000,1731.0000,38.537,28.817,21.427,27.175,47.214,14.144,1322,1248,1260,1279,1205,1692,82,56,46,41,32,26,4.9908,4.9908,4.9908,4.9908,10.0990,4.5916,1651.4921,1709.0443,1747.3764,1730.7964,1524.3025,1696.9899,1,on,1
1786105528.632493,1,1,,1717.0000,1750.0000,1788.0000,1769.0000,1499.0000,1729.0000,36.017,29.398,21.697,25.561,46.923,14.645,1340,1265,1276,1297,1207,1694,72,59,58,39,44,22,4.9908,4.9908,4.9908,4.9908,10.0990,4.5916,1667.5938,1709.0443,1747.3764,1739.9008,1524.3025,1696.9899,1,on,1
1786105528.664471,1,1,,1695.0000,1734.0000,1765.0000,1772.0000,1487.0000,1713.0000,40.291,32.612,26.303,24.899,48.077,17.936,1340,1265,1276,1297,1207,1694,72,59,58,39,44,22,4.9908,4.9908,4.9908,4.9908,10.0990,4.5916,1667.5938,1716.8997,1747.3764,1739.9008,1508.0904,1704.1690,1,on,1
1786105528.696507,1,1,,1718.0000,1749.0000,1772.0000,1766.0000,1454.0000,1724.0000,35.844,29.475,24.958,26.224,51.399,15.536,1368,1293,1304,1327,1214,1694,60,60,64,37,36,32,4.9908,4.9908,4.9908,4.9908,10.0990,4.5916,1676.7854,1716.8997,1755.6605,1739.9008,1508.0904,1704.1690,1,on,1
1786105528.732633,1,1,,1690.0000,1737.0000,1769.0000,1782.0000,1459.0000,1726.0000,41.441,31.959,25.463,22.899,50.880,15.220,1391,1313,1323,1345,1218,1698,44,66,65,55,25,35,4.9908,4.9908,4.9908,4.9908,10.0990,4.5916,1676.7854,1716.8997,1755.6605,1749.6750,1508.0904,1704.1690,1,on,1
1786105528.764650,1,1,,1680.0000,1738.0000,1762.0000,1758.0000,1435.0000,1718.0000,43.445,31.729,26.920,27.708,53.223,17.013,1401,1324,1335,1356,1220,1700,63,61,59,58,31,28,4.9908,4.9908,4.9908,4.9908,10.0990,4.5916,1676.7854,1716.8997,1755.6605,1749.6750,1487.6450,1704.1690,1,on,1
1786105528.796494,1,1,,1685.0000,1746.0000,1767.0000,1755.0000,1441.0000,1734.0000,42.340,30.043,25.934,28.296,52.685,13.423,1417,1340,1352,1375,1223,1702,57,63,61,40,29,27,4.9908,4.9908,4.9908,4.9908,10.0990,4.5916,1676.7854,1724.4771,1755.6605,1749.6750,1487.6450,1704.1690,1,on,1
1786105528.832653,1,1,,1674.0000,1740.0000,1766.0000,1759.0000,1440.0000,1727.0000,44.585,31.388,26.157,27.554,52.756,14.904,1432,1357,1369,1390,1225,1704,72,56,51,46,32,22,4.9908,4.9908,4.9908,4.9908,10.0990,4.5916,1676.7854,1724.4771,1755.6605,1749.6750,1487.6450,1704.1690,0,on,1
1786105528.864630,1,1,,1671.0000,1739.0000,1773.0000,1760.0000,1445.0000,1730.0000,45.240,31.626,24.719,27.281,52.260,14.276,1432,1357,1369,1390,1225,1704,72,56,51,46,32,22,4.9908,4.9908,4.9908,4.9908,10.0990,4.5916,1676.7854,1724.4771,1755.6605,1749.6750,1472.0529,1711.8055,1,on,1
1786105528.896526,1,1,,1667.0000,1740.0000,1775.0000,1766.0000,1449.0000,1719.0000,45.985,31.370,24.243,26.094,51.860,16.743,1465,1390,1400,1422,1232,1704,65,65,52,37,29,27,4.9908,4.9908,4.9908,4.9908,10.0990,4.5916,1676.7854,1724.4771,1755.6605,1749.6750,1472.0529,1711.8055,0,on,1
1786105528.932533,1,1,,1664.0000,1737.0000,1775.0000,1771.0000,1436.0000,1727.0000,46.543,31.881,24.303,25.183,53.178,14.945,1481,1405,1416,1438,1234,1706,62,63,60,30,37,28,4.9908,4.9908,4.9908,4.9908,10.0990,4.5916,1676.7854,1724.4771,1755.6605,1749.6750,1472.0529,1711.8055,0,on,1
1786105528.964664,1,1,,1669.0000,1741.0000,1775.0000,1775.0000,1437.0000,1731.0000,45.566,31.165,24.275,24.423,53.046,14.122,1497,1423,1432,1454,1238,1709,69,60,52,30,30,21,4.9908,4.9908,4.9908,4.9908,10.0990,4.5916,1676.7854,1724.4771,1755.6605,1749.6750,1472.0529,1711.8055,0,on,1
1786105528.996485,1,1,,1663.0000,1732.0000,1771.0000,1768.0000,1421.0000,1733.0000,46.818,32.957,25.074,25.636,54.581,13.571,1509,1433,1442,1463,1240,1709,58,66,63,39,28,23,4.9908,4.9908,4.9908,4.9908,10.0990,4.5916,1676.7854,1724.4771,1755.6605,1749.6750,1472.0529,1711.8055,0,on,1
1786105529.032851,1,1,,1659.0000,1727.0000,1765.0000,1771.0000,1438.0000,1737.0000,47.552,33.996,26.373,25.119,52.929,12.797,1526,1450,1459,1481,1243,1710,72,60,54,35,35,19,4.9908,4.9908,4.9908,4.9908,10.0990,4.5916,1676.7854,1724.4771,1755.6605,1749.6750,1456.8239,1711.8055,1,on,1
1786105529.064469,1,1,,1652.0000,1729.0000,1761.0000,1771.0000,1414.0000,1738.0000,48.956,33.541,27.149,25.041,55.326,12.584,1526,1450,1459,1481,1243,1710,72,60,54,35,35,19,4.9908,4.9908,4.9908,4.9908,10.0990,4.5916,1676.7854,1724.4771,1755.6605,1749.6750,1456.8239,1711.8055,0,on,1
1786105529.096658,1,1,,1661.0000,1733.0000,1769.0000,1786.0000,1411.0000,1738.0000,47.088,32.787,25.501,22.155,55.622,12.488,1560,1481,1494,1514,1250,1710,68,67,55,45,27,20,4.9908,4.9908,4.9908,4.9908,10.0990,4.5916,1676.7854,1724.4771,1755.6605,1759.0265,1456.8239,1719.4241,1,on,1
1786105529.132653,1,1,,1666.0000,1736.0000,1769.0000,1784.0000,1417.0000,1740.0000,46.109,32.216,25.460,22.590,55.026,12.219,1576,1499,1509,1531,1253,1710,72,56,55,50,27,20,4.9908,4.9908,4.9908,4.9908,10.0990,4.5916,1676.7854,1724.4771,1755.6605,1759.0265,1456.8239,1719.4241,0,on,1
1786105529.164546,1,1,,1661.0000,1734.0000,1762.0000,1781.0000,1423.0000,1735.0000,47.249,32.561,26.969,23.070,54.401,13.153,1594,1516,1527,1549,1256,1712,79,55,61,43,27,31,4.9908,4.9908,4.9908,4.9908,10.0990,4.5916,1676.7854,1724.4771,1755.6605,1759.0265,1456.8239,1719.4241,0,on,1
1786105529.196421,1,1,,1664.0000,1729.0000,1756.0000,1785.0000,1417.0000,1729.0000,46.621,33.452,28.192,22.275,55.035,14.626,1607,1528,1536,1560,1258,1716,78,61,66,55,30,24,4.9908,4.9908,4.9908,4.9908,10.0990,4.5916,1676.7854,1724.4771,1755.6605,1759.0265,1440.1771,1719.4241,1,on,1
1786105529.232579,1,1,,1675.0000,1733.0000,1771.0000,1775.0000,1424.0000,1727.0000,44.280,32.770,25.073,24.265,54.285,14.937,1625,1545,1555,1576,1261,1717,77,58,58,39,38,25,4.9908,4.9908,4.9908,4.9908,10.0990,4.5916,1676.7854,1724.4771,1755.6605,1759.0265,1440.1771,1719.4241,0,on,1
1786105529.264613,1,1,,1658.0000,1724.0000,1755.0000,1777.0000,1414.0000,1729.0000,47.808,34.520,28.329,23.863,55.308,14.446,1645,1562,1572,1597,1264,1718,64,57,70,47,30,23,4.9908,4.9908,4.9908,4.9908,10.0990,4.5916,1676.7854,1724.4771,1755.6605,1759.0265,1440.1771,1719.4241,0,on,1
1786105529.296610,1,1,,1651.0000,1720.0000,1754.0000,1772.0000,1438.0000,1721.0000,49.220,35.299,28.513,24.949,52.968,16.360,1662,1579,1590,1612,1267,1718,78,63,63,61,34,22,4.9908,4.9908,4.9908,4.9908,10.0990,4.5916,1676.7854,1724.4771,1755.6605,1759.0265,1440.1771,1719.4241,0,on,1
1786105529.332385,1,1,,1663.0000,1738.0000,1767.0000,1764.0000,1437.0000,1722.0000,46.811,31.703,25.928,26.579,53.053,16.068,1666,1597,1607,1630,1271,1718,9,67,68,55,31,24,4.9908,4.9908,4.9908,4.9908,10.0990,4.5916,1676.7854,1724.4771,1755.6605,1759.0265,1440.1771,1719.4241,0,on,1
1786105529.364595,1,1,,1653.0000,1741.0000,1768.0000,1769.0000,1447.0000,1721.0000,48.794,31.086,25.806,25.614,52.098,16.345,1671,1616,1627,1653,1274,1718,19,66,62,38,26,27,4.9908,4.9908,4.9908,4.9908,10.0990,4.5916,1676.7854,1724.4771,1755.6605,1759.0265,1440.1771,1719.4241,0,on,1
1786105529.396426,1,1,,1660.0000,1734.0000,1762.0000,1766.0000,1441.0000,1720.0000,47.412,32.499,26.903,26.067,52.695,16.600,1673,1629,1640,1665,1276,1718,0,58,57,60,26,26,4.9908,4.9908,4.9908,4.9908,10.0990,4.5916,1668.9943,1724.4771,1755.6605,1759.0265,1440.1771,1719.4241,1,on,1
1786105529.432592,1,1,,1649.0000,1727.0000,1744.0000,1776.0000,1426.0000,1712.0000,49.561,34.010,30.565,24.067,54.102,18.305,1674,1648,1659,1683,1279,1720,0,64,63,59,26,25,4.9908,4.9908,4.9908,4.9908,10.0990,4.5916,1668.9943,1724.4771,1755.6605,1759.0265,1440.1771,1719.4241,0,on,1
1786105529.464357,1,1,,1671.0000,1741.0000,1767.0000,1774.0000,1434.0000,1721.0000,45.119,31.090,25.923,24.573,53.350,16.181,1674,1667,1679,1702,1282,1720,0,54,55,44,33,0,4.9908,4.9908,4.9908,4.9908,10.0990,4.5916,1668.9943,1724.4771,1755.6605,1759.0265,1440.1771,1719.4241,0,on,1
1786105529.496507,1,1,,1661.0000,1735.0000,1757.0000,1773.0000,1439.0000,1714.0000,47.085,32.299,27.985,24.745,52.882,17.860,1674,1685,1697,1721,1286,1720,18,70,59,65,28,0,4.9908,4.9908,4.9908,4.9908,10.0990,4.5916,1668.9943,1724.4771,1755.6605,1759.0265,1440.1771,1719.4241,0,on,1
1786105529.532730,1,1,,1665.0000,1738.0000,1758.0000,1768.0000,1446.0000,1707.0000,46.395,31.645,27.753,25.658,52.121,19.413,1672,1705,1718,1744,1289,1720,29,65,57,53,23,0,4.9908,4.9908,4.9908,4.9908,10.0990,4.5916,1668.9943,1724.4771,1755.6605,1766.5176,1440.1771,1719.4241,1,on,1
1786105529.564640,1,1,,1650.0000,1729.0000,1754.0000,1770.0000,1447.0000,1706.0000,49.416,33.507,28.615,25.393,52.037,19.623,1672,1714,1736,1751,1292,1720,0,26,72,10,28,0,4.9908,4.9908,4.9908,4.9908,10.0990,4.5916,1668.9943,1724.4771,1755.6605,1766.5176,1440.1771,1719.4241,0,on,1
1786105529.596724,1,1,,1672.0000,1746.0000,1768.0000,1770.0000,1425.0000,1716.0000,44.883,30.225,25.762,25.392,54.243,17.438,1672,1720,1745,1757,1295,1720,0,15,0,39,29,0,4.9908,4.9908,4.9908,4.9908,10.0990,4.5916,1668.9943,1724.4771,1755.6605,1766.5176,1440.1771,1719.4241,0,on,1
1786105529.632713,1,1,,1667.0000,1744.0000,1768.0000,1768.0000,1421.0000,1711.0000,45.993,30.514,25.776,25.789,54.637,18.569,1668,1721,1752,1767,1317,1720,0,0,0,23,30,0,4.9908,4.9908,4.9908,4.9908,10.0990,4.5916,1668.9943,1724.4771,1755.6605,1766.5176,1440.1771,1719.4241,0,on,1
1786105529.844475,1,1,,1654.0000,1730.0000,1755.0000,1759.0000,1416.0000,1710.0000,48.667,33.279,28.400,27.605,55.147,18.608,1668,1721,1753,1767,1318,1720,0,0,0,16,26,0,4.9908,4.9908,4.9908,4.9908,10.0990,4.5916,1668.9943,1724.4771,1755.6605,1766.5176,1440.1771,1719.4241,0,on,1
1786105529.857991,1,1,,1654.0000,1731.0000,1762.0000,1763.0000,1413.0000,1712.0000,48.651,33.147,26.896,26.821,55.447,18.341,1669,1721,1753,1767,1319,1720,0,0,0,15,29,0,4.9908,4.9908,4.9908,4.9908,10.0990,4.5916,1668.9943,1724.4771,1755.6605,1766.5176,1440.1771,1719.4241,0,on,1
1786105529.867710,1,1,,1650.0000,1732.0000,1762.0000,1749.0000,1424.0000,1716.0000,49.353,32.857,26.971,29.522,54.377,17.391,1668,1721,1752,1767,1320,1720,0,0,0,16,30,0,4.9908,4.9908,4.9908,4.9908,10.0990,4.5916,1668.9943,1724.4771,1755.6605,1766.5176,1440.1771,1719.4241,0,on,1
1786105529.877780,1,1,,1662.0000,1739.0000,1767.0000,1768.0000,1434.0000,1718.0000,46.875,31.478,25.935,25.655,53.353,16.988,1668,1721,1752,1767,1320,1720,0,0,0,18,27,0,4.9908,4.9908,4.9908,4.9908,10.0990,4.5916,1668.9943,1724.4771,1755.6605,1766.5176,1440.1771,1719.4241,0,on,1
1786105529.897219,1,1,,1673.0000,1750.0000,1765.0000,1769.0000,1433.0000,1727.0000,44.848,29.416,26.350,25.479,53.462,14.956,1668,1721,1753,1767,1322,1720,0,0,0,19,25,0,4.9908,4.9908,4.9908,4.9908,10.0990,4.5916,1668.9943,1724.4771,1755.6605,1766.5176,1440.1771,1719.4241,0,on,1
1786105529.932737,1,1,,1636.0000,1723.0000,1745.0000,1759.0000,1431.0000,1716.0000,52.189,34.680,30.362,27.480,53.591,17.374,1668,1721,1753,1767,1325,1720,0,21,0,22,30,0,4.9908,4.9908,4.9908,4.9908,10.0990,4.5916,1668.9943,1724.4771,1755.6605,1766.5176,1440.1771,1719.4241,0,on,1
1786105529.964556,1,1,,1659.0000,1739.0000,1759.0000,1770.0000,1426.0000,1726.0000,47.627,31.558,27.607,25.426,54.092,15.299,1668,1724,1753,1767,1329,1720,0,16,0,27,27,0,4.9908,4.9908,4.9908,4.9908,10.0990,4.5916,1668.9943,1724.4771,1755.6605,1766.5176,1440.1771,1719.4241,0,on,1
1786105529.996431,1,1,,1649.0000,1729.0000,1761.0000,1772.0000,1433.0000,1711.0000,49.561,33.543,27.118,25.009,53.446,18.549,1668,1725,1753,1767,1330,1720,0,0,16,23,30,0,4.9908,4.9908,4.9908,4.9908,10.0990,4.5916,1668.9943,1724.4771,1755.6605,1766.5176,1440.1771,1719.4241,0,on,1
1786105530.032647,1,1,,1644.0000,1728.0000,1762.0000,1769.0000,1413.0000,1726.0000,50.606,33.777,26.995,25.611,55.469,15.262,1668,1726,1756,1767,1335,1720,0,0,15,26,24,0,4.9908,4.9908,4.9908,4.9908,10.0990,4.5916,1668.9943,1724.4771,1755.6605,1766.5176,1440.1771,1719.4241,0,on,1
1786105530.064607,1,1,,1637.0000,1725.0000,1754.0000,1760.0000,1415.0000,1724.0000,51.945,34.365,28.476,27.258,55.224,15.648,1669,1726,1757,1767,1337,1720,0,0,0,0,39,0,4.9908,4.9908,4.9908,4.9908,10.0990,4.5916,1660.2151,1724.4771,1755.6605,1766.5176,1440.1771,1719.4241,1,on,1
1786105530.096699,1,1,,1637.0000,1722.0000,1755.0000,1758.0000,1416.0000,1719.0000,52.070,34.854,28.300,27.644,55.120,16.774,1668,1726,1757,1770,1340,1720,0,0,0,0,30,0,4.9908,4.9908,4.9908,4.9908,10.0990,4.5916,1660.2151,1724.4771,1755.6605,1766.5176,1440.1771,1719.4241,0,on,1
1786105530.132472,1,1,,1632.0000,1726.0000,1755.0000,1764.0000,1403.0000,1718.0000,52.940,34.078,28.298,26.595,56.385,17.039,1668,1726,1757,1770,1343,1720,26,0,0,0,37,0,4.9908,4.9908,4.9908,4.9908,10.0990,4.5916,1660.2151,1724.4771,1755.6605,1766.5176,1440.1771,1719.4241,0,on,1
1786105530.164521,1,1,,1640.0000,1728.0000,1762.0000,1764.0000,1421.0000,1717.0000,51.280,33.714,27.020,26.510,54.661,17.241,1667,1726,1757,1770,1346,1720,43,0,0,0,41,0,4.9908,4.9908,4.9908,4.9908,10.0990,4.5916,1660.2151,1724.4771,1755.6605,1766.5176,1440.1771,1719.4241,0,on,1
1786105530.196684,1,1,,1659.0000,1737.0000,1774.0000,1773.0000,1416.0000,1719.0000,47.641,31.842,24.513,24.766,55.173,16.698,1663,1726,1757,1771,1350,1720,0,0,0,0,38,0,4.9908,4.9908,4.9908,4.9908,10.0990,4.5916,1660.2151,1724.4771,1755.6605,1766.5176,1440.1771,1719.4241,0,on,1
1786105530.232695,1,1,,1640.0000,1732.0000,1770.0000,1772.0000,1436.0000,1715.0000,51.324,32.883,25.357,24.905,53.147,17.566,1662,1726,1757,1771,1371,1720,30,0,0,0,0,0,4.9908,4.9908,4.9908,4.9908,10.0990,4.5916,1660.2151,1724.4771,1755.6605,1766.5176,1440.1771,1719.4241,0,on,1
1786105530.444331,1,1,,1664.0000,1737.0000,1781.0000,1784.0000,1432.0000,1723.0000,46.523,31.864,23.180,22.558,53.501,15.921,1662,1726,1757,1771,1371,1720,31,0,0,0,0,0,4.9908,4.9908,4.9908,4.9908,10.0990,4.5916,1660.2151,1724.4771,1755.6605,1766.5176,1440.1771,1719.4241,0,on,1
1786105530.453539,1,1,,1633.0000,1734.0000,1767.0000,1772.0000,1433.0000,1717.0000,52.847,32.623,25.971,24.895,53.414,17.243,1662,1726,1757,1771,1371,1720,36,0,0,0,0,0,4.9908,4.9908,4.9908,4.9908,10.0990,4.5916,1660.2151,1724.4771,1755.6605,1766.5176,1440.1771,1719.4241,0,on,1
1786105530.463521,1,1,,1641.0000,1731.0000,1770.0000,1774.0000,1436.0000,1720.0000,51.190,33.127,25.252,24.526,53.113,16.590,1662,1726,1757,1771,1371,1720,32,0,0,0,28,0,4.9908,4.9908,4.9908,4.9908,10.0990,4.5916,1660.2151,1724.4771,1755.6605,1766.5176,1440.1771,1719.4241,0,on,1
1786105530.473634,1,1,,1637.0000,1735.0000,1768.0000,1774.0000,1431.0000,1722.0000,51.918,32.272,25.652,24.459,53.598,16.140,1662,1726,1757,1771,1371,1720,32,0,0,0,28,0,4.9908,4.9908,4.9908,4.9908,10.0990,4.5916,1660.2151,1724.4771,1755.6605,1766.5176,1440.1771,1719.4241,0,on,1
1786105530.501339,1,1,,1698.0000,1753.0000,1787.0000,1752.0000,1473.0000,1716.0000,39.803,28.674,21.939,28.859,49.495,17.298,1661,1726,1757,1771,1372,1720,32,0,0,0,24,0,4.9908,4.9908,4.9908,4.9908,10.0990,4.5916,1660.2151,1732.2901,1764.1610,1766.5176,1440.1771,1719.4241,1,on,1
1786105530.532361,1,1,,1647.0000,1731.0000,1756.0000,1776.0000,1446.0000,1730.0000,49.909,33.205,28.072,24.053,52.140,14.393,1661,1726,1757,1771,1373,1720,0,0,0,9,24,0,4.9908,4.9908,4.9908,4.9908,10.0990,4.5916,1660.2151,1732.2901,1764.1610,1766.5176,1440.1771,1719.4241,0,on,1
1786105530.564356,1,1,,1659.0000,1728.0000,1771.0000,1783.0000,1462.0000,1718.0000,47.622,33.710,25.052,22.738,50.538,16.840,1661,1726,1757,1771,1373,1720,0,0,21,0,23,0,4.9908,4.9908,4.9908,4.9908,10.0990,4.5916,1660.2151,1732.2901,1764.1610,1766.5176,1440.1771,1719.4241,0,on,1
1786105530.596587,1,1,,1646.0000,1725.0000,1767.0000,1786.0000,1455.0000,1723.0000,50.156,34.305,25.964,22.194,51.301,15.815,1661,1726,1762,1771,1373,1720,0,22,15,0,22,0,4.9908,4.9908,4.9908,4.9908,10.0990,4.5916,1660.2151,1732.2901,1764.1610,1766.5176,1440.1771,1719.4241,0,on,1
1786105530.632403,1,1,,1653.0000,1733.0000,1775.0000,1780.0000,1449.0000,1725.0000,48.763,32.749,24.343,23.371,51.824,15.451,1661,1730,1765,1770,1373,1720,0,19,9,0,0,0,4.9908,4.9908,4.9908,4.9908,10.0990,4.5916,1660.2151,1732.2901,1764.1610,1766.5176,1440.1771,1719.4241,0,on,1
1786105530.664581,1,1,,1652.0000,1735.0000,1768.0000,1786.0000,1441.0000,1726.0000,48.985,32.266,25.805,22.173,52.673,15.095,1661,1732,1766,1771,1373,1720,0,0,0,0,0,0,4.9908,4.9908,4.9908,4.9908,10.0990,4.5916,1660.2151,1732.2901,1764.1610,1766.5176,1440.1771,1719.4241,0,on,1
1786105530.696409,1,1,,1648.0000,1734.0000,1771.0000,1787.0000,1444.0000,1724.0000,49.709,32.493,25.141,21.939,52.399,15.641,1661,1732,1766,1771,1373,1720,0,0,0,0,0,0,4.9908,4.9908,4.9908,4.9908,10.0990,4.5916,1660.2151,1732.2901,1764.1610,1766.5176,1440.1771,1719.4241,0,on,1
1786105530.732341,1,1,,1651.0000,1739.0000,1763.0000,1782.0000,1448.0000,1732.0000,49.224,31.484,26.657,22.865,51.958,13.942,1661,1732,1766,1771,1373,1720,0,0,0,0,0,0,4.9908,4.9908,4.9908,4.9908,10.0990,4.5916,1660.2151,1732.2901,1764.1610,1766.5176,1440.1771,1719.4241,0,on,1
1786105530.764597,1,1,,1647.0000,1737.0000,1759.0000,1791.0000,1439.0000,1729.0000,49.917,31.852,27.592,21.022,52.849,14.450,1661,1732,1766,1771,1373,1720,0,0,0,0,0,0,4.9908,4.9908,4.9908,4.9908,10.0990,4.5916,1660.2151,1732.2901,1764.1610,1766.5176,1440.1771,1719.4241,0,on,1
1786105530.800594,1,1,,1645.0000,1739.0000,1754.0000,1780.0000,1432.0000,1736.0000,50.296,31.549,28.482,23.264,53.576,13.111,1661,1732,1766,1771,1373,1720,0,0,0,0,0,0,4.9908,4.9908,4.9908,4.9908,10.0990,4.5916,1660.2151,1732.2901,1764.1610,1766.5176,1440.1771,1719.4241,0,on,1
1786105530.832382,1,1,,1663.0000,1742.0000,1763.0000,1776.0000,1442.0000,1732.0000,46.783,30.963,26.780,24.193,52.532,13.860,1661,1732,1766,1771,1373,1720,0,0,0,0,0,0,4.9908,4.9908,4.9908,4.9908,10.0990,4.5916,1660.2151,1732.2901,1764.1610,1766.5176,1440.1771,1719.4241,0,on,1
1786105530.864585,1,1,,1653.0000,1741.0000,1757.0000,1776.0000,1451.0000,1728.0000,48.707,31.213,27.989,24.162,51.699,14.766,1661,1732,1766,1771,1373,1720,0,0,0,11,8,0,4.9908,4.9908,4.9908,4.9908,10.0990,4.5916,1660.2151,1732.2901,1764.1610,1766.5176,1440.1771,1719.4241,0,on,1
1786105530.896415,1,1,,1661.0000,1746.0000,1755.0000,1768.0000,1445.0000,1731.0000,47.238,30.042,28.270,25.665,52.293,14.097,1661,1732,1766,1771,1373,1720,0,0,0,14,25,0,4.9908,4.9908,4.9908,4.9908,10.0990,4.5916,1660.2151,1732.2901,1764.1610,1766.5176,1440.1771,1719.4241,0,on,1
1786105530.932570,1,1,,1654.0000,1739.0000,1756.0000,1761.0000,1448.0000,1723.0000,48.579,31.517,28.127,27.230,51.925,15.860,1661,1732,1766,1771,1374,1720,0,0,0,8,26,0,4.9908,4.9908,4.9908,4.9908,10.0990,4.5916,1660.2151,1732.2901,1764.1610,1766.5176,1440.1771,1719.4241,0,on,1
1786105530.964604,1,1,,1661.0000,1743.0000,1755.0000,1760.0000,1464.0000,1723.0000,47.138,30.828,28.315,27.360,50.386,15.944,1661,1732,1766,1771,1375,1720,0,0,0,10,22,0,4.9908,4.9908,4.9908,4.9908,10.0990,4.5916,1660.2151,1732.2901,1764.1610,1766.5176,1440.1771,1719.4241,0,on,1
1786105530.996612,1,1,,1660.0000,1743.0000,1764.0000,1756.0000,1475.0000,1730.0000,47.290,30.767,26.543,28.158,49.280,14.387,1661,1732,1766,1771,1375,1720,0,0,0,13,24,0,4.9908,4.9908,4.9908,4.9908,10.0990,4.5916,1660.2151,1732.2901,1764.1610,1766.5176,1440.1771,1719.4241,0,on,1
1786105531.032548,1,1,,1672.0000,1743.0000,1774.0000,1763.0000,1501.0000,1720.0000,45.045,30.765,24.621,26.819,46.694,16.507,1661,1732,1766,1771,1375,1720,0,0,0,16,0,0,4.9908,4.9908,4.9908,4.9908,10.0990,4.5916,1660.2151,1732.2901,1764.1610,1766.5176,1440.1771,1719.4241,0,on,1
1786105531.064510,1,1,,1674.0000,1740.0000,1764.0000,1753.0000,1486.0000,1724.0000,44.543,31.376,26.528,28.716,48.199,15.640,1661,1732,1766,1771,1375,1720,0,0,0,33,0,0,4.9908,4.9908,4.9908,4.9908,10.0990,4.5916,1660.2151,1732.2901,1764.1610,1766.5176,1440.1771,1719.4241,0,on,1
1786105531.096611,1,1,,1667.0000,1737.0000,1759.0000,1753.0000,1478.0000,1726.0000,46.014,31.854,27.481,28.659,49.031,15.247,1661,1732,1766,1771,1375,1720,0,0,0,13,0,0,4.9908,4.9908,4.9908,4.9908,10.0990,4.5916,1660.2151,1732.2901,1764.1610,1766.5176,1456.5488,1719.4241,1,on,1
1786105531.132528,1,1,,1668.0000,1742.0000,1754.0000,1756.0000,1450.0000,1728.0000,45.772,30.914,28.577,28.152,51.749,14.782,1661,1732,1766,1771,1375,1720,0,0,0,15,0,0,4.9908,4.9908,4.9908,4.9908,10.0990,4.5916,1660.2151,1732.2901,1764.1610,1766.5176,1456.5488,1719.4241,0,on,1
1786105531.164685,1,1,,1683.0000,1739.0000,1745.0000,1752.0000,1467.0000,1728.0000,42.798,31.597,30.258,28.907,50.106,14.761,1661,1732,1766,1771,1375,1720,0,0,0,31,0,0,4.9908,4.9908,4.9908,4.9908,10.0990,4.5916,1660.2151,1732.2901,1764.1610,1766.5176,1456.5488,1719.4241,0,on,1
1786105531.196658,1,1,,1707.0000,1748.0000,1747.0000,1709.0000,1522.0000,1737.0000,37.911,29.728,29.856,37.458,44.653,12.884,1661,1732,1766,1769,1375,1720,0,0,0,35,0,0,4.9908,4.9908,4.9908,4.9908,10.0990,4.5916,1660.2151,1732.2901,1764.1610,1766.5176,1456.5488,1719.4241,0,on,1
1786105531.232498,1,1,,1680.0000,1671.0000,1653.0000,1602.0000,1511.0000,1719.0000,43.290,45.112,48.767,58.978,45.711,16.703,,,,,,,,,,,,,4.9908,4.9908,4.9908,4.9908,10.0990,4.5916,1660.2151,1732.2901,1743.8600,1723.5461,1456.5488,1719.4241,1,on,
1786105531.264614,1,1,,1544.0000,1496.0000,1532.0000,1533.0000,1648.0000,1692.0000,70.610,80.165,73.080,72.803,32.198,22.643,1661,1732,1766,1767,1375,1720,0,0,0,0,0,0,4.9908,4.9908,4.9908,4.9908,10.0990,4.5916,1650.1578,1665.8798,1683.3886,1666.5312,1513.8694,1719.4241,1,on,1
1786105531.296667,1,1,,1454.0000,1407.0000,1418.0000,1473.0000,1595.0000,1738.0000,88.646,97.963,95.849,84.889,37.429,12.578,1661,1732,1766,1767,1375,1720,0,0,0,50,0,0,4.9908,4.9908,4.9908,4.9908,10.0990,4.5916,1598.6534,1571.1737,1584.1516,1601.0165,1532.5620,1719.4241,1,on,1
1786105531.332623,1,1,,1314.0000,1263.0000,1262.0000,1336.0000,1609.0000,1650.0000,116.630,126.917,127.151,112.298,36.044,31.709,1661,1732,1762,1753,1375,1720,86,85,103,90,0,0,4.9908,4.9908,4.9908,4.9908,10.0990,4.5916,1487.6036,1433.7461,1437.2984,1491.6956,1550.0094,1719.4241,1,on,1
1786105531.364680,1,1,,1275.0000,1234.0000,1237.0000,1280.0000,1517.0000,1671.0000,124.443,132.805,132.163,123.471,45.115,27.192,1648,1715,1740,1731,1375,1720,108,85,107,85,0,0,4.9908,4.9908,4.9908,4.9908,10.0990,4.5916,1406.3699,1352.7621,1354.8986,1408.4614,1550.0094,1709.6343,1,on,1
1786105531.396664,1,1,,1266.0000,1210.0000,1217.0000,1277.0000,1506.0000,1690.0000,126.363,137.622,136.205,124.027,46.249,23.122,1627,1691,1715,1704,1375,1720,106,91,98,70,0,0,4.9908,4.9908,4.9908,4.9908,10.0990,4.5916,1356.9709,1300.2692,1304.0511,1361.9835,1550.0094,1709.6343,1,on,1
1786105531.432614,1,1,,1235.0000,1190.0000,1184.0000,1228.0000,1395.0000,1677.0000,132.582,141.460,142.761,133.979,57.184,25.894,,,,,,,,,,,,,4.9908,4.9908,4.9908,4.9908,10.0990,4.5916,1315.8892,1262.8736,1262.5019,1315.6807,1517.0080,1709.6343,1,on,
1786105531.464649,1,1,,1191.0000,1124.0000,1134.0000,1162.0000,1301.0000,1677.0000,141.410,154.803,152.761,147.091,66.478,25.857,1591,1650,1671,1665,1375,1720,100,79,75,51,0,16,4.9908,4.9908,4.9908,4.9908,10.0990,4.5916,1278.3229,1219.6165,1222.8779,1265.8020,1452.5207,1702.2921,1,on,1
1786105531.496671,1,1,,1167.0000,1104.0000,1115.0000,1138.0000,1227.0000,1689.0000,146.185,158.823,156.507,152.058,73.804,23.272,1568,1626,1649,1642,1375,1720,91,78,80,67,0,39,4.9908,4.9908,4.9908,4.9908,10.0990,4.5916,1246.5898,1185.5913,1191.9162,1226.1597,1371.9229,1702.2921,1,on,1
1786105531.532534,1,1,,1197.0000,1140.0000,1145.0000,1183.0000,1237.0000,1675.0000,140.164,151.626,150.599,143.041,72.848,26.304,1550,1604,1628,1623,1375,1705,83,80,76,38,0,24,4.9908,4.9908,4.9908,4.9908,10.0990,4.5916,1234.7383,1174.5683,1180.7507,1215.3420,1324.9630,1702.2921,1,on,1
1786105531.564669,1,1,,1207.0000,1154.0000,1159.0000,1192.0000,1206.0000,1682.0000,138.200,148.742,147.700,141.129,75.941,24.858,1530,1587,1608,1606,1375,1702,93,70,69,67,35,0,4.9908,4.9908,4.9908,4.9908,10.0990,4.5916,1234.7383,1174.5683,1180.7507,1215.3420,1288.8358,1702.2921,1,on,1
1786105531.596851,1,1,,1182.0000,1123.0000,1139.0000,1182.0000,1194.0000,1710.0000,143.219,154.924,151.844,143.221,77.064,18.633,1512,1567,1591,1584,1372,1702,77,75,68,53,60,0,4.9908,4.9908,4.9908,4.9908,10.0990,4.5916,1222.7080,1163.9595,1171.9033,1207.3845,1262.7610,1702.2921,1,on,1
1786105531.632590,1,1,,1203.0000,1140.0000,1147.0000,1178.0000,1191.0000,1717.0000,138.940,151.660,150.062,143.972,77.374,17.222,,,,,,,,,,,,,4.9908,4.9908,4.9908,4.9908,10.0990,4.5916,1222.7080,1163.9595,1171.9033,1207.3845,1244.8002,1702.2921,1,on,
1786105531.700640,1,1,,1226.0000,1168.0000,1180.0000,1205.0000,1163.0000,1725.0000,134.247,145.953,143.529,138.506,80.223,15.347,1462,1515,1538,1532,1360,1702,84,70,76,60,49,0,4.9908,4.9908,4.9908,4.9908,10.0990,4.5916,1222.7080,1163.9595,1171.9033,1207.3845,1221.2148,1702.2921,1,on,1
1786105531.729400,1,1,,1229.0000,1198.0000,1210.0000,1230.0000,1095.0000,1724.0000,133.711,139.893,137.594,133.436,86.933,15.701,1451,1504,1527,1521,1356,1702,89,80,77,52,41,0,4.9908,4.9908,4.9908,4.9908,10.0990,4.5916,1222.7080,1163.9595,1171.9033,1207.3845,1194.1769,1702.2921,1,on,1
1786105531.752363,1,1,,1247.0000,1220.0000,1220.0000,1253.0000,1034.0000,1726.0000,130.221,135.462,135.520,128.954,93.790,15.152,1441,1492,1514,1510,1354,1702,87,68,74,63,44,0,4.9908,4.9908,4.9908,4.9908,10.0990,4.5916,1222.7080,1163.9595,1171.9033,1207.3845,1154.9062,1702.2921,1,on,1
1786105531.780673,1,1,,1249.0000,1230.0000,1218.0000,1231.0000,1044.0000,1728.0000,129.674,133.606,135.957,133.289,91.956,14.655,1429,1483,1503,1499,1352,1702,81,75,69,51,47,0,4.9908,4.9908,4.9908,4.9908,10.0990,4.5916,1222.7080,1175.5117,1179.6918,1207.3845,1124.2212,1702.2921,1,on,1
1786105531.808570,1,1,,1258.0000,1243.0000,1228.0000,1250.0000,1060.0000,1728.0000,127.817,130.853,133.897,129.448,90.403,14.669,1419,1473,1494,1488,1349,1702,90,59,79,56,40,0,4.9908,4.9908,4.9908,4.9908,10.0990,4.5916,1222.7080,1185.6509,1179.6918,1207.3845,1124.2212,1702.2921,1,on,1
1786105531.836460,1,1,,1255.0000,1239.0000,1221.0000,1236.0000,1047.0000,1727.0000,128.553,131.742,135.386,132.310,91.648,15.024,1401,1455,1475,1470,1346,1702,89,94,68,52,48,0,4.9908,4.9908,4.9908,4.9908,10.0990,4.5916,1222.7080,1193.6580,1189.4837,1215.2053,1096.0712,1702.2921,1,on,1
1786105531.864405,1,1,,1266.0000,1238.0000,1224.0000,1248.0000,1063.0000,1729.0000,126.317,132.009,134.705,129.964,90.075,14.451,1392,1443,1464,1459,1344,1702,102,84,71,63,49,0,4.9908,4.9908,4.9908,4.9908,10.0990,4.5916,1232.0697,1193.6580,1189.4837,1215.2053,1096.0712,1709.6960,1,on,1
1786105531.896607,1,1,,1269.0000,1236.0000,1232.0000,1233.0000,1050.0000,1731.0000,125.697,132.365,133.028,132.959,91.370,14.071,1376,1425,1448,1443,1342,1702,102,73,77,71,61,0,4.9908,4.9908,4.9908,4.9908,10.0990,4.5916,1232.0697,1204.9215,1197.9896,1215.2053,1096.0712,1709.6960,1,on,1
1786105531.932453,1,1,,1266.0000,1227.0000,1216.0000,1225.0000,1034.0000,1721.0000,126.368,134.210,136.315,134.609,93.330,16.359,1360,1408,1431,1428,1338,1702,107,64,70,69,47,0,4.9908,4.9908,4.9908,4.9908,10.0990,4.5916,1232.0697,1204.9215,1197.9896,1215.2053,1075.9862,1709.6960,1,on,1
1786105531.964582,1,1,,1259.0000,1234.0000,1231.0000,1223.0000,1048.0000,1727.0000,127.686,132.741,133.426,134.956,91.587,14.996,1342,1394,1415,1410,1335,1702,82,77,76,60,50,14,4.9908,4.9908,4.9908,4.9908,10.0990,4.5916,1241.0540,1204.9215,1197.9896,1215.2053,1075.9862,1709.6960,1,on,1
1786105531.996541,1,1,,1258.0000,1215.0000,1215.0000,1217.0000,1089.0000,1719.0000,127.952,136.446,136.438,136.058,87.491,16.806,1331,1382,1404,1400,1332,1702,97,83,82,62,37,20,4.9908,4.9908,4.9908,4.9908,10.0990,4.5916,1241.0540,1204.9215,1197.9896,1215.2053,1075.9862,1709.6960,0,on,1
1786105532.032605,1,1,,1237.0000,1221.0000,1230.0000,1239.0000,1105.0000,1726.0000,132.111,135.276,133.612,131.716,85.911,15.129,1317,1366,1389,1383,1329,1702,94,78,77,51,40,11,4.9908,4.9908,4.9908,4.9908,10.0990,4.5916,1241.0540,1204.9215,1205.8694,1215.2053,1075.9862,1709.6960,1,on,1
1786105532.064587,1,1,,1211.0000,1196.0000,1211.0000,1231.0000,1034.0000,1714.0000,137.425,140.255,137.333,133.384,93.300,17.758,1299,1350,1371,1364,1325,1702,99,77,75,49,39,29,4.9908,4.9908,4.9908,4.9908,10.0990,4.5916,1241.0540,1204.9215,1205.8694,1215.2053,1075.9862,1709.6960,0,on,1
1786105532.096541,1,1,,1223.0000,1197.0000,1210.0000,1262.0000,1138.0000,1711.0000,134.928,140.184,137.573,127.078,82.608,18.520,1282,1333,1354,1350,1322,1707,97,76,66,56,42,25,4.9908,4.9908,4.9908,4.9908,10.0990,4.5916,1241.0540,1204.9215,1205.8694,1224.3603,1075.9862,1709.6960,1,on,1
1786105532.132670,1,1,,1217.0000,1188.0000,1195.0000,1222.0000,1201.0000,1713.0000,136.174,141.974,140.566,135.199,76.448,17.977,1266,1317,1337,1335,1319,1709,101,76,78,57,42,19,4.9908,4.9908,4.9908,4.9908,10.0990,4.5916,1241.0540,1204.9215,1205.8694,1224.3603,1100.5480,1709.6960,1,on,1
1786105532.164489,1,1,,1235.0000,1204.0000,1212.0000,1245.0000,1163.0000,1717.0000,132.432,138.684,137.227,130.553,80.187,17.154,1253,1303,1323,1317,1316,1710,0,92,84,66,40,0,4.9908,4.9908,4.9908,4.9908,10.0990,4.5916,1241.0540,1204.9215,1205.8694,1224.3603,1100.5480,1709.6960,0,on,1
1786105532.196653,1,1,,1220.0000,1195.0000,1207.0000,1248.0000,1178.0000,1726.0000,135.537,140.586,138.053,129.890,78.665,15.173,1251,1284,1307,1301,1313,1710,44,83,87,71,42,0,4.9908,4.9908,4.9908,4.9908,10.0990,4.5916,1241.0540,1204.9215,1205.8694,1224.3603,1123.0273,1709.6960,1,on,1
1786105532.232507,1,1,,1223.0000,1195.0000,1211.0000,1252.0000,1199.0000,1720.0000,134.837,140.517,137.376,129.191,76.659,16.460,1247,1212,1217,1232,1291,1710,43,29,40,44,40,0,4.9908,4.9908,4.9908,4.9908,10.0990,4.5916,1241.0540,1204.9215,1205.8694,1224.3603,1123.0273,1709.6960,0,on,1
1786105532.444918,1,1,,1244.0000,1217.0000,1220.0000,1282.0000,1172.0000,1727.0000,130.667,136.052,135.620,123.116,79.289,14.939,1247,1212,1217,1232,1291,1710,43,30,36,34,42,0,4.9908,4.9908,4.9908,4.9908,10.0990,4.5916,1241.0540,1204.9215,1205.8694,1236.7189,1144.7109,1709.6960,1,on,1
1786105532.456685,1,1,,1257.0000,1243.0000,1227.0000,1275.0000,1177.0000,1733.0000,128.193,130.905,134.035,124.489,78.832,13.596,1246,1211,1215,1231,1290,1710,37,29,0,0,41,0,4.9908,4.9908,4.9908,4.9908,10.0990,4.5916,1241.0540,1204.9215,1205.8694,1236.7189,1144.7109,1709.6960,0,on,1
1786105532.469872,1,1,,1265.0000,1257.0000,1234.0000,1303.0000,1143.0000,1729.0000,126.592,128.090,132.734,118.829,82.109,14.585,1244,1210,1215,1230,1288,1710,33,29,0,0,34,0,4.9908,4.9908,4.9908,4.9908,10.0990,4.5916,1241.0540,1204.9215,1205.8694,1244.2332,1144.7109,1709.6960,1,on,1
1786105532.483385,1,1,,1271.0000,1255.0000,1225.0000,1304.0000,1222.0000,1742.0000,125.245,128.526,134.433,118.642,74.340,11.790,1244,1210,1215,1230,1287,1710,33,27,26,18,35,0,4.9908,4.9908,4.9908,4.9908,10.0990,4.5916,1241.0540,1215.0783,1205.8694,1244.2332,1144.7109,1716.8984,1,on,1
1786105532.496473,1,1,,1305.0000,1268.0000,1242.0000,1335.0000,1318.0000,1723.0000,118.484,125.848,131.188,112.406,64.844,15.875,1244,1209,1215,1230,1286,1710,33,24,36,27,35,0,4.9908,4.9908,4.9908,4.9908,10.0990,4.5916,1241.0540,1215.0783,1205.8694,1262.0430,1180.5846,1716.8984,1,on,1
1786105532.532625,1,1,,1314.0000,1288.0000,1262.0000,1349.0000,1296.0000,1762.0000,116.644,121.846,127.145,109.769,67.040,7.356,1243,1209,1213,1242,1282,1710,0,21,37,14,38,0,4.9908,4.9908,4.9908,4.9908,10.0990,4.5916,1258.6621,1233.8221,1218.4215,1285.0676,1217.3786,1716.8984,1,on,1
1786105532.564582,1,1,,1318.0000,1294.0000,1277.0000,1340.0000,1269.0000,1750.0000,115.927,120.736,124.047,111.509,69.659,9.970,1243,1209,1211,1252,1280,1710,0,70,17,35,39,0,4.9908,4.9908,4.9908,4.9908,10.0990,4.5916,1268.7696,1244.4226,1226.8749,1296.3297,1217.3786,1724.9015,1,on,1
1786105532.596428,1,1,,1274.0000,1258.0000,1232.0000,1287.0000,1204.0000,1752.0000,124.612,127.985,133.055,122.199,76.075,9.528,1243,1220,1212,1261,1278,1710,42,47,55,62,40,30,4.9908,4.9908,4.9908,4.9908,10.0990,4.5916,1268.7696,1244.4226,1226.8749,1296.3297,1217.3786,1724.9015,0,on,1
1786105532.632553,1,1,,1258.0000,1206.0000,1201.0000,1220.0000,1258.0000,1735.0000,127.910,138.284,139.373,135.620,70.760,13.312,1247,1231,1224,1279,1274,1716,38,25,10,29,46,0,4.9908,4.9908,4.9908,4.9908,10.0990,4.5916,1268.7696,1244.4226,1226.8749,1296.3297,1217.3786,1724.9015,0,on,1
1786105532.664420,1,1,,1180.0000,1134.0000,1156.0000,1145.0000,1211.0000,1732.0000,143.638,152.749,148.433,150.634,75.404,13.845,1257,1237,1229,1291,1271,1718,22,11,0,11,37,0,4.9908,4.9908,4.9908,4.9908,10.0990,4.5916,1259.9912,1229.9758,1226.8749,1263.8534,1217.3786,1724.9015,1,on,1
1786105532.696681,1,1,,1150.0000,1092.0000,1112.0000,1087.0000,1155.0000,1684.0000,149.524,161.199,157.075,162.174,80.933,24.398,1261,1242,1229,1293,1267,1718,20,17,0,0,37,22,4.9908,4.9908,4.9908,4.9908,10.0990,4.5916,1240.1580,1199.3032,1201.2065,1214.7813,1217.3786,1724.9015,1,on,1
1786105532.732455,1,1,,1153.0000,1084.0000,1108.0000,1073.0000,1123.0000,1730.0000,148.973,162.745,157.967,165.079,84.105,14.229,1261,1243,1229,1293,1265,1719,0,37,0,72,44,27,4.9908,4.9908,4.9908,4.9908,10.0990,4.5916,1221.9866,1169.8085,1181.4937,1171.4293,1217.3786,1724.9015,1,on,1
1786105532.767008,1,1,,1143.0000,1080.0000,1102.0000,1083.0000,1133.0000,1727.0000,150.948,163.631,159.129,163.020,83.106,14.949,1261,1234,1228,1279,1262,1721,48,98,75,112,42,28,4.9908,4.9908,4.9908,4.9908,10.0990,4.5916,1205.8600,1148.3540,1165.1012,1147.9329,1192.4778,1724.9015,1,on,1
1786105532.796625,1,1,,1153.0000,1080.0000,1098.0000,1069.0000,1107.0000,1713.0000,149.043,163.544,159.996,165.724,85.771,17.955,1257,1222,1217,1264,1260,1723,119,120,111,86,43,27,4.9908,4.9908,4.9908,4.9908,10.0990,4.5916,1197.0172,1134.6905,1152.9302,1130.3028,1176.7005,1724.9015,1,on,1
1786105532.832614,1,1,,1158.0000,1081.0000,1105.0000,1079.0000,1118.0000,1715.0000,148.008,163.306,158.572,163.810,84.679,17.546,1232,1191,1193,1234,1255,1724,103,111,94,69,43,26,4.9908,4.9908,4.9908,4.9908,10.0990,4.5916,1197.0172,1124.1289,1144.3432,1119.5424,1176.7005,1724.9015,1,on,1
1786105532.864613,1,1,,1145.0000,1066.0000,1093.0000,1091.0000,1155.0000,1740.0000,150.500,166.356,160.969,161.358,80.951,12.066,1232,1191,1193,1234,1255,1724,103,111,94,69,43,26,4.9908,4.9908,4.9908,4.9908,10.0990,4.5916,1184.3273,1114.1774,1136.3665,1119.5424,1176.7005,1724.9015,1,on,1
1786105532.896651,1,1,,1147.0000,1067.0000,1086.0000,1078.0000,1142.0000,1684.0000,150.107,166.251,162.414,164.030,82.215,24.259,1210,1154,1165,1204,1249,1725,23,102,0,95,37,0,4.9908,4.9908,4.9908,4.9908,10.0990,4.5916,1184.3273,1114.1774,1128.7893,1110.3123,1176.7005,1724.9015,1,on,1
1786105532.932486,1,1,,1167.0000,1076.0000,1098.0000,1096.0000,1139.0000,1711.0000,146.114,164.317,159.943,160.348,82.588,18.482,1208,1135,1160,1183,1247,1725,62,124,46,87,43,0,4.9908,4.9908,4.9908,4.9908,10.0990,4.5916,1184.3273,1102.5537,1128.7893,1110.3123,1159.7903,1724.9015,1,on,1
1786105532.964504,1,1,,1168.0000,1083.0000,1110.0000,1104.0000,1118.0000,1749.0000,145.978,162.959,157.604,158.825,84.626,10.232,1204,1126,1150,1160,1244,1725,51,28,54,59,46,0,4.9908,4.9908,4.9908,4.9908,10.0990,4.5916,1184.3273,1102.5537,1128.7893,1110.3123,1159.7903,1724.9015,0,on,1
1786105532.996665,1,1,,1169.0000,1081.0000,1097.0000,1101.0000,1135.0000,1702.0000,145.712,163.401,160.255,159.390,82.905,20.489,1203,1125,1146,1152,1242,1725,53,52,37,89,57,0,4.9908,4.9908,4.9908,4.9908,10.0990,4.5916,1184.3273,1102.5537,1120.9454,1110.3123,1159.7903,1724.9015,1,on,1
1786105533.032510,1,1,,1172.0000,1078.0000,1093.0000,1107.0000,1185.0000,1676.0000,145.211,164.036,160.924,158.205,77.950,25.991,1190,1115,1122,1116,1220,1725,41,61,35,19,47,0,4.9908,4.9908,4.9908,4.9908,10.0990,4.5916,1184.3273,1102.5537,1120.9454,1110.3123,1159.7903,1724.9015,0,on,1
1786105533.245053,1,1,,1166.0000,1077.0000,1089.0000,1106.0000,1135.0000,1681.0000,146.368,164.225,161.824,158.297,82.963,25.071,1190,1115,1122,1116,1219,1725,40,56,0,24,48,0,4.9908,4.9908,4.9908,4.9908,10.0990,4.5916,1176.2080,1102.5537,1120.9454,1110.3123,1159.7903,1713.4113,1,on,1
1786105533.256522,1,1,,1156.0000,1075.0000,1084.0000,1106.0000,1119.0000,1679.0000,148.317,164.569,162.753,158.441,84.537,25.461,1190,1113,1121,1116,1217,1725,39,0,0,29,41,0,4.9908,4.9908,4.9908,4.9908,10.0990,4.5916,1176.2080,1094.4766,1113.4197,1110.3123,1159.7903,1713.4113,1,on,1
1786105533.270959,1,1,,1185.0000,1080.0000,1080.0000,1112.0000,1124.0000,1610.0000,142.572,163.587,163.598,157.206,84.028,40.497,1189,1113,1121,1116,1215,1725,41,37,0,49,37,0,4.9908,4.9908,4.9908,4.9908,10.0990,4.5916,1176.2080,1094.4766,1113.4197,1110.3123,1159.7903,1700.3304,1,on,1
1786105533.286154,1,1,,1172.0000,1085.0000,1089.0000,1118.0000,1128.0000,1629.0000,145.053,162.664,161.844,155.982,83.666,36.416,1188,1113,1121,1114,1214,1725,64,56,0,21,41,0,4.9908,4.9908,4.9908,4.9908,10.0990,4.5916,1176.2080,1094.4766,1113.4197,1110.3123,1159.7903,1690.4405,1,on,1
1786105533.298400,1,1,,1191.0000,1103.0000,1076.0000,1135.0000,1155.0000,1599.0000,141.379,159.055,164.358,152.644,81.006,42.950,1188,1111,1121,1113,1214,1725,82,60,0,38,46,16,4.9908,4.9908,4.9908,4.9908,10.0990,4.5916,1176.2080,1094.4766,1113.4197,1110.3123,1159.7903,1677.3077,1,on,1
1786105533.335068,1,1,,1189.0000,1090.0000,1101.0000,1134.0000,1104.0000,1678.0000,141.679,161.543,159.374,152.844,86.020,25.595,1182,1103,1121,1111,1210,1725,38,72,0,13,38,51,4.9908,4.9908,4.9908,4.9908,10.0990,4.5916,1176.2080,1094.4766,1113.4197,1110.3123,1144.1876,1677.3077,1,on,1
1786105533.367018,1,1,,1163.0000,1079.0000,1082.0000,1099.0000,1084.0000,1705.0000,146.974,163.880,163.151,159.796,87.979,19.669,1182,1100,1121,1111,1207,1703,49,38,0,0,39,40,4.9908,4.9908,4.9908,4.9908,10.0990,4.5916,1176.2080,1094.4766,1104.5968,1110.3123,1144.1876,1677.3077,1,on,1
1786105533.396663,1,1,,1168.0000,1082.0000,1087.0000,1110.0000,1071.0000,1700.0000,145.950,163.270,162.104,157.601,89.304,20.946,1182,1100,1121,1111,1207,1694,46,45,38,0,60,0,4.9908,4.9908,4.9908,4.9908,10.0990,4.5916,1176.2080,1094.4766,1104.5968,1110.3123,1126.7194,1677.3077,1,on,1
1786105533.432762,1,1,,1161.0000,1079.0000,1086.0000,1109.0000,1079.0000,1687.0000,147.318,163.862,162.428,157.868,88.537,23.796,1181,1099,1114,1111,1203,1690,41,43,22,0,50,24,4.9908,4.9908,4.9908,4.9908,10.0990,4.5916,1176.2080,1094.4766,1104.5968,1110.3123,1126.7194,1677.3077,0,on,1
1786105533.464684,1,1,,1168.0000,1078.0000,1084.0000,1111.0000,1064.0000,1692.0000,145.856,163.989,162.708,157.279,90.021,22.587,1181,1097,1113,1111,1200,1684,44,39,39,0,52,18,4.9908,4.9908,4.9908,4.9908,10.0990,4.5916,1176.2080,1094.4766,1104.5968,1110.3123,1111.0712,1677.3077,1,on,1
1786105533.500628,1,1,,1166.0000,1083.0000,1094.0000,1114.0000,1069.0000,1666.0000,146.312,163.008,160.791,156.865,89.524,28.364,1180,1096,1109,1111,1196,1682,42,35,37,0,46,0,4.9908,4.9908,4.9908,4.9908,10.0990,4.5916,1176.2080,1094.4766,1104.5968,1110.3123,1111.0712,1677.3077,0,on,1
1786105533.532610,1,1,,1172.0000,1088.0000,1100.0000,1114.0000,1066.0000,1670.0000,145.121,161.972,159.490,156.732,89.734,27.440,1180,1096,1108,1111,1192,1682,42,35,39,0,39,0,4.9908,4.9908,4.9908,4.9908,10.0990,4.5916,1176.2080,1094.4766,1104.5968,1110.3123,1111.0712,1677.3077,0,on,1
1786105533.564654,1,1,,1169.0000,1083.0000,1098.0000,1117.0000,1079.0000,1666.0000,145.670,162.899,160.003,156.086,88.517,28.275,1180,1096,1106,1111,1189,1682,44,38,33,0,44,0,4.9908,4.9908,4.9908,4.9908,10.0990,4.5916,1176.2080,1094.4766,1104.5968,1110.3123,1111.0712,1677.3077,0,on,1
1786105533.600668,1,1,,1172.0000,1087.0000,1108.0000,1113.0000,1064.0000,1682.0000,145.079,162.242,158.056,156.970,90.026,24.777,1180,1096,1105,1111,1187,1682,44,41,0,0,49,0,4.9908,4.9908,4.9908,4.9908,10.0990,4.5916,1176.2080,1094.4766,1104.5968,1110.3123,1094.2074,1677.3077,1,on,1
1786105533.632652,1,1,,1177.0000,1087.0000,1098.0000,1118.0000,1118.0000,1669.0000,144.068,162.139,159.897,155.989,84.654,27.599,1178,1094,1105,1111,1180,1682,0,0,0,0,25,17,4.9908,4.9908,4.9908,4.9908,10.0990,4.5916,1176.2080,1094.4766,1104.5968,1110.3123,1094.2074,1677.3077,0,on,1
1786105533.849302,1,1,,1179.0000,1090.0000,1109.0000,1120.0000,1109.0000,1660.0000,143.652,161.556,157.700,155.637,85.523,29.497,1178,1094,1105,1111,1179,1681,0,0,0,0,29,17,4.9908,4.9908,4.9908,4.9908,10.0990,4.5916,1176.2080,1094.4766,1104.5968,1110.3123,1094.2074,1677.3077,0,on,1
1786105533.862269,1,1,,1178.0000,1089.0000,1101.0000,1117.0000,1108.0000,1657.0000,144.017,161.823,159.439,156.157,85.653,30.256,1179,1094,1105,1111,1179,1679,0,0,0,0,29,13,4.9908,4.9908,4.9908,4.9908,10.0990,4.5916,1176.2080,1094.4766,1104.5968,1110.3123,1094.2074,1677.3077,0,on,1
1786105533.875137,1,1,,1182.0000,1087.0000,1103.0000,1113.0000,1095.0000,1687.0000,143.192,162.270,158.878,156.990,86.901,23.751,1178,1094,1105,1111,1179,1679,0,0,0,0,32,0,4.9908,4.9908,4.9908,4.9908,10.0990,4.5916,1176.2080,1094.4766,1104.5968,1110.3123,1094.2074,1677.3077,0,on,1
1786105533.891406,1,1,,1154.0000,1084.0000,1107.0000,1117.0000,1059.0000,1694.0000,148.814,162.839,158.109,156.180,90.446,22.162,1178,1094,1105,1111,1179,1679,0,0,0,0,30,0,4.9908,4.9908,4.9908,4.9908,10.0990,4.5916,1176.2080,1094.4766,1104.5968,1110.3123,1094.2074,1677.3077,0,on,1
1786105533.903666,1,1,,1167.0000,1091.0000,1112.0000,1122.0000,1043.0000,1726.0000,146.232,161.285,157.208,155.238,92.056,15.113,1178,1094,1105,1111,1178,1679,0,0,0,0,28,0,4.9908,4.9908,4.9908,4.9908,10.0990,4.5916,1176.2080,1094.4766,1104.5968,1110.3123,1094.2074,1677.3077,0,on,1
1786105533.932561,1,1,,1150.0000,1079.0000,1093.0000,1112.0000,1043.0000,1663.0000,149.499,163.882,160.975,157.175,92.054,28.824,1178,1094,1105,1111,1178,1679,0,0,0,0,26,0,4.9908,4.9908,4.9908,4.9908,10.0990,4.5916,1176.2080,1094.4766,1104.5968,1110.3123,1094.2074,1677.3077,0,on,1
1786105533.964636,1,1,,1168.0000,1089.0000,1108.0000,1122.0000,1052.0000,1709.0000,145.912,161.793,157.955,155.161,91.177,19.006,1178,1094,1104,1111,1177,1679,0,0,0,0,0,0,4.9908,4.9908,4.9908,4.9908,10.0990,4.5916,1176.2080,1094.4766,1104.5968,1110.3123,1094.2074,1677.3077,0,on,1
1786105533.996455,1,1,,1163.0000,1084.0000,1097.0000,1114.0000,1039.0000,1679.0000,147.005,162.708,160.274,156.839,92.448,25.490,1178,1094,1105,1111,1177,1679,0,0,0,0,0,0,4.9908,4.9908,4.9908,4.9908,10.0990,4.5916,1176.2080,1094.4766,1104.5968,1110.3123,1076.0956,1677.3077,1,on,1
1786105534.032422,1,1,,1174.0000,1086.0000,1103.0000,1119.0000,1037.0000,1689.0000,144.818,162.433,159.069,155.779,92.676,23.225,1178,1094,1105,1111,1177,1679,0,0,0,0,0,0,4.9908,4.9908,4.9908,4.9908,10.0990,4.5916,1176.2080,1094.4766,1104.5968,1110.3123,1076.0956,1677.3077,0,on,1
1786105534.064582,1,1,,1162.0000,1087.0000,1106.0000,1119.0000,1034.0000,1695.0000,147.165,162.254,158.453,155.669,93.001,21.857,1178,1094,1105,1111,1177,1679,0,0,0,0,0,0,4.9908,4.9908,4.9908,4.9908,10.0990,4.5916,1176.2080,1094.4766,1104.5968,1110.3123,1076.0956,1677.3077,0,on,1
1786105534.096440,1,1,,1182.0000,1091.0000,1111.0000,1129.0000,1069.0000,1706.0000,143.128,161.308,157.319,153.759,89.466,19.574,1179,1094,1105,1111,1177,1679,0,0,0,0,0,0,4.9908,4.9908,4.9908,4.9908,10.0990,4.5916,1176.2080,1094.4766,1104.5968,1110.3123,1076.0956,1677.3077,0,on,1
1786105534.132388,1,1,,1160.0000,1088.0000,1096.0000,1100.0000,1034.0000,1683.0000,147.524,161.948,160.435,159.639,95.298,24.664,1178,1094,1105,1111,1177,1679,0,0,0,0,0,0,4.9908,4.9908,4.9908,4.9908,10.0990,4.5916,1176.2080,1094.4766,1104.5968,1110.3123,1076.0956,1677.3077,0,on,1
1786105534.164383,1,1,,1183.0000,1091.0000,1112.0000,1126.0000,1063.0000,1719.0000,142.953,161.428,157.196,154.457,90.075,16.820,1178,1094,1105,1111,1177,1679,0,0,0,0,0,0,4.9908,4.9908,4.9908,4.9908,10.0990,4.5916,1176.2080,1094.4766,1104.5968,1110.3123,1076.0956,1685.7350,1,on,1
1786105534.196584,1,1,,1157.0000,1078.0000,1091.0000,1092.0000,1034.0000,1688.0000,148.173,163.927,161.362,161.097,93.895,23.468,1178,1094,1105,1111,1177,1679,0,0,0,0,0,0,4.9908,4.9908,4.9908,4.9908,10.0990,4.5916,1176.2080,1094.4766,1104.5968,1110.3123,1076.0956,1685.7350,0,on,1
1786105534.232597,1,1,,1172.0000,1083.0000,1099.0000,1110.0000,1052.0000,1691.0000,145.222,163.001,159.839,157.593,91.180,22.907,1178,1094,1105,1111,1177,1679,0,0,0,0,0,0,4.9908,4.9908,4.9908,4.9908,10.0990,4.5916,1176.2080,1094.4766,1104.5968,1110.3123,1076.0956,1685.7350,0,on,1
1786105534.264537,1,1,,1159.0000,1080.0000,1095.0000,1104.0000,1038.0000,1679.0000,147.769,163.596,160.558,158.754,92.573,25.335,1179,1094,1105,1111,1177,1679,0,0,0,0,0,0,4.9908,4.9908,4.9908,4.9908,10.0990,4.5916,1176.2080,1094.4766,1104.5968,1110.3123,1059.7416,1685.7350,1,on,1
1786105534.296593,1,1,,1170.0000,1083.0000,1100.0000,1108.0000,1091.0000,1680.0000,145.547,162.936,159.614,157.997,87.342,25.259,1178,1094,1105,1111,1177,1679,0,0,0,0,0,17,4.9908,4.9908,4.9908,4.9908,10.0990,4.5916,1176.2080,1094.4766,1104.5968,1110.3123,1059.7416,1685.7350,0,on,1
1786105534.332432,1,1,,1164.0000,1085.0000,1109.0000,1114.0000,1076.0000,1673.0000,146.746,162.514,157.742,156.863,88.773,26.657,1179,1094,1105,1111,1177,1679,0,0,0,0,0,9,4.9908,4.9908,4.9908,4.9908,10.0990,4.5916,1176.2080,1094.4766,1104.5968,1110.3123,1059.7416,1685.7350,0,on,1
1786105534.364707,1,1,,1179.0000,1080.0000,1103.0000,1115.0000,1108.0000,1681.0000,143.683,163.555,158.984,156.532,85.654,25.080,1178,1094,1105,1111,1177,1679,0,0,0,0,0,17,4.9908,4.9908,4.9908,4.9908,10.0990,4.5916,1176.2080,1094.4766,1104.5968,1110.3123,1059.7416,1685.7350,0,on,1
1786105534.396749,1,1,,1153.0000,1079.0000,1110.0000,1120.0000,1052.0000,1710.0000,148.973,163.702,157.541,155.485,91.167,18.682,1179,1094,1105,1111,1177,1678,0,0,0,0,0,33,4.9908,4.9908,4.9908,4.9908,10.0990,4.5916,1176.2080,1094.4766,1104.5968,1110.3123,1059.7416,1685.7350,0,on,1
1786105534.432701,1,1,,1167.0000,1080.0000,1108.0000,1118.0000,1112.0000,1669.0000,146.130,163.505,157.921,156.065,85.259,27.520,1178,1094,1105,1111,1177,1686,0,0,0,0,0,0,4.9908,4.9908,4.9908,4.9908,10.0990,4.5916,1176.2080,1094.4766,1104.5968,1110.3123,1059.7416,1685.7350,0,on,1
1786105534.644039,1,1,,1170.0000,1089.0000,1102.0000,1114.0000,1075.0000,1669.0000,145.595,161.821,159.147,156.670,88.845,27.593,1179,1094,1105,1111,1177,1686,0,0,0,0,0,0,4.9908,4.9908,4.9908,4.9908,10.0990,4.5916,1176.2080,1094.4766,1104.5968,1110.3123,1059.7416,1685.7350,0,on,1
1786105534.653522,1,1,,1189.0000,1086.0000,1107.0000,1124.0000,1095.0000,1688.0000,141.677,162.345,158.231,154.775,86.932,23.368,1179,1094,1105,1111,1177,1686,0,0,0,0,0,0,4.9908,4.9908,4.9908,4.9908,10.0990,4.5916,1176.2080,1094.4766,1104.5968,1110.3123,1059.7416,1685.7350,0,on,1
1786105534.665487,1,1,,1154.0000,1093.0000,1122.0000,1116.0000,1055.0000,1691.0000,148.809,160.921,155.208,156.332,90.878,22.881,1178,1094,1104,1111,1177,1686,0,0,0,0,0,0,4.9908,4.9908,4.9908,4.9908,10.0990,4.5916,1176.2080,1094.4766,1104.5968,1110.3123,1059.7416,1685.7350,0,on,1
1786105534.681171,1,1,,1184.0000,1088.0000,1111.0000,1132.0000,1097.0000,1713.0000,142.821,161.904,157.275,153.079,86.720,18.069,1179,1094,1105,1111,1177,1686,0,0,0,0,0,0,4.9908,4.9908,4.9908,4.9908,10.0990,4.5916,1176.2080,1094.4766,1104.5968,1110.3123,1059.7416,1685.7350,0,on,1
1786105534.697920,1,1,,1145.0000,1077.0000,1100.0000,1109.0000,1036.0000,1674.0000,150.641,164.189,159.547,157.693,92.790,26.421,1179,1094,1105,1111,1177,1686,0,0,0,0,0,0,4.9908,4.9908,4.9908,4.9908,10.0990,4.5916,1176.2080,1094.4766,1104.5968,1110.3123,1059.7416,1685.7350,0,on,1
1786105534.732581,1,1,,1191.0000,1080.0000,1104.0000,1119.0000,1092.0000,1637.0000,141.437,163.603,158.698,155.803,87.164,34.515,1179,1094,1105,1111,1177,1686,0,0,0,0,0,0,4.9908,4.9908,4.9908,4.9908,10.0990,4.5916,1176.2080,1094.4766,1104.5968,1110.3123,1059.7416,1685.7350,0,on,1
1786105534.764680,1,1,,1165.0000,1072.0000,1108.0000,1124.0000,1105.0000,1624.0000,146.564,165.170,158.044,154.784,85.967,37.388,1178,1094,1105,1111,1177,1686,0,0,0,0,0,0,4.9908,4.9908,4.9908,4.9908,10.0990,4.5916,1176.2080,1086.7134,1104.5968,1110.3123,1059.7416,1675.9193,1,on,1
1786105534.796625,1,1,,1194.0000,1088.0000,1115.0000,1136.0000,1124.0000,1644.0000,140.751,162.035,156.475,152.425,84.085,32.993,1179,1094,1105,1111,1177,1686,0,0,0,0,0,0,4.9908,4.9908,4.9908,4.9908,10.0990,4.5916,1176.2080,1086.7134,1104.5968,1110.3123,1078.5760,1675.9193,1,on,1
1786105534.832585,1,1,,1186.0000,1092.0000,1120.0000,1134.0000,1110.0000,1682.0000,142.257,161.223,155.521,152.748,85.454,24.782,1178,1094,1105,1111,1177,1686,0,0,0,0,0,16,4.9908,4.9908,4.9908,4.9908,10.0990,4.5916,1176.2080,1086.7134,1104.5968,1110.3123,1078.5760,1675.9193,0,on,1
1786105534.864602,1,1,,1185.0000,1087.0000,1124.0000,1140.0000,1146.0000,1690.0000,142.636,162.085,154.734,151.576,81.823,23.138,1178,1094,1105,1111,1177,1686,0,40,0,0,0,31,4.9908,4.9908,4.9908,4.9908,10.0990,4.5916,1176.2080,1086.7134,1104.5968,1117.9152,1078.5760,1675.9193,1,on,1
1786105534.896629,1,1,,1173.0000,1082.0000,1113.0000,1128.0000,1087.0000,1699.0000,144.945,163.214,156.972,153.991,87.716,21.021,1179,1094,1105,1111,1177,1684,0,0,0,0,0,15,4.9908,4.9908,4.9908,4.9908,10.0990,4.5916,1176.2080,1086.7134,1104.5968,1117.9152,1078.5760,1675.9193,0,on,1
1786105534.932606,1,1,,1171.0000,1089.0000,1122.0000,1112.0000,1045.0000,1699.0000,145.302,161.748,155.087,157.072,91.860,20.980,1178,1094,1105,1111,1177,1681,0,58,0,19,0,13,4.9908,4.9908,4.9908,4.9908,10.0990,4.5916,1176.2080,1086.7134,1104.5968,1117.9152,1078.5760,1675.9193,0,on,1
1786105534.964609,1,1,,1205.0000,1108.0000,1123.0000,1140.0000,1073.0000,1759.0000,138.607,157.928,154.979,151.486,89.067,8.033,1178,1092,1105,1113,1177,1681,0,55,0,18,0,0,4.9908,4.9908,4.9908,4.9908,10.0990,4.5916,1176.2080,1086.7134,1104.5968,1117.9152,1078.5760,1687.1243,1,on,1
1786105534.996696,1,1,,1209.0000,1107.0000,1114.0000,1118.0000,1040.0000,1770.0000,137.829,158.093,156.732,155.953,92.325,5.522,1179,1092,1105,1118,1177,1681,0,31,0,0,0,0,4.9908,4.9908,4.9908,4.9908,10.0990,4.5916,1176.2080,1086.7134,1104.5968,1117.9152,1078.5760,1701.3158,1,on,1
1786105535.032724,1,1,,1201.0000,1137.0000,1136.0000,1163.0000,1136.0000,1722.0000,139.267,152.161,152.329,147.012,82.837,16.011,1179,1086,1105,1118,1177,1695,0,0,0,0,0,37,4.9908,4.9908,4.9908,4.9908,10.0990,4.5916,1176.2080,1086.7134,1104.5968,1117.9152,1078.5760,1701.3158,0,on,1
1786105535.246215,1,1,,1275.0000,1234.0000,1189.0000,1273.0000,1196.0000,1700.0000,124.431,132.747,141.672,124.977,76.887,20.805,1178,1086,1104,1118,1177,1697,0,0,0,0,0,31,4.9908,4.9908,4.9908,4.9908,10.0990,4.5916,1199.2544,1130.8658,1123.8565,1163.2377,1108.1944,1701.3158,1,on,1
1786105535.255730,1,1,,1309.0000,1234.0000,1241.0000,1321.0000,1431.0000,1717.0000,117.648,132.746,131.297,115.263,53.605,17.165,1179,1086,1105,1118,1177,1698,0,0,0,0,0,31,4.9908,4.9908,4.9908,4.9908,10.0990,4.5916,1209.0293,1140.7034,1134.2345,1182.4978,1167.7038,1701.3158,1,on,1
1786105535.265696,1,1,,1457.0000,1457.0000,1483.0000,1594.0000,1705.0000,1741.0000,87.962,88.035,82.877,60.569,26.532,11.897,1178,1086,1105,1118,1177,1699,0,0,0,0,0,16,4.9908,4.9908,4.9908,4.9908,10.0990,4.5916,1256.7941,1211.4278,1215.0337,1294.9582,1353.3831,1701.3158,1,on,1
1786105535.277105,1,1,,1651.0000,1676.0000,1652.0000,1707.0000,1642.0000,1758.0000,49.159,44.177,48.925,38.016,32.794,8.145,1179,1086,1105,1118,1177,1699,0,0,0,0,0,16,4.9908,4.9908,4.9908,4.9908,10.0990,4.5916,1386.2580,1382.3843,1374.5533,1453.2519,1469.4487,1709.1668,1,on,1
1786105535.296673,1,0,handedness unsure,1679.0000,1705.0000,1782.0000,1731.0000,1563.0000,1761.0000,43.549,38.301,22.992,33.145,40.531,7.584,1179,1086,1105,1118,1177,1699,44,44,37,47,0,17,4.9908,4.9908,4.9908,4.9908,10.0990,4.5916,1522.2412,1544.1422,1586.5888,1592.6054,1469.4487,1709.1668,1,on,1
1786105535.332588,1,0,handedness unsure,1730.0000,1767.0000,1804.0000,1759.0000,1567.0000,1735.0000,33.346,26.018,18.481,27.537,40.186,13.334,1187,1095,1119,1135,1177,1700,76,86,60,39,32,36,4.9908,4.9908,4.9908,4.9908,10.0990,4.5916,1633.4483,1670.4217,1712.5001,1684.2047,1469.4487,1709.1668,1,on,1
1786105535.364578,1,0,handedness unsure,1722.0000,1759.0000,1799.0000,1773.0000,1577.0000,1727.0000,35.031,27.550,19.440,24.713,39.193,15.074,1201,1112,1132,1147,1178,1701,83,58,69,52,56,43,4.9908,4.9908,4.9908,4.9908,10.0990,4.5916,1669.8232,1709.0710,1751.0782,1721.7761,1469.4487,1709.1668,1,on,1
1786105535.396458,1,0,handedness unsure,1731.0000,1765.0000,1803.0000,1768.0000,1598.0000,1728.0000,33.109,26.301,18.773,25.647,37.091,14.726,1225,1138,1152,1171,1184,1709,76,62,72,34,53,27,4.9908,4.9908,4.9908,4.9908,10.0990,4.5916,1689.5428,1727.9829,1768.8950,1736.6588,1469.4487,1709.1668,1,on,1
1786105535.432606,1,0,handedness unsure,1741.0000,1754.0000,1811.0000,1755.0000,1591.0000,1730.0000,31.062,28.621,17.100,28.388,37.765,14.273,1248,1164,1176,1188,1188,1710,58,48,55,45,45,0,4.9908,4.9908,4.9908,4.9908,10.0990,4.5916,1703.3013,1727.9829,1780.4614,1736.6588,1469.4487,1709.1668,1,on,1
1786105535.464413,1,0,handedness unsure,1714.0000,1745.0000,1806.0000,1757.0000,1608.0000,1723.0000,36.634,30.246,18.104,27.924,36.118,15.750,1267,1182,1194,1207,1192,1710,61,56,72,55,39,0,4.9908,4.9908,4.9908,4.9908,10.0990,4.5916,1703.3013,1736.3343,1780.4614,1736.6588,1469.4487,1709.1668,1,on,1
1786105535.496584,1,0,handedness unsure,1701.0000,1747.0000,1797.0000,1760.0000,1622.0000,1723.0000,39.227,30.017,19.853,27.259,34.689,15.914,1286,1199,1214,1228,1196,1710,66,69,64,44,35,0,4.9908,4.9908,4.9908,4.9908,10.0990,4.5916,1703.3013,1736.3343,1780.4614,1745.3760,1469.4487,1709.1668,1,on,1
1786105535.532574,1,0,handedness unsure,1730.0000,1756.0000,1807.0000,1759.0000,1617.0000,1724.0000,33.436,28.184,17.916,27.446,35.239,15.726,1302,1220,1233,1246,1200,1710,67,50,60,44,28,0,4.9908,4.9908,4.9908,4.9908,10.0990,4.5916,1703.3013,1736.3343,1788.8882,1745.3760,1469.4487,1709.1668,1,on,1
1786105535.564410,1,0,handedness unsure,1728.0000,1762.0000,1821.0000,1773.0000,1612.0000,1720.0000,33.669,26.963,15.106,24.705,35.673,16.527,1315,1230,1245,1260,1202,1710,82,66,53,58,30,0,4.9908,4.9908,4.9908,4.9908,10.0990,4.5916,1703.3013,1736.3343,1788.8882,1745.3760,1469.4487,1709.1668,0,on,1
1786105535.596444,1,0,handedness unsure,1721.0000,1766.0000,1819.0000,1785.0000,1617.0000,1714.0000,35.236,26.165,15.491,22.285,35.227,17.727,1328,1246,1262,1272,1205,1710,62,60,50,61,32,0,4.9908,4.9908,4.9908,4.9908,10.0990,4.5916,1703.3013,1736.3343,1788.8882,1745.3760,1469.4487,1709.1668,0,on,1
1786105535.632588,1,0,handedness unsure,1740.0000,1764.0000,1821.0000,1776.0000,1624.0000,1722.0000,31.404,26.531,15.138,24.140,34.563,16.118,1346,1264,1279,1289,1207,1710,64,55,54,53,43,0,4.9908,4.9908,4.9908,4.9908,10.0990,4.5916,1712.1481,1744.8690,1797.1037,1754.5180,1469.4487,1709.1668,1,on,1
1786105535.664376,1,0,handedness unsure,1735.0000,1769.0000,1819.0000,1778.0000,1610.0000,1720.0000,32.298,25.587,15.507,23.706,35.867,16.524,1362,1281,1296,1307,1211,1710,60,57,54,50,33,0,4.9908,4.9908,4.9908,4.9908,10.0990,4.5916,1712.1481,1744.8690,1797.1037,1754.5180,1469.4487,1709.1668,0,on,1
1786105535.696411,1,0,handedness unsure,1729.0000,1767.0000,1811.0000,1783.0000,1604.0000,1712.0000,33.548,25.970,17.069,22.685,36.492,18.311,1377,1296,1309,1325,1214,1710,75,62,73,34,37,0,4.9908,4.9908,4.9908,4.9908,10.0990,4.5916,1712.1481,1744.8690,1797.1037,1754.5180,1469.4487,1709.1668,0,on,1
1786105535.732585,1,0,handedness unsure,1733.0000,1768.0000,1807.0000,1779.0000,1591.0000,1716.0000,32.696,25.670,17.960,23.537,37.803,17.450,1394,1313,1326,1340,1218,1710,64,58,62,45,28,0,4.9908,4.9908,4.9908,4.9908,10.0990,4.5916,1712.1481,1744.8690,1797.1037,1754.5180,1469.4487,1709.1668,0,on,1
1786105535.764572,1,0,handedness unsure,1717.0000,1762.0000,1800.0000,1786.0000,1588.0000,1709.0000,35.925,26.935,19.247,22.140,38.090,18.855,1405,1323,1337,1350,1220,1710,59,62,54,48,30,0,4.9908,4.9908,4.9908,4.9908,10.0990,4.5916,1712.1481,1744.8690,1797.1037,1762.2997,1469.4487,1709.1668,1,on,1
1786105535.796410,1,0,handedness unsure,1728.0000,1770.0000,1802.0000,1780.0000,1588.0000,1709.0000,33.670,25.280,18.942,23.383,38.116,18.796,1422,1340,1355,1369,1223,1710,56,61,60,27,28,0,4.9908,4.9908,4.9908,4.9908,10.0990,4.5916,1712.1481,1744.8690,1797.1037,1762.2997,1469.4487,1709.1668,0,on,1
1786105535.832589,1,0,handedness unsure,1726.0000,1764.0000,1804.0000,1775.0000,1593.0000,1704.0000,34.063,26.595,18.419,24.355,37.637,19.946,1437,1357,1372,1383,1225,1710,65,59,39,34,40,0,4.9908,4.9908,4.9908,4.9908,10.0990,4.5916,1712.1481,1744.8690,1797.1037,1762.2997,1469.4487,1709.1668,0,on,1
1786105535.864362,1,0,handedness unsure,1719.0000,1768.0000,1797.0000,1784.0000,1590.0000,1702.0000,35.640,25.751,19.919,22.565,37.869,20.389,1453,1373,1388,1399,1229,1710,63,68,49,51,29,0,4.9908,4.9908,4.9908,4.9908,10.0990,4.5916,1712.1481,1753.1788,1797.1037,1762.2997,1469.4487,1709.1668,1,on,1
1786105535.896638,1,0,handedness unsure,1718.0000,1764.0000,1799.0000,1784.0000,1582.0000,1701.0000,35.757,26.611,19.472,22.521,38.655,20.730,1471,1390,1403,1414,1232,1710,63,54,55,46,28,0,4.9908,4.9908,4.9908,4.9908,10.0990,4.5916,1712.1481,1753.1788,1797.1037,1762.2997,1469.4487,1709.1668,0,on,1
1786105535.932665,1,0,handedness unsure,1723.0000,1764.0000,1800.0000,1780.0000,1590.0000,1697.0000,34.671,26.502,19.276,23.325,37.867,21.593,1485,1404,1420,1430,1234,1710,68,62,53,53,38,0,4.9908,4.9908,4.9908,4.9908,10.0990,4.5916,1712.1481,1753.1788,1797.1037,1762.2997,1469.4487,1709.1668,0,on,1
1786105535.964684,1,0,handedness unsure,1713.0000,1767.0000,1795.0000,1785.0000,1583.0000,1698.0000,36.757,25.841,20.363,22.345,38.617,21.377,1503,1422,1437,1446,1238,1710,68,61,52,59,32,0,4.9908,4.9908,4.9908,4.9908,10.0990,4.5916,1712.1481,1753.1788,1797.1037,1762.2997,1469.4487,1709.1668,0,on,1
1786105535.996576,1,0,handedness unsure,1699.0000,1760.0000,1799.0000,1779.0000,1593.0000,1700.0000,39.520,27.396,19.558,23.556,37.644,20.814,1513,1432,1447,1458,1241,1710,74,60,52,55,29,0,4.9908,4.9908,4.9908,4.9908,10.0990,4.5916,1712.1481,1753.1788,1797.1037,1762.2997,1469.4487,1709.1668,0,on,1
1786105536.032561,1,0,handedness unsure,1715.0000,1771.0000,1807.0000,1782.0000,1598.0000,1695.0000,36.445,25.163,17.852,22.917,37.147,21.865,1531,1449,1463,1474,1243,1710,78,57,50,50,32,0,4.9908,4.9908,4.9908,4.9908,10.0990,4.5916,1712.1481,1753.1788,1797.1037,1762.2997,1469.4487,1709.1668,0,on,1
1786105536.064734,1,0,handedness unsure,1725.0000,1773.0000,1807.0000,1775.0000,1600.0000,1704.0000,34.285,24.722,17.976,24.305,36.868,20.022,1549,1462,1481,1492,1246,1710,61,75,53,55,36,0,4.9908,4.9908,4.9908,4.9908,10.0990,4.5916,1712.1481,1753.1788,1797.1037,1769.8822,1469.4487,1709.1668,1,on,1
1786105536.096586,1,0,handedness unsure,1726.0000,1773.0000,1808.0000,1779.0000,1588.0000,1698.0000,34.155,24.818,17.797,23.616,38.091,21.196,1566,1481,1497,1509,1250,1710,73,63,58,36,30,0,4.9908,4.9908,4.9908,4.9908,10.0990,4.5916,1712.1481,1753.1788,1797.1037,1769.8822,1469.4487,1709.1668,0,on,1
1786105536.132552,1,0,handedness unsure,1714.0000,1764.0000,1799.0000,1780.0000,1572.0000,1701.0000,36.498,26.539,19.579,23.267,39.718,20.742,1585,1499,1513,1527,1253,1710,61,60,59,34,25,0,4.9908,4.9908,4.9908,4.9908,10.0990,4.5916,1712.1481,1753.1788,1797.1037,1769.8822,1469.4487,1709.1668,0,on,1
1786105536.164578,1,0,handedness unsure,1712.0000,1763.0000,1800.0000,1782.0000,1573.0000,1691.0000,36.940,26.637,19.234,22.925,39.571,22.921,1602,1515,1529,1543,1256,1710,71,65,57,43,31,0,4.9908,4.9908,4.9908,4.9908,10.0990,4.5916,1712.1481,1753.1788,1797.1037,1769.8822,1469.4487,1709.1668,0,on,1
1786105536.196593,1,0,handedness unsure,1710.0000,1755.0000,1800.0000,1786.0000,1578.0000,1704.0000,37.409,28.377,19.282,22.194,39.067,20.009,1615,1527,1540,1554,1258,1710,59,63,68,52,29,0,4.9908,4.9908,4.9908,4.9908,10.0990,4.5916,1712.1481,1753.1788,1797.1037,1769.8822,1469.4487,1709.1668,0,on,1
1786105536.232441,1,0,handedness unsure,1731.0000,1766.0000,1805.0000,1779.0000,1582.0000,1698.0000,33.223,26.160,18.241,23.560,38.644,21.352,1632,1545,1559,1572,1261,1710,72,67,53,55,38,0,4.9908,4.9908,4.9908,4.9908,10.0990,4.5916,1712.1481,1753.1788,1797.1037,1769.8822,1469.4487,1709.1668,0,on,1
1786105536.264581,1,1,,1727.0000,1767.0000,1802.0000,1775.0000,1567.0000,1691.0000,33.967,25.956,18.857,24.230,40.194,22.908,1653,1561,1576,1590,1264,1710,67,67,58,44,29,0,4.9908,4.9908,4.9908,4.9908,10.0990,4.5916,1712.1481,1753.1788,1797.1037,1769.8822,1522.4491,1709.1668,1,on,1
1786105536.332619,1,0,handedness unsure,1722.0000,1759.0000,1801.0000,1776.0000,1570.0000,1695.0000,34.937,27.579,19.217,24.200,39.862,21.882,1690,1597,1612,1626,1271,1710,60,58,58,51,31,0,4.9908,4.9908,4.9908,4.9908,10.0990,4.5916,1712.1481,1753.1788,1797.1037,1769.8822,1522.4491,1709.1668,0,on,1
1786105536.362950,1,1,,1716.0000,1755.0000,1801.0000,1768.0000,1569.0000,1696.0000,36.080,28.250,19.070,25.639,39.965,21.661,1704,1616,1632,1646,1275,1710,0,67,61,47,25,0,4.9908,4.9908,4.9908,4.9908,10.0990,4.5916,1712.1481,1753.1788,1797.1037,1769.8822,1541.6886,1709.1668,1,on,1
1786105536.388564,1,0,handedness unsure,1732.0000,1765.0000,1811.0000,1780.0000,1583.0000,1704.0000,33.024,26.369,17.087,23.380,38.575,20.094,1704,1629,1644,1659,1276,1710,0,50,56,42,29,0,4.9908,4.9908,4.9908,4.9908,10.0990,4.5916,1712.1481,1753.1788,1797.1037,1769.8822,1541.6886,1709.1668,0,on,1
1786105536.418959,1,0,handedness unsure,1716.0000,1763.0000,1807.0000,1762.0000,1575.0000,1704.0000,36.052,26.676,17.909,26.835,39.417,20.055,1704,1640,1656,1670,1278,1710,26,60,63,53,28,0,4.9908,4.9908,4.9908,4.9908,10.0990,4.5916,1712.1481,1753.1788,1797.1037,1769.8822,1541.6886,1709.1668,0,on,1
1786105536.444385,1,0,handedness unsure,1708.0000,1761.0000,1805.0000,1765.0000,1558.0000,1702.0000,37.675,27.124,18.268,26.373,41.061,20.323,1707,1657,1677,1690,1282,1710,23,77,62,59,26,0,4.9908,4.9908,4.9908,4.9908,10.0990,4.5916,1712.1481,1753.1788,1797.1037,1769.8822,1541.6886,1709.1668,0,on,1
1786105536.472479,1,0,handedness unsure,1721.0000,1763.0000,1801.0000,1760.0000,1569.0000,1710.0000,35.067,26.763,19.118,27.282,39.966,18.692,1708,1672,1690,1703,1283,1710,23,66,56,54,35,0,4.9908,4.9908,4.9908,4.9908,10.0990,4.5916,1712.1481,1753.1788,1797.1037,1769.8822,1541.6886,1709.1668,0,on,1
1786105536.496403,1,0,handedness unsure,1711.0000,1760.0000,1801.0000,1771.0000,1566.0000,1708.0000,37.093,27.371,19.202,25.224,40.307,19.124,1709,1684,1702,1716,1286,1710,22,67,66,58,29,0,4.9908,4.9908,4.9908,4.9908,10.0990,4.5916,1712.1481,1753.1788,1797.1037,1769.8822,1541.6886,1709.1668,0,on,1
1786105536.532599,1,0,handedness unsure,1703.0000,1768.0000,1799.0000,1778.0000,1583.0000,1698.0000,38.762,25.648,19.490,23.700,38.609,21.241,1710,1705,1721,1736,1289,1710,20,63,76,70,26,0,4.9908,4.9908,4.9908,4.9908,10.0990,4.5916,1712.1481,1753.1788,1797.1037,1769.8822,1541.6886,1709.1668,0,on,1
1786105536.564576,1,0,handedness unsure,1696.0000,1763.0000,1790.0000,1783.0000,1576.0000,1701.0000,40.110,26.684,21.267,22.755,39.262,20.682,1711,1727,1741,1756,1292,1710,15,67,80,68,29,0,4.9908,4.9908,4.9908,4.9908,10.0990,4.5916,1712.1481,1753.1788,1797.1037,1769.8822,1541.6886,1709.1668,0,on,1
1786105536.596561,1,0,handedness unsure,1708.0000,1758.0000,1795.0000,1778.0000,1581.0000,1699.0000,37.697,27.680,20.229,23.781,38.738,21.108,1712,1738,1754,1761,1294,1710,0,16,71,9,28,0,4.9908,4.9908,4.9908,4.9908,10.0990,4.5916,1712.1481,1753.1788,1797.1037,1769.8822,1541.6886,1709.1668,0,on,1
1786105536.632585,1,0,handedness unsure,1696.0000,1764.0000,1789.0000,1780.0000,1565.0000,1699.0000,40.159,26.613,21.621,23.283,40.332,21.137,1712,1745,1776,1764,1298,1710,0,31,12,20,29,0,4.9908,4.9908,4.9908,4.9908,10.0990,4.5916,1712.1481,1753.1788,1797.1037,1769.8822,1541.6886,1709.1668,0,on,1
1786105536.664605,1,0,handedness unsure,1700.0000,1767.0000,1791.0000,1778.0000,1566.0000,1696.0000,39.292,25.924,21.118,23.803,40.318,21.695,1712,1748,1778,1765,1301,1710,0,23,28,0,26,0,4.9908,4.9908,4.9908,4.9908,10.0990,4.5916,1712.1481,1753.1788,1797.1037,1769.8822,1541.6886,1709.1668,0,on,1
1786105536.696578,1,0,handedness unsure,1688.0000,1753.0000,1791.0000,1780.0000,1563.0000,1698.0000,41.719,28.707,21.142,23.308,40.571,21.394,1712,1750,1782,1765,1304,1710,0,21,21,19,27,0,4.9908,4.9908,4.9908,4.9908,10.0990,4.5916,1712.1481,1753.1788,1797.1037,1769.8822,1541.6886,1709.1668,0,on,1
1786105536.732332,1,0,handedness unsure,1693.0000,1761.0000,1795.0000,1771.0000,1572.0000,1690.0000,40.740,27.175,20.326,25.168,39.643,23.027,1712,1752,1784,1766,1306,1710,0,16,15,21,39,0,4.9908,4.9908,4.9908,4.9908,10.0990,4.5916,1712.1481,1753.1788,1797.1037,1769.8822,1541.6886,1709.1668,0,on,1
1786105536.764412,1,0,handedness unsure,1700.0000,1762.0000,1795.0000,1772.0000,1580.0000,1699.0000,39.282,26.881,20.360,24.834,38.924,21.100,1712,1753,1785,1767,1311,1710,0,0,0,0,25,0,4.9908,4.9908,4.9908,4.9908,10.0990,4.5916,1712.1481,1753.1788,1797.1037,1769.8822,1541.6886,1709.1668,0,on,1
1786105536.796575,1,0,handedness unsure,1695.0000,1762.0000,1797.0000,1777.0000,1575.0000,1695.0000,40.306,26.864,19.925,24.008,39.410,21.906,1712,1753,1785,1767,1314,1710,0,0,0,11,30,0,4.9908,4.9908,4.9908,4.9908,10.0990,4.5916,1712.1481,1753.1788,1797.1037,1769.8822,1541.6886,1709.1668,0,on,1
1786105536.832337,1,0,handedness unsure,1695.0000,1757.0000,1799.0000,1780.0000,1570.0000,1700.0000,40.377,27.906,19.608,23.229,39.856,20.832,1712,1753,1785,1767,1317,1710,0,0,0,18,27,0,4.9908,4.9908,4.9908,4.9908,10.0990,4.5916,1712.1481,1753.1788,1797.1037,1769.8822,1541.6886,1709.1668,0,on,1
1786105536.864506,1,0,handedness unsure,1712.0000,1771.0000,1802.0000,1781.0000,1572.0000,1701.0000,36.884,25.104,18.927,23.126,39.696,20.742,1712,1753,1785,1767,1319,1710,0,0,0,27,33,0,4.9908,4.9908,4.9908,4.9908,10.0990,4.5916,1712.1481,1753.1788,1797.1037,1769.8822,1541.6886,1709.1668,0,on,1
1786105536.896377,1,0,handedness unsure,1699.0000,1760.0000,1799.0000,1782.0000,1568.0000,1704.0000,39.497,27.351,19.513,22.883,40.118,20.064,1712,1754,1785,1769,1323,1710,0,0,0,35,27,0,4.9908,4.9908,4.9908,4.9908,10.0990,4.5916,1712.1481,1753.1788,1797.1037,1769.8822,1541.6886,1709.1668,0,on,1
1786105536.932577,1,0,handedness unsure,1698.0000,1768.0000,1801.0000,1790.0000,1570.0000,1709.0000,39.755,25.799,19.213,21.230,39.884,18.809,1712,1753,1785,1771,1325,1710,0,0,0,18,32,0,4.9908,4.9908,4.9908,4.9908,10.0990,4.5916,1712.1481,1753.1788,1797.1037,1769.8822,1541.6886,1709.1668,0,on,1
1786105536.964597,1,0,handedness unsure,1716.0000,1766.0000,1803.0000,1781.0000,1572.0000,1715.0000,36.099,26.066,18.812,23.082,39.717,17.634,1712,1753,1785,1771,1329,1710,0,0,0,0,32,0,4.9908,4.9908,4.9908,4.9908,10.0990,4.5916,1712.1481,1753.1788,1797.1037,1769.8822,1541.6886,1709.1668,0,on,1
1786105536.996663,1,0,handedness unsure,1708.0000,1774.0000,1801.0000,1787.0000,1586.0000,1710.0000,37.773,24.493,19.063,21.933,38.331,18.787,1712,1754,1785,1771,1332,1710,0,0,0,0,28,0,4.9908,4.9908,4.9908,4.9908,10.0990,4.5916,1712.1481,1760.6683,1797.1037,1769.8822,1541.6886,1709.1668,1,on,1
1786105537.032634,1,0,handedness unsure,1709.0000,1772.0000,1799.0000,1789.0000,1574.0000,1710.0000,37.613,24.836,19.452,21.523,39.496,18.638,1713,1763,1785,1771,1354,1710,0,0,0,0,40,0,4.9908,4.9908,4.9908,4.9908,10.0990,4.5916,1712.1481,1760.6683,1797.1037,1769.8822,1541.6886,1709.1668,0,on,1
1786105537.243821,1,0,handedness unsure,1712.0000,1774.0000,1798.0000,1789.0000,1565.0000,1710.0000,36.933,24.531,19.762,21.499,40.401,18.751,1713,1762,1785,1771,1355,1710,0,0,0,0,32,0,4.9908,4.9908,4.9908,4.9908,10.0990,4.5916,1712.1481,1760.6683,1797.1037,1769.8822,1541.6886,1709.1668,0,on,1
1786105537.259058,1,0,handedness unsure,1708.0000,1769.0000,1796.0000,1790.0000,1563.0000,1704.0000,37.803,25.475,20.058,21.419,40.594,19.897,1713,1763,1785,1771,1356,1710,0,0,0,0,36,0,4.9908,4.9908,4.9908,4.9908,10.0990,4.5916,1712.1481,1760.6683,1797.1037,1769.8822,1541.6886,1709.1668,0,on,1
1786105537.271459,1,0,handedness unsure,1714.0000,1772.0000,1795.0000,1785.0000,1561.0000,1711.0000,36.612,24.936,20.314,22.318,40.749,18.483,1713,1763,1785,1771,1357,1710,0,0,8,0,30,0,4.9908,4.9908,4.9908,4.9908,10.0990,4.5916,1712.1481,1760.6683,1797.1037,1769.8822,1541.6886,1709.1668,0,on,1
1786105537.287062,1,0,handedness unsure,1709.0000,1765.0000,1793.0000,1789.0000,1565.0000,1705.0000,37.624,26.247,20.652,21.559,40.354,19.758,1713,1763,1785,1771,1359,1710,0,0,9,0,33,0,4.9908,4.9908,4.9908,4.9908,10.0990,4.5916,1712.1481,1760.6683,1797.1037,1777.5477,1541.6886,1709.1668,1,on,1
1786105537.299790,1,0,handedness unsure,1709.0000,1773.0000,1792.0000,1789.0000,1570.0000,1707.0000,37.487,24.710,20.874,21.504,39.908,19.412,1713,1763,1785,1771,1360,1710,0,0,0,0,37,0,4.9908,4.9908,4.9908,4.9908,10.0990,4.5916,1712.1481,1760.6683,1797.1037,1777.5477,1541.6886,1709.1668,0,on,1
1786105537.332688,1,0,handedness unsure,1694.0000,1775.0000,1799.0000,1792.0000,1571.0000,1702.0000,40.564,24.381,19.584,20.871,39.762,20.362,1713,1763,1785,1771,1362,1710,0,0,0,0,40,0,4.9908,4.9908,4.9908,4.9908,10.0990,4.5916,1712.1481,1760.6683,1797.1037,1777.5477,1541.6886,1709.1668,0,on,1
1786105537.364588,1,0,handedness unsure,1709.0000,1773.0000,1796.0000,1797.0000,1572.0000,1704.0000,37.510,24.803,20.142,20.008,39.646,19.935,1713,1763,1785,1771,1365,1710,0,0,8,19,41,0,4.9908,4.9908,4.9908,4.9908,10.0990,4.5916,1712.1481,1760.6683,1797.1037,1777.5477,1541.6886,1709.1668,0,on,1
1786105537.397300,1,0,handedness unsure,1699.0000,1763.0000,1798.0000,1793.0000,1567.0000,1703.0000,39.535,26.677,19.709,20.729,40.165,20.310,1713,1763,1785,1772,1369,1710,0,0,22,0,41,0,4.9908,4.9908,4.9908,4.9908,10.0990,4.5916,1712.1481,1760.6683,1797.1037,1777.5477,1541.6886,1709.1668,0,on,1
1786105537.432636,1,0,handedness unsure,1708.0000,1770.0000,1792.0000,1796.0000,1583.0000,1714.0000,37.804,25.243,20.829,20.021,38.549,17.721,1713,1763,1789,1780,1373,1710,0,0,0,0,31,0,4.9908,4.9908,4.9908,4.9908,10.0990,4.5916,1712.1481,1760.6683,1797.1037,1777.5477,1541.6886,1709.1668,0,on,1
1786105537.649103,1,0,handedness unsure,1714.0000,1782.0000,1804.0000,1792.0000,1582.0000,1710.0000,36.624,23.019,18.525,20.912,38.651,18.752,1713,1763,1789,1781,1373,1710,0,0,0,0,32,0,4.9908,4.9908,4.9908,4.9908,10.0990,4.5916,1712.1481,1760.6683,1797.1037,1777.5477,1541.6886,1709.1668,0,on,1
1786105537.664610,1,0,handedness unsure,1697.0000,1773.0000,1798.0000,1796.0000,1584.0000,1704.0000,39.960,24.822,19.693,20.083,38.505,20.018,1713,1763,1789,1781,1374,1710,0,0,0,0,29,0,4.9908,4.9908,4.9908,4.9908,10.0990,4.5916,1712.1481,1760.6683,1797.1037,1777.5477,1541.6886,1709.1668,0,on,1
1786105537.679976,1,0,handedness unsure,1703.0000,1772.0000,1803.0000,1797.0000,1582.0000,1701.0000,38.658,25.028,18.670,19.947,38.658,20.726,1713,1762,1789,1781,1375,1710,0,0,0,0,24,0,4.9908,4.9908,4.9908,4.9908,10.0990,4.5916,1712.1481,1760.6683,1797.1037,1777.5477,1541.6886,1709.1668,0,on,1
1786105537.695585,1,0,handedness unsure,1710.0000,1762.0000,1804.0000,1787.0000,1593.0000,1701.0000,37.297,26.953,18.479,21.888,37.624,20.684,1713,1763,1789,1781,1375,1710,0,0,0,0,24,0,4.9908,4.9908,4.9908,4.9908,10.0990,4.5916,1712.1481,1760.6683,1797.1037,1777.5477,1541.6886,1709.1668,0,on,1
1786105537.711268,1,0,handedness unsure,1741.0000,1789.0000,1822.0000,1789.0000,1614.0000,1719.0000,31.175,21.612,14.832,21.447,35.486,16.677,1713,1763,1789,1781,1375,1710,0,0,0,0,0,0,4.9908,4.9908,4.9908,4.9908,10.0990,4.5916,1712.1481,1760.6683,1797.1037,1777.5477,1541.6886,1709.1668,0,on,1
1786105537.733248,1,0,handedness unsure,1713.0000,1775.0000,1806.0000,1773.0000,1587.0000,1717.0000,36.781,24.300,18.161,24.710,38.174,17.235,1713,1762,1789,1781,1375,1710,0,0,0,0,0,0,4.9908,4.9908,4.9908,4.9908,10.0990,4.5916,1712.1481,1760.6683,1797.1037,1777.5477,1541.6886,1709.1668,0,on,1
1786105537.764627,1,0,handedness unsure,1725.0000,1773.0000,1805.0000,1783.0000,1594.0000,1721.0000,34.351,24.764,18.242,22.703,37.505,16.318,1713,1762,1789,1781,1375,1710,0,0,0,0,0,0,4.9908,4.9908,4.9908,4.9908,10.0990,4.5916,1712.1481,1760.6683,1797.1037,1777.5477,1541.6886,1709.1668,0,on,1
1786105537.796395,1,0,handedness unsure,1707.0000,1768.0000,1799.0000,1781.0000,1577.0000,1714.0000,37.915,25.712,19.455,23.053,39.140,17.796,1713,1763,1789,1781,1375,1710,0,0,0,0,0,0,4.9908,4.9908,4.9908,4.9908,10.0990,4.5916,1712.1481,1760.6683,1797.1037,1777.5477,1541.6886,1709.1668,0,on,1
1786105537.832588,1,0,handedness unsure,1700.0000,1767.0000,1803.0000,1776.0000,1585.0000,1708.0000,39.444,25.948,18.729,24.194,38.404,19.136,1713,1762,1789,1780,1375,1710,0,0,0,0,0,0,4.9908,4.9908,4.9908,4.9908,10.0990,4.5916,1712.1481,1760.6683,1797.1037,1777.5477,1541.6886,1709.1668,0,on,1
1786105537.864807,1,0,handedness unsure,1702.0000,1775.0000,1800.0000,1788.0000,1572.0000,1720.0000,38.930,24.244,19.222,21.803,39.640,16.490,1713,1763,1789,1781,1375,1710,0,0,0,0,0,0,4.9908,4.9908,4.9908,4.9908,10.0990,4.5916,1712.1481,1760.6683,1797.1037,1777.5477,1541.6886,1709.1668,0,on,1
1786105537.900582,1,0,handedness unsure,1691.0000,1775.0000,1808.0000,1782.0000,1564.0000,1719.0000,41.230,24.394,17.809,22.920,40.515,16.672,1713,1762,1789,1781,1375,1710,0,0,0,0,0,0,4.9908,4.9908,4.9908,4.9908,10.0990,4.5916,1712.1481,1760.6683,1797.1037,1777.5477,1541.6886,1709.1668,0,on,1
1786105537.932697,1,0,handedness unsure,1686.0000,1764.0000,1803.0000,1787.0000,1570.0000,1715.0000,42.229,26.524,18.776,21.863,39.850,17.665,1713,1762,1789,1781,1375,1710,0,0,0,0,0,0,4.9908,4.9908,4.9908,4.9908,10.0990,4.5916,1712.1481,1760.6683,1797.1037,1777.5477,1541.6886,1709.1668,0,on,1
1786105537.964630,1,0,handedness unsure,1680.0000,1764.0000,1812.0000,1788.0000,1556.0000,1716.0000,43.421,26.487,16.930,21.755,41.243,17.466,1713,1762,1789,1781,1375,1710,0,0,0,0,0,0,4.9908,4.9908,4.9908,4.9908,10.0990,4.5916,1712.1481,1760.6683,1797.1037,1777.5477,1541.6886,1709.1668,0,on,1
1786105537.996559,1,0,handedness unsure,1680.0000,1764.0000,1812.0000,1790.0000,1563.0000,1724.0000,43.272,26.452,16.955,21.278,40.540,15.714,1713,1762,1789,1781,1375,1710,0,0,0,0,0,0,4.9908,4.9908,4.9908,4.9908,10.0990,4.5916,1703.4346,1760.6683,1797.1037,1777.5477,1541.6886,1709.1668,1,on,1
1786105538.032715,1,0,handedness unsure,1686.0000,1768.0000,1814.0000,1798.0000,1557.0000,1718.0000,42.073,25.665,16.422,19.672,41.190,16.928,1710,1763,1789,1780,1375,1710,11,0,0,0,0,0,4.9908,4.9908,4.9908,4.9908,10.0990,4.5916,1703.4346,1760.6683,1797.1037,1777.5477,1541.6886,1709.1668,0,on,1
1786105538.243752,1,0,handedness unsure,1671.0000,1762.0000,1805.0000,1799.0000,1545.0000,1710.0000,45.099,26.914,18.361,19.605,42.333,18.728,1710,1763,1789,1780,1375,1710,13,0,0,0,0,0,4.9908,4.9908,4.9908,4.9908,10.0990,4.5916,1703.4346,1760.6683,1797.1037,1777.5477,1541.6886,1709.1668,0,on,1
1786105538.259664,1,0,handedness unsure,1687.0000,1767.0000,1808.0000,1796.0000,1524.0000,1726.0000,41.978,26.018,17.665,20.074,44.480,15.298,1710,1763,1789,1780,1375,1710,16,0,0,0,0,0,4.9908,4.9908,4.9908,4.9908,10.0990,4.5916,1703.4346,1760.6683,1797.1037,1785.2310,1541.6886,1709.1668,1,on,1
1786105538.272273,1,0,handedness unsure,1690.0000,1764.0000,1801.0000,1801.0000,1532.0000,1722.0000,41.275,26.571,19.213,19.166,43.665,15.969,,,,,,,,,,,,,4.9908,4.9908,4.9908,4.9908,10.0990,4.5916,1703.4346,1760.6683,1797.1037,1785.2310,1541.6886,1709.1668,0,on,
1786105538.284218,1,0,handedness unsure,1690.0000,1740.0000,1797.0000,1797.0000,1538.0000,1715.0000,41.266,31.311,19.851,19.984,43.024,17.652,1710,1763,1789,1780,1375,1710,36,0,0,0,0,0,4.9908,4.9908,4.9908,4.9908,10.0990,4.5916,1703.4346,1760.6683,1797.1037,1785.2310,1541.6886,1709.1668,0,on,1
1786105538.300189,1,0,handedness unsure,1700.0000,1762.0000,1817.0000,1790.0000,1553.0000,1725.0000,39.355,26.889,15.908,21.358,41.578,15.375,1710,1762,1789,1781,1375,1710,38,0,0,0,0,0,4.9908,4.9908,4.9908,4.9908,10.0990,4.5916,1703.4346,1760.6683,1797.1037,1785.2310,1541.6886,1709.1668,0,on,1
1786105538.332691,1,0,handedness unsure,1699.0000,1759.0000,1816.0000,1791.0000,1565.0000,1728.0000,39.597,27.460,16.056,21.135,40.329,14.693,1708,1762,1789,1781,1375,1710,35,0,0,0,0,0,4.9908,4.9908,4.9908,4.9908,10.0990,4.5916,1703.4346,1760.6683,1797.1037,1785.2310,1541.6886,1709.1668,0,on,1
1786105538.364538,1,0,handedness unsure,1705.0000,1769.0000,1807.0000,1798.0000,1552.0000,1723.0000,38.358,25.463,17.866,19.659,41.621,15.924,1706,1762,1789,1780,1375,1710,37,0,0,0,0,0,4.9908,4.9908,4.9908,4.9908,10.0990,4.5916,1703.4346,1760.6683,1797.1037,1785.2310,1541.6886,1709.1668,0,on,1
1786105538.396689,1,0,handedness unsure,1709.0000,1763.0000,1811.0000,1796.0000,1547.0000,1736.0000,37.551,26.685,17.044,20.217,42.162,13.062,1706,1762,1789,1781,1375,1710,31,0,0,0,0,0,4.9908,4.9908,4.9908,4.9908,10.0990,4.5916,1703.4346,1760.6683,1797.1037,1785.2310,1541.6886,1709.1668,0,on,1
1786105538.432668,1,0,handedness unsure,1704.0000,1761.0000,1813.0000,1789.0000,1561.0000,1735.0000,38.502,27.037,16.756,21.582,40.738,13.246,1704,1763,1789,1780,1375,1710,0,0,0,0,0,0,4.9908,4.9908,4.9908,4.9908,10.0990,4.5916,1703.4346,1760.6683,1797.1037,1785.2310,1541.6886,1709.1668,0,on,1
1786105538.644419,1,0,handedness unsure,1712.0000,1774.0000,1814.0000,1785.0000,1584.0000,1734.0000,36.950,24.604,16.433,22.314,38.443,13.559,1704,1763,1789,1780,1375,1710,0,0,0,0,0,0,4.9908,4.9908,4.9908,4.9908,10.0990,4.5916,1703.4346,1760.6683,1797.1037,1785.2310,1541.6886,1709.1668,0,on,1
1786105538.653879,1,0,handedness unsure,1703.0000,1760.0000,1797.0000,1788.0000,1557.0000,1727.0000,38.835,27.259,19.823,21.808,41.146,15.006,1704,1763,1789,1781,1375,1710,0,0,0,0,0,0,4.9908,4.9908,4.9908,4.9908,10.0990,4.5916,1703.4346,1760.6683,1797.1037,1785.2310,1541.6886,1709.1668,0,on,1
1786105538.670195,1,0,handedness unsure,1694.0000,1759.0000,1796.0000,1789.0000,1561.0000,1722.0000,40.560,27.598,20.192,21.501,40.767,16.039,1704,1762,1789,1780,1375,1710,0,0,0,0,0,0,4.9908,4.9908,4.9908,4.9908,10.0990,4.5916,1703.4346,1760.6683,1797.1037,1785.2310,1541.6886,1709.1668,0,on,1
1786105538.681881,1,0,handedness unsure,1716.0000,1775.0000,1806.0000,1790.0000,1558.0000,1730.0000,36.154,24.412,18.099,21.354,41.083,14.385,1704,1762,1789,1781,1375,1710,0,0,0,0,0,0,4.9908,4.9908,4.9908,4.9908,10.0990,4.5916,1703.4346,1760.6683,1797.1037,1785.2310,1541.6886,1709.1668,0,on,1
1786105538.700234,1,0,handedness unsure,1729.0000,1780.0000,1820.0000,1790.0000,1592.0000,1731.0000,33.489,23.237,15.343,21.398,37.660,14.211,1704,1762,1789,1780,1375,1710,0,0,0,0,0,0,4.9908,4.9908,4.9908,4.9908,10.0990,4.5916,1703.4346,1760.6683,1797.1037,1785.2310,1541.6886,1709.1668,0,on,1
1786105538.732490,1,0,handedness unsure,1709.0000,1774.0000,1813.0000,1790.0000,1562.0000,1725.0000,37.580,24.596,16.724,21.291,40.631,15.355,1704,1762,1789,1780,1375,1710,0,0,0,0,0,0,4.9908,4.9908,4.9908,4.9908,10.0990,4.5916,1703.4346,1760.6683,1804.7118,1785.2310,1541.6886,1709.1668,1,on,1
1786105538.764533,1,0,handedness unsure,1708.0000,1773.0000,1812.0000,1792.0000,1591.0000,1731.0000,37.668,24.710,16.848,20.881,37.749,14.114,1704,1763,1789,1781,1375,1710,0,0,0,0,0,0,4.9908,4.9908,4.9908,4.9908,10.0990,4.5916,1703.4346,1760.6683,1804.7118,1785.2310,1541.6886,1709.1668,0,on,1
1786105538.796534,1,0,handedness unsure,1697.0000,1772.0000,1809.0000,1787.0000,1563.0000,1718.0000,39.872,24.931,17.600,21.981,40.562,17.036,1704,1763,1789,1780,1375,1710,0,0,0,0,0,0,4.9908,4.9908,4.9908,4.9908,10.0990,4.5916,1703.4346,1760.6683,1804.7118,1785.2310,1541.6886,1709.1668,0,on,1
1786105538.832536,1,0,handedness unsure,1696.0000,1761.0000,1799.0000,1783.0000,1554.0000,1714.0000,40.097,27.102,19.507,22.659,41.446,17.825,1704,1762,1789,1780,1375,1710,0,0,0,0,0,0,4.9908,4.9908,4.9908,4.9908,10.0990,4.5916,1703.4346,1760.6683,1804.7118,1785.2310,1541.6886,1709.1668,0,on,1
1786105538.864855,1,0,handedness unsure,1693.0000,1762.0000,1806.0000,1769.0000,1558.0000,1717.0000,40.711,26.843,18.212,25.622,41.029,17.152,1704,1762,1789,1780,1375,1710,0,0,0,0,0,0,4.9908,4.9908,4.9908,4.9908,10.0990,4.5916,1703.4346,1760.6683,1804.7118,1785.2310,1541.6886,1709.1668,0,on,1
1786105538.896710,1,0,handedness unsure,1689.0000,1759.0000,1795.0000,1772.0000,1540.0000,1698.0000,41.648,27.627,20.337,24.899,42.840,21.275,1704,1763,1789,1780,1375,1710,0,0,0,0,0,0,4.9908,4.9908,4.9908,4.9908,10.0990,4.5916,1703.4346,1760.6683,1804.7118,1785.2310,1541.6886,1709.1668,0,on,1
1786105538.932552,1,0,handedness unsure,1676.0000,1757.0000,1791.0000,1773.0000,1539.0000,1686.0000,44.248,27.876,21.206,24.672,42.943,23.916,1704,1762,1789,1780,1375,1710,0,0,0,0,0,0,4.9908,4.9908,4.9908,4.9908,10.0990,4.5916,1703.4346,1760.6683,1804.7118,1785.2310,1541.6886,1709.1668,0,on,1
1786105538.964710,1,0,handedness unsure,1677.0000,1763.0000,1803.0000,1766.0000,1538.0000,1676.0000,43.972,26.662,18.627,26.124,43.093,26.117,1704,1762,1789,1780,1375,1710,0,0,0,0,0,0,4.9908,4.9908,4.9908,4.9908,10.0990,4.5916,1703.4346,1760.6683,1804.7118,1785.2310,1541.6886,1709.1668,0,on,1
1786105538.996561,1,0,handedness unsure,1665.0000,1752.0000,1789.0000,1776.0000,1525.0000,1686.0000,46.451,28.909,21.580,24.120,44.357,23.818,1704,1762,1789,1780,1375,1710,0,0,0,0,0,0,4.9908,4.9908,4.9908,4.9908,10.0990,4.5916,1695.3735,1760.6683,1804.7118,1785.2310,1541.6886,1709.1668,1,on,1
1786105539.032687,1,0,handedness unsure,1649.0000,1761.0000,1802.0000,1755.0000,1502.0000,1672.0000,49.674,27.067,18.902,28.247,46.599,26.850,1704,1762,1789,1780,1375,1710,0,0,0,0,0,0,4.9908,4.9908,4.9908,4.9908,10.0990,4.5916,1695.3735,1760.6683,1804.7118,1785.2310,1541.6886,1709.1668,0,on,1
1786105539.064557,1,0,handedness unsure,1661.0000,1760.0000,1799.0000,1758.0000,1520.0000,1678.0000,47.215,27.326,19.448,27.748,44.832,25.698,1704,1762,1789,1780,1375,1710,0,0,0,0,0,0,4.9908,4.9908,4.9908,4.9908,10.0990,4.5916,1687.3353,1760.6683,1804.7118,1785.2310,1541.6886,1709.1668,1,on,1
1786105539.096529,1,0,handedness unsure,1660.0000,1758.0000,1797.0000,1768.0000,1499.0000,1678.0000,47.303,27.755,19.956,25.745,46.927,25.566,1704,1762,1789,1780,1375,1710,50,0,0,0,0,0,4.9908,4.9908,4.9908,4.9908,10.0990,4.5916,1687.3353,1760.6683,1804.7118,1785.2310,1541.6886,1709.1668,0,on,1
1786105539.132533,1,0,handedness unsure,1651.0000,1756.0000,1798.0000,1754.0000,1515.0000,1683.0000,49.126,28.137,19.784,28.501,45.358,24.455,1697,1762,1789,1780,1375,1710,15,0,0,0,0,0,4.9908,4.9908,4.9908,4.9908,10.0990,4.5916,1687.3353,1760.6683,1804.7118,1777.5877,1541.6886,1709.1668,1,on,1
1786105539.164642,1,0,handedness unsure,1655.0000,1753.0000,1794.0000,1760.0000,1500.0000,1678.0000,48.429,28.651,20.528,27.298,46.759,25.708,1696,1762,1789,1780,1375,1710,34,0,0,0,0,0,4.9908,4.9908,4.9908,4.9908,10.0990,4.5916,1678.9121,1760.6683,1804.7118,1777.5877,1541.6886,1709.1668,1,on,1
1786105539.196548,1,0,handedness unsure,1664.0000,1769.0000,1797.0000,1772.0000,1541.0000,1690.0000,46.667,25.593,19.868,24.984,42.770,23.008,1693,1762,1789,1780,1375,1710,53,0,0,0,0,0,4.9908,4.9908,4.9908,4.9908,10.0990,4.5916,1678.9121,1760.6683,1804.7118,1777.5877,1541.6886,1709.1668,0,on,1
1786105539.232579,1,0,handedness unsure,1660.0000,1763.0000,1798.0000,1767.0000,1530.0000,1682.0000,47.393,26.725,19.759,25.973,43.835,24.862,1678,1762,1789,1780,1375,1710,0,0,0,0,0,0,4.9908,4.9908,4.9908,4.9908,10.0990,4.5916,1678.9121,1760.6683,1804.7118,1777.5877,1541.6886,1709.1668,0,on,1
1786105539.443739,1,0,handedness unsure,1662.0000,1753.0000,1800.0000,1752.0000,1513.0000,1681.0000,47.002,28.652,19.303,28.974,45.482,25.069,1678,1762,1789,1780,1375,1710,0,0,0,0,0,0,4.9908,4.9908,4.9908,4.9908,10.0990,4.5916,1678.9121,1760.6683,1804.7118,1777.5877,1541.6886,1709.1668,0,on,1
1786105539.453926,1,0,handedness unsure,1666.0000,1763.0000,1809.0000,1767.0000,1541.0000,1693.0000,46.118,26.818,17.421,25.869,42.794,22.400,1678,1762,1789,1780,1375,1710,0,0,0,0,0,0,4.9908,4.9908,4.9908,4.9908,10.0990,4.5916,1678.9121,1760.6683,1804.7118,1777.5877,1541.6886,1709.1668,0,on,1
1786105539.465984,1,0,handedness unsure,1672.0000,1756.0000,1797.0000,1771.0000,1521.0000,1686.0000,44.912,28.125,19.834,25.092,44.754,23.849,1678,1762,1789,1781,1375,1710,0,0,0,0,0,0,4.9908,4.9908,4.9908,4.9908,10.0990,4.5916,1678.9121,1760.6683,1804.7118,1777.5877,1541.6886,1709.1668,0,on,1
1786105539.475902,1,0,handedness unsure,1671.0000,1753.0000,1803.0000,1756.0000,1512.0000,1686.0000,45.264,28.797,18.661,28.092,45.581,23.979,1678,1762,1789,1780,1375,1710,0,0,0,0,0,0,4.9908,4.9908,4.9908,4.9908,10.0990,4.5916,1678.9121,1760.6683,1804.7118,1777.5877,1541.6886,1709.1668,0,on,1
1786105539.496533,1,0,handedness unsure,1680.0000,1753.0000,1795.0000,1759.0000,1510.0000,1686.0000,43.425,28.661,20.235,27.461,45.847,24.015,1678,1762,1789,1780,1375,1710,0,0,0,0,0,0,4.9908,4.9908,4.9908,4.9908,10.0990,4.5916,1678.9121,1760.6683,1804.7118,1777.5877,1541.6886,1709.1668,0,on,1
1786105539.532577,1,0,handedness unsure,1665.0000,1755.0000,1805.0000,1770.0000,1511.0000,1694.0000,46.422,28.286,18.257,25.353,45.762,22.226,1678,1762,1789,1780,1375,1710,0,0,0,0,0,0,4.9908,4.9908,4.9908,4.9908,10.0990,4.5916,1678.9121,1760.6683,1804.7118,1777.5877,1541.6886,1709.1668,0,on,1
1786105539.564383,1,0,handedness unsure,1660.0000,1754.0000,1793.0000,1725.0000,1527.0000,1696.0000,47.338,28.559,20.694,34.417,44.157,21.788,1678,1762,1789,1780,1375,1710,0,0,0,0,0,0,4.9908,4.9908,4.9908,4.9908,10.0990,4.5916,1678.9121,1760.6683,1804.7118,1768.2226,1541.6886,1709.1668,1,on,1
1786105539.596612,1,0,handedness unsure,1668.0000,1697.0000,1752.0000,1634.0000,1569.0000,1730.0000,45.736,39.924,28.928,52.644,39.940,14.256,1679,1762,1789,1780,1375,1710,0,0,0,0,0,0,4.9908,4.9908,4.9908,4.9908,10.0990,4.5916,1678.9121,1760.6683,1804.7118,1741.5700,1541.6886,1709.1668,1,on,1
1786105539.632412,1,0,handedness unsure,1687.0000,1637.0000,1667.0000,1535.0000,1507.0000,1750.0000,42.019,51.983,46.060,72.486,46.158,10.016,1678,1762,1789,1781,1375,1710,0,0,0,19,0,0,4.9908,4.9908,4.9908,4.9908,10.0990,4.5916,1678.9121,1731.6463,1771.6215,1676.7242,1541.6886,1709.1668,1,on,1
1786105539.664571,1,1,,1578.0000,1571.0000,1591.0000,1521.0000,1502.0000,1781.0000,63.748,65.250,61.126,75.284,46.632,3.126,1678,1762,1789,1769,1375,1710,0,0,23,89,0,0,4.9908,4.9908,4.9908,4.9908,10.0990,4.5916,1662.0106,1689.5545,1721.5463,1628.3595,1541.6886,1709.1668,1,on,1
1786105539.696560,1,1,,1573.0000,1493.0000,1462.0000,1392.0000,1345.0000,1808.0000,64.871,80.863,87.003,101.044,62.193,-2.591,1678,1762,1784,1747,1375,1710,0,99,92,82,0,0,4.9908,4.9908,4.9908,4.9908,10.0990,4.5916,1646.6822,1626.2172,1626.3348,1541.2351,1517.8796,1731.4995,1,on,1
1786105539.732552,1,1,,1380.0000,1302.0000,1258.0000,1341.0000,1577.0000,1746.0000,103.480,119.068,128.009,111.277,39.196,10.733,1678,1741,1763,1718,1375,1710,0,96,95,79,0,0,4.9908,4.9908,4.9908,4.9908,10.0990,4.5916,1554.7382,1485.1732,1452.1435,1462.4262,1517.8796,1731.4995,1,on,1
1786105539.764802,1,1,,1427.0000,1250.0000,1267.0000,1322.0000,1565.0000,1715.0000,94.123,129.538,126.167,115.113,40.385,17.550,1678,1723,1745,1704,1375,1710,74,88,110,52,0,0,4.9908,4.9908,4.9908,4.9908,10.0990,4.5916,1515.4250,1387.0188,1375.3370,1414.1896,1517.8796,1731.4995,1,on,1
1786105539.796585,1,1,,1411.0000,1206.0000,1183.0000,1205.0000,1665.0000,1665.0000,97.298,138.419,142.986,138.506,30.430,28.462,1664,1696,1723,1680,1375,1710,96,89,89,63,0,0,4.9908,4.9908,4.9908,4.9908,10.0990,4.5916,1485.9263,1315.7446,1298.7825,1337.1520,1553.2435,1731.4995,1,on,1
1786105539.832538,1,1,,1229.0000,1075.0000,1118.0000,1122.0000,1691.0000,1645.0000,133.765,164.522,155.960,155.185,27.868,32.793,,,,,,,,,,,,,4.9908,4.9908,4.9908,4.9908,10.0990,4.5916,1387.3557,1212.5439,1226.3915,1250.6315,1589.7567,1715.0546,1,on,
1786105539.864564,1,1,,1131.0000,1034.0000,1087.0000,1107.0000,1573.0000,1599.0000,153.330,172.899,162.128,158.186,39.568,42.793,1621,1652,1673,1637,1375,1710,115,88,89,47,0,35,4.9908,4.9908,4.9908,4.9908,10.0990,4.5916,1284.4295,1143.8786,1178.1425,1200.4087,1589.7567,1691.5385,1,on,1
1786105539.900559,1,1,,1140.0000,1034.0000,1085.0000,1092.0000,1529.0000,1580.0000,151.547,173.592,162.540,161.205,43.919,46.893,1598,1629,1653,1619,1375,1712,100,75,83,45,0,23,4.9908,4.9908,4.9908,4.9908,10.0990,4.5916,1229.3330,1105.4378,1148.9386,1165.0311,1589.7567,1664.3859,1,on,1
1786105539.932515,1,1,,1156.0000,1043.0000,1100.0000,1125.0000,1444.0000,1583.0000,148.344,171.015,159.537,154.497,52.387,46.330,1577,1609,1633,1602,1375,1712,99,76,69,45,0,24,4.9908,4.9908,4.9908,4.9908,10.0990,4.5916,1207.9820,1089.0195,1137.7081,1155.8172,1562.0391,1646.7435,1,on,1
1786105539.964514,1,1,,1187.0000,1088.0000,1147.0000,1182.0000,1472.0000,1569.0000,142.199,162.042,150.067,143.092,49.589,49.409,1563,1597,1620,1588,1375,1704,83,70,71,41,0,79,4.9908,4.9908,4.9908,4.9908,10.0990,4.5916,1207.9820,1089.0195,1137.7081,1155.8172,1544.2139,1630.3619,1,on,1
1786105539.996481,1,1,,1231.0000,1133.0000,1151.0000,1164.0000,1394.0000,1598.0000,133.231,153.037,149.262,146.668,57.297,43.139,1544,1580,1602,1571,1375,1681,81,80,76,46,0,92,4.9908,4.9908,4.9908,4.9908,10.0990,4.5916,1207.9820,1089.0195,1137.7081,1155.8172,1505.1513,1630.3619,1,on,1
1786105540.032569,1,1,,1252.0000,1159.0000,1169.0000,1174.0000,1330.0000,1623.0000,129.053,147.852,145.809,144.704,63.648,37.638,1528,1561,1585,1554,1375,1653,91,68,68,44,0,66,4.9908,4.9908,4.9908,4.9908,10.0990,4.5916,1207.9820,1096.5272,1137.7081,1155.8172,1448.7345,1630.3619,1,on,1
1786105540.064581,1,1,,1283.0000,1178.0000,1187.0000,1191.0000,1293.0000,1638.0000,122.897,143.864,142.212,141.424,67.277,34.410,1508,1544,1565,1535,1375,1643,74,72,71,56,0,17,4.9908,4.9908,4.9908,4.9908,10.0990,4.5916,1207.9820,1107.8086,1137.7081,1155.8172,1399.9467,1630.3619,1,on,1
1786105540.096391,1,1,,1288.0000,1182.0000,1185.0000,1177.0000,1323.0000,1636.0000,121.975,143.215,142.524,144.189,64.381,34.800,1498,1532,1553,1524,1375,1639,94,79,74,44,0,18,4.9908,4.9908,4.9908,4.9908,10.0990,4.5916,1226.0458,1120.0056,1147.6093,1155.8172,1379.4230,1630.3619,1,on,1
1786105540.132450,1,1,,1308.0000,1186.0000,1173.0000,1176.0000,1321.0000,1633.0000,117.803,142.393,145.035,144.410,64.572,35.466,1481,1515,1537,1509,1375,1635,83,78,75,39,0,0,4.9908,4.9908,4.9908,4.9908,10.0990,4.5916,1241.3807,1131.9482,1147.6093,1155.8172,1379.4230,1630.3619,1,on,1
1786105540.164390,1,1,,1282.0000,1170.0000,1186.0000,1183.0000,1312.0000,1639.0000,123.193,145.492,142.290,142.973,65.414,34.154,1465,1499,1519,1491,1375,1634,81,82,80,63,0,0,4.9908,4.9908,4.9908,4.9908,10.0990,4.5916,1241.3807,1131.9482,1147.6093,1163.7798,1355.5585,1630.3619,1,on,1
1786105540.196417,1,1,,1258.0000,1150.0000,1176.0000,1169.0000,1322.0000,1617.0000,127.933,149.537,144.402,145.652,64.426,38.970,1448,1482,1502,1473,1375,1634,88,81,76,52,0,0,4.9908,4.9908,4.9908,4.9908,10.0990,4.5916,1241.3807,1131.9482,1155.4689,1163.7798,1355.5585,1630.3619,1,on,1
1786105540.232486,1,1,,1215.0000,1136.0000,1159.0000,1159.0000,1343.0000,1606.0000,136.586,152.407,147.731,147.715,62.318,41.282,1432,1463,1485,1458,1375,1634,94,60,78,73,19,0,4.9908,4.9908,4.9908,4.9908,10.0990,4.5916,1241.3807,1131.9482,1155.4689,1163.7798,1355.5585,1630.3619,0,on,1
1786105540.264579,1,1,,1191.0000,1115.0000,1143.0000,1151.0000,1337.0000,1614.0000,141.369,156.658,151.042,149.364,62.919,39.526,1415,1449,1469,1441,1373,1634,91,88,88,70,69,0,4.9908,4.9908,4.9908,4.9908,10.0990,4.5916,1241.3807,1131.9482,1155.4689,1163.7798,1355.5585,1630.3619,0,on,1
1786105540.300415,1,1,,1178.0000,1102.0000,1138.0000,1142.0000,1299.0000,1610.0000,144.019,159.115,152.022,151.096,66.755,40.444,1397,1431,1452,1425,1369,1634,80,88,76,68,75,0,4.9908,4.9908,4.9908,4.9908,10.0990,4.5916,1241.3807,1131.9482,1155.4689,1163.7798,1355.5585,1630.3619,0,on,1
1786105540.333198,1,1,,1196.0000,1133.0000,1161.0000,1156.0000,1295.0000,1618.0000,140.395,152.982,147.308,148.341,67.096,38.612,1383,1415,1436,1407,1364,1634,100,79,74,49,64,0,4.9908,4.9908,4.9908,4.9908,10.0990,4.5916,1230.1237,1131.9482,1155.4689,1163.7798,1337.2462,1630.3619,1,on,1
1786105540.364426,1,1,,1177.0000,1115.0000,1146.0000,1156.0000,1324.0000,1602.0000,144.137,156.610,150.321,148.393,64.219,42.279,,,,,,,,,,,,,4.9908,4.9908,4.9908,4.9908,10.0990,4.5916,1230.1237,1131.9482,1155.4689,1163.7798,1337.2462,1622.6953,1,on,
1786105540.396395,1,1,,1193.0000,1119.0000,1136.0000,1149.0000,1317.0000,1616.0000,141.004,155.771,152.431,149.835,64.913,39.170,1354,1388,1408,1381,1357,1634,73,94,79,62,47,20,4.9908,4.9908,4.9908,4.9908,10.0990,4.5916,1219.6701,1131.9482,1155.4689,1163.7798,1337.2462,1622.6953,1,on,1
1786105540.432399,1,1,,1183.0000,1107.0000,1139.0000,1144.0000,1288.0000,1615.0000,142.931,158.085,151.718,150.707,67.812,39.371,1340,1372,1391,1362,1353,1630,99,91,77,45,55,30,4.9908,4.9908,4.9908,4.9908,10.0990,4.5916,1219.6701,1131.9482,1155.4689,1163.7798,1337.2462,1622.6953,0,on,1
1786105540.464582,1,1,,1186.0000,1110.0000,1138.0000,1145.0000,1314.0000,1596.0000,142.327,157.611,151.877,150.566,65.235,43.451,1324,1355,1378,1347,1349,1622,102,81,94,57,45,0,4.9908,4.9908,4.9908,4.9908,10.0990,4.5916,1219.6701,1131.9482,1155.4689,1163.7798,1337.2462,1622.6953,0,on,1
1786105540.496444,1,1,,1163.0000,1085.0000,1147.0000,1151.0000,1246.0000,1649.0000,146.923,162.567,150.079,149.258,71.951,31.987,1315,1345,1365,1339,1347,1622,94,74,80,68,52,0,4.9908,4.9908,4.9908,4.9908,10.0990,4.5916,1206.3473,1131.9482,1155.4689,1163.7798,1316.3502,1622.6953,1,on,1
1786105540.532414,1,1,,1190.0000,1129.0000,1164.0000,1164.0000,1250.0000,1641.0000,141.485,153.844,146.779,146.686,71.588,33.816,1296,1328,1348,1320,1344,1622,102,82,66,64,58,0,4.9908,4.9908,4.9908,4.9908,10.0990,4.5916,1206.3473,1131.9482,1155.4689,1163.7798,1316.3502,1622.6953,0,on,1
1786105540.564728,1,1,,1190.0000,1101.0000,1148.0000,1150.0000,1270.0000,1630.0000,141.587,159.398,149.881,149.475,69.543,36.009,1279,1312,1332,1304,1342,1622,101,89,94,72,68,0,4.9908,4.9908,4.9908,4.9908,10.0990,4.5916,1206.3473,1124.3674,1155.4689,1163.7798,1300.4066,1622.6953,1,on,1
1786105540.596608,1,1,,1182.0000,1107.0000,1145.0000,1139.0000,1231.0000,1655.0000,143.167,158.257,150.623,151.819,73.423,30.753,1263,1296,1317,1289,1337,1622,98,93,84,80,46,0,4.9908,4.9908,4.9908,4.9908,10.0990,4.5916,1206.3473,1124.3674,1155.4689,1163.7798,1300.4066,1622.6953,0,on,1
1786105540.632581,1,1,,1194.0000,1088.0000,1141.0000,1139.0000,1297.0000,1622.0000,140.805,161.986,151.395,151.697,66.923,37.884,1247,1279,1299,1272,1335,1622,113,92,79,74,49,0,4.9908,4.9908,4.9908,4.9908,10.0990,4.5916,1206.3473,1124.3674,1155.4689,1163.7798,1300.4066,1622.6953,0,on,1
1786105540.664429,1,1,,1161.0000,1084.0000,1129.0000,1131.0000,1275.0000,1631.0000,147.271,162.734,153.685,153.436,69.051,35.991,1230,1260,1282,1254,1330,1622,102,80,78,53,37,0,4.9908,4.9908,4.9908,4.9908,10.0990,4.5916,1198.1387,1116.7214,1155.4689,1155.3979,1300.4066,1622.6953,1,on,1
1786105540.700389,1,1,,1181.0000,1104.0000,1171.0000,1164.0000,1235.0000,1670.0000,143.407,158.844,145.304,146.823,73.004,27.427,1219,1245,1267,1237,1327,1622,0,86,88,68,39,0,4.9908,4.9908,4.9908,4.9908,10.0990,4.5916,1198.1387,1116.7214,1155.4689,1155.3979,1282.8203,1622.6953,1,on,1
1786105540.732552,1,1,,1163.0000,1083.0000,1155.0000,1146.0000,1230.0000,1674.0000,146.925,162.886,148.642,150.377,73.518,26.528,1219,1234,1256,1227,1325,1622,31,109,98,81,39,0,4.9908,4.9908,4.9908,4.9908,10.0990,4.5916,1198.1387,1116.7214,1155.4689,1155.3979,1282.8203,1633.2209,1,on,1
1786105540.764586,1,1,,1183.0000,1091.0000,1144.0000,1157.0000,1248.0000,1649.0000,142.887,161.427,150.754,148.139,71.755,32.055,1219,1219,1238,1208,1322,1622,36,114,84,64,40,0,4.9908,4.9908,4.9908,4.9908,10.0990,4.5916,1198.1387,1116.7214,1155.4689,1155.3979,1282.8203,1633.2209,0,on,1
1786105540.796576,1,1,,1156.0000,1090.0000,1157.0000,1151.0000,1195.0000,1695.0000,148.366,161.666,148.222,149.279,77.011,21.914,1217,1198,1222,1193,1319,1622,42,97,94,77,40,34,4.9908,4.9908,4.9908,4.9908,10.0990,4.5916,1189.8815,1116.7214,1155.4689,1155.3979,1261.0536,1641.9010,1,on,1
1786105540.832575,1,1,,1177.0000,1094.0000,1150.0000,1141.0000,1247.0000,1649.0000,144.179,160.806,149.624,151.359,71.821,31.984,1216,1181,1204,1176,1316,1621,43,92,98,77,43,51,4.9908,4.9908,4.9908,4.9908,10.0990,4.5916,1189.8815,1108.4732,1155.4689,1155.3979,1261.0536,1641.9010,1,on,1
1786105540.864425,1,1,,1195.0000,1081.0000,1127.0000,1137.0000,1278.0000,1626.0000,140.562,163.336,154.265,152.199,68.784,36.941,1210,1166,1187,1164,1312,1635,65,118,88,0,41,44,4.9908,4.9908,4.9908,4.9908,10.0990,4.5916,1189.8815,1108.4732,1155.4689,1155.3979,1261.0536,1641.9010,0,on,1
1786105540.896575,1,1,,1166.0000,1081.0000,1151.0000,1146.0000,1237.0000,1683.0000,146.375,163.350,149.434,150.407,72.814,24.624,1206,1151,1176,1164,1311,1641,45,95,0,0,44,0,4.9908,4.9908,4.9908,4.9908,10.0990,4.5916,1189.8815,1108.4732,1155.4689,1155.3979,1261.0536,1641.9010,0,on,1
1786105540.932600,1,1,,1165.0000,1081.0000,1155.0000,1135.0000,1252.0000,1685.0000,146.516,163.450,148.626,152.493,71.327,24.194,1204,1135,1167,1164,1307,1643,59,95,37,11,39,0,4.9908,4.9908,4.9908,4.9908,10.0990,4.5916,1189.8815,1108.4732,1155.4689,1155.3979,1261.0536,1649.0382,1,on,1
1786105540.964618,1,1,,1174.0000,1083.0000,1128.0000,1115.0000,1307.0000,1646.0000,144.656,162.945,154.035,156.642,65.887,32.669,1201,1121,1165,1163,1304,1642,60,27,34,0,43,0,4.9908,4.9908,4.9908,4.9908,10.0990,4.5916,1189.8815,1108.4732,1155.4689,1155.3979,1261.0536,1649.0382,0,on,1
1786105540.996455,1,1,,1166.0000,1080.0000,1137.0000,1121.0000,1327.0000,1645.0000,146.252,163.537,152.208,155.287,63.915,32.866,1199,1118,1163,1163,1301,1643,33,47,0,9,43,0,4.9908,4.9908,4.9908,4.9908,10.0990,4.5916,1189.8815,1099.6076,1155.4689,1147.1898,1261.0536,1649.0382,1,on,1
1786105541.032581,1,1,,1171.0000,1084.0000,1132.0000,1120.0000,1320.0000,1627.0000,145.432,162.863,153.095,155.509,64.603,36.665,1197,1118,1163,1162,1298,1642,55,42,30,22,42,19,4.9908,4.9908,4.9908,4.9908,10.0990,4.5916,1189.8815,1099.6076,1147.7620,1147.1898,1261.0536,1649.0382,1,on,1
1786105541.064354,1,1,,1157.0000,1078.0000,1146.0000,1113.0000,1242.0000,1675.0000,148.194,163.963,150.437,157.069,72.373,26.335,1196,1110,1161,1155,1294,1644,29,74,58,39,41,27,4.9908,4.9908,4.9908,4.9908,10.0990,4.5916,1181.8574,1099.6076,1147.7620,1147.1898,1261.0536,1649.0382,1,on,1
1786105541.100419,1,1,,1173.0000,1087.0000,1148.0000,1125.0000,1289.0000,1644.0000,144.929,162.122,149.944,154.488,67.697,33.131,1196,1108,1155,1153,1291,1645,78,61,20,10,41,0,4.9908,4.9908,4.9908,4.9908,10.0990,4.5916,1181.8574,1099.6076,1147.7620,1147.1898,1261.0536,1649.0382,0,on,1
1786105541.132403,1,1,,1171.0000,1082.0000,1131.0000,1122.0000,1302.0000,1619.0000,145.417,163.197,153.415,155.244,66.374,38.423,1188,1106,1154,1153,1289,1645,62,52,27,15,34,0,4.9908,4.9908,4.9908,4.9908,10.0990,4.5916,1181.8574,1099.6076,1147.7620,1139.2240,1276.8468,1649.0382,1,on,1
1786105541.164566,1,1,,1175.0000,1087.0000,1141.0000,1125.0000,1275.0000,1654.0000,144.505,162.171,151.271,154.607,69.122,30.931,1186,1101,1153,1153,1286,1645,36,44,22,20,38,21,4.9908,4.9908,4.9908,4.9908,10.0990,4.5916,1181.8574,1099.6076,1147.7620,1139.2240,1276.8468,1649.0382,0,on,1
1786105541.196444,1,1,,1159.0000,1067.0000,1139.0000,1124.0000,1292.0000,1637.0000,147.818,166.213,151.852,154.845,67.364,34.563,1185,1100,1153,1153,1283,1645,30,0,25,21,40,30,4.9908,4.9908,4.9908,4.9908,10.0990,4.5916,1181.8574,1099.6076,1147.7620,1139.2240,1276.8468,1649.0382,0,on,1
1786105541.232588,1,1,,1162.0000,1074.0000,1140.0000,1125.0000,1290.0000,1634.0000,147.089,164.709,151.592,154.570,67.649,35.315,1185,1100,1152,1151,1280,1647,30,0,25,0,0,28,4.9908,4.9908,4.9908,4.9908,10.0990,4.5916,1181.8574,1099.6076,1147.7620,1139.2240,1276.8468,1649.0382,0,on,1
1786105541.264562,1,1,,1152.0000,1073.0000,1149.0000,1112.0000,1222.0000,1660.0000,149.148,164.958,149.707,157.179,74.359,29.551,1185,1100,1151,1147,1279,1649,29,0,26,31,0,28,4.9908,4.9908,4.9908,4.9908,10.0990,4.5916,1181.8574,1090.9418,1147.7620,1139.2240,1276.8468,1649.0382,1,on,1
1786105541.296461,1,1,,1143.0000,1062.0000,1142.0000,1127.0000,1239.0000,1643.0000,151.051,167.162,151.092,154.208,72.612,33.350,1186,1100,1151,1147,1279,1649,30,0,25,9,30,26,4.9908,4.9908,4.9908,4.9908,10.0990,4.5916,1173.7579,1090.9418,1147.7620,1139.2240,1276.8468,1649.0382,1,on,1
1786105541.332585,1,1,,1136.0000,1056.0000,1123.0000,1108.0000,1216.0000,1649.0000,152.418,168.473,154.874,157.887,74.934,31.992,1185,1100,1150,1147,1278,1649,31,65,25,49,21,0,4.9908,4.9908,4.9908,4.9908,10.0990,4.5916,1173.7579,1090.9418,1147.7620,1139.2240,1276.8468,1649.0382,0,on,1
1786105541.364819,1,1,,1139.0000,1055.0000,1146.0000,1122.0000,1226.0000,1650.0000,151.754,168.541,150.423,155.189,73.935,31.776,1185,1096,1150,1145,1277,1649,68,47,25,17,0,0,4.9908,4.9908,4.9908,4.9908,10.0990,4.5916,1173.7579,1082.8970,1147.7620,1139.2240,1260.1354,1649.0382,1,on,1
1786105541.396427,1,1,,1142.0000,1043.0000,1126.0000,1119.0000,1266.0000,1626.0000,151.085,170.912,154.424,155.768,69.948,37.066,1179,1096,1150,1144,1277,1649,64,8,25,21,0,0,4.9908,4.9908,4.9908,4.9908,10.0990,4.5916,1164.6916,1082.8970,1147.7620,1131.5879,1260.1354,1649.0382,1,on,1
1786105541.432369,1,1,,1143.0000,1051.0000,1132.0000,1127.0000,1268.0000,1634.0000,151.008,169.469,153.088,154.159,69.756,35.211,1175,1092,1150,1144,1277,1649,0,75,27,23,22,0,4.9908,4.9908,4.9908,4.9908,10.0990,4.5916,1164.6916,1082.8970,1147.7620,1131.5879,1260.1354,1649.0382,0,on,1
1786105541.464362,1,1,,1139.0000,1055.0000,1137.0000,1136.0000,1241.0000,1650.0000,151.827,168.599,152.196,152.396,72.432,31.781,1175,1087,1150,1138,1275,1649,40,36,32,47,51,0,4.9908,4.9908,4.9908,4.9908,10.0990,4.5916,1164.6916,1074.2155,1147.7620,1131.5879,1260.1354,1649.0382,1,on,1
1786105541.496694,1,1,,1138.0000,1060.0000,1139.0000,1138.0000,1252.0000,1618.0000,151.881,167.618,151.808,152.051,71.390,38.630,1173,1087,1150,1133,1273,1649,55,38,32,12,46,0,4.9908,4.9908,4.9908,4.9908,10.0990,4.5916,1164.6916,1074.2155,1147.7620,1131.5879,1260.1354,1649.0382,0,on,1
1786105541.532562,1,1,,1148.0000,1055.0000,1131.0000,1137.0000,1312.0000,1602.0000,149.969,168.603,153.283,152.151,65.425,42.182,1173,1081,1149,1133,1269,1649,40,51,0,10,48,0,4.9908,4.9908,4.9908,4.9908,10.0990,4.5916,1164.6916,1074.2155,1147.7620,1131.5879,1260.1354,1640.4781,1,on,1
1786105541.564621,1,1,,1170.0000,1051.0000,1130.0000,1135.0000,1317.0000,1577.0000,145.626,169.408,153.563,152.472,64.927,47.656,1172,1075,1149,1133,1265,1649,44,44,0,9,42,0,4.9908,4.9908,4.9908,4.9908,10.0990,4.5916,1164.6916,1074.2155,1147.7620,1131.5879,1260.1354,1632.5193,1,on,1
1786105541.596583,1,1,,1158.0000,1067.0000,1134.0000,1153.0000,1327.0000,1604.0000,147.862,166.144,152.779,148.869,63.972,41.777,1169,1073,1149,1133,1264,1649,35,0,0,10,0,0,4.9908,4.9908,4.9908,4.9908,10.0990,4.5916,1164.6916,1074.2155,1147.7620,1131.5879,1276.1565,1632.5193,1,on,1
1786105541.632584,1,1,,1172.0000,1049.0000,1123.0000,1139.0000,1354.0000,1573.0000,145.104,169.722,154.911,151.792,61.296,48.499,1167,1073,1149,1133,1263,1649,34,0,0,10,26,42,4.9908,4.9908,4.9908,4.9908,10.0990,4.5916,1164.6916,1074.2155,1147.7620,1131.5879,1276.1565,1621.4949,1,on,1
1786105541.664424,1,1,,1158.0000,1063.0000,1146.0000,1160.0000,1316.0000,1611.0000,147.986,167.048,150.312,147.556,65.034,40.234,1167,1073,1149,1133,1262,1650,35,0,0,13,0,87,4.9908,4.9908,4.9908,4.9908,10.0990,4.5916,1164.6916,1074.2155,1147.7620,1131.5879,1292.9994,1621.4949,1,on,1
1786105541.696549,1,1,,1174.0000,1079.0000,1141.0000,1155.0000,1326.0000,1609.0000,144.831,163.770,151.278,148.471,64.006,40.674,1167,1073,1149,1133,1262,1630,36,0,0,13,0,42,4.9908,4.9908,4.9908,4.9908,10.0990,4.5916,1164.6916,1074.2155,1147.7620,1131.5879,1292.9994,1621.4949,0,on,1
1786105541.732464,1,1,,1168.0000,1046.0000,1117.0000,1138.0000,1395.0000,1558.0000,145.899,170.301,156.245,152.047,57.231,51.814,1166,1073,1149,1133,1262,1624,0,0,0,0,51,0,4.9908,4.9908,4.9908,4.9908,10.0990,4.5916,1164.6916,1074.2155,1139.8523,1131.5879,1315.1194,1612.0574,1,on,1
1786105541.764642,1,1,,1166.0000,1075.0000,1154.0000,1162.0000,1303.0000,1617.0000,146.337,164.524,148.680,147.107,66.317,38.989,1166,1073,1149,1133,1266,1624,0,0,0,0,52,0,4.9908,4.9908,4.9908,4.9908,10.0990,4.5916,1164.6916,1074.2155,1139.8523,1131.5879,1315.1194,1612.0574,0,on,1
1786105541.796624,1,1,,1193.0000,1100.0000,1157.0000,1161.0000,1304.0000,1616.0000,140.894,159.482,148.153,147.342,66.183,39.251,1166,1073,1149,1133,1272,1621,0,0,47,0,49,22,4.9908,4.9908,4.9908,4.9908,10.0990,4.5916,1164.6916,1074.2155,1139.8523,1139.1260,1315.1194,1612.0574,1,on,1
1786105541.832430,1,1,,1172.0000,1077.0000,1149.0000,1151.0000,1351.0000,1606.0000,145.241,164.202,149.662,149.311,61.594,41.387,1166,1073,1145,1133,1277,1617,0,0,0,0,38,12,4.9908,4.9908,4.9908,4.9908,10.0990,4.5916,1164.6916,1074.2155,1139.8523,1139.1260,1315.1194,1612.0574,0,on,1
1786105541.864631,1,1,,1165.0000,1065.0000,1148.0000,1140.0000,1318.0000,1594.0000,146.528,166.613,149.957,151.617,64.812,43.891,1166,1073,1145,1133,1280,1616,0,0,10,23,34,0,4.9908,4.9908,4.9908,4.9908,10.0990,4.5916,1164.6916,1074.2155,1139.8523,1139.1260,1315.1194,1612.0574,0,on,1
1786105541.896577,1,1,,1166.0000,1077.0000,1145.0000,1143.0000,1318.0000,1603.0000,146.259,164.262,150.593,151.060,64.854,42.085,1166,1073,1145,1135,1283,1616,0,0,27,17,39,0,4.9908,4.9908,4.9908,4.9908,10.0990,4.5916,1164.6916,1074.2155,1139.8523,1139.1260,1315.1194,1612.0574,0,on,1
1786105541.932469,1,1,,1168.0000,1082.0000,1146.0000,1161.0000,1324.0000,1618.0000,145.910,163.093,150.284,147.446,64.225,38.635,1166,1073,1145,1140,1287,1616,0,0,41,0,32,0,4.9908,4.9908,4.9908,4.9908,10.0990,4.5916,1164.6916,1074.2155,1139.8523,1139.1260,1315.1194,1612.0574,0,on,1
1786105541.964571,1,1,,1151.0000,1061.0000,1138.0000,1137.0000,1271.0000,1631.0000,149.322,167.326,151.949,152.251,69.435,35.783,1166,1073,1143,1140,1290,1616,0,0,32,0,27,0,4.9908,4.9908,4.9908,4.9908,10.0990,4.5916,1164.6916,1074.2155,1139.8523,1139.1260,1315.1194,1612.0574,0,on,1
1786105541.996390,1,1,,1149.0000,1071.0000,1140.0000,1152.0000,1280.0000,1602.0000,149.712,165.485,151.480,149.132,68.605,42.198,1166,1073,1142,1140,1293,1616,0,0,29,0,28,0,4.9908,4.9908,4.9908,4.9908,10.0990,4.5916,1164.6916,1074.2155,1139.8523,1139.1260,1315.1194,1612.0574,0,on,1
1786105542.032574,1,1,,1143.0000,1058.0000,1131.0000,1127.0000,1272.0000,1614.0000,151.003,167.935,153.433,154.099,69.406,39.683,1166,1073,1140,1140,1296,1616,0,0,0,0,30,0,4.9908,4.9908,4.9908,4.9908,10.0990,4.5916,1164.6916,1074.2155,1139.8523,1139.1260,1315.1194,1612.0574,0,on,1
1786105542.064657,1,1,,1150.0000,1047.0000,1127.0000,1133.0000,1288.0000,1610.0000,149.613,170.249,154.264,153.019,67.788,40.457,1166,1073,1140,1140,1298,1616,0,0,0,0,28,0,4.9908,4.9908,4.9908,4.9908,10.0990,4.5916,1164.6916,1074.2155,1139.8523,1139.1260,1315.1194,1612.0574,0,on,1
1786105542.096604,1,1,,1147.0000,1058.0000,1142.0000,1148.0000,1274.0000,1620.0000,150.209,168.003,151.230,150.020,69.169,38.264,1166,1073,1140,1140,1302,1616,0,0,0,0,28,0,4.9908,4.9908,4.9908,4.9908,10.0990,4.5916,1164.6916,1074.2155,1139.8523,1139.1260,1315.1194,1612.0574,0,on,1
1786105542.132375,1,1,,1146.0000,1056.0000,1132.0000,1150.0000,1252.0000,1626.0000,150.401,168.452,153.077,149.513,71.317,37.033,1167,1073,1140,1140,1304,1616,0,0,0,0,29,0,4.9908,4.9908,4.9908,4.9908,10.0990,4.5916,1164.6916,1074.2155,1139.8523,1139.1260,1296.7802,1612.0574,1,on,1
1786105542.164500,1,1,,1140.0000,1047.0000,1137.0000,1132.0000,1239.0000,1613.0000,151.585,170.237,152.133,153.148,72.604,39.798,1167,1073,1140,1140,1307,1615,0,0,0,0,15,15,4.9908,4.9908,4.9908,4.9908,10.0990,4.5916,1164.6916,1066.5761,1139.8523,1139.1260,1296.7802,1612.0574,1,on,1
1786105542.196569,1,1,,1158.0000,1053.0000,1133.0000,1140.0000,1329.0000,1608.0000,147.974,168.919,153.009,151.472,63.777,40.925,1166,1073,1140,1140,1309,1615,0,0,0,0,20,15,4.9908,4.9908,4.9908,4.9908,10.0990,4.5916,1164.6916,1066.5761,1139.8523,1139.1260,1296.7802,1612.0574,0,on,1
1786105542.232599,1,1,,1141.0000,1057.0000,1143.0000,1156.0000,1240.0000,1623.0000,151.457,168.265,151.058,148.271,72.538,37.662,1166,1073,1140,1140,1307,1614,0,0,0,0,53,16,4.9908,4.9908,4.9908,4.9908,10.0990,4.5916,1164.6916,1066.5761,1139.8523,1139.1260,1296.7802,1612.0574,0,on,1
1786105542.264337,1,1,,1160.0000,1060.0000,1134.0000,1147.0000,1329.0000,1621.0000,147.618,167.598,152.706,150.104,63.729,38.138,1166,1073,1140,1140,1305,1613,0,42,0,0,45,0,4.9908,4.9908,4.9908,4.9908,10.0990,4.5916,1164.6916,1066.5761,1139.8523,1139.1260,1296.7802,1612.0574,0,on,1
1786105542.296588,1,1,,1138.0000,1052.0000,1137.0000,1135.0000,1229.0000,1636.0000,151.935,169.200,152.113,152.648,73.647,34.710,1166,1073,1140,1140,1302,1613,0,0,0,0,34,0,4.9908,4.9908,4.9908,4.9908,10.0990,4.5916,1156.6444,1066.5761,1139.8523,1139.1260,1296.7802,1612.0574,1,on,1
1786105542.332594,1,1,,1147.0000,1052.0000,1135.0000,1114.0000,1276.0000,1612.0000,150.155,169.187,152.567,156.800,68.956,40.010,1166,1073,1140,1140,1300,1613,0,42,0,0,0,0,4.9908,4.9908,4.9908,4.9908,10.0990,4.5916,1156.6444,1066.5761,1139.8523,1139.1260,1296.7802,1612.0574,0,on,1
1786105542.364432,1,1,,1139.0000,1062.0000,1134.0000,1113.0000,1230.0000,1627.0000,151.744,167.136,152.691,157.064,73.503,36.708,1166,1073,1140,1140,1300,1613,39,61,0,0,28,0,4.9908,4.9908,4.9908,4.9908,10.0990,4.5916,1156.6444,1066.5761,1139.8523,1139.1260,1277.0000,1612.0574,1,on,1
1786105542.396589,1,1,,1149.0000,1087.0000,1172.0000,1142.0000,1209.0000,1633.0000,149.680,162.238,145.093,151.089,75.595,35.421,1165,1073,1140,1140,1298,1613,61,43,0,0,12,0,4.9908,4.9908,4.9908,4.9908,10.0990,4.5916,1156.6444,1066.5761,1139.8523,1139.1260,1277.0000,1612.0574,0,on,1
1786105542.432638,1,1,,1173.0000,1069.0000,1124.0000,1150.0000,1347.0000,1579.0000,144.973,165.726,154.754,149.559,61.956,47.234,1164,1072,1140,1140,1297,1613,37,61,0,0,37,0,4.9908,4.9908,4.9908,4.9908,10.0990,4.5916,1156.6444,1066.5761,1139.8523,1139.1260,1277.0000,1612.0574,0,on,1
1786105542.464389,1,1,,1216.0000,1135.0000,1153.0000,1191.0000,1297.0000,1574.0000,136.293,152.519,148.963,141.321,66.954,48.362,1164,1068,1140,1140,1295,1613,50,44,0,0,47,0,4.9908,4.9908,4.9908,4.9908,10.0990,4.5916,1156.6444,1066.5761,1139.8523,1139.1260,1277.0000,1612.0574,0,on,1
1786105542.496398,1,1,,1230.0000,1151.0000,1178.0000,1194.0000,1272.0000,1567.0000,133.439,149.360,144.047,140.644,69.363,49.741,1163,1066,1140,1140,1291,1613,56,42,0,0,48,0,4.9908,4.9908,4.9908,4.9908,10.0990,4.5916,1170.1947,1084.1772,1139.8523,1148.3406,1277.0000,1612.0574,1,on,1
1786105542.532401,1,1,,1313.0000,1202.0000,1193.0000,1212.0000,1146.0000,1577.0000,116.897,139.146,141.040,137.193,81.822,47.684,1159,1066,1140,1140,1287,1613,47,0,0,0,46,0,4.9908,4.9908,4.9908,4.9908,10.0990,4.5916,1204.0479,1110.4947,1148.8687,1157.7256,1252.7306,1603.5812,1,on,1
1786105542.564404,1,1,,1289.0000,1168.0000,1161.0000,1225.0000,1140.0000,1569.0000,121.783,145.917,147.269,134.455,82.445,49.337,1159,1066,1140,1143,1283,1613,0,39,0,14,43,0,4.9908,4.9908,4.9908,4.9908,10.0990,4.5916,1222.4507,1121.1221,1148.8687,1168.1749,1230.0028,1603.5812,1,on,1
1786105542.596385,1,1,,1292.0000,1192.0000,1175.0000,1253.0000,1115.0000,1635.0000,121.038,141.130,144.489,129.017,84.896,34.981,1159,1075,1142,1148,1280,1612,66,87,24,13,42,29,4.9908,4.9908,4.9908,4.9908,10.0990,4.5916,1236.5840,1134.3428,1148.8687,1183.7607,1203.0996,1603.5812,1,on,1
1786105542.632378,1,1,,1284.0000,1201.0000,1201.0000,1276.0000,1106.0000,1649.0000,122.798,139.377,139.288,124.400,85.834,31.861,1175,1099,1149,1154,1276,1605,67,41,12,14,47,16,4.9908,4.9908,4.9908,4.9908,10.0990,4.5916,1245.3508,1147.2583,1157.3669,1203.7131,1178.9687,1603.5812,1,on,1
1786105542.664563,1,1,,1337.0000,1239.0000,1223.0000,1289.0000,1114.0000,1648.0000,112.098,131.789,134.849,121.770,85.008,32.118,1191,1113,1150,1160,1274,1604,82,60,0,24,40,0,4.9908,4.9908,4.9908,4.9908,10.0990,4.5916,1263.4100,1165.7360,1166.4406,1221.3539,1178.9687,1603.5812,1,on,1
1786105542.696581,1,1,,1371.0000,1243.0000,1230.0000,1290.0000,1096.0000,1618.0000,105.313,130.982,133.464,121.524,86.776,38.799,1216,1133,1151,1177,1271,1604,80,33,19,65,44,0,4.9908,4.9908,4.9908,4.9908,10.0990,4.5916,1287.6274,1181.2748,1176.2250,1234.8358,1151.9024,1603.5812,1,on,1
1786105542.732596,1,1,,1352.0000,1252.0000,1218.0000,1280.0000,1034.0000,1682.0000,109.066,129.107,135.935,123.467,96.753,24.733,1240,1152,1162,1197,1267,1604,65,52,25,57,41,0,4.9908,4.9908,4.9908,4.9908,10.0990,4.5916,1301.4307,1195.8498,1176.2250,1242.8915,1122.9197,1619.1176,1,on,1
1786105542.764569,1,1,,1339.0000,1255.0000,1217.0000,1272.0000,1056.0000,1671.0000,111.724,128.517,136.096,125.029,90.797,27.157,1260,1170,1176,1218,1264,1604,57,59,21,47,44,25,4.9908,4.9908,4.9908,4.9908,10.0990,4.5916,1301.4307,1206.3183,1186.6691,1242.8915,1122.9197,1626.0934,1,on,1
1786105542.796715,1,1,,1328.0000,1257.0000,1230.0000,1275.0000,1051.0000,1666.0000,113.991,128.046,133.470,124.579,91.295,28.312,1277,1187,1179,1235,1261,1604,73,0,0,0,48,48,4.9908,4.9908,4.9908,4.9908,10.0990,4.5916,1309.9851,1214.5974,1186.6691,1242.8915,1098.2940,1626.0934,1,on,1
1786105542.832675,1,1,,1312.0000,1251.0000,1221.0000,1275.0000,1074.0000,1682.0000,117.086,129.235,135.287,124.535,89.039,24.879,,,,,,,,,,,,,4.9908,4.9908,4.9908,4.9908,10.0990,4.5916,1309.9851,1214.5974,1195.4592,1252.6088,1098.2940,1638.4911,1,on,
1786105542.864578,1,1,,1321.0000,1251.0000,1215.0000,1305.0000,1079.0000,1695.0000,115.286,129.266,136.475,118.405,88.538,21.976,1294,1196,1184,1240,1256,1623,12,23,10,0,47,19,4.9908,4.9908,4.9908,4.9908,10.0990,4.5916,1309.9851,1223.6573,1195.4592,1252.6088,1098.2940,1646.5323,1,on,1
1786105542.896717,1,1,,1312.0000,1232.0000,1206.0000,1272.0000,1097.0000,1673.0000,117.037,133.117,138.413,125.094,86.708,26.715,1298,1202,1189,1243,1253,1626,0,31,18,0,44,60,4.9908,4.9908,4.9908,4.9908,10.0990,4.5916,1309.9851,1223.6573,1195.4592,1252.6088,1098.2940,1646.5323,0,on,1
1786105542.932743,1,1,,1309.0000,1211.0000,1190.0000,1264.0000,1049.0000,1650.0000,117.626,137.373,141.636,126.629,91.443,31.799,1298,1213,1194,1243,1249,1633,0,16,13,0,36,21,4.9908,4.9908,4.9908,4.9908,10.0990,4.5916,1309.9851,1223.6573,1195.4592,1260.3147,1098.2940,1646.5323,1,on,1
1786105542.964783,1,1,,1243.0000,1140.0000,1147.0000,1196.0000,1089.0000,1594.0000,131.005,151.650,150.088,140.246,87.501,44.021,1298,1216,1198,1243,1246,1636,0,22,0,0,42,44,4.9908,4.9908,4.9908,4.9908,10.0990,4.5916,1309.9851,1215.2695,1195.4592,1260.3147,1098.2940,1646.5323,1,on,1
1786105542.996730,1,1,,1187.0000,1105.0000,1129.0000,1187.0000,1118.0000,1572.0000,142.058,158.607,153.749,142.067,84.645,48.707,1298,1222,1198,1244,1244,1643,17,15,0,29,44,33,4.9908,4.9908,4.9908,4.9908,10.0990,4.5916,1283.3156,1195.2512,1186.5430,1247.5074,1098.2940,1637.8514,1,on,1
1786105543.032708,1,1,,1170.0000,1090.0000,1122.0000,1211.0000,1156.0000,1564.0000,145.533,161.537,155.264,137.355,80.860,50.459,1299,1222,1198,1252,1241,1646,0,0,0,0,48,0,4.9908,4.9908,4.9908,4.9908,10.0990,4.5916,1256.7438,1171.3652,1176.6590,1247.5074,1098.2940,1625.6882,1,on,1
1786105543.064614,1,1,,1157.0000,1086.0000,1121.0000,1215.0000,1113.0000,1600.0000,148.124,162.306,155.314,136.625,85.164,42.719,1299,1222,1198,1252,1241,1646,0,0,0,0,48,0,4.9908,4.9908,4.9908,4.9908,10.0990,4.5916,1234.0420,1153.3076,1168.5201,1247.5074,1098.2940,1625.6882,1,on,1
1786105543.096671,1,1,,1144.0000,1084.0000,1107.0000,1179.0000,1128.0000,1544.0000,150.832,162.879,158.114,143.735,83.642,54.726,1299,1215,1193,1253,1235,1647,29,77,46,0,49,57,4.9908,4.9908,4.9908,4.9908,10.0990,4.5916,1213.5481,1139.4049,1158.8706,1231.9546,1098.2940,1609.9761,1,on,1
1786105543.132584,1,1,,1153.0000,1081.0000,1110.0000,1228.0000,1084.0000,1551.0000,148.992,163.408,157.659,134.012,87.979,53.232,1299,1201,1187,1253,1231,1638,116,111,36,0,40,36,4.9908,4.9908,4.9908,4.9908,10.0990,4.5916,1200.7093,1128.0949,1151.1463,1231.9546,1098.2940,1599.9111,1,on,1
1786105543.164677,1,1,,1165.0000,1076.0000,1097.0000,1221.0000,1146.0000,1532.0000,146.527,164.451,160.217,135.385,81.874,57.515,1282,1186,1180,1250,1228,1626,110,106,64,45,35,28,4.9908,4.9908,4.9908,4.9908,10.0990,4.5916,1200.7093,1119.5445,1143.1484,1231.9546,1098.2940,1588.5199,1,on,1
1786105543.196619,1,1,,1150.0000,1070.0000,1101.0000,1231.0000,1081.0000,1515.0000,149.538,165.647,159.362,133.306,88.314,61.152,1260,1166,1169,1245,1225,1624,115,126,55,16,44,17,4.9908,4.9908,4.9908,4.9908,10.0990,4.5916,1188.4804,1111.9092,1143.1484,1231.9546,1098.2940,1575.3319,1,on,1
1786105543.232567,1,1,,1151.0000,1071.0000,1097.0000,1205.0000,1109.0000,1537.0000,149.423,165.409,160.141,138.485,85.525,56.337,,,,,,,,,,,,,4.9908,4.9908,4.9908,4.9908,10.0990,4.5916,1188.4804,1111.9092,1131.8067,1231.9546,1098.2940,1575.3319,1,on,
1786105543.300614,1,1,,1156.0000,1077.0000,1103.0000,1210.0000,1108.0000,1529.0000,148.326,164.170,158.903,137.473,85.657,58.040,1201,1124,1146,1238,1215,1592,0,68,76,0,40,16,4.9908,4.9908,4.9908,4.9908,10.0990,4.5916,1179.1167,1101.2449,1131.8067,1231.9546,1098.2940,1561.8119,1,on,1
1786105543.324736,1,1,,1151.0000,1072.0000,1101.0000,1195.0000,1068.0000,1536.0000,149.310,165.178,159.344,140.524,89.541,56.595,1200,1123,1143,1238,1214,1590,0,0,48,0,50,37,4.9908,4.9908,4.9908,4.9908,10.0990,4.5916,1179.1167,1101.2449,1131.8067,1231.9546,1098.2940,1561.8119,0,on,1
1786105543.352384,1,1,,1136.0000,1060.0000,1101.0000,1202.0000,1100.0000,1509.0000,152.278,167.553,159.328,139.136,86.453,62.364,1199,1123,1139,1238,1213,1580,76,49,50,15,15,62,4.9908,4.9908,4.9908,4.9908,10.0990,4.5916,1179.1167,1101.2449,1123.6301,1223.8687,1098.2940,1554.1128,1,on,1
1786105543.376680,1,1,,1136.0000,1053.0000,1106.0000,1215.0000,1092.0000,1500.0000,152.368,168.945,158.310,136.499,87.217,64.508,1192,1121,1136,1238,1212,1569,72,49,46,21,0,26,4.9908,4.9908,4.9908,4.9908,10.0990,4.5916,1169.5264,1090.9726,1123.6301,1223.8687,1098.2940,1554.1128,1,on,1
1786105543.400714,1,1,,1135.0000,1057.0000,1102.0000,1199.0000,1118.0000,1494.0000,152.551,168.149,159.076,139.768,84.633,65.664,1191,1118,1132,1234,1212,1568,58,42,66,51,38,22,4.9908,4.9908,4.9908,4.9908,10.0990,4.5916,1169.5264,1090.9726,1123.6301,1223.8687,1098.2940,1540.6230,1,on,1
1786105543.432596,1,1,,1142.0000,1063.0000,1109.0000,1219.0000,1113.0000,1473.0000,151.162,166.911,157.872,135.818,85.109,70.243,1186,1115,1125,1228,1215,1563,120,97,35,0,65,23,4.9908,4.9908,4.9908,4.9908,10.0990,4.5916,1169.5264,1090.9726,1123.6301,1223.8687,1098.2940,1528.9049,1,on,1
1786105543.464735,1,1,,1150.0000,1071.0000,1099.0000,1201.0000,1100.0000,1483.0000,149.591,165.410,159.856,139.369,86.431,68.096,1175,1107,1124,1228,1222,1560,38,63,0,9,54,48,4.9908,4.9908,4.9908,4.9908,10.0990,4.5916,1169.5264,1090.9726,1123.6301,1223.8687,1098.2940,1521.7110,1,on,1
1786105543.496595,1,1,,1155.0000,1051.0000,1099.0000,1234.0000,1134.0000,1448.0000,148.597,169.426,159.844,132.721,83.005,75.789,1174,1103,1124,1228,1225,1552,35,0,0,9,60,28,4.9908,4.9908,4.9908,4.9908,10.0990,4.5916,1162.0022,1080.7247,1123.6301,1223.8687,1098.2940,1508.9320,1,on,1
1786105543.532703,1,1,,1149.0000,1069.0000,1130.0000,1324.0000,1065.0000,1525.0000,149.707,165.698,153.520,114.669,89.922,58.915,1174,1102,1124,1228,1230,1541,31,0,0,27,38,28,4.9908,4.9908,4.9908,4.9908,10.0990,4.5916,1162.0022,1080.7247,1123.6301,1234.8984,1098.2940,1508.9320,1,on,1
1786105543.564735,1,1,,1138.0000,1069.0000,1112.0000,1215.0000,1124.0000,1507.0000,151.942,165.763,157.259,136.492,84.025,62.945,1173,1100,1124,1228,1234,1529,59,44,0,17,42,35,4.9908,4.9908,4.9908,4.9908,10.0990,4.5916,1162.0022,1080.7247,1123.6301,1234.8984,1098.2940,1508.9320,0,on,1
1786105543.596709,1,1,,1154.0000,1057.0000,1122.0000,1246.0000,1115.0000,1486.0000,148.725,168.252,155.247,130.346,84.968,67.366,1167,1098,1124,1232,1238,1521,48,40,0,18,34,27,4.9908,4.9908,4.9908,4.9908,10.0990,4.5916,1162.0022,1080.7247,1123.6301,1234.8984,1098.2940,1508.9320,0,on,1
1786105543.632709,1,1,,1142.0000,1059.0000,1115.0000,1245.0000,1109.0000,1494.0000,151.189,167.831,156.483,130.429,85.532,65.662,1165,1096,1124,1236,1242,1515,45,38,0,0,30,18,4.9908,4.9908,4.9908,4.9908,10.0990,4.5916,1162.0022,1080.7247,1123.6301,1234.8984,1098.2940,1508.9320,0,on,1
1786105543.664618,1,1,,1160.0000,1071.0000,1139.0000,1348.0000,1069.0000,1509.0000,147.563,165.297,151.693,109.832,89.477,62.350,1165,1096,1124,1236,1242,1515,45,38,0,0,30,18,4.9908,4.9908,4.9908,4.9908,10.0990,4.5916,1162.0022,1080.7247,1123.6301,1252.8578,1098.2940,1508.9320,1,on,1
1786105543.696720,1,1,,1137.0000,1066.0000,1116.0000,1214.0000,1085.0000,1524.0000,152.237,166.459,156.423,136.690,87.919,59.249,1165,1094,1124,1236,1246,1513,46,44,0,9,35,0,4.9908,4.9908,4.9908,4.9908,10.0990,4.5916,1162.0022,1080.7247,1123.6301,1252.8578,1098.2940,1508.9320,0,on,1
1786105543.732597,1,1,,1158.0000,1061.0000,1124.0000,1316.0000,1189.0000,1466.0000,148.052,167.423,154.667,116.232,77.564,71.928,1165,1094,1124,1238,1250,1513,46,38,0,10,27,0,4.9908,4.9908,4.9908,4.9908,10.0990,4.5916,1162.0022,1080.7247,1123.6301,1252.8578,1098.2940,1508.9320,0,on,1
1786105543.764810,1,1,,1141.0000,1077.0000,1126.0000,1281.0000,1041.0000,1557.0000,151.265,164.113,154.277,123.402,92.230,52.105,1165,1094,1124,1243,1253,1513,48,39,0,0,26,0,4.9908,4.9908,4.9908,4.9908,10.0990,4.5916,1162.0022,1080.7247,1123.6301,1260.6602,1098.2940,1508.9320,1,on,1
1786105543.796443,1,1,,1147.0000,1055.0000,1118.0000,1262.0000,1169.0000,1461.0000,150.075,168.636,155.945,127.066,79.588,73.014,1164,1094,1124,1243,1256,1513,46,41,0,0,30,0,4.9908,4.9908,4.9908,4.9908,10.0990,4.5916,1162.0022,1080.7247,1123.6301,1260.6602,1098.2940,1508.9320,0,on,1
1786105543.832661,1,1,,1157.0000,1062.0000,1125.0000,1308.0000,1098.0000,1498.0000,148.249,167.165,154.507,117.875,86.586,64.942,1164,1082,1124,1260,1277,1511,0,45,0,0,28,18,4.9908,4.9908,4.9908,4.9908,10.0990,4.5916,1162.0022,1080.7247,1123.6301,1260.6602,1098.2940,1508.9320,0,on,1
1786105544.047456,1,1,,1140.0000,1050.0000,1108.0000,1264.0000,1156.0000,1487.0000,151.484,169.509,157.911,126.644,80.823,67.148,1164,1081,1124,1260,1278,1510,0,41,0,0,29,16,4.9908,4.9908,4.9908,4.9908,10.0990,4.5916,1162.0022,1071.5052,1123.6301,1260.6602,1115.4009,1508.9320,1,on,1
1786105544.057649,1,1,,1160.0000,1058.0000,1124.0000,1268.0000,1126.0000,1473.0000,147.462,168.022,154.709,125.873,83.812,70.286,1164,1080,1124,1260,1279,1510,0,0,0,0,32,0,4.9908,4.9908,4.9908,4.9908,10.0990,4.5916,1162.0022,1071.5052,1123.6301,1260.6602,1115.4009,1508.9320,0,on,1
1786105544.070015,1,1,,1155.0000,1060.0000,1126.0000,1374.0000,1094.0000,1480.0000,148.643,167.500,154.462,104.775,87.013,68.877,1164,1080,1124,1260,1280,1510,0,0,0,0,27,0,4.9908,4.9908,4.9908,4.9908,10.0990,4.5916,1162.0022,1071.5052,1123.6301,1274.7829,1115.4009,1501.9919,1,on,1
1786105544.083170,1,1,,1144.0000,1057.0000,1107.0000,1259.0000,1148.0000,1478.0000,150.775,168.269,158.159,127.812,81.623,69.197,1164,1080,1124,1260,1282,1510,0,0,0,0,25,0,4.9908,4.9908,4.9908,4.9908,10.0990,4.5916,1162.0022,1071.5052,1123.6301,1274.7829,1115.4009,1501.9919,0,on,1
1786105544.098448,1,1,,1154.0000,1072.0000,1137.0000,1313.0000,1076.0000,1520.0000,148.773,165.275,152.132,116.963,88.837,60.147,1164,1080,1124,1260,1283,1510,0,24,0,0,36,0,4.9908,4.9908,4.9908,4.9908,10.0990,4.5916,1162.0022,1071.5052,1123.6301,1274.7829,1115.4009,1501.9919,0,on,1
1786105544.132582,1,1,,1145.0000,1062.0000,1108.0000,1221.0000,1172.0000,1466.0000,150.546,167.130,157.914,135.320,79.292,71.783,1164,1079,1124,1260,1285,1510,0,61,0,0,29,23,4.9908,4.9908,4.9908,4.9908,10.0990,4.5916,1162.0022,1071.5052,1123.6301,1274.7829,1115.4009,1501.9919,0,on,1
1786105544.164605,1,1,,1153.0000,1073.0000,1130.0000,1282.0000,1089.0000,1526.0000,148.963,164.999,153.524,123.190,87.553,58.786,1164,1077,1124,1260,1289,1505,0,24,0,11,26,17,4.9908,4.9908,4.9908,4.9908,10.0990,4.5916,1162.0022,1071.5052,1123.6301,1274.7829,1115.4009,1501.9919,0,on,1
1786105544.196606,1,1,,1150.0000,1067.0000,1124.0000,1289.0000,1094.0000,1506.0000,149.594,166.234,154.684,121.644,87.057,63.023,1164,1077,1124,1262,1292,1502,0,37,0,11,27,14,4.9908,4.9908,4.9908,4.9908,10.0990,4.5916,1162.0022,1071.5052,1123.6301,1274.7829,1115.4009,1501.9919,0,on,1
1786105544.232712,1,1,,1152.0000,1054.0000,1122.0000,1312.0000,1078.0000,1505.0000,149.140,168.782,155.156,117.059,88.572,63.410,1164,1071,1124,1278,1313,1501,0,0,0,0,31,0,4.9908,4.9908,4.9908,4.9908,10.0990,4.5916,1162.0022,1071.5052,1123.6301,1274.7829,1115.4009,1501.9919,0,on,1
1786105544.445016,1,1,,1151.0000,1058.0000,1131.0000,1330.0000,1086.0000,1502.0000,149.362,167.988,153.341,113.543,87.755,63.889,1164,1071,1124,1278,1315,1501,0,0,0,0,24,0,4.9908,4.9908,4.9908,4.9908,10.0990,4.5916,1154.4630,1071.5052,1123.6301,1286.2549,1115.4009,1501.9919,1,on,1
1786105544.461131,1,1,,1141.0000,1048.0000,1124.0000,1296.0000,1081.0000,1518.0000,151.422,170.013,154.688,120.258,88.305,60.515,1164,1071,1124,1278,1315,1501,0,0,0,0,32,0,4.9908,4.9908,4.9908,4.9908,10.0990,4.5916,1154.4630,1071.5052,1123.6301,1286.2549,1115.4009,1501.9919,0,on,1
1786105544.472298,1,1,,1153.0000,1059.0000,1139.0000,1377.0000,1050.0000,1522.0000,149.013,167.862,151.673,104.167,91.331,59.535,1164,1071,1124,1278,1317,1501,0,0,0,0,32,0,4.9908,4.9908,4.9908,4.9908,10.0990,4.5916,1154.4630,1071.5052,1123.6301,1286.2549,1115.4009,1501.9919,0,on,1
1786105544.484105,1,1,,1157.0000,1077.0000,1139.0000,1386.0000,1074.0000,1543.0000,148.231,164.268,151.837,102.246,89.000,55.137,1164,1071,1124,1278,1318,1501,0,0,0,43,28,0,4.9908,4.9908,4.9908,4.9908,10.0990,4.5916,1154.4630,1071.5052,1123.6301,1304.7375,1115.4009,1501.9919,1,on,1
1786105544.496711,1,1,,1156.0000,1091.0000,1147.0000,1303.0000,1034.0000,1593.0000,148.272,161.472,150.200,118.905,95.042,44.139,1164,1071,1124,1279,1319,1501,0,0,0,38,30,0,4.9908,4.9908,4.9908,4.9908,10.0990,4.5916,1154.4630,1071.5052,1123.6301,1304.7375,1096.0209,1511.7447,1,on,1
1786105544.534964,1,1,,1173.0000,1093.0000,1159.0000,1340.0000,1052.0000,1574.0000,144.859,161.075,147.815,111.505,91.136,48.231,1164,1071,1124,1288,1323,1501,47,0,0,37,28,0,4.9908,4.9908,4.9908,4.9908,10.0990,4.5916,1154.4630,1071.5052,1123.6301,1304.7375,1096.0209,1525.3355,1,on,1
1786105544.564582,1,1,,1128.0000,1084.0000,1146.0000,1245.0000,1034.0000,1623.0000,153.951,162.714,150.430,130.580,93.911,37.638,1164,1071,1124,1294,1325,1501,0,0,0,16,29,17,4.9908,4.9908,4.9908,4.9908,10.0990,4.5916,1154.4630,1071.5052,1123.6301,1304.7375,1078.5624,1545.4185,1,on,1
1786105544.596608,1,1,,1143.0000,1066.0000,1143.0000,1275.0000,1034.0000,1600.0000,150.894,166.435,150.880,124.599,94.367,42.729,1164,1071,1124,1299,1328,1501,55,0,0,0,21,25,4.9908,4.9908,4.9908,4.9908,10.0990,4.5916,1154.4630,1071.5052,1123.6301,1304.7375,1078.5624,1555.8416,1,on,1
1786105544.632548,1,1,,1136.0000,1081.0000,1150.0000,1348.0000,1034.0000,1624.0000,152.321,163.347,149.589,109.881,97.267,37.424,1163,1071,1124,1300,1328,1513,66,0,0,18,30,80,4.9908,4.9908,4.9908,4.9908,10.0990,4.5916,1154.4630,1071.5052,1123.6301,1304.7375,1078.5624,1569.3050,1,on,1
1786105544.664417,1,1,,1137.0000,1057.0000,1140.0000,1311.0000,1034.0000,1604.0000,152.165,168.194,151.609,117.232,93.050,41.794,1163,1071,1124,1305,1325,1538,44,0,0,0,62,81,4.9908,4.9908,4.9908,4.9908,10.0990,4.5916,1154.4630,1071.5052,1131.2696,1304.7375,1062.5448,1569.3050,1,on,1
1786105544.696449,1,1,,1126.0000,1072.0000,1161.0000,1312.0000,1043.0000,1632.0000,154.392,165.116,147.383,117.024,92.084,35.567,1163,1071,1124,1306,1322,1551,72,0,0,0,75,49,4.9908,4.9908,4.9908,4.9908,10.0990,4.5916,1154.4630,1071.5052,1131.2696,1304.7375,1062.5448,1583.3151,1,on,1
1786105544.732440,1,1,,1133.0000,1076.0000,1156.0000,1293.0000,1048.0000,1644.0000,153.035,164.443,148.412,120.928,91.518,32.975,1159,1071,1124,1307,1316,1556,57,0,24,0,74,41,4.9908,4.9908,4.9908,4.9908,10.0990,4.5916,1154.4630,1071.5052,1131.2696,1304.7375,1062.5448,1593.5694,1,on,1
1786105544.764606,1,1,,1129.0000,1066.0000,1144.0000,1285.0000,1078.0000,1625.0000,153.687,166.344,150.811,122.605,88.550,37.293,1158,1071,1130,1307,1311,1566,57,0,14,0,70,87,4.9908,4.9908,4.9908,4.9908,10.0990,4.5916,1154.4630,1071.5052,1131.2696,1304.7375,1062.5448,1593.5694,0,on,1
1786105544.796615,1,1,,1122.0000,1060.0000,1143.0000,1292.0000,1059.0000,1629.0000,155.084,167.558,150.904,121.152,90.485,36.402,1155,1071,1133,1307,1306,1586,0,0,0,0,56,15,4.9908,4.9908,4.9908,4.9908,10.0990,4.5916,1145.8333,1071.5052,1131.2696,1304.7375,1062.5448,1601.2714,1,on,1
1786105544.832548,1,1,,1125.0000,1065.0000,1148.0000,1289.0000,1055.0000,1623.0000,154.504,166.575,149.996,121.631,90.910,37.712,1155,1071,1133,1307,1303,1588,0,0,0,0,54,21,4.9908,4.9908,4.9908,4.9908,10.0990,4.5916,1145.8333,1071.5052,1131.2696,1304.7375,1062.5448,1601.2714,0,on,1
1786105544.864640,1,1,,1118.0000,1069.0000,1153.0000,1290.0000,1054.0000,1632.0000,155.929,165.806,148.856,121.578,90.992,35.572,1156,1071,1133,1307,1299,1588,66,0,0,0,44,42,4.9908,4.9908,4.9908,4.9908,10.0990,4.5916,1145.8333,1071.5052,1131.2696,1304.7375,1062.5448,1601.2714,0,on,1
1786105544.896476,1,1,,1131.0000,1080.0000,1153.0000,1290.0000,1039.0000,1636.0000,153.302,163.495,148.941,121.524,92.485,34.695,1155,1071,1133,1308,1297,1592,28,0,0,0,44,37,4.9908,4.9908,4.9908,4.9908,10.0990,4.5916,1145.8333,1071.5052,1131.2696,1304.7375,1062.5448,1608.8915,1,on,1
1786105544.932553,1,1,,1122.0000,1056.0000,1142.0000,1292.0000,1034.0000,1645.0000,155.079,168.411,151.170,121.196,95.699,32.929,1154,1071,1133,1308,1293,1593,63,0,0,0,39,42,4.9908,4.9908,4.9908,4.9908,10.0990,4.5916,1145.8333,1071.5052,1131.2696,1304.7375,1062.5448,1608.8915,0,on,1
1786105544.964479,1,1,,1133.0000,1066.0000,1142.0000,1263.0000,1034.0000,1617.0000,153.030,166.288,151.207,126.906,97.443,38.868,1151,1071,1133,1308,1291,1600,60,0,0,0,39,41,4.9908,4.9908,4.9908,4.9908,10.0990,4.5916,1145.8333,1071.5052,1131.2696,1304.7375,1062.5448,1608.8915,0,on,1
1786105544.996440,1,1,,1145.0000,1078.0000,1155.0000,1364.0000,1034.0000,1607.0000,150.507,163.941,148.512,106.651,96.880,41.082,1149,1071,1133,1308,1287,1604,60,0,0,0,35,19,4.9908,4.9908,4.9908,4.9908,10.0990,4.5916,1145.8333,1071.5052,1139.2216,1304.7375,1062.5448,1608.8915,1,on,1
1786105545.032432,1,1,,1128.0000,1064.0000,1147.0000,1275.0000,1034.0000,1627.0000,153.966,166.834,150.188,124.579,97.581,36.861,1148,1071,1133,1308,1284,1604,60,0,0,0,34,21,4.9908,4.9908,4.9908,4.9908,10.0990,4.5916,1145.8333,1071.5052,1139.2216,1304.7375,1062.5448,1608.8915,0,on,1
1786105545.064556,1,1,,1134.0000,1063.0000,1145.0000,1299.0000,1034.0000,1621.0000,152.775,167.065,150.513,119.658,98.778,37.979,1148,1071,1133,1308,1282,1604,52,0,0,10,47,23,4.9908,4.9908,4.9908,4.9908,10.0990,4.5916,1145.8333,1071.5052,1139.2216,1304.7375,1062.5448,1608.8915,0,on,1
1786105545.096437,1,1,,1142.0000,1074.0000,1147.0000,1289.0000,1034.0000,1594.0000,151.241,164.725,150.092,121.730,100.117,43.982,1147,1071,1133,1308,1279,1604,52,0,0,0,40,29,4.9908,4.9908,4.9908,4.9908,10.0990,4.5916,1145.8333,1071.5052,1139.2216,1304.7375,1062.5448,1608.8915,0,on,1
1786105545.132586,1,1,,1153.0000,1086.0000,1146.0000,1290.0000,1034.0000,1606.0000,149.017,162.410,150.333,121.479,95.501,41.268,1147,1071,1136,1308,1276,1605,53,0,13,0,42,25,4.9908,4.9908,4.9908,4.9908,10.0990,4.5916,1145.8333,1071.5052,1139.2216,1304.7375,1062.5448,1608.8915,0,on,1
1786105545.164594,1,1,,1149.0000,1094.0000,1154.0000,1312.0000,1034.0000,1611.0000,149.847,160.874,148.692,117.030,101.161,40.278,1147,1071,1139,1308,1273,1607,0,0,11,0,39,26,4.9908,4.9908,4.9908,4.9908,10.0990,4.5916,1145.8333,1071.5052,1139.2216,1304.7375,1062.5448,1608.8915,0,on,1
1786105545.196485,1,1,,1156.0000,1100.0000,1148.0000,1307.0000,1034.0000,1593.0000,148.387,159.568,149.911,118.189,96.553,44.197,1147,1071,1140,1308,1269,1608,0,0,0,9,39,20,4.9908,4.9908,4.9908,4.9908,10.0990,4.5916,1145.8333,1071.5052,1139.2216,1304.7375,1062.5448,1608.8915,0,on,1
1786105545.237833,1,1,,1150.0000,1109.0000,1158.0000,1345.0000,1034.0000,1611.0000,149.565,157.682,147.873,110.402,101.557,40.193,1147,1071,1140,1308,1266,1608,0,0,0,22,43,20,4.9908,4.9908,4.9908,4.9908,10.0990,4.5916,1145.8333,1071.5052,1139.2216,1304.7375,1046.7946,1608.8915,1,on,1
1786105545.269962,1,1,,1154.0000,1094.0000,1151.0000,1293.0000,1034.0000,1595.0000,148.798,160.767,149.267,120.890,101.425,43.824,1147,1071,1140,1308,1263,1608,0,0,0,12,41,21,4.9908,4.9908,4.9908,4.9908,10.0990,4.5916,1145.8333,1071.5052,1139.2216,1304.7375,1046.7946,1608.8915,0,on,1
1786105545.296570,1,1,,1155.0000,1115.0000,1165.0000,1356.0000,1034.0000,1618.0000,148.458,156.648,146.456,108.335,102.481,38.803,1147,1071,1140,1308,1261,1608,0,0,0,16,47,21,4.9908,4.9908,4.9908,4.9908,10.0990,4.5916,1145.8333,1081.1911,1139.2216,1304.7375,1046.7946,1608.8915,1,on,1
1786105545.332625,1,1,,1151.0000,1101.0000,1160.0000,1315.0000,1034.0000,1616.0000,149.348,159.285,147.590,116.513,99.290,39.091,1147,1071,1140,1307,1258,1609,0,0,0,27,45,0,4.9908,4.9908,4.9908,4.9908,10.0990,4.5916,1145.8333,1081.1911,1139.2216,1304.7375,1046.7946,1608.8915,0,on,1
1786105545.364496,1,1,,1155.0000,1119.0000,1168.0000,1336.0000,1034.0000,1629.0000,148.499,155.756,146.022,112.277,100.340,36.321,1147,1071,1140,1306,1255,1609,0,35,0,0,49,0,4.9908,4.9908,4.9908,4.9908,10.0990,4.5916,1145.8333,1081.1911,1139.2216,1304.7375,1046.7946,1608.8915,0,on,1
1786105545.396610,1,1,,1151.0000,1106.0000,1163.0000,1316.0000,1034.0000,1605.0000,149.437,158.410,146.879,116.365,98.567,41.604,1147,1073,1140,1306,1251,1609,0,15,0,0,44,0,4.9908,4.9908,4.9908,4.9908,10.0990,4.5916,1145.8333,1081.1911,1147.0795,1304.7375,1046.7946,1608.8915,1,on,1
1786105545.432611,1,1,,1172.0000,1130.0000,1174.0000,1359.0000,1034.0000,1612.0000,145.224,153.516,144.669,107.728,97.393,39.975,1147,1077,1140,1306,1247,1609,0,10,0,0,36,0,4.9908,4.9908,4.9908,4.9908,10.0990,4.5916,1145.8333,1092.4445,1147.0795,1316.0438,1046.7946,1608.8915,1,on,1
1786105545.464604,1,1,,1164.0000,1134.0000,1182.0000,1381.0000,1034.0000,1621.0000,146.851,152.681,143.102,103.335,99.139,38.150,1147,1080,1140,1306,1246,1609,0,0,14,0,39,0,4.9908,4.9908,4.9908,4.9908,10.0990,4.5916,1145.8333,1092.4445,1147.0795,1324.4549,1046.7946,1608.8915,1,on,1
1786105545.496629,1,1,,1169.0000,1140.0000,1193.0000,1408.0000,1034.0000,1625.0000,145.685,151.491,140.993,97.880,100.713,37.177,1147,1084,1145,1306,1243,1609,0,0,11,0,44,0,4.9908,4.9908,4.9908,4.9908,10.0990,4.5916,1145.8333,1102.0027,1156.1481,1338.6118,1046.7946,1608.8915,1,on,1
1786105545.532718,1,1,,1157.0000,1111.0000,1165.0000,1361.0000,1034.0000,1594.0000,148.244,157.369,146.478,107.337,96.739,43.936,1147,1086,1148,1306,1240,1609,0,16,9,60,45,0,4.9908,4.9908,4.9908,4.9908,10.0990,4.5916,1145.8333,1102.0027,1156.1481,1338.6118,1046.7946,1608.8915,0,on,1
1786105545.564962,1,1,,1156.0000,1108.0000,1165.0000,1364.0000,1034.0000,1614.0000,148.373,157.925,146.475,106.738,101.987,39.690,1147,1093,1151,1318,1237,1609,0,37,13,32,42,0,4.9908,4.9908,4.9908,4.9908,10.0990,4.5916,1145.8333,1102.0027,1156.1481,1338.6118,1046.7946,1608.8915,0,on,1
1786105545.596750,1,1,,1159.0000,1110.0000,1172.0000,1357.0000,1034.0000,1604.0000,147.658,157.620,145.053,108.167,95.350,41.678,1147,1100,1153,1331,1234,1609,0,22,13,0,46,0,4.9908,4.9908,4.9908,4.9908,10.0990,4.5916,1145.8333,1102.0027,1156.1481,1338.6118,1046.7946,1608.8915,0,on,1
1786105545.632700,1,1,,1159.0000,1121.0000,1183.0000,1369.0000,1034.0000,1629.0000,147.727,155.290,142.925,105.646,102.285,36.317,1147,1103,1158,1332,1230,1609,0,0,0,20,40,0,4.9908,4.9908,4.9908,4.9908,10.0990,4.5916,1145.8333,1102.0027,1156.1481,1347.0263,1046.7946,1608.8915,1,on,1
1786105545.664615,1,1,,1156.0000,1113.0000,1180.0000,1381.0000,1034.0000,1624.0000,148.310,156.987,143.635,103.301,103.680,37.325,1147,1103,1158,1332,1230,1609,0,0,0,20,40,0,4.9908,4.9908,4.9908,4.9908,10.0990,4.5916,1145.8333,1102.0027,1156.1481,1347.0263,1046.7946,1608.8915,0,on,1
1786105545.700752,1,1,,1157.0000,1109.0000,1178.0000,1392.0000,1034.0000,1620.0000,148.124,157.815,144.043,100.978,102.310,38.350,1147,1106,1158,1338,1224,1609,0,0,0,13,51,0,4.9908,4.9908,4.9908,4.9908,10.0990,4.5916,1145.8333,1102.0027,1156.1481,1354.7271,1046.7946,1608.8915,1,on,1
1786105545.732724,1,1,,1154.0000,1113.0000,1171.0000,1393.0000,1034.0000,1625.0000,148.763,156.891,145.353,100.940,106.906,37.257,1147,1106,1158,1339,1222,1609,0,0,0,19,42,0,4.9908,4.9908,4.9908,4.9908,10.0990,4.5916,1145.8333,1102.0027,1156.1481,1354.7271,1046.7946,1608.8915,0,on,1
1786105545.764668,1,1,,1147.0000,1101.0000,1165.0000,1403.0000,1034.0000,1617.0000,150.256,159.416,146.596,98.866,102.615,39.030,1147,1106,1158,1347,1219,1609,0,0,0,23,45,0,4.9908,4.9908,4.9908,4.9908,10.0990,4.5916,1145.8333,1102.0027,1156.1481,1363.9952,1046.7946,1608.8915,1,on,1
1786105545.796603,1,1,,1153.0000,1096.0000,1153.0000,1336.0000,1034.0000,1597.0000,148.898,160.300,149.053,112.220,97.938,43.240,1147,1106,1158,1352,1215,1609,0,0,0,0,38,0,4.9908,4.9908,4.9908,4.9908,10.0990,4.5916,1145.8333,1102.0027,1156.1481,1363.9952,1046.7946,1608.8915,0,on,1
1786105545.832572,1,1,,1149.0000,1113.0000,1171.0000,1389.0000,1034.0000,1622.0000,149.770,156.996,145.314,101.765,102.905,37.835,1147,1106,1158,1354,1213,1609,0,0,0,0,53,0,4.9908,4.9908,4.9908,4.9908,10.0990,4.5916,1145.8333,1102.0027,1156.1481,1363.9952,1046.7946,1608.8915,0,on,1
1786105545.864385,1,1,,1145.0000,1102.0000,1168.0000,1372.0000,1034.0000,1622.0000,150.574,159.108,145.915,105.147,103.349,37.894,1147,1107,1158,1360,1209,1609,0,23,0,12,40,0,4.9908,4.9908,4.9908,4.9908,10.0990,4.5916,1145.8333,1102.0027,1156.1481,1363.9952,1046.7946,1608.8915,0,on,1
1786105545.901627,1,1,,1151.0000,1105.0000,1163.0000,1331.0000,1034.0000,1611.0000,149.398,158.528,146.929,113.358,101.322,40.196,1147,1107,1158,1361,1207,1609,0,0,0,0,48,0,4.9908,4.9908,4.9908,4.9908,10.0990,4.5916,1145.8333,1102.0027,1156.1481,1363.9952,1046.7946,1608.8915,0,on,1
1786105545.932590,1,1,,1144.0000,1094.0000,1161.0000,1343.0000,1034.0000,1608.0000,150.763,160.763,147.422,110.980,100.401,40.844,1147,1106,1159,1361,1205,1609,0,0,0,0,55,0,4.9908,4.9908,4.9908,4.9908,10.0990,4.5916,1145.8333,1102.0027,1156.1481,1363.9952,1046.7946,1608.8915,0,on,1
1786105545.964585,1,1,,1150.0000,1102.0000,1158.0000,1320.0000,1034.0000,1611.0000,149.592,159.187,147.907,115.431,102.496,40.216,1147,1106,1158,1361,1201,1609,0,0,0,0,51,0,4.9908,4.9908,4.9908,4.9908,10.0990,4.5916,1145.8333,1102.0027,1156.1481,1363.9952,1046.7946,1608.8915,0,on,1
1786105545.996441,1,1,,1152.0000,1105.0000,1176.0000,1387.0000,1034.0000,1616.0000,149.228,158.512,144.251,101.994,98.115,39.075,1147,1107,1158,1361,1197,1609,0,26,0,0,37,0,4.9908,4.9908,4.9908,4.9908,10.0990,4.5916,1145.8333,1102.0027,1156.1481,1363.9952,1046.7946,1608.8915,0,on,1
1786105546.032382,1,1,,1149.0000,1109.0000,1167.0000,1365.0000,1034.0000,1616.0000,149.780,157.778,146.082,106.516,102.906,39.061,1147,1106,1158,1361,1194,1609,0,35,0,0,44,0,4.9908,4.9908,4.9908,4.9908,10.0990,4.5916,1145.8333,1102.0027,1156.1481,1363.9952,1046.7946,1608.8915,0,on,1
1786105546.064391,1,1,,1143.0000,1091.0000,1150.0000,1298.0000,1034.0000,1610.0000,151.010,161.435,149.599,119.931,98.537,40.497,1147,1106,1158,1361,1192,1609,0,35,0,0,44,0,4.9908,4.9908,4.9908,4.9908,10.0990,4.5916,1145.8333,1102.0027,1156.1481,1354.2166,1046.7946,1608.8915,1,on,1
1786105546.096591,1,1,,1149.0000,1104.0000,1158.0000,1333.0000,1034.0000,1610.0000,149.801,158.861,147.899,112.903,100.494,40.398,1147,1105,1158,1364,1189,1609,0,32,0,0,45,0,4.9908,4.9908,4.9908,4.9908,10.0990,4.5916,1145.8333,1102.0027,1156.1481,1354.2166,1046.7946,1608.8915,0,on,1
1786105546.132545,1,1,,1147.0000,1097.0000,1160.0000,1339.0000,1034.0000,1617.0000,150.171,160.254,147.523,111.624,100.709,39.008,1147,1104,1158,1365,1186,1609,0,28,0,37,50,0,4.9908,4.9908,4.9908,4.9908,10.0990,4.5916,1145.8333,1102.0027,1156.1481,1354.2166,1046.7946,1608.8915,0,on,1
1786105546.164607,1,1,,1145.0000,1090.0000,1160.0000,1348.0000,1034.0000,1608.0000,150.637,161.676,147.499,109.902,99.776,40.923,1147,1103,1158,1360,1184,1609,0,27,0,22,52,0,4.9908,4.9908,4.9908,4.9908,10.0990,4.5916,1145.8333,1102.0027,1156.1481,1354.2166,1046.7946,1608.8915,0,on,1
1786105546.196588,1,1,,1146.0000,1097.0000,1161.0000,1325.0000,1034.0000,1625.0000,150.390,160.147,147.384,114.540,98.469,37.279,1147,1103,1158,1359,1180,1609,0,32,0,20,53,0,4.9908,4.9908,4.9908,4.9908,10.0990,4.5916,1145.8333,1102.0027,1156.1481,1354.2166,1046.7946,1608.8915,0,on,1
1786105546.232553,1,1,,1144.0000,1092.0000,1155.0000,1345.0000,1034.0000,1623.0000,150.844,161.252,148.515,110.418,99.507,37.698,1147,1103,1158,1356,1177,1609,0,0,0,0,52,0,4.9908,4.9908,4.9908,4.9908,10.0990,4.5916,1145.8333,1102.0027,1156.1481,1354.2166,1046.7946,1608.8915,0,on,1
1786105546.264587,1,1,,1145.0000,1100.0000,1170.0000,1378.0000,1034.0000,1630.0000,150.524,159.567,145.564,103.909,103.314,35.997,1147,1103,1158,1355,1174,1609,0,0,0,0,53,0,4.9908,4.9908,4.9908,4.9908,10.0990,4.5916,1145.8333,1102.0027,1156.1481,1354.2166,1046.7946,1608.8915,0,on,1
1786105546.296581,1,1,,1144.0000,1077.0000,1151.0000,1330.0000,1034.0000,1591.0000,150.843,164.194,149.325,113.540,96.092,44.530,1147,1103,1158,1355,1172,1609,0,0,0,0,51,0,4.9908,4.9908,4.9908,4.9908,10.0990,4.5916,1145.8333,1102.0027,1156.1481,1354.2166,1046.7946,1608.8915,0,on,1
1786105546.332510,1,1,,1148.0000,1100.0000,1162.0000,1414.0000,1034.0000,1618.0000,149.915,159.490,147.250,96.696,105.553,38.813,1147,1103,1158,1355,1168,1609,0,0,0,0,51,0,4.9908,4.9908,4.9908,4.9908,10.0990,4.5916,1145.8333,1102.0027,1156.1481,1354.2166,1046.7946,1608.8915,0,on,1
1786105546.364532,1,1,,1145.0000,1080.0000,1161.0000,1391.0000,1034.0000,1619.0000,150.578,163.658,147.362,101.199,97.031,38.410,1147,1103,1158,1355,1165,1609,0,0,0,0,51,0,4.9908,4.9908,4.9908,4.9908,10.0990,4.5916,1145.8333,1102.0027,1156.1481,1354.2166,1046.7946,1608.8915,0,on,1
1786105546.396379,1,1,,1150.0000,1103.0000,1163.0000,1386.0000,1034.0000,1610.0000,149.650,158.972,147.025,102.332,101.997,40.554,1147,1103,1158,1355,1162,1609,0,0,0,0,46,0,4.9908,4.9908,4.9908,4.9908,10.0990,4.5916,1145.8333,1102.0027,1156.1481,1354.2166,1046.7946,1608.8915,0,on,1
1786105546.432590,1,1,,1145.0000,1080.0000,1144.0000,1351.0000,1034.0000,1589.0000,150.501,163.621,150.701,109.355,95.989,44.948,1147,1103,1158,1355,1158,1609,0,0,0,0,46,0,4.9908,4.9908,4.9908,4.9908,10.0990,4.5916,1145.8333,1102.0027,1156.1481,1354.2166,1046.7946,1608.8915,0,on,1
1786105546.464594,1,1,,1157.0000,1101.0000,1151.0000,1372.0000,1034.0000,1590.0000,148.130,159.356,149.352,105.147,99.912,44.743,1147,1103,1158,1355,1157,1609,0,0,0,0,60,0,4.9908,4.9908,4.9908,4.9908,10.0990,4.5916,1145.8333,1102.0027,1156.1481,1354.2166,1046.7946,1608.8915,0,on,1
1786105546.500415,1,1,,1145.0000,1080.0000,1131.0000,1312.0000,1052.0000,1582.0000,150.467,163.556,153.412,117.131,91.179,46.532,1147,1103,1158,1355,1153,1609,0,0,0,0,54,0,4.9908,4.9908,4.9908,4.9908,10.0990,4.5916,1145.8333,1102.0027,1156.1481,1354.2166,1046.7946,1608.8915,0,on,1
1786105546.532772,1,1,,1169.0000,1097.0000,1150.0000,1375.0000,1034.0000,1591.0000,145.789,160.211,149.484,104.528,94.911,44.659,1147,1103,1158,1355,1151,1609,0,0,0,0,52,0,4.9908,4.9908,4.9908,4.9908,10.0990,4.5916,1145.8333,1102.0027,1156.1481,1354.2166,1046.7946,1608.8915,0,on,1
1786105546.564673,1,1,,1152.0000,1082.0000,1145.0000,1345.0000,1034.0000,1603.0000,149.201,163.236,150.562,110.396,98.848,41.878,1147,1103,1158,1355,1148,1609,0,0,0,0,59,0,4.9908,4.9908,4.9908,4.9908,10.0990,4.5916,1145.8333,1102.0027,1156.1481,1354.2166,1046.7946,1608.8915,0,on,1
1786105546.596706,1,1,,1151.0000,1082.0000,1140.0000,1311.0000,1034.0000,1613.0000,149.456,163.241,151.475,117.265,94.546,39.698,1147,1103,1158,1355,1144,1609,0,0,0,0,59,0,4.9908,4.9908,4.9908,4.9908,10.0990,4.5916,1145.8333,1102.0027,1156.1481,1354.2166,1046.7946,1608.8915,0,on,1
1786105546.632700,1,1,,1166.0000,1084.0000,1136.0000,1294.0000,1039.0000,1605.0000,146.362,162.688,152.388,120.697,92.418,41.657,,,,,,,,,,,,,4.9908,4.9908,4.9908,4.9908,10.0990,4.5916,1145.8333,1102.0027,1156.1481,1346.5486,1046.7946,1608.8915,1,on,
1786105546.664570,1,1,,1186.0000,1100.0000,1144.0000,1235.0000,1101.0000,1617.0000,142.344,159.572,150.727,132.586,86.356,38.865,1147,1103,1158,1355,1139,1609,0,0,0,0,49,0,4.9908,4.9908,4.9908,4.9908,10.0990,4.5916,1145.8333,1102.0027,1156.1481,1325.5085,1046.7946,1608.8915,1,on,1
1786105546.696677,1,1,,1247.0000,1175.0000,1215.0000,1270.0000,1232.0000,1676.0000,130.130,144.580,136.558,125.459,73.339,26.144,1147,1103,1158,1355,1136,1609,0,0,0,19,54,0,4.9908,4.9908,4.9908,4.9908,10.0990,4.5916,1167.2486,1102.0027,1156.1481,1315.7995,1089.5040,1608.8915,1,on,1
1786105546.732681,1,1,,1235.0000,1302.0000,1270.0000,1390.0000,1267.0000,1690.0000,132.579,119.140,125.418,101.373,69.900,23.099,1147,1103,1159,1346,1133,1609,8,0,0,87,56,0,4.9908,4.9908,4.9908,4.9908,10.0990,4.5916,1179.0604,1157.2273,1178.2609,1315.7995,1145.4418,1626.2634,1,on,1
1786105546.764657,1,1,,1364.0000,1316.0000,1308.0000,1386.0000,1648.0000,1692.0000,106.760,116.220,117.916,102.234,32.198,22.553,1147,1103,1158,1332,1130,1609,30,0,0,53,84,0,4.9908,4.9908,4.9908,4.9908,10.0990,4.5916,1228.7430,1203.1536,1207.4527,1323.5996,1388.2169,1636.5756,1,on,1
1786105546.796586,1,1,,1406.0000,1271.0000,1305.0000,1382.0000,1659.0000,1667.0000,98.323,125.229,118.580,103.068,31.051,28.149,1153,1103,1159,1326,1129,1609,74,40,27,0,62,0,4.9908,4.9908,4.9908,4.9908,10.0990,4.5916,1284.2477,1219.7885,1230.0642,1323.5996,1516.5521,1636.5756,1,on,1
1786105546.832711,1,1,,1571.0000,1558.0000,1530.0000,1487.0000,1573.0000,1705.0000,65.236,67.894,73.461,82.002,39.580,19.794,,,,,,,,,,,,,4.9908,4.9908,4.9908,4.9908,10.0990,4.5916,1402.7606,1359.4776,1346.2985,1369.0518,1538.2423,1650.8719,1,on,
1786105546.864600,1,1,,1566.0000,1595.0000,1614.0000,1571.0000,1534.0000,1672.0000,66.178,60.452,56.674,65.266,43.465,27.015,1193,1138,1189,1326,1130,1612,75,66,63,0,43,40,4.9908,4.9908,4.9908,4.9908,10.0990,4.5916,1462.5396,1454.6778,1455.4719,1431.2651,1538.2423,1650.8719,1,on,1
1786105546.896642,1,0,handedness unsure,1608.0000,1691.0000,1702.0000,1668.0000,1580.0000,1664.0000,57.782,41.071,38.967,45.795,38.890,28.609,1207,1155,1202,1329,1132,1618,72,70,68,43,58,85,4.9908,4.9908,4.9908,4.9908,10.0990,4.5916,1512.9231,1553.0638,1559.7668,1518.5506,1538.2423,1650.8719,1,on,1
1786105546.932737,1,0,handedness unsure,1641.0000,1760.0000,1779.0000,1794.0000,1651.0000,1658.0000,51.123,27.262,23.427,20.457,31.821,30.101,1227,1177,1223,1339,1136,1633,72,60,69,68,55,34,4.9908,4.9908,4.9908,4.9908,10.0990,4.5916,1556.1693,1640.7927,1654.8675,1637.6713,1538.2423,1650.8719,1,on,1
1786105546.964624,1,0,handedness unsure,1622.0000,1758.0000,1761.0000,1803.0000,1574.0000,1657.0000,54.979,27.671,27.164,18.700,39.511,30.261,1248,1197,1244,1361,1143,1635,56,59,59,49,50,41,4.9908,4.9908,4.9908,4.9908,10.0990,4.5916,1573.1084,1681.3521,1691.5638,1700.2601,1538.2423,1650.8719,1,on,1
1786105547.000470,1,0,handedness unsure,1624.0000,1783.0000,1778.0000,1814.0000,1460.0000,1680.0000,54.662,22.636,23.655,16.483,50.738,25.126,1265,1216,1263,1382,1148,1641,56,57,53,47,42,29,4.9908,4.9908,4.9908,4.9908,10.0990,4.5916,1584.4267,1713.8343,1718.2479,1739.9006,1538.2423,1650.8719,1,on,1
1786105547.032459,1,0,hand looks flipped,1613.0000,1722.0000,1710.0000,1783.0000,1541.0000,1687.0000,56.719,34.967,37.396,22.741,42.783,23.721,1282,1232,1280,1399,1152,1641,58,65,53,56,38,28,4.9908,4.9908,4.9908,4.9908,10.0990,4.5916,1584.4267,1713.8343,1718.2479,1750.5812,1538.2423,1650.8719,1,on,1
1786105547.064602,1,0,handedness unsure,1615.0000,1768.0000,1803.0000,1779.0000,1521.0000,1664.0000,56.468,25.727,18.790,23.474,44.717,28.734,1299,1250,1297,1415,1156,1645,52,53,55,48,29,32,4.9908,4.9908,4.9908,4.9908,10.0990,4.5916,1592.2016,1724.7997,1733.7248,1750.5812,1538.2423,1650.8719,1,on,1
1786105547.096592,1,0,hand looks flipped,1602.0000,1757.0000,1783.0000,1771.0000,1499.0000,1673.0000,58.918,27.981,22.803,25.168,46.954,26.695,1309,1261,1308,1428,1157,1647,60,61,58,59,39,27,4.9908,4.9908,4.9908,4.9908,10.0990,4.5916,1592.2016,1724.7997,1742.2193,1750.5812,1538.2423,1650.8719,1,on,1
1786105547.132600,1,0,handedness unsure,1602.0000,1759.0000,1794.0000,1796.0000,1543.0000,1656.0000,58.931,27.544,20.561,20.121,42.562,30.497,1323,1280,1323,1444,1161,1650,68,61,58,39,33,8,4.9908,4.9908,4.9908,4.9908,10.0990,4.5916,1592.2016,1733.2889,1751.0545,1762.8647,1538.2423,1650.8719,1,on,1
1786105547.164699,1,0,handedness unsure,1608.0000,1777.0000,1813.0000,1798.0000,1540.0000,1662.0000,57.873,23.961,16.619,19.762,42.865,29.028,1340,1295,1340,1460,1164,1650,68,59,62,50,27,0,4.9908,4.9908,4.9908,4.9908,10.0990,4.5916,1592.2016,1733.2889,1761.0718,1762.8647,1538.2423,1650.8719,1,on,1
1786105547.196439,1,0,handedness unsure,1601.0000,1765.0000,1786.0000,1813.0000,1415.0000,1678.0000,59.229,26.419,22.141,16.620,55.181,25.667,1357,1310,1359,1479,1166,1650,71,63,47,35,34,0,4.9908,4.9908,4.9908,4.9908,10.0990,4.5916,1592.2016,1741.4186,1761.0718,1772.5159,1538.2423,1650.8719,1,on,1
1786105547.232590,1,0,handedness unsure,1591.0000,1751.0000,1770.0000,1817.0000,1447.0000,1676.0000,61.155,29.078,25.285,15.815,52.079,26.111,1374,1326,1375,1495,1169,1650,60,63,51,36,35,0,4.9908,4.9908,4.9908,4.9908,10.0990,4.5916,1592.2016,1741.4186,1761.0718,1772.5159,1538.2423,1650.8719,0,on,1
1786105547.264401,1,0,handedness unsure,1563.0000,1751.0000,1758.0000,1802.0000,1358.0000,1699.0000,66.808,29.077,27.654,18.878,60.834,21.054,1391,1344,1390,1512,1173,1650,57,48,58,34,30,0,4.9908,4.9908,4.9908,4.9908,10.0990,4.5916,1592.2016,1741.4186,1761.0718,1780.8806,1538.2423,1650.8719,1,on,1
1786105547.296610,1,0,handedness unsure,1568.0000,1766.0000,1770.0000,1804.0000,1390.0000,1704.0000,65.710,26.095,25.255,18.461,57.729,20.002,1401,1353,1401,1522,1174,1650,63,54,50,33,33,0,4.9908,4.9908,4.9908,4.9908,10.0990,4.5916,1592.2016,1741.4186,1761.0718,1780.8806,1538.2423,1650.8719,0,on,1
1786105547.332569,1,0,handedness unsure,1557.0000,1757.0000,1743.0000,1763.0000,1399.0000,1689.0000,68.005,28.008,30.724,26.657,56.823,23.235,1424,1376,1421,1546,1179,1650,59,62,64,28,30,0,4.9908,4.9908,4.9908,4.9908,10.0990,4.5916,1592.2016,1741.4186,1761.0718,1780.8806,1538.2423,1650.8719,0,on,1
1786105547.364567,1,0,handedness unsure,1594.0000,1791.0000,1771.0000,1753.0000,1398.0000,1706.0000,60.518,21.090,25.125,28.709,56.942,19.589,1434,1388,1434,1558,1180,1650,49,51,42,47,34,0,4.9908,4.9908,4.9908,4.9908,10.0990,4.5916,1592.2016,1749.2846,1761.0718,1780.8806,1538.2423,1650.8719,1,on,1
1786105547.396431,1,0,handedness unsure,1605.0000,1805.0000,1806.0000,1784.0000,1422.0000,1702.0000,58.372,18.272,18.156,22.446,54.555,20.357,1449,1402,1449,1575,1184,1650,59,63,64,45,32,0,4.9908,4.9908,4.9908,4.9908,10.0990,4.5916,1592.2016,1749.2846,1761.0718,1780.8806,1538.2423,1650.8719,0,on,1
1786105547.432612,1,0,handedness unsure,1597.0000,1791.0000,1772.0000,1767.0000,1420.0000,1703.0000,60.018,21.103,24.928,25.990,54.748,20.163,1466,1420,1466,1593,1187,1650,74,55,56,48,30,0,4.9908,4.9908,4.9908,4.9908,10.0990,4.5916,1592.2016,1760.3486,1761.0718,1780.8806,1538.2423,1650.8719,1,on,1
1786105547.464610,1,0,handedness unsure,1608.0000,1790.0000,1788.0000,1760.0000,1420.0000,1689.0000,57.823,21.331,21.795,27.272,54.725,23.202,1482,1436,1484,1610,1190,1650,68,51,57,61,28,0,4.9908,4.9908,4.9908,4.9908,10.0990,4.5916,1592.2016,1760.3486,1761.0718,1780.8806,1538.2423,1650.8719,0,on,1
1786105547.496458,1,0,handedness unsure,1631.0000,1800.0000,1805.0000,1761.0000,1433.0000,1691.0000,53.255,19.387,18.409,27.092,53.454,22.859,1493,1447,1495,1623,1192,1650,66,57,63,52,27,0,4.9908,4.9908,4.9908,4.9908,10.0990,4.5916,1592.2016,1760.3486,1771.3241,1780.8806,1538.2423,1650.8719,1,on,1
1786105547.532560,1,0,handedness unsure,1626.0000,1805.0000,1796.0000,1757.0000,1460.0000,1699.0000,54.104,18.336,20.115,27.965,50.796,21.151,1516,1471,1516,1648,1196,1650,66,37,57,45,33,0,4.9908,4.9908,4.9908,4.9908,10.0990,4.5916,1592.2016,1771.6988,1771.3241,1780.8806,1538.2423,1650.8719,1,on,1
1786105547.564642,1,0,handedness unsure,1636.0000,1802.0000,1800.0000,1760.0000,1487.0000,1677.0000,52.267,18.818,19.386,27.294,48.119,25.963,1528,1479,1527,1661,1199,1650,69,60,49,52,25,0,4.9908,4.9908,4.9908,4.9908,10.0990,4.5916,1600.4079,1771.6988,1771.3241,1780.8806,1538.2423,1650.8719,1,on,1
1786105547.596714,1,0,handedness unsure,1622.0000,1809.0000,1810.0000,1757.0000,1503.0000,1682.0000,54.922,17.597,17.374,27.955,46.498,24.880,1543,1497,1545,1679,1201,1650,76,62,51,48,32,0,4.9908,4.9908,4.9908,4.9908,10.0990,4.5916,1600.4079,1771.6988,1771.3241,1780.8806,1538.2423,1650.8719,0,on,1
1786105547.632548,1,0,handedness unsure,1632.0000,1810.0000,1808.0000,1765.0000,1523.0000,1671.0000,52.923,17.371,17.731,26.421,44.488,27.157,,,,,,,,,,,,,4.9908,4.9908,4.9908,4.9908,10.0990,4.5916,1600.4079,1781.6724,1781.6594,1780.8806,1538.2423,1650.8719,1,on,
1786105547.664619,1,0,handedness unsure,1619.0000,1821.0000,1797.0000,1757.0000,1551.0000,1666.0000,55.555,15.156,19.994,28.030,41.760,28.201,1579,1530,1579,1718,1207,1650,70,61,58,53,40,0,4.9908,4.9908,4.9908,4.9908,10.0990,4.5916,1600.4079,1781.6724,1781.6594,1773.3872,1538.2423,1650.8719,1,on,1
1786105547.696691,1,0,handedness unsure,1633.0000,1810.0000,1797.0000,1756.0000,1572.0000,1668.0000,52.754,17.347,19.914,28.234,39.696,27.730,1588,1547,1597,1740,1211,1650,19,65,64,52,33,0,4.9908,4.9908,4.9908,4.9908,10.0990,4.5916,1608.2390,1781.6724,1781.6594,1773.3872,1538.2423,1650.8719,1,on,1
1786105547.732643,1,0,handedness unsure,1637.0000,1810.0000,1810.0000,1742.0000,1600.0000,1663.0000,51.913,17.398,17.232,30.983,36.940,28.897,1593,1565,1615,1759,1214,1650,24,65,67,74,38,0,4.9908,4.9908,4.9908,4.9908,10.0990,4.5916,1608.2390,1790.1128,1781.6594,1773.3872,1538.2423,1650.8719,1,on,1
1786105547.764711,1,0,handedness unsure,1638.0000,1793.0000,1803.0000,1748.0000,1618.0000,1661.0000,51.696,20.658,18.665,29.829,35.081,29.336,1598,1583,1636,1765,1218,1650,36,62,54,0,27,0,4.9908,4.9908,4.9908,4.9908,10.0990,4.5916,1608.2390,1790.1128,1781.6594,1773.3872,1538.2423,1650.8719,0,on,1
1786105547.796663,1,0,handedness unsure,1648.0000,1797.0000,1801.0000,1747.0000,1590.0000,1668.0000,49.872,19.839,19.178,29.854,37.885,27.900,1604,1595,1648,1765,1220,1650,12,65,55,26,28,0,4.9908,4.9908,4.9908,4.9908,10.0990,4.5916,1616.3559,1790.1128,1781.6594,1773.3872,1538.2423,1650.8719,1,on,1
1786105547.832663,1,0,handedness unsure,1666.0000,1793.0000,1792.0000,1767.0000,1621.0000,1671.0000,46.200,20.766,20.935,25.985,34.839,27.180,1605,1614,1666,1766,1223,1650,0,59,66,40,26,0,4.9908,4.9908,4.9908,4.9908,10.0990,4.5916,1616.3559,1790.1128,1781.6594,1773.3872,1538.2423,1650.8719,0,on,1
1786105547.864471,1,0,handedness unsure,1679.0000,1786.0000,1798.0000,1747.0000,1619.0000,1674.0000,43.592,22.117,19.647,29.973,34.978,26.525,1607,1632,1686,1771,1225,1650,33,69,64,0,33,0,4.9908,4.9908,4.9908,4.9908,10.0990,4.5916,1629.9576,1790.1128,1781.6594,1765.7681,1538.2423,1650.8719,1,on,1
1786105547.896755,1,0,handedness unsure,1681.0000,1785.0000,1807.0000,1750.0000,1639.0000,1669.0000,43.088,22.348,17.825,29.345,33.043,27.682,1613,1651,1704,1771,1229,1650,22,63,63,0,28,0,4.9908,4.9908,4.9908,4.9908,10.0990,4.5916,1629.9576,1790.1128,1789.3174,1765.7681,1538.2423,1650.8719,1,on,1
1786105547.932621,1,0,handedness unsure,1671.0000,1776.0000,1792.0000,1737.0000,1597.0000,1661.0000,45.140,24.217,20.867,31.918,37.161,29.255,1616,1670,1726,1771,1232,1650,34,67,64,0,27,0,4.9908,4.9908,4.9908,4.9908,10.0990,4.5916,1641.5025,1790.1128,1789.3174,1765.7681,1538.2423,1650.8719,1,on,1
1786105547.964759,1,0,handedness unsure,1660.0000,1781.0000,1798.0000,1739.0000,1604.0000,1674.0000,47.384,23.032,19.700,31.568,36.497,26.464,1620,1682,1739,1771,1234,1650,32,65,70,0,35,0,4.9908,4.9908,4.9908,4.9908,10.0990,4.5916,1641.5025,1790.1128,1789.3174,1765.7681,1538.2423,1650.8719,0,on,1
1786105548.000652,1,0,handedness unsure,1653.0000,1775.0000,1803.0000,1726.0000,1596.0000,1676.0000,48.808,24.357,18.747,34.105,37.303,26.016,1624,1702,1758,1771,1237,1650,22,62,68,0,33,0,4.9908,4.9908,4.9908,4.9908,10.0990,4.5916,1641.5025,1790.1128,1789.3174,1757.7825,1538.2423,1650.8719,1,on,1
1786105548.032590,1,0,handedness unsure,1662.0000,1777.0000,1796.0000,1732.0000,1593.0000,1670.0000,47.000,23.966,20.057,32.898,37.567,27.344,1627,1724,1776,1771,1241,1650,0,66,23,0,28,0,4.9908,4.9908,4.9908,4.9908,10.0990,4.5916,1641.5025,1790.1128,1789.3174,1757.7825,1538.2423,1650.8719,0,on,1
1786105548.064474,1,0,handedness unsure,1666.0000,1775.0000,1805.0000,1718.0000,1614.0000,1674.0000,46.089,24.316,18.363,35.709,35.561,26.426,1630,1744,1779,1771,1243,1650,34,70,26,69,34,0,4.9908,4.9908,4.9908,4.9908,10.0990,4.5916,1641.5025,1790.1128,1789.3174,1757.7825,1538.2423,1650.8719,0,on,1
1786105548.096611,1,0,handedness unsure,1662.0000,1774.0000,1800.0000,1717.0000,1606.0000,1674.0000,46.934,24.462,19.379,35.875,36.284,26.594,1632,1763,1782,1764,1246,1650,24,75,19,0,35,0,4.9908,4.9908,4.9908,4.9908,10.0990,4.5916,1641.5025,1790.1128,1789.3174,1748.3889,1538.2423,1650.8719,1,on,1
1786105548.132427,1,0,handedness unsure,1657.0000,1776.0000,1794.0000,1726.0000,1577.0000,1670.0000,47.910,24.216,20.566,34.180,39.217,27.358,1635,1774,1784,1764,1251,1650,24,0,14,0,25,0,4.9908,4.9908,4.9908,4.9908,10.0990,4.5916,1641.5025,1790.1128,1789.3174,1748.3889,1538.2423,1650.8719,0,on,1
1786105548.164626,1,0,handedness unsure,1663.0000,1782.0000,1814.0000,1727.0000,1623.0000,1674.0000,46.805,22.988,16.516,34.038,34.605,26.620,1638,1775,1785,1764,1253,1650,18,47,0,11,26,0,4.9908,4.9908,4.9908,4.9908,10.0990,4.5916,1641.5025,1790.1128,1789.3174,1748.3889,1538.2423,1650.8719,0,on,1
1786105548.196594,1,0,handedness unsure,1662.0000,1780.0000,1805.0000,1727.0000,1614.0000,1672.0000,47.033,23.382,18.405,33.873,35.510,26.864,1640,1779,1785,1763,1255,1650,8,29,0,0,33,0,4.9908,4.9908,4.9908,4.9908,10.0990,4.5916,1649.4939,1790.1128,1789.3174,1748.3889,1538.2423,1650.8719,1,on,1
1786105548.232469,1,0,handedness unsure,1656.0000,1776.0000,1803.0000,1725.0000,1617.0000,1675.0000,48.209,24.192,18.660,34.267,35.189,26.205,1640,1780,1785,1758,1258,1650,9,0,0,0,29,0,4.9908,4.9908,4.9908,4.9908,10.0990,4.5916,1649.4939,1790.1128,1789.3174,1748.3889,1538.2423,1650.8719,0,on,1
1786105548.264583,1,0,handedness unsure,1674.0000,1776.0000,1793.0000,1734.0000,1601.0000,1670.0000,44.477,24.221,20.673,32.591,36.782,27.437,1641,1780,1785,1757,1261,1650,25,26,0,0,32,0,4.9908,4.9908,4.9908,4.9908,10.0990,4.5916,1649.4939,1790.1128,1789.3174,1748.3889,1538.2423,1650.8719,0,on,1
1786105548.296639,1,0,handedness unsure,1676.0000,1781.0000,1798.0000,1734.0000,1637.0000,1679.0000,44.139,23.141,19.688,32.640,33.210,25.419,1645,1781,1785,1757,1265,1650,20,42,0,35,30,0,4.9908,4.9908,4.9908,4.9908,10.0990,4.5916,1649.4939,1790.1128,1789.3174,1748.3889,1538.2423,1650.8719,0,on,1
1786105548.332405,1,0,handedness unsure,1666.0000,1770.0000,1792.0000,1736.0000,1574.0000,1670.0000,46.083,25.277,20.914,32.229,39.484,27.422,1647,1784,1785,1752,1267,1650,16,39,0,21,32,0,4.9908,4.9908,4.9908,4.9908,10.0990,4.5916,1649.4939,1790.1128,1789.3174,1748.3889,1538.2423,1650.8719,0,on,1
1786105548.364635,1,0,handedness unsure,1660.0000,1761.0000,1786.0000,1732.0000,1572.0000,1677.0000,47.464,27.183,22.062,32.905,39.721,25.851,1648,1785,1785,1752,1271,1650,0,30,0,0,29,0,4.9908,4.9908,4.9908,4.9908,10.0990,4.5916,1649.4939,1790.1128,1789.3174,1740.8837,1538.2423,1650.8719,1,on,1
1786105548.396471,1,0,handedness unsure,1659.0000,1775.0000,1791.0000,1732.0000,1575.0000,1680.0000,47.617,24.392,21.181,32.958,39.343,25.281,1648,1785,1785,1752,1274,1650,0,32,0,11,25,0,4.9908,4.9908,4.9908,4.9908,10.0990,4.5916,1649.4939,1790.1128,1789.3174,1740.8837,1538.2423,1650.8719,0,on,1
1786105548.432550,1,0,handedness unsure,1663.0000,1767.0000,1796.0000,1726.0000,1574.0000,1682.0000,46.732,25.985,20.103,34.172,39.512,24.735,1648,1785,1785,1751,1277,1650,0,40,0,39,25,0,4.9908,4.9908,4.9908,4.9908,10.0990,4.5916,1649.4939,1782.0420,1789.3174,1740.8837,1538.2423,1650.8719,1,on,1
1786105548.464593,1,0,handedness unsure,1659.0000,1769.0000,1792.0000,1734.0000,1562.0000,1678.0000,47.551,25.520,21.020,32.632,40.717,25.634,1648,1785,1785,1744,1280,1650,0,0,0,19,28,0,4.9908,4.9908,4.9908,4.9908,10.0990,4.5916,1649.4939,1782.0420,1789.3174,1740.8837,1538.2423,1650.8719,0,on,1
1786105548.500571,1,0,handedness unsure,1655.0000,1764.0000,1793.0000,1730.0000,1554.0000,1676.0000,48.404,26.461,20.679,33.290,41.500,26.109,1648,1785,1785,1743,1282,1650,8,0,0,0,31,0,4.9908,4.9908,4.9908,4.9908,10.0990,4.5916,1649.4939,1782.0420,1789.3174,1740.8837,1538.2423,1650.8719,0,on,1
1786105548.532361,1,0,handedness unsure,1661.0000,1756.0000,1790.0000,1732.0000,1568.0000,1679.0000,47.097,28.210,21.401,32.844,40.117,25.479,1648,1785,1785,1743,1286,1650,19,0,0,0,29,0,4.9908,4.9908,4.9908,4.9908,10.0990,4.5916,1649.4939,1782.0420,1789.3174,1740.8837,1538.2423,1650.8719,0,on,1
1786105548.564699,1,0,handedness unsure,1652.0000,1762.0000,1787.0000,1730.0000,1550.0000,1680.0000,49.005,26.976,21.932,33.404,41.833,25.251,1648,1785,1785,1743,1290,1650,0,0,0,0,26,0,4.9908,4.9908,4.9908,4.9908,10.0990,4.5916,1649.4939,1782.0420,1789.3174,1740.8837,1538.2423,1650.8719,0,on,1
1786105548.596644,1,0,handedness unsure,1649.0000,1753.0000,1770.0000,1749.0000,1577.0000,1674.0000,49.606,28.714,25.414,29.449,39.147,26.462,1648,1785,1785,1743,1291,1650,0,0,0,0,29,0,4.9908,4.9908,4.9908,4.9908,10.0990,4.5916,1649.4939,1782.0420,1789.3174,1740.8837,1538.2423,1650.8719,0,on,1
1786105548.632546,1,0,handedness unsure,1663.0000,1766.0000,1782.0000,1744.0000,1600.0000,1688.0000,46.852,26.048,22.990,30.492,36.919,23.414,1648,1785,1785,1743,1294,1650,0,0,0,0,26,0,4.9908,4.9908,4.9908,4.9908,10.0990,4.5916,1649.4939,1782.0420,1789.3174,1740.8837,1538.2423,1650.8719,0,on,1
1786105548.666944,1,0,handedness unsure,1682.0000,1762.0000,1796.0000,1726.0000,1636.0000,1693.0000,43.025,26.895,20.141,34.147,33.338,22.278,1648,1785,1785,1743,1298,1650,0,0,9,0,31,0,4.9908,4.9908,4.9908,4.9908,10.0990,4.5916,1649.4939,1782.0420,1789.3174,1740.8837,1538.2423,1650.8719,0,on,1
1786105548.696605,1,0,handedness unsure,1665.0000,1771.0000,1780.0000,1731.0000,1580.0000,1687.0000,46.330,25.157,23.336,33.085,38.895,23.628,1648,1785,1785,1743,1301,1650,0,0,14,0,27,0,4.9908,4.9908,4.9908,4.9908,10.0990,4.5916,1649.4939,1774.5415,1789.3174,1740.8837,1538.2423,1650.8719,1,on,1
1786105548.732387,1,0,handedness unsure,1682.0000,1762.0000,1790.0000,1720.0000,1580.0000,1698.0000,42.974,26.976,21.342,35.439,38.933,21.318,1648,1785,1785,1743,1304,1650,0,0,0,0,29,0,4.9908,4.9908,4.9908,4.9908,10.0990,4.5916,1658.2936,1774.5415,1789.3174,1740.8837,1538.2423,1650.8719,1,on,1
1786105548.764714,1,0,handedness unsure,1684.0000,1768.0000,1792.0000,1722.0000,1570.0000,1698.0000,42.499,25.802,20.998,34.955,39.925,21.238,1648,1785,1785,1743,1307,1650,0,0,20,0,36,0,4.9908,4.9908,4.9908,4.9908,10.0990,4.5916,1658.2936,1774.5415,1789.3174,1740.8837,1538.2423,1650.8719,0,on,1
1786105548.796449,1,0,handedness unsure,1688.0000,1762.0000,1783.0000,1715.0000,1591.0000,1691.0000,41.819,26.886,22.788,36.308,37.802,22.730,1650,1785,1786,1743,1310,1650,20,16,17,0,27,0,4.9908,4.9908,4.9908,4.9908,10.0990,4.5916,1658.2936,1774.5415,1789.3174,1740.8837,1538.2423,1650.8719,0,on,1
1786105548.832632,1,1,,1696.0000,1762.0000,1786.0000,1714.0000,1592.0000,1693.0000,40.222,26.927,22.204,36.509,37.735,22.417,1655,1785,1789,1743,1313,1650,19,35,0,0,25,0,4.9908,4.9908,4.9908,4.9908,10.0990,4.5916,1658.2936,1774.5415,1789.3174,1740.8837,1538.2423,1658.1598,1,on,1
1786105548.864527,1,1,,1709.0000,1768.0000,1795.0000,1713.0000,1583.0000,1695.0000,37.576,25.730,20.349,36.704,38.569,21.965,1657,1785,1789,1743,1316,1650,15,0,0,0,29,0,4.9908,4.9908,4.9908,4.9908,10.0990,4.5916,1670.0908,1774.5415,1789.3174,1732.5992,1554.1259,1658.1598,1,on,1
1786105548.900613,1,0,handedness unsure,1706.0000,1778.0000,1798.0000,1715.0000,1552.0000,1681.0000,38.160,23.681,19.666,36.330,41.645,24.978,1657,1785,1789,1743,1319,1650,0,37,0,0,28,0,4.9908,4.9908,4.9908,4.9908,10.0990,4.5916,1670.0908,1774.5415,1789.3174,1732.5992,1554.1259,1658.1598,0,on,1
1786105548.932645,1,1,,1699.0000,1763.0000,1794.0000,1727.0000,1619.0000,1685.0000,39.565,26.718,20.493,33.986,35.052,24.188,1662,1782,1789,1743,1323,1650,50,44,0,18,26,38,4.9908,4.9908,4.9908,4.9908,10.0990,4.5916,1670.0908,1774.5415,1789.3174,1732.5992,1554.1259,1658.1598,0,on,1
1786105548.964582,1,1,,1710.0000,1761.0000,1794.0000,1716.0000,1597.0000,1700.0000,37.349,27.176,20.521,36.100,37.171,20.844,1671,1781,1789,1738,1326,1651,24,21,0,0,30,0,4.9908,4.9908,4.9908,4.9908,10.0990,4.5916,1679.7588,1774.5415,1789.3174,1732.5992,1554.1259,1668.0274,1,on,1
1786105549.000461,1,1,,1696.0000,1763.0000,1786.0000,1727.0000,1594.0000,1692.0000,40.225,26.785,22.173,33.854,37.504,22.505,1671,1781,1789,1738,1329,1651,0,24,0,0,32,69,4.9908,4.9908,4.9908,4.9908,10.0990,4.5916,1679.7588,1774.5415,1789.3174,1732.5992,1572.1948,1668.0274,1,on,1
1786105549.032619,1,1,,1677.0000,1744.0000,1771.0000,1718.0000,1580.0000,1687.0000,43.972,30.590,25.083,35.674,38.905,23.603,1671,1781,1789,1738,1331,1657,23,28,0,0,29,18,4.9908,4.9908,4.9908,4.9908,10.0990,4.5916,1679.7588,1774.5415,1789.3174,1732.5992,1572.1948,1668.0274,0,on,1
1786105549.064559,1,1,,1676.0000,1754.0000,1789.0000,1731.0000,1600.0000,1680.0000,44.247,28.542,21.423,33.197,36.935,25.234,1675,1780,1789,1738,1335,1661,21,23,0,0,27,24,4.9908,4.9908,4.9908,4.9908,10.0990,4.5916,1679.7588,1774.5415,1789.3174,1732.5992,1572.1948,1668.0274,0,on,1
1786105549.096652,1,1,,1679.0000,1756.0000,1798.0000,1722.0000,1580.0000,1672.0000,43.500,28.212,19.818,34.852,38.878,26.988,1677,1778,1789,1738,1337,1662,15,21,0,0,36,36,4.9908,4.9908,4.9908,4.9908,10.0990,4.5916,1679.7588,1774.5415,1789.3174,1732.5992,1572.1948,1668.0274,0,on,1
1786105549.132627,1,1,,1681.0000,1742.0000,1789.0000,1728.0000,1646.0000,1695.0000,43.250,30.859,21.622,33.797,32.357,21.957,1680,1778,1789,1738,1341,1664,0,19,0,11,30,31,4.9908,4.9908,4.9908,4.9908,10.0990,4.5916,1679.7588,1766.5129,1789.3174,1732.5992,1572.1948,1668.0274,1,on,1
1786105549.164548,1,1,,1659.0000,1730.0000,1761.0000,1744.0000,1603.0000,1700.0000,47.632,33.285,27.146,30.615,36.591,20.817,1680,1777,1789,1735,1344,1668,0,25,0,0,38,20,4.9908,4.9908,4.9908,4.9908,10.0990,4.5916,1679.7588,1766.5129,1789.3174,1732.5992,1572.1948,1675.2155,1,on,1
1786105549.196645,1,1,,1651.0000,1719.0000,1755.0000,1770.0000,1564.0000,1725.0000,49.249,35.524,28.346,25.230,40.455,15.407,1680,1776,1789,1735,1345,1668,0,32,0,10,47,26,4.9908,4.9908,4.9908,4.9908,10.0990,4.5916,1679.7588,1758.6455,1789.3174,1732.5992,1572.1948,1675.2155,1,on,1
1786105549.232562,1,1,,1672.0000,1735.0000,1761.0000,1781.0000,1627.0000,1723.0000,45.025,32.321,27.063,23.208,34.272,15.901,1680,1774,1789,1735,1349,1669,0,27,0,11,35,24,4.9908,4.9908,4.9908,4.9908,10.0990,4.5916,1679.7588,1758.6455,1789.3174,1732.5992,1588.6763,1685.4490,1,on,1
1786105549.264533,1,1,,1650.0000,1740.0000,1748.0000,1782.0000,1562.0000,1722.0000,49.363,31.396,29.703,22.884,40.642,15.996,1680,1768,1789,1735,1353,1672,0,27,0,8,38,45,4.9908,4.9908,4.9908,4.9908,10.0990,4.5916,1679.7588,1758.6455,1781.0594,1742.7989,1588.6763,1685.4490,1,on,1
1786105549.296447,1,1,,1640.0000,1730.0000,1751.0000,1791.0000,1571.0000,1724.0000,51.356,33.406,29.175,21.098,39.810,15.558,1680,1765,1789,1735,1356,1679,0,22,0,11,39,45,4.9908,4.9908,4.9908,4.9908,10.0990,4.5916,1679.7588,1758.6455,1781.0594,1742.7989,1588.6763,1693.1749,1,on,1
1786105549.332509,1,1,,1611.0000,1729.0000,1726.0000,1762.0000,1575.0000,1715.0000,57.282,33.528,34.089,26.999,39.392,17.503,1680,1763,1789,1735,1360,1686,0,18,0,22,27,0,4.9908,4.9908,4.9908,4.9908,10.0990,4.5916,1664.7130,1751.0725,1771.6930,1742.7989,1588.6763,1693.1749,1,on,1
1786105549.364611,1,1,,1628.0000,1719.0000,1738.0000,1778.0000,1593.0000,1702.0000,53.850,35.535,31.814,23.808,37.570,20.450,1680,1762,1789,1741,1362,1686,0,21,28,20,42,0,4.9908,4.9908,4.9908,4.9908,10.0990,4.5916,1664.7130,1751.0725,1771.6930,1752.5550,1588.6763,1693.1749,1,on,1
1786105549.396527,1,1,,1619.0000,1702.0000,1734.0000,1744.0000,1567.0000,1718.0000,55.487,39.036,32.512,30.507,40.190,16.963,1680,1760,1787,1744,1365,1686,0,23,17,0,42,0,4.9908,4.9908,4.9908,4.9908,10.0990,4.5916,1655.5127,1743.2857,1771.6930,1752.5550,1588.6763,1693.1749,1,on,1
1786105549.432537,1,1,,1626.0000,1697.0000,1749.0000,1730.0000,1574.0000,1717.0000,54.146,40.032,29.492,33.271,39.439,17.224,1680,1757,1784,1746,1368,1686,0,16,40,22,39,34,4.9908,4.9908,4.9908,4.9908,10.0990,4.5916,1655.5127,1743.2857,1762.9858,1752.5550,1588.6763,1693.1749,1,on,1
1786105549.464535,1,1,,1631.0000,1709.0000,1755.0000,1742.0000,1528.0000,1711.0000,53.280,37.610,28.400,30.930,44.062,18.360,1680,1754,1780,1751,1371,1687,29,23,71,18,0,0,4.9908,4.9908,4.9908,4.9908,10.0990,4.5916,1655.5127,1734.4193,1762.9858,1752.5550,1588.6763,1693.1749,1,on,1
