t,seen,trust,why,tgt_pinky,tgt_ring,tgt_middle,tgt_index,tgt_thumb_bend,tgt_thumb_rot,curl_pinky,curl_ring,curl_middle,curl_index,thumb_flexion,opposition,ang_pinky,ang_ring,ang_middle,ang_index,ang_thumb_bend,ang_thumb_rot,cur_pinky,cur_ring,cur_middle,cur_index,cur_thumb_bend,cur_thumb_rot,sta_pinky,sta_ring,sta_middle,sta_index,sta_thumb_bend,sta_thumb_rot,gain_pinky,gain_ring,gain_middle,gain_index,gain_thumb_bend,gain_thumb_rot,sent_pinky,sent_ring,sent_middle,sent_index,sent_thumb_bend,sent_thumb_rot,sent,mode,applying
1786106948.258488,1,0,handedness unsure,1370.0000,1482.0000,1575.0000,1450.0000,1337.0000,1251.0000,105.498,83.092,64.437,89.378,24.967,118.706,1655,1735,1765,1755,1375,1693,0,0,0,0,0,0,1,1,1,1,1,1,4.9908,4.9908,4.9908,4.9908,2.9084,4.5916,,,,,,,0,on,1
1786106948.278793,1,1,,1596.0000,1613.0000,1679.0000,1469.0000,1230.0000,1279.0000,60.121,56.698,43.565,85.607,61.712,112.532,1655,1735,1765,1755,1375,1693,0,0,0,0,0,0,1,1,1,1,1,1,4.9908,4.9908,4.9908,4.9908,2.9084,4.5916,1414.6600,1498.6330,1585.8747,1450.4914,1230.0000,1279.0000,0,on,1
1786106948.298321,1,1,,1737.0000,1654.0000,1659.0000,1510.0000,1255.0000,1284.0000,31.951,48.531,47.635,77.513,53.162,111.456,1655,1735,1765,1755,1375,1693,0,0,0,0,0,0,1,1,1,1,1,0,4.9908,4.9908,4.9908,4.9908,2.9084,4.5916,1521.2849,1530.3528,1595.5774,1450.4914,1230.0000,1279.0000,0,on,1
1786106948.322541,1,0,handedness unsure,1739.0000,1678.0000,1626.0000,1595.0000,1226.0000,1295.0000,31.609,43.820,54.208,60.437,63.176,109.044,1655,1735,1765,1755,1375,1693,0,0,0,0,0,0,1,1,1,1,1,1,4.9908,4.9908,4.9908,4.9908,2.9084,4.5916,1606.4707,1570.7120,1595.5774,1481.2733,1230.0000,1279.0000,0,on,1
1786106948.349657,1,1,,1751.0000,1682.0000,1652.0000,1610.0000,1272.0000,1303.0000,29.210,42.953,48.977,57.429,47.572,107.367,1655,1735,1765,1755,1375,1693,0,0,0,0,0,0,1,1,1,1,1,1,4.9908,4.9908,4.9908,4.9908,2.9084,4.5916,1661.5316,1602.2582,1607.4773,1512.5938,1230.0000,1279.0000,0,on,1
1786106948.381866,1,1,,1721.0000,1615.0000,1597.0000,1567.0000,1319.0000,1342.0000,35.151,56.356,60.027,66.066,31.248,98.908,1655,1735,1765,1755,1375,1693,0,0,0,0,0,0,1,1,1,1,1,1,4.9908,4.9908,4.9908,4.9908,2.9084,4.5916,1681.1446,1602.2582,1607.4773,1524.8923,1246.7799,1286.6868,0,on,1
1786106948.417805,1,1,,1713.0000,1633.0000,1587.0000,1625.0000,1328.0000,1338.0000,36.678,52.702,61.992,54.382,28.217,99.760,1655,1735,1765,1755,1375,1693,0,0,0,0,0,0,1,1,1,1,1,1,4.9908,4.9908,4.9908,4.9908,2.9084,4.5916,1689.2514,1609.9568,1607.4773,1549.4954,1262.0164,1286.6868,0,on,1
1786106948.449837,1,1,,1659.0000,1655.0000,1581.0000,1611.0000,1351.0000,1368.0000,47.619,48.457,63.280,57.208,20.206,93.155,1655,1735,1765,1755,1375,1693,0,0,0,0,0,0,1,1,1,1,1,1,4.9908,4.9908,4.9908,4.9908,2.9084,4.5916,1689.2514,1609.9568,1607.4773,1561.8575,1279.4228,1305.0531,0,on,1
1786106948.481782,1,1,,1663.0000,1675.0000,1554.0000,1590.0000,1345.0000,1350.0000,46.756,44.372,68.623,61.467,22.373,97.005,1655,1735,1765,1755,1375,1693,0,0,0,0,0,0,1,1,1,1,1,1,4.9908,4.9908,4.9908,4.9908,2.9084,4.5916,1689.2514,1625.5616,1607.4773,1561.8575,1291.7171,1305.0531,0,on,1
1786106948.517771,1,1,,1646.0000,1699.0000,1566.0000,1574.0000,1341.0000,1357.0000,50.120,39.529,66.159,64.630,23.553,95.464,1655,1735,1765,1755,1375,1693,0,0,0,0,0,0,1,1,1,1,1,1,4.9908,4.9908,4.9908,4.9908,2.9084,4.5916,1689.2514,1638.9214,1597.1563,1561.8575,1300.4510,1318.2673,0,on,1
1786106948.549700,1,1,,1645.0000,1707.0000,1541.0000,1571.0000,1347.0000,1355.0000,50.330,38.024,71.312,65.292,21.675,95.981,1655,1735,1765,1755,1375,1693,0,0,0,0,0,0,1,1,1,1,1,1,4.9908,4.9908,4.9908,4.9908,2.9084,4.5916,1680.1210,1650.6966,1597.1563,1561.8575,1307.4037,1318.2673,0,on,1
1786106948.581736,1,1,,1662.0000,1665.0000,1546.0000,1560.0000,1350.0000,1354.0000,47.061,46.313,70.224,67.442,20.791,96.276,1655,1735,1765,1755,1375,1693,0,0,0,0,0,0,1,1,1,1,1,1,4.9908,4.9908,4.9908,4.9908,2.9084,4.5916,1680.1210,1650.6966,1584.7698,1561.8575,1313.3351,1326.3155,0,on,1
1786106948.617770,1,1,,1656.0000,1695.0000,1555.0000,1539.0000,1351.0000,1376.0000,48.074,40.410,68.482,71.657,20.404,91.507,1655,1735,1765,1755,1375,1693,0,0,0,0,0,0,1,1,1,1,1,1,4.9908,4.9908,4.9908,4.9908,2.9084,4.5916,1680.1210,1650.6966,1584.7698,1561.8575,1318.4489,1326.3155,0,on,1
1786106948.649861,1,1,,1654.0000,1717.0000,1549.0000,1560.0000,1326.0000,1384.0000,48.528,36.032,69.583,67.368,28.963,89.726,1655,1735,1765,1755,1375,1693,0,0,0,0,0,0,1,1,1,1,1,1,4.9908,4.9908,4.9908,4.9908,2.9084,4.5916,1680.1210,1666.2922,1584.7698,1561.8575,1318.4489,1339.6981,0,on,1
1786106948.681731,1,1,,1663.0000,1723.0000,1563.0000,1556.0000,1326.0000,1377.0000,46.855,34.815,66.708,68.145,28.926,91.238,1655,1735,1765,1755,1375,1693,0,0,0,0,0,0,1,1,1,1,1,1,4.9908,4.9908,4.9908,4.9908,2.9084,4.5916,1680.1210,1674.6581,1576.6682,1561.8575,1318.4489,1339.6981,0,on,1
1786106948.717729,1,1,,1649.0000,1711.0000,1546.0000,1535.0000,1345.0000,1388.0000,49.524,37.156,70.287,72.435,22.500,88.786,1655,1735,1765,1755,1375,1693,0,0,0,0,0,0,1,1,1,1,1,1,4.9908,4.9908,4.9908,4.9908,2.9084,4.5916,1680.1210,1674.6581,1576.6682,1561.8575,1318.4489,1350.1221,0,on,1
1786106948.749645,1,1,,1656.0000,1701.0000,1558.0000,1534.0000,1346.0000,1390.0000,48.217,39.102,67.747,72.633,21.982,88.468,1655,1735,1765,1755,1375,1693,0,0,0,0,0,0,1,1,1,1,1,1,4.9908,4.9908,4.9908,4.9908,2.9084,4.5916,1671.6391,1674.6581,1576.6682,1561.8575,1323.2449,1350.1221,0,on,1
1786106948.781636,1,1,,1665.0000,1726.0000,1549.0000,1531.0000,1349.0000,1397.0000,46.423,34.081,69.617,73.275,20.902,86.912,1655,1735,1765,1755,1375,1693,0,0,0,0,0,0,1,1,1,1,1,1,4.9908,4.9908,4.9908,4.9908,2.9084,4.5916,1671.6391,1686.9652,1576.6682,1561.8575,1323.2449,1360.0316,0,on,1
1786106948.817662,1,1,,1653.0000,1712.0000,1573.0000,1533.0000,1347.0000,1407.0000,48.742,36.999,64.801,72.862,21.601,84.770,1655,1735,1765,1755,1375,1693,0,0,0,0,0,0,1,1,1,1,1,1,4.9908,4.9908,4.9908,4.9908,2.9084,4.5916,1671.6391,1686.9652,1576.6682,1561.8575,1323.2449,1360.0316,0,on,1
1786106948.849776,1,1,,1668.0000,1731.0000,1560.0000,1530.0000,1346.0000,1416.0000,45.824,33.065,67.486,73.484,22.092,82.718,1655,1735,1765,1755,1375,1693,0,0,0,0,0,0,1,1,1,1,1,1,4.9908,4.9908,4.9908,4.9908,2.9084,4.5916,1671.6391,1686.9652,1576.6682,1554.2220,1328.3237,1372.9609,0,on,1
1786106948.881714,1,1,,1671.0000,1723.0000,1569.0000,1524.0000,1351.0000,1409.0000,45.169,34.791,65.601,74.558,20.276,84.234,1655,1735,1765,1755,1375,1693,0,0,0,0,0,0,1,1,1,1,1,1,4.9908,4.9908,4.9908,4.9908,2.9084,4.5916,1671.6391,1697.0186,1576.6682,1554.2220,1328.3237,1372.9609,0,on,1
1786106948.917669,1,1,,1648.0000,1742.0000,1591.0000,1549.0000,1347.0000,1417.0000,49.683,30.954,61.241,69.535,21.658,82.565,1655,1735,1765,1755,1375,1693,0,0,0,0,0,0,1,1,1,1,1,1,4.9908,4.9908,4.9908,4.9908,2.9084,4.5916,1671.6391,1697.0186,1576.6682,1554.2220,1328.3237,1382.4149,0,on,1
1786106948.949710,1,1,,1645.0000,1699.0000,1584.0000,1554.0000,1344.0000,1414.0000,50.434,39.583,62.685,68.704,22.747,83.154,1655,1735,1765,1755,1375,1693,0,0,0,0,0,0,1,1,1,1,1,1,4.9908,4.9908,4.9908,4.9908,2.9084,4.5916,1671.6391,1697.0186,1576.6682,1554.2220,1328.3237,1382.4149,0,on,1
1786106948.984198,1,1,,1650.0000,1692.0000,1570.0000,1537.0000,1355.0000,1393.0000,49.376,40.910,65.497,71.980,18.928,87.655,1655,1735,1765,1755,1375,1693,0,0,0,0,0,0,1,1,1,1,1,1,4.9908,4.9908,4.9908,4.9908,2.9084,4.5916,1671.6391,1697.0186,1576.6682,1554.2220,1333.4726,1382.4149,0,on,1
1786106949.017530,1,1,,1652.0000,1714.0000,1569.0000,1544.0000,1360.0000,1388.0000,48.983,36.510,65.684,70.661,17.306,88.815,1655,1735,1765,1755,1375,1693,0,0,0,0,0,0,1,1,1,1,1,1,4.9908,4.9908,4.9908,4.9908,2.9084,4.5916,1671.6391,1697.0186,1576.6682,1554.2220,1333.4726,1382.4149,0,on,1
1786106949.049515,1,1,,1648.0000,1707.0000,1572.0000,1543.0000,1361.0000,1380.0000,49.707,37.882,64.961,70.721,16.827,90.526,1655,1735,1765,1755,1375,1693,0,0,0,0,0,0,1,1,1,1,1,1,4.9908,4.9908,4.9908,4.9908,2.9084,4.5916,1671.6391,1697.0186,1576.6682,1554.2220,1333.4726,1382.4149,0,on,1
1786106949.081630,1,0,edge-on,1656.0000,1706.0000,1541.0000,1527.0000,1375.0000,1370.0000,48.079,38.147,71.198,74.089,11.774,92.831,1655,1735,1765,1755,1375,1693,0,0,0,0,0,0,1,1,1,1,1,1,4.9908,4.9908,4.9908,4.9908,2.9084,4.5916,1671.6391,1697.0186,1576.6682,1554.2220,1333.4726,1382.4149,1,on,1
1786106949.117597,1,1,,1638.0000,1720.0000,1553.0000,1524.0000,1343.0000,1375.0000,51.718,35.313,68.824,74.718,23.139,91.613,1655,1735,1765,1755,1375,1693,0,0,0,0,0,0,0,1,1,1,1,1,4.9908,4.9908,4.9908,4.9908,2.9084,4.5916,1662.3844,1697.0186,1568.9895,1554.2220,1333.4726,1382.4149,1,on,1
1786106949.149773,1,1,,1648.0000,1707.0000,1538.0000,1519.0000,1368.0000,1367.0000,49.798,38.020,71.823,75.627,14.577,93.457,1655,1735,1764,1755,1375,1693,0,94,98,110,37,76,0,1,1,1,1,1,4.9908,4.9908,4.9908,4.9908,2.9084,4.5916,1662.3844,1697.0186,1568.9895,1545.1591,1339.9584,1382.4149,1,on,1
1786106949.181759,1,0,edge-on,1663.0000,1697.0000,1559.0000,1530.0000,1367.0000,1379.0000,46.826,39.969,67.692,73.334,14.649,90.758,1655,1721,1745,1735,1374,1673,0,46,124,101,95,134,0,1,1,1,1,1,4.9908,4.9908,4.9908,4.9908,2.9084,4.5916,1662.3844,1697.0186,1568.9895,1545.1591,1339.9584,1382.4149,0,on,1
1786106949.217677,1,0,edge-on,1650.0000,1714.0000,1568.0000,1554.0000,1375.0000,1367.0000,49.369,36.542,65.860,68.652,10.465,93.396,1655,1712,1721,1706,1370,1635,0,28,96,70,90,90,0,1,1,1,1,1,4.9908,4.9908,4.9908,4.9908,2.9084,4.5916,1662.3844,1697.0186,1568.9895,1545.1591,1339.9584,1382.4149,0,on,1
1786106949.249702,1,0,edge-on,1644.0000,1721.0000,1559.0000,1572.0000,1374.0000,1362.0000,50.484,35.157,67.512,64.921,12.322,94.443,1655,1711,1695,1681,1365,1601,0,45,81,68,85,87,0,1,1,1,1,1,4.9908,4.9908,4.9908,4.9908,2.9084,4.5916,1662.3844,1697.0186,1568.9895,1545.1591,1339.9584,1382.4149,0,on,1
1786106949.281726,1,1,,1697.0000,1698.0000,1551.0000,1628.0000,1293.0000,1321.0000,39.982,39.850,69.302,53.805,40.138,103.355,1655,1706,1678,1666,1362,1581,17,22,81,67,86,76,0,1,1,1,1,1,4.9908,4.9908,4.9908,4.9908,2.9084,4.5916,1662.3844,1697.0186,1568.9895,1555.6894,1339.9584,1382.4149,1,on,1
1786106949.317625,1,0,handedness unsure,1775.0000,1573.0000,1638.0000,1622.0000,1221.0000,1850.0000,24.244,64.792,51.759,55.078,65.112,-112.187,1655,1702,1647,1634,1355,1541,21,0,79,53,63,95,0,1,1,1,1,1,4.9908,4.9908,4.9908,4.9908,2.9084,4.5916,1680.3541,1682.3003,1568.9895,1566.1540,1339.9584,1382.4149,1,on,1
1786106949.349764,1,0,handedness unsure,1673.0000,1546.0000,1612.0000,1593.0000,1236.0000,1850.0000,44.737,70.295,56.992,60.755,59.720,-128.911,1655,1702,1632,1624,1353,1521,23,0,74,39,53,79,0,1,1,1,1,1,4.9908,4.9908,4.9908,4.9908,2.9084,4.5916,1680.3541,1651.1979,1568.9895,1566.1540,1339.9584,1382.4149,1,on,1
1786106949.381678,1,0,handedness unsure,1693.0000,1715.0000,1708.0000,1686.0000,1308.0000,1850.0000,40.715,36.366,37.661,42.243,34.919,-89.990,1659,1701,1612,1607,1349,1495,44,49,69,74,50,75,0,1,1,1,1,1,4.9908,4.9908,4.9908,4.9908,2.9084,4.5916,1680.3541,1651.1979,1602.3558,1592.0737,1339.9584,1382.4149,1,on,1
1786106949.417629,1,0,handedness unsure,1615.0000,1661.0000,1606.0000,1639.0000,1319.0000,1365.0000,56.360,47.217,58.184,51.578,31.188,93.874,1663,1688,1596,1584,1346,1469,32,92,80,49,53,79,0,1,0,0,1,1,4.9908,4.9908,4.9908,4.9908,2.9084,4.5916,1680.3541,1651.1979,1602.3558,1600.4894,1339.9584,1382.4149,1,on,1
1786106949.449615,1,0,handedness unsure,1584.0000,1388.0000,1414.0000,1456.0000,1270.0000,1226.0000,62.696,101.963,96.728,88.307,48.169,137.768,1667,1670,1592,1581,1344,1444,19,46,0,28,57,78,0,1,0,0,1,1,4.9908,4.9908,4.9908,4.9908,2.9084,4.5916,1662.9294,1579.2668,1571.1336,1586.1556,1339.9584,1382.4149,1,on,1
1786106949.481802,1,0,handedness unsure,1407.0000,1310.0000,1358.0000,1435.0000,1269.0000,1491.0000,98.078,117.487,107.963,92.476,48.454,66.283,1671,1662,1592,1583,1343,1429,0,24,14,14,0,86,1,1,1,0,1,1,4.9908,4.9908,4.9908,4.9908,2.9084,4.5916,1582.5290,1477.6528,1508.4920,1553.2622,1339.9584,1382.4149,1,on,1
1786106949.517542,0,1,,,,,,,,,,,,,,1672,1657,1592,1589,1343,1403,0,83,60,9,31,0,1,1,1,1,1,1,4.9908,4.9908,4.9908,4.9908,2.9084,4.5916,,,,,,,0,on,1
1786106949.554028,0,1,,,,,,,,,,,,,,1668,1635,1576,1584,1341,1393,107,96,82,71,24,0,1,1,1,1,1,1,4.9908,4.9908,4.9908,4.9908,2.9084,4.5916,,,,,,,0,on,1
1786106949.585959,0,1,,,,,,,,,,,,,,1655,1620,1564,1571,1340,1392,142,100,102,28,17,27,1,1,1,1,1,1,4.9908,4.9908,4.9908,4.9908,2.9084,4.5916,,,,,,,0,on,1
1786106949.621922,0,1,,,,,,,,,,,,,,1629,1596,1541,1562,1340,1388,110,90,79,21,0,21,1,1,1,1,1,1,4.9908,4.9908,4.9908,4.9908,2.9084,4.5916,,,,,,,0,on,1
1786106949.653808,0,1,,,,,,,,,,,,,,1607,1576,1521,1559,1340,1386,104,92,53,20,0,16,1,1,1,1,1,1,4.9908,4.9908,4.9908,4.9908,2.9084,4.5916,,,,,,,0,on,1
1786106949.701752,1,1,,1469.0000,1490.0000,1551.0000,1651.0000,1289.0000,1695.0000,85.731,81.335,69.117,49.247,41.566,22.039,1592,1546,1515,1556,1340,1385,32,70,32,0,0,0,1,1,1,1,1,1,4.9908,4.9908,4.9908,4.9908,2.9084,4.5916,1540.4597,1477.6528,1517.0111,1553.2622,1332.2128,1491.8555,1,on,1
1786106949.717751,1,0,handedness unsure,1707.0000,1659.0000,1681.0000,1718.0000,1335.0000,1747.0000,37.967,47.547,43.090,35.799,25.751,10.630,1591,1542,1514,1556,1340,1385,41,74,26,0,0,0,1,1,1,1,1,1,4.9908,4.9908,4.9908,4.9908,2.9084,4.5916,1549.4218,1496.1217,1533.6637,1577.4222,1332.2128,1491.8555,1,on,1
1786106949.749638,1,0,handedness unsure,1702.0000,1710.0000,1751.0000,1765.0000,1297.0000,1752.0000,38.856,37.355,29.058,26.377,38.710,9.526,1588,1522,1511,1556,1340,1385,34,71,0,0,0,20,1,1,0,0,1,0,4.9908,4.9908,4.9908,4.9908,2.9084,4.5916,1582.8566,1557.5082,1599.3620,1633.8376,1332.2128,1491.8555,1,on,1
1786106949.781740,1,0,handedness unsure,1711.0000,1742.0000,1781.0000,1778.0000,1281.0000,1733.0000,37.065,31.025,23.135,23.779,44.272,13.756,1579,1506,1511,1556,1340,1385,33,21,63,0,34,96,0,0,0,0,1,0,4.9908,4.9908,4.9908,4.9908,2.9084,4.5916,1615.4162,1617.9825,1659.9670,1678.3308,1332.2128,1491.8555,1,on,1
1786106949.817667,1,0,handedness unsure,1717.0000,1736.0000,1772.0000,1759.0000,1286.0000,1752.0000,35.886,32.081,25.024,27.587,42.507,9.582,1579,1504,1527,1561,1338,1420,0,88,81,63,30,105,0,0,0,0,1,0,4.9908,4.9908,4.9908,4.9908,2.9084,4.5916,1642.1471,1655.6096,1695.6229,1700.8868,1332.2128,1491.8555,1,on,1
1786106949.849765,1,1,,1722.0000,1742.0000,1787.0000,1735.0000,1279.0000,1719.0000,35.007,30.993,21.995,32.364,45.103,16.782,1579,1525,1548,1584,1337,1453,59,95,64,67,31,100,0,0,0,0,1,0,4.9908,4.9908,4.9908,4.9908,2.9084,4.5916,1660.2473,1678.3437,1719.9850,1700.8868,1326.6563,1564.8191,1,on,1
1786106949.881717,1,1,,1764.0000,1781.0000,1803.0000,1753.0000,1263.0000,1748.0000,26.557,23.155,18.660,28.803,50.492,10.455,1594,1551,1570,1609,1337,1484,97,79,71,75,43,71,0,0,0,0,1,0,4.9908,4.9908,4.9908,4.9908,2.9084,4.5916,1684.8884,1704.6922,1740.1736,1715.2446,1317.9749,1627.6495,1,on,1
1786106949.917677,1,0,handedness unsure,1761.0000,1770.0000,1796.0000,1750.0000,1262.0000,1741.0000,27.205,25.251,20.045,29.251,50.973,11.867,1618,1577,1592,1630,1334,1508,87,70,66,74,50,81,0,0,0,0,1,0,4.9908,4.9908,4.9908,4.9908,2.9084,4.5916,1702.5874,1720.0276,1752.3371,1715.2446,1317.9749,1627.6495,1,on,1
1786106949.949709,1,1,,1766.0000,1766.0000,1791.0000,1745.0000,1267.0000,1742.0000,26.125,26.187,21.046,30.344,49.232,11.716,1635,1592,1604,1647,1331,1524,79,81,66,61,45,88,0,0,0,0,1,0,4.9908,4.9908,4.9908,4.9908,2.9084,4.5916,1714.9788,1728.3284,1752.3371,1723.2241,1310.8074,1663.3898,1,on,1
1786106949.981726,1,1,,1751.0000,1775.0000,1807.0000,1750.0000,1266.0000,1730.0000,29.125,24.337,17.969,29.429,49.621,14.370,1661,1615,1626,1668,1328,1547,94,67,55,47,49,96,0,0,0,0,1,0,4.9908,4.9908,4.9908,4.9908,2.9084,4.5916,1714.9788,1735.8427,1766.0762,1723.2241,1304.6982,1680.6445,1,on,1
1786106950.017648,1,0,handedness unsure,1751.0000,1772.0000,1803.0000,1751.0000,1267.0000,1729.0000,29.095,24.963,18.642,29.070,49.141,14.527,1682,1633,1643,1691,1324,1574,82,76,66,48,49,100,0,0,0,0,1,0,4.9908,4.9908,4.9908,4.9908,2.9084,4.5916,1724.9429,1735.8427,1766.0762,1723.2241,1304.6982,1680.6445,1,on,1
1786106950.049624,1,0,handedness unsure,1738.0000,1755.0000,1797.0000,1760.0000,1262.0000,1739.0000,31.723,28.378,19.830,27.271,50.730,12.343,1704,1654,1662,1706,1320,1601,0,69,65,71,47,100,0,0,0,0,1,0,4.9908,4.9908,4.9908,4.9908,2.9084,4.5916,1724.9429,1735.8427,1774.1641,1731.3163,1304.6982,1680.6445,1,on,1
1786106950.081644,1,0,handedness unsure,1719.0000,1772.0000,1788.0000,1758.0000,1263.0000,1725.0000,35.581,25.009,21.632,27.656,50.623,15.311,1704,1669,1677,1715,1318,1617,18,76,59,0,44,83,0,0,0,0,1,0,4.9908,4.9908,4.9908,4.9908,2.9084,4.5916,1724.9429,1745.3501,1774.1641,1731.3163,1304.6982,1680.6445,1,on,1
1786106950.118284,1,0,handedness unsure,1690.0000,1753.0000,1769.0000,1760.0000,1263.0000,1727.0000,41.427,28.691,25.626,27.251,50.612,14.888,1706,1695,1701,1715,1313,1654,22,62,65,11,41,97,0,0,0,0,1,0,4.9908,4.9908,4.9908,4.9908,2.9084,4.5916,1724.9429,1745.3501,1774.1641,1731.3163,1304.6982,1680.6445,0,on,1
1786106950.149926,1,0,handedness unsure,1688.0000,1749.0000,1761.0000,1759.0000,1263.0000,1727.0000,41.713,29.536,27.133,27.493,50.635,15.009,1707,1708,1715,1715,1311,1668,21,77,85,9,51,0,0,0,0,0,1,0,4.9908,4.9908,4.9908,4.9908,2.9084,4.5916,1724.9429,1745.3501,1774.1641,1731.3163,1304.6982,1680.6445,0,on,1
1786106950.181627,1,0,handedness unsure,1693.0000,1744.0000,1756.0000,1760.0000,1258.0000,1729.0000,40.676,30.520,28.052,27.310,52.162,14.480,1708,1729,1735,1715,1307,1669,21,60,64,20,0,39,0,0,0,0,1,0,4.9908,4.9908,4.9908,4.9908,2.9084,4.5916,1724.9429,1745.3501,1774.1641,1739.6843,1304.6982,1680.6445,1,on,1
1786106950.217636,1,0,handedness unsure,1708.0000,1756.0000,1761.0000,1769.0000,1268.0000,1732.0000,37.843,28.083,27.123,25.499,48.676,13.811,1710,1735,1754,1719,1307,1673,22,22,74,0,20,26,0,0,0,0,1,0,4.9908,4.9908,4.9908,4.9908,2.9084,4.5916,1724.9429,1745.3501,1774.1641,1739.6843,1304.6982,1680.6445,0,on,1
1786106950.249741,1,0,handedness unsure,1709.0000,1758.0000,1757.0000,1765.0000,1268.0000,1742.0000,37.647,27.666,27.846,26.270,48.947,11.810,1710,1742,1766,1726,1306,1675,21,22,20,15,24,27,0,0,0,0,1,0,4.9908,4.9908,4.9908,4.9908,2.9084,4.5916,1724.9429,1745.3501,1774.1641,1739.6843,1304.6982,1680.6445,0,on,1
1786106950.281713,1,0,handedness unsure,1720.0000,1751.0000,1744.0000,1754.0000,1261.0000,1765.0000,35.444,29.082,30.489,28.511,51.086,6.752,1711,1744,1769,1731,1305,1676,19,17,0,40,22,25,0,0,0,0,1,0,4.9908,4.9908,4.9908,4.9908,2.9084,4.5916,1724.9429,1745.3501,1774.1641,1739.6843,1304.6982,1680.6445,0,on,1
1786106950.317614,1,0,handedness unsure,1697.0000,1743.0000,1747.0000,1765.0000,1277.0000,1766.0000,39.995,30.680,29.897,26.242,45.646,6.531,1712,1745,1771,1735,1305,1677,55,0,20,0,18,27,0,0,0,0,1,0,4.9908,4.9908,4.9908,4.9908,2.9084,4.5916,1717.1948,1745.3501,1774.1641,1739.6843,1304.6982,1680.6445,1,on,1
1786106950.349684,1,1,,1698.0000,1728.0000,1751.0000,1748.0000,1281.0000,1763.0000,39.746,33.771,29.150,29.696,44.475,7.205,1715,1745,1773,1735,1304,1677,9,0,16,0,0,26,0,0,0,0,1,0,4.9908,4.9908,4.9908,4.9908,2.9084,4.5916,1717.1948,1745.3501,1774.1641,1739.6843,1304.6982,1700.3180,1,on,1
1786106950.381657,1,1,,1705.0000,1750.0000,1731.0000,1761.0000,1282.0000,1766.0000,38.335,29.387,33.186,27.188,44.156,6.549,1715,1745,1774,1735,1304,1677,14,0,0,0,0,26,0,0,0,0,1,0,4.9908,4.9908,4.9908,4.9908,2.9084,4.5916,1717.1948,1745.3501,1764.6029,1739.6843,1300.2063,1714.2782,1,on,1
1786106950.417614,1,1,,1703.0000,1739.0000,1749.0000,1749.0000,1286.0000,1750.0000,38.805,31.545,29.594,29.479,42.689,9.879,1715,1745,1775,1735,1304,1679,14,0,0,12,0,30,0,0,1,0,1,0,4.9908,4.9908,4.9908,4.9908,2.9084,4.5916,1717.1948,1745.3501,1764.6029,1739.6843,1300.2063,1714.2782,0,on,1
1786106950.449651,1,1,,1695.0000,1735.0000,1747.0000,1749.0000,1287.0000,1763.0000,40.445,32.246,29.846,29.609,42.348,7.051,1715,1745,1775,1741,1304,1690,12,0,17,0,0,56,0,0,1,1,1,0,4.9908,4.9908,4.9908,4.9908,2.9084,4.5916,1717.1948,1745.3501,1764.6029,1739.6843,1300.2063,1726.8682,1,on,1
1786106950.481630,1,1,,1665.0000,1719.0000,1739.0000,1747.0000,1279.0000,1743.0000,46.356,35.581,31.448,29.910,44.875,11.590,1715,1745,1774,1741,1304,1699,0,0,43,0,0,71,0,0,1,1,1,0,4.9908,4.9908,4.9908,4.9908,2.9084,4.5916,1709.1181,1745.3501,1764.6029,1739.6843,1300.2063,1726.8682,1,on,1
1786106950.517609,1,1,,1681.0000,1711.0000,1736.0000,1723.0000,1281.0000,1741.0000,43.177,37.245,32.220,34.818,44.447,11.999,1715,1745,1767,1741,1304,1712,0,0,25,0,0,0,1,0,1,1,1,0,4.9908,4.9908,4.9908,4.9908,2.9084,4.5916,1709.1181,1745.3501,1764.6029,1739.6843,1300.2063,1726.8682,0,on,1
1786106950.549586,1,1,,1683.0000,1715.0000,1726.0000,1712.0000,1280.0000,1745.0000,42.802,36.302,34.076,36.873,44.695,10.974,1715,1745,1766,1741,1304,1712,0,0,0,0,0,44,1,0,1,1,1,0,4.9908,4.9908,4.9908,4.9908,2.9084,4.5916,1709.1181,1745.3501,1755.9252,1739.6843,1295.1615,1726.8682,1,on,1
1786106950.581723,1,1,,1671.0000,1689.0000,1694.0000,1694.0000,1285.0000,1723.0000,45.130,41.489,40.558,40.636,42.980,15.931,1715,1745,1766,1741,1304,1718,0,0,0,0,0,0,1,0,1,1,1,0,4.9908,4.9908,4.9908,4.9908,2.9084,4.5916,1701.2914,1733.8583,1748.1702,1739.6843,1295.1615,1726.8682,1,on,1
1786106950.617675,1,1,,1557.0000,1484.0000,1529.0000,1535.0000,1319.0000,1684.0000,68.036,82.564,73.587,72.455,31.230,24.333,1715,1745,1766,1741,1304,1718,0,0,0,0,45,25,1,1,1,1,1,0,4.9908,4.9908,4.9908,4.9908,2.9084,4.5916,1669.6804,1656.2769,1683.7459,1682.9256,1295.1615,1726.8682,1,on,1
1786106950.651038,1,1,,1350.0000,1287.0000,1294.0000,1386.0000,1266.0000,1634.0000,109.411,122.111,120.620,102.352,49.587,35.202,1712,1745,1762,1741,1300,1720,60,22,40,0,33,36,1,1,1,1,1,0,4.9908,4.9908,4.9908,4.9908,2.9084,4.5916,1549.2480,1496.6729,1513.7773,1569.2597,1295.1615,1713.8319,1,on,1
1786106950.681642,1,1,,1276.0000,1222.0000,1240.0000,1276.0000,1212.0000,1741.0000,124.364,135.088,131.507,124.332,68.126,11.907,1703,1736,1754,1741,1299,1723,114,92,83,64,0,0,1,1,1,1,1,1,4.9908,4.9908,4.9908,4.9908,2.9084,4.5916,1437.6113,1376.8326,1393.8868,1445.8775,1283.8207,1713.8319,1,on,1
1786106950.717685,1,1,,1238.0000,1154.0000,1146.0000,1179.0000,1187.0000,1630.0000,131.910,148.741,150.403,143.680,76.507,36.113,1676,1712,1739,1718,1298,1723,98,93,107,74,26,21,1,1,1,1,1,1,4.9908,4.9908,4.9908,4.9908,2.9084,4.5916,1353.3609,1276.6764,1279.4893,1323.0464,1265.2963,1703.0408,1,on,1
1786106950.749696,1,1,,1218.0000,1140.0000,1140.0000,1174.0000,1161.0000,1669.0000,135.954,151.547,151.519,144.776,85.700,27.578,1661,1697,1725,1703,1297,1723,125,81,105,68,48,53,1,1,1,1,1,1,4.9908,4.9908,4.9908,4.9908,2.9084,4.5916,1305.1324,1225.5441,1226.0181,1265.2761,1243.3172,1703.0408,1,on,1
1786106950.781620,1,1,,1195.0000,1123.0000,1122.0000,1145.0000,1153.0000,1680.0000,140.502,154.910,155.127,150.513,88.389,25.272,1635,1673,1697,1676,1294,1712,77,83,86,69,56,43,1,1,1,1,1,1,4.9908,4.9908,4.9908,4.9908,2.9084,4.5916,1270.1875,1192.3509,1191.6280,1223.9786,1223.6418,1703.0408,1,on,1
1786106950.817687,1,1,,1206.0000,1116.0000,1133.0000,1159.0000,1151.0000,1703.0000,138.321,156.366,152.924,147.775,88.899,20.155,1615,1652,1672,1652,1290,1702,84,100,89,58,54,0,1,1,1,1,1,0,4.9908,4.9908,4.9908,4.9908,2.9084,4.5916,1252.6248,1170.4173,1175.3109,1205.0087,1207.7983,1703.0408,1,on,1
1786106950.849688,1,1,,1217.0000,1137.0000,1141.0000,1171.0000,1140.0000,1686.0000,136.087,152.191,151.450,145.315,96.266,23.905,1595,1631,1650,1630,1285,1702,91,81,90,66,53,0,1,1,1,1,1,0,4.9908,4.9908,4.9908,4.9908,2.9084,4.5916,1252.6248,1170.4173,1175.3109,1205.0087,1194.8264,1703.0408,1,on,1
1786106950.881649,1,1,,1230.0000,1143.0000,1149.0000,1186.0000,1144.0000,1695.0000,133.478,150.927,149.695,142.397,91.486,21.957,1576,1611,1628,1612,1282,1702,83,75,70,70,55,0,1,1,1,1,1,0,4.9908,4.9908,4.9908,4.9908,2.9084,4.5916,1243.5772,1160.7051,1165.8272,1196.4093,1186.1221,1703.0408,1,on,1
1786106950.917701,1,1,,1245.0000,1159.0000,1159.0000,1210.0000,1140.0000,1701.0000,130.494,147.718,147.688,137.635,95.374,20.712,1558,1593,1609,1592,1277,1702,78,83,74,58,47,0,1,1,1,1,1,0,4.9908,4.9908,4.9908,4.9908,2.9084,4.5916,1243.5772,1160.7051,1165.8272,1196.4093,1178.5459,1703.0408,1,on,1
1786106950.950397,1,1,,1254.0000,1156.0000,1164.0000,1211.0000,1140.0000,1739.0000,128.743,148.266,146.723,137.405,97.983,12.285,1547,1580,1597,1577,1275,1702,79,79,69,60,48,0,1,1,1,1,1,0,4.9908,4.9908,4.9908,4.9908,2.9084,4.5916,1243.5772,1160.7051,1165.8272,1196.4093,1173.3123,1703.0408,1,on,1
1786106950.981736,1,1,,1261.0000,1164.0000,1159.0000,1188.0000,1140.0000,1738.0000,127.393,146.724,147.707,141.874,98.344,12.648,1530,1561,1579,1563,1271,1702,102,68,73,60,38,0,1,1,1,1,1,0,4.9908,4.9908,4.9908,4.9908,2.9084,4.5916,1243.5772,1160.7051,1165.8272,1196.4093,1173.3123,1703.0408,0,on,1
1786106951.017587,1,1,,1263.0000,1168.0000,1160.0000,1185.0000,1140.0000,1749.0000,126.900,145.976,147.595,142.595,100.068,10.138,1512,1544,1561,1546,1269,1702,79,77,68,63,40,0,1,1,1,1,1,0,4.9908,4.9908,4.9908,4.9908,2.9084,4.5916,1243.5772,1160.7051,1165.8272,1196.4093,1165.9784,1703.0408,1,on,1
1786106951.054902,1,1,,1280.0000,1178.0000,1181.0000,1220.0000,1140.0000,1735.0000,123.608,143.905,143.314,135.511,92.664,13.206,1496,1527,1544,1529,1265,1702,85,72,77,71,45,0,1,1,1,1,1,0,4.9908,4.9908,4.9908,4.9908,2.9084,4.5916,1243.5772,1160.7051,1165.8272,1196.4093,1165.9784,1710.9327,1,on,1
1786106951.081647,1,1,,1294.0000,1204.0000,1194.0000,1266.0000,1147.0000,1755.0000,120.770,138.818,140.672,126.273,90.280,8.940,1484,1515,1534,1516,1263,1702,88,84,73,58,39,0,1,1,1,1,1,0,4.9908,4.9908,4.9908,4.9908,2.9084,4.5916,1251.8979,1160.7051,1165.8272,1203.9778,1165.9784,1710.9327,1,on,1
1786106951.117617,1,1,,1310.0000,1213.0000,1213.0000,1315.0000,1168.0000,1708.0000,117.514,137.026,136.895,116.518,83.069,19.032,1463,1492,1510,1495,1259,1702,86,80,76,52,45,14,1,1,1,1,1,0,4.9908,4.9908,4.9908,4.9908,2.9084,4.5916,1259.9339,1169.6714,1165.8272,1225.7064,1165.9784,1710.9327,1,on,1
1786106951.149592,1,1,,1303.0000,1191.0000,1208.0000,1308.0000,1171.0000,1714.0000,118.821,141.421,138.005,117.819,82.111,17.785,1451,1481,1499,1482,1257,1702,87,83,83,57,40,24,1,1,1,1,1,0,4.9908,4.9908,4.9908,4.9908,2.9084,4.5916,1259.9339,1169.6714,1174.6060,1241.6129,1165.9784,1710.9327,1,on,1
1786106951.181553,1,1,,1299.0000,1197.0000,1228.0000,1306.0000,1177.0000,1691.0000,119.664,140.159,133.851,118.386,80.043,22.881,1435,1463,1482,1466,1254,1702,92,64,82,60,48,47,1,1,1,1,1,0,4.9908,4.9908,4.9908,4.9908,2.9084,4.5916,1269.2561,1169.6714,1174.6060,1253.5414,1165.9784,1710.9327,1,on,1
1786106951.217588,1,1,,1298.0000,1194.0000,1233.0000,1309.0000,1169.0000,1683.0000,119.867,140.649,132.920,117.774,82.772,24.588,1420,1449,1464,1449,1250,1709,86,95,71,49,37,0,1,1,1,1,1,0,4.9908,4.9908,4.9908,4.9908,2.9084,4.5916,1269.2561,1169.6714,1188.5506,1263.6431,1165.9784,1710.9327,1,on,1
1786106951.249584,1,1,,1308.0000,1196.0000,1235.0000,1329.0000,1183.0000,1699.0000,117.936,140.369,132.590,113.677,77.928,21.163,1401,1432,1448,1433,1247,1709,88,86,71,51,41,0,1,1,1,1,1,0,4.9908,4.9908,4.9908,4.9908,2.9084,4.5916,1269.2561,1169.6714,1188.5506,1274.7892,1165.9784,1710.9327,1,on,1
1786106951.281694,1,1,,1305.0000,1203.0000,1207.0000,1300.0000,1176.0000,1724.0000,118.413,138.841,138.084,119.431,80.530,15.540,1387,1415,1431,1415,1244,1709,78,89,67,42,44,0,1,1,1,1,1,0,4.9908,4.9908,4.9908,4.9908,2.9084,4.5916,1279.0169,1178.9944,1188.5506,1274.7892,1165.9784,1710.9327,1,on,1
1786106951.317619,1,1,,1285.0000,1197.0000,1190.0000,1272.0000,1166.0000,1709.0000,122.591,140.195,141.598,125.070,83.831,18.912,1376,1404,1421,1405,1243,1709,101,86,79,76,50,0,1,1,1,1,1,0,4.9908,4.9908,4.9908,4.9908,2.9084,4.5916,1279.0169,1178.9944,1188.5506,1274.7892,1165.9784,1710.9327,0,on,1
1786106951.349631,1,1,,1252.0000,1159.0000,1157.0000,1212.0000,1155.0000,1694.0000,129.024,147.775,148.223,137.108,87.668,22.191,1360,1389,1405,1390,1239,1709,105,89,77,67,49,0,1,1,1,1,1,0,4.9908,4.9908,4.9908,4.9908,2.9084,4.5916,1279.0169,1178.9944,1188.5506,1274.7892,1165.9784,1710.9327,0,on,1
1786106951.385711,1,1,,1209.0000,1125.0000,1125.0000,1171.0000,1167.0000,1631.0000,137.663,154.627,154.490,145.269,83.382,35.847,1343,1372,1389,1374,1235,1709,102,82,77,46,42,0,1,1,1,1,1,0,4.9908,4.9908,4.9908,4.9908,2.9084,4.5916,1279.0169,1178.9944,1188.5506,1256.7685,1165.9784,1700.6417,1,on,1
1786106951.417615,1,1,,1167.0000,1091.0000,1134.0000,1206.0000,1158.0000,1652.0000,146.094,161.354,152.786,138.414,86.721,31.213,1327,1355,1372,1358,1233,1709,102,80,79,66,50,0,1,1,1,1,1,1,4.9908,4.9908,4.9908,4.9908,2.9084,4.5916,1253.5025,1163.3775,1179.4770,1256.7685,1165.9784,1700.6417,1,on,1
1786106951.449588,1,1,,1167.0000,1093.0000,1110.0000,1184.0000,1147.0000,1595.0000,146.201,161.020,157.552,142.660,90.324,43.690,1312,1339,1355,1343,1229,1709,106,84,75,73,46,15,1,1,1,1,1,1,4.9908,4.9908,4.9908,4.9908,2.9084,4.5916,1236.6621,1151.8541,1168.8458,1238.8132,1165.9784,1676.2543,1,on,1
1786106951.481698,1,1,,1160.0000,1085.0000,1107.0000,1186.0000,1145.0000,1620.0000,147.528,162.484,158.245,142.334,90.952,38.255,1299,1328,1344,1331,1226,1709,95,83,73,62,41,52,1,1,1,1,1,1,4.9908,4.9908,4.9908,4.9908,2.9084,4.5916,1221.5058,1140.3829,1158.8978,1230.5658,1165.9784,1666.5643,1,on,1
1786106951.517681,1,1,,1152.0000,1080.0000,1105.0000,1179.0000,1148.0000,1589.0000,149.144,163.515,158.619,143.783,90.150,45.118,1276,1307,1324,1306,1223,1699,96,83,87,65,46,76,1,1,1,1,1,1,4.9908,4.9908,4.9908,4.9908,2.9084,4.5916,1207.4242,1129.6026,1149.9683,1222.2890,1165.9784,1651.3738,1,on,1
1786106951.549687,1,1,,1150.0000,1078.0000,1102.0000,1187.0000,1140.0000,1585.0000,149.639,163.900,159.102,142.137,92.874,45.851,1266,1296,1313,1296,1221,1687,98,91,87,68,41,0,1,1,1,1,1,1,4.9908,4.9908,4.9908,4.9908,2.9084,4.5916,1197.4523,1121.5875,1149.9683,1222.2890,1160.7037,1639.5169,1,on,1
1786106951.581731,1,1,,1152.0000,1077.0000,1111.0000,1206.0000,1140.0000,1607.0000,149.187,164.090,157.458,138.310,93.093,41.075,1249,1279,1296,1281,1218,1679,109,95,88,81,44,45,1,1,1,1,1,1,4.9908,4.9908,4.9908,4.9908,2.9084,4.5916,1197.4523,1121.5875,1138.9997,1222.2890,1160.7037,1639.5169,1,on,1
1786106951.617674,1,1,,1149.0000,1078.0000,1109.0000,1195.0000,1146.0000,1599.0000,149.788,163.884,157.867,140.578,90.882,42.929,1232,1261,1278,1264,1214,1664,103,83,74,61,39,29,1,1,1,1,1,1,4.9908,4.9908,4.9908,4.9908,2.9084,4.5916,1184.1773,1110.0113,1138.9997,1214.7004,1160.7037,1629.8605,1,on,1
1786106951.649739,1,1,,1143.0000,1076.0000,1100.0000,1168.0000,1148.0000,1595.0000,150.925,164.431,159.563,145.891,90.196,43.767,1216,1245,1263,1246,1212,1657,117,85,83,63,43,16,1,1,1,1,1,1,4.9908,4.9908,4.9908,4.9908,2.9084,4.5916,1184.1773,1110.0113,1138.9997,1214.7004,1160.7037,1629.8605,0,on,1
1786106951.681624,1,1,,1137.0000,1070.0000,1100.0000,1169.0000,1150.0000,1590.0000,152.242,165.526,159.637,145.800,89.348,44.735,1198,1229,1246,1229,1208,1649,24,104,82,74,37,25,1,1,1,1,1,1,4.9908,4.9908,4.9908,4.9908,2.9084,4.5916,1173.5284,1101.9876,1128.3564,1205.1626,1160.7037,1621.7498,1,on,1
1786106951.717579,1,1,,1154.0000,1081.0000,1109.0000,1192.0000,1153.0000,1576.0000,148.804,163.360,157.870,141.075,88.443,47.876,1197,1212,1229,1225,1206,1644,43,98,90,27,61,49,1,1,1,1,1,1,4.9908,4.9908,4.9908,4.9908,2.9084,4.5916,1173.5284,1101.9876,1128.3564,1205.1626,1160.7037,1621.7498,0,on,1
1786106951.749774,1,1,,1147.0000,1072.0000,1099.0000,1170.0000,1153.0000,1591.0000,150.202,165.275,159.793,145.528,88.232,44.500,1196,1199,1217,1224,1204,1635,31,103,98,18,58,35,1,1,1,1,1,1,4.9908,4.9908,4.9908,4.9908,2.9084,4.5916,1173.5284,1101.9876,1128.3564,1205.1626,1160.7037,1613.2930,1,on,1
1786106951.781854,1,1,,1163.0000,1078.0000,1106.0000,1186.0000,1142.0000,1612.0000,146.960,163.995,158.343,142.290,92.266,40.106,1191,1181,1202,1223,1200,1631,34,99,101,34,51,46,1,1,1,1,1,1,4.9908,4.9908,4.9908,4.9908,2.9084,4.5916,1173.5284,1101.9876,1128.3564,1205.1626,1160.7037,1613.2930,0,on,1
1786106951.817624,1,1,,1163.0000,1086.0000,1109.0000,1190.0000,1148.0000,1615.0000,146.996,162.295,157.722,141.636,90.138,39.392,1190,1166,1183,1220,1196,1618,34,121,98,22,42,10,1,1,1,1,1,1,4.9908,4.9908,4.9908,4.9908,2.9084,4.5916,1173.5284,1101.9876,1128.3564,1205.1626,1160.7037,1613.2930,0,on,1
1786106951.849703,1,1,,1160.0000,1078.0000,1109.0000,1196.0000,1146.0000,1586.0000,147.581,163.990,157.861,140.413,90.851,45.740,1190,1144,1164,1220,1193,1617,39,107,96,12,43,0,1,1,1,1,1,1,4.9908,4.9908,4.9908,4.9908,2.9084,4.5916,1173.5284,1094.1433,1128.3564,1205.1626,1155.9783,1613.2930,1,on,1
1786106951.884143,1,1,,1165.0000,1078.0000,1110.0000,1191.0000,1143.0000,1597.0000,146.622,163.893,157.518,141.371,91.895,43.379,1189,1135,1152,1220,1191,1617,34,96,110,14,48,0,1,1,1,1,1,1,4.9908,4.9908,4.9908,4.9908,2.9084,4.5916,1173.5284,1094.1433,1120.5587,1205.1626,1155.9783,1613.2930,1,on,1
1786106951.917685,1,1,,1162.0000,1077.0000,1115.0000,1207.0000,1154.0000,1593.0000,147.076,164.120,156.530,138.214,87.910,44.181,1188,1116,1140,1220,1188,1617,37,121,20,17,48,0,1,1,1,1,1,1,4.9908,4.9908,4.9908,4.9908,2.9084,4.5916,1173.5284,1094.1433,1120.5587,1205.1626,1155.9783,1613.2930,0,on,1
1786106951.949650,1,1,,1161.0000,1074.0000,1112.0000,1199.0000,1146.0000,1586.0000,147.284,164.856,157.130,139.828,90.691,45.739,1187,1106,1140,1220,1185,1617,0,0,30,16,47,0,1,1,1,1,1,1,4.9908,4.9908,4.9908,4.9908,2.9084,4.5916,1173.5284,1094.1433,1120.5587,1205.1626,1155.9783,1613.2930,0,on,1
1786106951.981711,1,1,,1169.0000,1078.0000,1101.0000,1171.0000,1154.0000,1584.0000,145.712,164.033,159.311,145.439,88.023,46.180,1186,1104,1139,1219,1182,1617,56,53,35,17,45,0,1,1,1,1,1,1,4.9908,4.9908,4.9908,4.9908,2.9084,4.5916,1173.5284,1094.1433,1120.5587,1197.4541,1155.9783,1606.3803,1,on,1
1786106952.023188,1,1,,1166.0000,1087.0000,1116.0000,1176.0000,1155.0000,1611.0000,146.386,162.246,156.394,144.325,87.745,40.171,1185,1103,1137,1218,1179,1617,56,57,37,97,16,21,1,1,1,1,1,1,4.9908,4.9908,4.9908,4.9908,2.9084,4.5916,1173.5284,1094.1433,1120.5587,1197.4541,1155.9783,1606.3803,0,on,1
1786106952.049737,1,1,,1160.0000,1075.0000,1116.0000,1166.0000,1145.0000,1621.0000,147.568,164.509,156.381,146.408,91.069,37.969,1181,1100,1136,1207,1179,1615,23,49,35,41,15,26,1,1,1,1,1,1,4.9908,4.9908,4.9908,4.9908,2.9084,4.5916,1173.5284,1094.1433,1120.5587,1197.4541,1155.9783,1606.3803,0,on,1
1786106952.081790,1,1,,1162.0000,1079.0000,1111.0000,1171.0000,1149.0000,1597.0000,147.070,163.793,157.362,145.422,89.747,43.351,1181,1099,1136,1206,1179,1612,37,23,35,19,18,23,1,1,1,1,1,1,4.9908,4.9908,4.9908,4.9908,2.9084,4.5916,1173.5284,1094.1433,1120.5587,1197.4541,1155.9783,1606.3803,0,on,1
1786106952.117738,1,1,,1177.0000,1088.0000,1115.0000,1203.0000,1146.0000,1598.0000,144.190,161.952,156.536,138.936,90.747,43.102,1181,1099,1135,1205,1179,1606,46,31,34,44,15,0,1,1,1,1,1,0,4.9908,4.9908,4.9908,4.9908,2.9084,4.5916,1173.5284,1094.1433,1120.5587,1197.4541,1155.9783,1606.3803,0,on,1
1786106952.149743,1,1,,1169.0000,1084.0000,1117.0000,1169.0000,1149.0000,1630.0000,145.819,162.836,156.111,145.847,89.601,36.098,1179,1099,1134,1200,1181,1605,59,41,31,9,19,0,1,1,1,1,1,0,4.9908,4.9908,4.9908,4.9908,2.9084,4.5916,1173.5284,1094.1433,1120.5587,1197.4541,1155.9783,1606.3803,0,on,1
1786106952.181656,1,1,,1177.0000,1085.0000,1127.0000,1185.0000,1154.0000,1642.0000,144.117,162.595,154.255,142.504,88.077,33.432,1177,1099,1132,1200,1181,1606,40,53,55,9,17,0,1,1,1,1,1,1,4.9908,4.9908,4.9908,4.9908,2.9084,4.5916,1173.5284,1094.1433,1120.5587,1197.4541,1155.9783,1606.3803,0,on,1
1786106952.217714,1,1,,1183.0000,1089.0000,1144.0000,1206.0000,1158.0000,1641.0000,142.951,161.866,150.708,138.237,86.791,33.703,1175,1096,1130,1200,1181,1606,0,41,0,10,0,0,1,1,1,1,1,1,4.9908,4.9908,4.9908,4.9908,2.9084,4.5916,1173.5284,1094.1433,1120.5587,1197.4541,1155.9783,1606.3803,0,on,1
1786106952.249651,1,1,,1194.0000,1104.0000,1149.0000,1244.0000,1146.0000,1644.0000,140.714,158.801,149.807,130.635,90.745,33.106,1175,1096,1128,1200,1181,1605,0,46,42,11,28,0,1,1,1,1,1,0,4.9908,4.9908,4.9908,4.9908,2.9084,4.5916,1173.5284,1094.1433,1120.5587,1197.4541,1155.9783,1614.9631,1,on,1
1786106952.281665,1,1,,1178.0000,1092.0000,1139.0000,1199.0000,1145.0000,1672.0000,143.915,161.236,151.748,139.838,91.153,27.015,1175,1095,1125,1200,1181,1606,0,0,39,11,33,0,1,1,1,1,1,0,4.9908,4.9908,4.9908,4.9908,2.9084,4.5916,1173.5284,1094.1433,1120.5587,1197.4541,1155.9783,1621.8601,1,on,1
1786106952.317622,1,1,,1194.0000,1106.0000,1132.0000,1175.0000,1149.0000,1659.0000,140.716,158.275,153.181,144.508,89.781,29.692,1175,1094,1124,1200,1180,1606,0,0,24,0,60,30,1,1,1,1,1,0,4.9908,4.9908,4.9908,4.9908,2.9084,4.5916,1173.5284,1094.1433,1120.5587,1197.4541,1155.9783,1621.8601,0,on,1
1786106952.354928,1,1,,1216.0000,1119.0000,1152.0000,1216.0000,1165.0000,1681.0000,136.422,155.675,149.075,136.338,84.399,25.021,1175,1094,1124,1199,1176,1606,0,0,26,0,73,31,1,1,1,1,1,0,4.9908,4.9908,4.9908,4.9908,2.9084,4.5916,1173.5284,1094.1433,1120.5587,1197.4541,1155.9783,1634.1797,1,on,1
1786106952.386937,1,1,,1235.0000,1143.0000,1152.0000,1201.0000,1161.0000,1667.0000,132.617,151.057,149.210,139.402,85.464,28.074,1175,1094,1124,1199,1173,1611,0,0,33,0,62,55,1,1,1,1,1,0,4.9908,4.9908,4.9908,4.9908,2.9084,4.5916,1183.4170,1094.1433,1120.5587,1197.4541,1155.9783,1634.1797,1,on,1
1786106952.417594,1,1,,1260.0000,1157.0000,1156.0000,1216.0000,1165.0000,1682.0000,127.487,148.061,148.418,136.396,84.066,24.677,1175,1094,1124,1200,1168,1615,0,0,36,0,60,39,0,1,1,1,1,0,4.9908,4.9908,4.9908,4.9908,2.9084,4.5916,1195.3320,1104.7252,1129.7811,1197.4541,1155.9783,1643.1328,1,on,1
1786106952.449628,1,1,,1273.0000,1181.0000,1176.0000,1280.0000,1184.0000,1660.0000,124.970,143.392,144.438,123.470,77.733,29.510,1175,1094,1124,1199,1165,1619,43,0,35,0,62,0,0,0,0,1,1,0,4.9908,4.9908,4.9908,4.9908,2.9084,4.5916,1209.3362,1117.2177,1129.7811,1207.8852,1155.9783,1643.1328,1,on,1
1786106952.481722,1,1,,1294.0000,1217.0000,1200.0000,1308.0000,1180.0000,1630.0000,120.699,136.134,139.600,117.889,78.960,36.046,1180,1094,1124,1199,1161,1620,61,45,15,8,53,27,0,0,0,0,1,0,4.9908,4.9908,4.9908,4.9908,2.9084,4.5916,1226.0101,1137.3701,1143.8182,1226.4148,1155.9783,1643.1328,1,on,1
1786106952.517617,1,1,,1277.0000,1264.0000,1230.0000,1306.0000,1159.0000,1665.0000,124.205,126.788,133.482,118.273,86.257,28.422,1197,1095,1125,1200,1158,1621,58,59,27,57,0,30,0,0,0,0,1,0,4.9908,4.9908,4.9908,4.9908,2.9084,4.5916,1235.3932,1169.6991,1159.8841,1242.7101,1155.9783,1643.1328,1,on,1
1786106952.549832,1,1,,1286.0000,1309.0000,1295.0000,1327.0000,1155.0000,1693.0000,122.301,117.677,120.541,114.184,87.638,22.476,1209,1110,1132,1213,1158,1624,34,44,12,23,25,29,0,0,0,0,1,0,4.9908,4.9908,4.9908,4.9908,2.9084,4.5916,1243.3840,1207.3467,1191.7070,1259.6056,1155.9783,1643.1328,1,on,1
1786106952.581740,1,1,,1366.0000,1477.0000,1494.0000,1506.0000,1223.0000,1657.0000,106.238,83.984,80.567,78.213,64.138,30.308,1224,1127,1138,1221,1157,1625,58,71,50,16,27,30,0,0,0,0,1,0,4.9908,4.9908,4.9908,4.9908,2.9084,4.5916,1270.1285,1306.8767,1304.6472,1340.2738,1164.2251,1650.2370,1,on,1
1786106952.617669,1,1,,1633.0000,1619.0000,1632.0000,1668.0000,1325.0000,1730.0000,52.806,55.579,52.946,45.805,29.351,14.416,1236,1150,1152,1231,1157,1626,21,57,78,69,0,29,0,0,0,0,0,0,4.9908,4.9908,4.9908,4.9908,2.9084,4.5916,1420.9628,1447.2032,1454.6950,1484.0823,1202.2656,1661.5954,1,on,1
1786106952.649729,1,1,,1673.0000,1712.0000,1695.0000,1738.0000,1313.0000,1767.0000,44.797,36.865,40.341,31.791,33.441,6.166,1240,1170,1176,1249,1157,1630,63,70,58,64,0,41,0,0,0,0,0,0,4.9908,4.9908,4.9908,4.9908,2.9084,4.5916,1525.5522,1563.1819,1558.4284,1592.6414,1228.6557,1681.6042,1,on,1
1786106952.681678,1,1,,1629.0000,1707.0000,1721.0000,1777.0000,1298.0000,1726.0000,53.562,37.994,35.108,23.947,38.646,15.100,1250,1183,1189,1265,1157,1636,75,61,74,60,42,96,0,0,0,0,0,0,4.9908,4.9908,4.9908,4.9908,2.9084,4.5916,1561.8810,1619.1148,1622.5754,1666.9477,1243.5878,1688.8825,1,on,1
1786106952.717686,1,1,,1665.0000,1744.0000,1773.0000,1735.0000,1296.0000,1716.0000,46.347,30.559,24.790,32.270,39.129,17.441,1275,1207,1215,1291,1159,1660,87,63,60,60,54,102,0,0,0,0,0,0,4.9908,4.9908,4.9908,4.9908,2.9084,4.5916,1595.3019,1664.3692,1679.8852,1689.8250,1253.9343,1688.8825,1,on,1
1786106952.749712,1,1,,1671.0000,1744.0000,1787.0000,1741.0000,1291.0000,1705.0000,45.232,30.448,22.007,31.143,40.940,19.727,1290,1220,1229,1305,1164,1673,68,59,65,46,55,19,0,0,0,0,0,0,4.9908,4.9908,4.9908,4.9908,2.9084,4.5916,1614.7951,1686.9615,1713.5249,1702.3985,1259.5248,1688.8825,1,on,1
1786106952.781646,1,0,handedness unsure,1694.0000,1755.0000,1787.0000,1748.0000,1294.0000,1702.0000,40.612,28.358,21.831,29.819,39.859,20.370,1309,1235,1248,1321,1168,1676,69,67,55,51,49,47,0,0,0,0,0,0,4.9908,4.9908,4.9908,4.9908,2.9084,4.5916,1633.4046,1703.4066,1732.9943,1711.4731,1259.5248,1688.8825,1,on,1
1786106952.817590,1,1,,1675.0000,1751.0000,1789.0000,1757.0000,1292.0000,1700.0000,44.328,29.234,21.460,27.841,40.609,20.845,1327,1253,1265,1339,1173,1679,80,61,58,50,43,19,0,0,0,0,0,0,4.9908,4.9908,4.9908,4.9908,2.9084,4.5916,1641.6970,1713.3713,1745.9868,1719.6878,1263.9683,1688.8825,1,on,1
1786106952.849624,1,1,,1690.0000,1757.0000,1790.0000,1747.0000,1296.0000,1702.0000,41.364,27.846,21.407,29.945,39.317,20.505,1345,1270,1281,1353,1176,1681,66,60,58,60,43,46,0,0,0,0,0,0,4.9908,4.9908,4.9908,4.9908,2.9084,4.5916,1649.5825,1713.3713,1753.7838,1719.6878,1263.9683,1688.8825,1,on,1
1786106952.881653,1,1,,1692.0000,1751.0000,1786.0000,1744.0000,1293.0000,1700.0000,40.977,29.178,22.083,30.540,40.296,20.811,1364,1287,1297,1374,1180,1686,57,60,61,42,37,17,0,0,0,0,0,0,4.9908,4.9908,4.9908,4.9908,2.9084,4.5916,1649.5825,1724.6427,1753.7838,1719.6878,1270.1278,1688.8825,1,on,1
1786106952.917723,1,1,,1685.0000,1751.0000,1786.0000,1762.0000,1288.0000,1700.0000,42.346,29.167,22.108,26.858,42.016,20.901,1379,1304,1315,1388,1184,1686,68,52,53,36,32,17,0,0,0,0,0,0,4.9908,4.9908,4.9908,4.9908,2.9084,4.5916,1659.6281,1724.6427,1761.9564,1729.6422,1270.1278,1688.8825,1,on,1
1786106952.949674,1,1,,1697.0000,1749.0000,1779.0000,1751.0000,1289.0000,1694.0000,39.926,29.550,23.448,29.070,41.632,22.272,1392,1314,1326,1398,1186,1686,67,63,51,50,32,20,0,0,0,0,0,0,4.9908,4.9908,4.9908,4.9908,2.9084,4.5916,1659.6281,1724.6427,1761.9564,1729.6422,1270.1278,1688.8825,0,on,1
1786106952.981713,1,1,,1698.0000,1755.0000,1781.0000,1756.0000,1287.0000,1691.0000,39.846,28.242,23.187,28.202,42.172,22.860,1407,1329,1343,1413,1189,1686,65,64,53,46,30,20,0,0,0,0,0,0,4.9908,4.9908,4.9908,4.9908,2.9084,4.5916,1667.7281,1724.6427,1761.9564,1729.6422,1270.1278,1688.8825,1,on,1
1786106953.023160,1,1,,1689.0000,1744.0000,1771.0000,1756.0000,1288.0000,1695.0000,41.535,30.504,25.059,28.179,41.906,22.028,1427,1352,1366,1437,1192,1686,75,63,45,24,31,24,0,0,0,0,0,0,4.9908,4.9908,4.9908,4.9908,2.9084,4.5916,1667.7281,1732.9395,1761.9564,1729.6422,1274.7718,1688.8825,1,on,1
1786106953.049684,1,1,,1693.0000,1752.0000,1778.0000,1751.0000,1289.0000,1694.0000,40.852,28.897,23.652,29.080,41.576,22.114,1438,1363,1375,1446,1195,1686,62,57,52,58,27,27,0,0,0,0,0,0,4.9908,4.9908,4.9908,4.9908,2.9084,4.5916,1667.7281,1732.9395,1761.9564,1729.6422,1274.7718,1688.8825,0,on,1
1786106953.081778,1,1,,1685.0000,1752.0000,1772.0000,1747.0000,1282.0000,1702.0000,42.338,29.030,24.922,29.863,44.161,20.375,1456,1379,1390,1463,1197,1686,58,63,55,47,36,34,0,0,0,0,0,0,4.9908,4.9908,4.9908,4.9908,2.9084,4.5916,1667.7281,1732.9395,1761.9564,1737.1721,1274.7718,1688.8825,1,on,1
1786106953.117699,1,1,,1694.0000,1769.0000,1783.0000,1748.0000,1293.0000,1704.0000,40.479,25.605,22.756,29.781,40.241,20.090,1471,1394,1406,1480,1201,1686,64,60,56,47,29,43,0,0,0,0,0,0,4.9908,4.9908,4.9908,4.9908,2.9084,4.5916,1667.7281,1732.9395,1761.9564,1737.1721,1274.7718,1688.8825,0,on,1
1786106953.149627,1,1,,1684.0000,1754.0000,1781.0000,1742.0000,1290.0000,1696.0000,42.651,28.563,23.152,31.035,41.384,21.678,1487,1411,1421,1496,1203,1687,62,59,59,39,33,37,0,0,0,0,0,0,4.9908,4.9908,4.9908,4.9908,2.9084,4.5916,1667.7281,1732.9395,1761.9564,1737.1721,1274.7718,1688.8825,0,on,1
1786106953.181691,1,1,,1692.0000,1759.0000,1787.0000,1736.0000,1295.0000,1703.0000,40.978,27.520,21.974,32.107,39.670,20.229,1498,1423,1435,1509,1206,1688,60,65,55,44,27,0,0,0,0,0,0,1,4.9908,4.9908,4.9908,4.9908,2.9084,4.5916,1675.7582,1740.6439,1761.9564,1737.1721,1274.7718,1688.8825,1,on,1
1786106953.217705,1,1,,1690.0000,1762.0000,1790.0000,1740.0000,1289.0000,1696.0000,41.428,26.905,21.302,31.404,41.663,21.625,1522,1445,1455,1530,1209,1689,56,64,55,40,37,0,0,0,0,0,0,1,4.9908,4.9908,4.9908,4.9908,2.9084,4.5916,1675.7582,1740.6439,1770.2292,1737.1721,1274.7718,1688.8825,1,on,1
1786106953.249730,1,1,,1691.0000,1755.0000,1778.0000,1739.0000,1289.0000,1698.0000,41.123,28.352,23.784,31.498,41.565,21.308,1533,1456,1466,1542,1213,1689,69,61,58,48,30,0,0,0,0,0,0,1,4.9908,4.9908,4.9908,4.9908,2.9084,4.5916,1675.7582,1740.6439,1770.2292,1737.1721,1279.3136,1688.8825,1,on,1
1786106953.281704,1,1,,1687.0000,1759.0000,1778.0000,1737.0000,1291.0000,1701.0000,41.923,27.546,23.647,32.035,40.984,20.688,1550,1473,1484,1559,1215,1689,60,50,55,40,35,0,0,0,0,0,0,1,4.9908,4.9908,4.9908,4.9908,2.9084,4.5916,1675.7582,1740.6439,1770.2292,1737.1721,1279.3136,1688.8825,0,on,1
1786106953.317629,1,1,,1683.0000,1761.0000,1784.0000,1735.0000,1291.0000,1694.0000,42.687,27.100,22.450,32.326,41.051,22.212,1567,1488,1499,1576,1219,1688,71,61,58,47,30,0,0,0,0,0,0,1,4.9908,4.9908,4.9908,4.9908,2.9084,4.5916,1675.7582,1740.6439,1770.2292,1737.1721,1279.3136,1688.8825,0,on,1
1786106953.349808,1,1,,1691.0000,1755.0000,1777.0000,1739.0000,1287.0000,1697.0000,41.142,28.238,23.858,31.486,42.230,21.596,1586,1505,1516,1595,1222,1688,63,63,56,36,27,0,0,0,0,0,0,1,4.9908,4.9908,4.9908,4.9908,2.9084,4.5916,1675.7582,1740.6439,1770.2292,1737.1721,1279.3136,1688.8825,0,on,1
1786106953.381708,1,1,,1681.0000,1753.0000,1770.0000,1736.0000,1292.0000,1699.0000,43.106,28.741,25.296,32.114,40.678,21.003,1595,1517,1527,1608,1224,1689,71,65,56,65,29,0,0,0,0,0,0,1,4.9908,4.9908,4.9908,4.9908,2.9084,4.5916,1675.7582,1740.6439,1770.2292,1737.1721,1279.3136,1688.8825,0,on,1
1786106953.417654,1,1,,1696.0000,1758.0000,1775.0000,1744.0000,1288.0000,1701.0000,40.190,27.734,24.407,30.583,41.807,20.596,1616,1533,1545,1626,1226,1689,70,60,59,54,29,0,0,0,0,0,0,1,4.9908,4.9908,4.9908,4.9908,2.9084,4.5916,1675.7582,1740.6439,1770.2292,1737.1721,1279.3136,1695.8809,1,on,1
1786106953.449668,1,0,handedness unsure,1699.0000,1763.0000,1780.0000,1755.0000,1290.0000,1705.0000,39.485,26.641,23.396,28.388,41.127,19.682,1633,1549,1562,1644,1230,1688,67,64,63,39,28,0,0,0,0,0,0,0,4.9908,4.9908,4.9908,4.9908,2.9084,4.5916,1675.7582,1740.6439,1770.2292,1737.1721,1279.3136,1695.8809,0,on,1
1786106953.481668,1,1,,1694.0000,1750.0000,1772.0000,1739.0000,1287.0000,1707.0000,40.467,29.328,24.892,31.616,42.293,19.356,1655,1569,1580,1662,1233,1689,63,54,58,51,29,0,0,0,0,0,0,0,4.9908,4.9908,4.9908,4.9908,2.9084,4.5916,1675.7582,1740.6439,1770.2292,1737.1721,1279.3136,1695.8809,0,on,1
1786106953.517712,1,1,,1696.0000,1755.0000,1773.0000,1738.0000,1282.0000,1706.0000,40.155,28.314,24.826,31.781,44.140,19.579,1663,1585,1597,1681,1236,1689,18,75,64,37,32,0,0,0,0,0,0,0,4.9908,4.9908,4.9908,4.9908,2.9084,4.5916,1675.7582,1740.6439,1770.2292,1737.1721,1279.3136,1695.8809,0,on,1
1786106953.549609,1,0,handedness unsure,1699.0000,1763.0000,1774.0000,1741.0000,1285.0000,1705.0000,39.536,26.790,24.548,31.051,43.093,19.688,1670,1602,1615,1701,1239,1689,19,68,64,48,32,27,0,0,0,0,0,0,4.9908,4.9908,4.9908,4.9908,2.9084,4.5916,1675.7582,1748.2421,1770.2292,1737.1721,1279.3136,1695.8809,1,on,1
1786106953.585739,1,1,,1695.0000,1763.0000,1776.0000,1740.0000,1286.0000,1706.0000,40.297,26.807,24.156,31.341,42.632,19.582,1673,1621,1636,1719,1242,1688,15,70,50,60,32,0,0,0,0,0,0,0,4.9908,4.9908,4.9908,4.9908,2.9084,4.5916,1683.6181,1748.2421,1770.2292,1737.1721,1279.3136,1695.8809,1,on,1
1786106953.617628,1,1,,1684.0000,1755.0000,1774.0000,1739.0000,1282.0000,1708.0000,42.643,28.306,24.549,31.495,44.012,19.214,1673,1640,1654,1731,1245,1688,21,68,54,0,37,27,0,0,0,0,0,0,4.9908,4.9908,4.9908,4.9908,2.9084,4.5916,1683.6181,1748.2421,1770.2292,1737.1721,1279.3136,1695.8809,0,on,1
1786106953.649700,1,1,,1682.0000,1753.0000,1773.0000,1745.0000,1282.0000,1708.0000,43.043,28.807,24.726,30.326,43.911,19.088,1676,1653,1665,1731,1247,1689,26,82,54,0,37,48,0,0,0,0,0,0,4.9908,4.9908,4.9908,4.9908,2.9084,4.5916,1683.6181,1748.2421,1770.2292,1737.1721,1279.3136,1695.8809,0,on,1
1786106953.681657,1,1,,1694.0000,1761.0000,1778.0000,1748.0000,1287.0000,1706.0000,40.538,27.075,23.690,29.674,42.187,19.460,1680,1672,1685,1732,1252,1693,18,72,69,19,24,38,0,0,0,0,0,0,4.9908,4.9908,4.9908,4.9908,2.9084,4.5916,1683.6181,1748.2421,1770.2292,1737.1721,1279.3136,1695.8809,0,on,1
1786106953.717713,1,1,,1687.0000,1760.0000,1777.0000,1748.0000,1284.0000,1705.0000,41.943,27.323,23.922,29.685,43.323,19.805,1683,1692,1704,1735,1255,1695,0,78,55,0,31,22,1,0,0,0,0,0,4.9908,4.9908,4.9908,4.9908,2.9084,4.5916,1683.6181,1748.2421,1770.2292,1737.1721,1279.3136,1695.8809,0,on,1
1786106953.749717,1,1,,1689.0000,1762.0000,1775.0000,1752.0000,1287.0000,1701.0000,41.523,27.023,24.287,28.838,42.443,20.545,1684,1712,1725,1735,1257,1695,0,77,59,0,28,24,1,0,0,0,0,0,4.9908,4.9908,4.9908,4.9908,2.9084,4.5916,1683.6181,1748.2421,1770.2292,1737.1721,1279.3136,1695.8809,0,on,1
1786106953.781617,1,1,,1708.0000,1763.0000,1783.0000,1750.0000,1287.0000,1709.0000,37.682,26.758,22.674,29.364,42.328,18.987,1684,1733,1744,1735,1261,1695,0,73,72,0,29,27,1,0,0,0,0,0,4.9908,4.9908,4.9908,4.9908,2.9084,4.5916,1683.6181,1748.2421,1770.2292,1737.1721,1279.3136,1695.8809,0,on,1
1786106953.817683,1,1,,1704.0000,1766.0000,1784.0000,1752.0000,1286.0000,1708.0000,38.606,26.218,22.491,28.986,42.468,19.161,1684,1739,1762,1735,1263,1695,0,16,0,0,30,31,1,0,0,0,0,0,4.9908,4.9908,4.9908,4.9908,2.9084,4.5916,1683.6181,1748.2421,1770.2292,1737.1721,1279.3136,1695.8809,0,on,1
1786106953.849723,1,1,,1697.0000,1765.0000,1783.0000,1749.0000,1285.0000,1708.0000,39.862,26.312,22.711,29.486,42.831,19.042,1683,1742,1762,1735,1266,1695,0,22,24,0,31,33,1,0,0,0,0,0,4.9908,4.9908,4.9908,4.9908,2.9084,4.5916,1683.6181,1748.2421,1770.2292,1737.1721,1279.3136,1695.8809,0,on,1
1786106953.881833,1,0,handedness unsure,1693.0000,1770.0000,1787.0000,1742.0000,1287.0000,1709.0000,40.712,25.342,22.017,30.953,42.185,18.857,1684,1746,1767,1736,1269,1696,0,24,16,9,29,0,1,0,0,0,0,1,4.9908,4.9908,4.9908,4.9908,2.9084,4.5916,1683.6181,1748.2421,1770.2292,1737.1721,1279.3136,1695.8809,0,on,1
1786106953.917672,1,1,,1690.0000,1764.0000,1788.0000,1745.0000,1285.0000,1708.0000,41.295,26.470,21.636,30.390,43.011,19.121,1684,1748,1770,1738,1272,1696,0,16,12,0,30,0,1,0,0,0,0,1,4.9908,4.9908,4.9908,4.9908,2.9084,4.5916,1683.6181,1748.2421,1770.2292,1737.1721,1279.3136,1695.8809,0,on,1
1786106953.949714,1,0,handedness unsure,1699.0000,1772.0000,1790.0000,1753.0000,1285.0000,1716.0000,39.520,24.934,21.395,28.830,43.132,17.341,1684,1749,1770,1740,1275,1696,0,0,0,0,0,0,1,0,0,1,0,1,4.9908,4.9908,4.9908,4.9908,2.9084,4.5916,1683.6181,1748.2421,1770.2292,1737.1721,1279.3136,1695.8809,0,on,1
1786106953.985644,1,1,,1690.0000,1761.0000,1785.0000,1747.0000,1284.0000,1710.0000,41.417,27.094,22.332,30.025,43.358,18.616,1684,1749,1771,1740,1275,1696,0,0,0,0,24,0,1,0,0,1,0,1,4.9908,4.9908,4.9908,4.9908,2.9084,4.5916,1683.6181,1748.2421,1770.2292,1737.1721,1279.3136,1695.8809,0,on,1
1786106954.017691,1,1,,1694.0000,1767.0000,1784.0000,1749.0000,1284.0000,1717.0000,40.573,25.967,22.459,29.627,43.258,17.140,1684,1749,1771,1740,1277,1696,0,0,0,0,18,0,1,0,0,1,0,1,4.9908,4.9908,4.9908,4.9908,2.9084,4.5916,1683.6181,1755.7800,1770.2292,1737.1721,1279.3136,1695.8809,1,on,1
1786106954.049682,1,1,,1694.0000,1766.0000,1786.0000,1746.0000,1281.0000,1718.0000,40.479,26.111,22.109,30.139,44.329,16.840,1684,1749,1771,1740,1278,1696,0,0,0,0,0,0,1,0,0,1,0,1,4.9908,4.9908,4.9908,4.9908,2.9084,4.5916,1683.6181,1755.7800,1770.2292,1737.1721,1279.3136,1695.8809,0,on,1
1786106954.087012,1,0,handedness unsure,1691.0000,1768.0000,1779.0000,1736.0000,1282.0000,1724.0000,41.201,25.670,23.596,32.051,44.024,15.664,1684,1749,1770,1740,1278,1696,0,24,0,0,0,0,1,0,0,1,0,1,4.9908,4.9908,4.9908,4.9908,2.9084,4.5916,1683.6181,1755.7800,1770.2292,1737.1721,1279.3136,1695.8809,0,on,1
1786106954.117718,1,1,,1686.0000,1757.0000,1778.0000,1745.0000,1280.0000,1714.0000,42.170,27.884,23.781,30.333,44.605,17.905,1683,1750,1771,1740,1278,1696,0,30,0,0,0,0,1,0,0,1,0,1,4.9908,4.9908,4.9908,4.9908,2.9084,4.5916,1683.6181,1755.7800,1770.2292,1737.1721,1279.3136,1695.8809,0,on,1
1786106954.149775,1,0,handedness unsure,1694.0000,1764.0000,1784.0000,1738.0000,1282.0000,1728.0000,40.548,26.514,22.538,31.682,43.953,14.830,1684,1754,1770,1740,1278,1696,0,20,0,0,0,0,1,0,0,1,0,1,4.9908,4.9908,4.9908,4.9908,2.9084,4.5916,1683.6181,1755.7800,1770.2292,1737.1721,1279.3136,1695.8809,0,on,1
1786106954.181698,1,0,handedness unsure,1682.0000,1756.0000,1782.0000,1734.0000,1281.0000,1722.0000,42.999,28.149,22.960,32.632,44.417,16.155,1684,1757,1770,1740,1278,1696,0,17,0,0,0,0,1,1,0,1,0,1,4.9908,4.9908,4.9908,4.9908,2.9084,4.5916,1683.6181,1755.7800,1770.2292,1737.1721,1279.3136,1695.8809,0,on,1
1786106954.217688,1,0,handedness unsure,1684.0000,1765.0000,1790.0000,1736.0000,1284.0000,1728.0000,42.466,26.283,21.419,32.093,43.352,14.797,1684,1757,1770,1740,1278,1696,0,0,0,0,0,0,1,1,0,1,0,1,4.9908,4.9908,4.9908,4.9908,2.9084,4.5916,1683.6181,1755.7800,1770.2292,1737.1721,1279.3136,1695.8809,0,on,1
1786106954.249671,1,0,handedness unsure,1691.0000,1759.0000,1783.0000,1734.0000,1289.0000,1727.0000,41.225,27.538,22.771,32.480,41.719,14.914,1684,1757,1771,1740,1278,1696,0,0,0,0,0,0,1,1,0,1,0,1,4.9908,4.9908,4.9908,4.9908,2.9084,4.5916,1683.6181,1755.7800,1777.7797,1737.1721,1279.3136,1695.8809,1,on,1
1786106954.281689,1,0,handedness unsure,1671.0000,1750.0000,1778.0000,1745.0000,1283.0000,1730.0000,45.165,29.410,23.782,30.378,43.543,14.259,1684,1757,1770,1740,1278,1696,0,0,0,0,0,0,1,1,0,1,0,1,4.9908,4.9908,4.9908,4.9908,2.9084,4.5916,1683.6181,1755.7800,1777.7797,1737.1721,1279.3136,1695.8809,0,on,1
1786106954.317697,1,0,handedness unsure,1695.0000,1747.0000,1766.0000,1732.0000,1275.0000,1749.0000,40.349,29.931,26.229,32.939,46.517,10.203,1684,1757,1771,1740,1278,1696,0,0,25,0,0,0,1,1,0,1,0,1,4.9908,4.9908,4.9908,4.9908,2.9084,4.5916,1683.6181,1755.7800,1777.7797,1737.1721,1279.3136,1695.8809,0,on,1
1786106954.349702,1,1,,1643.0000,1633.0000,1648.0000,1649.0000,1268.0000,1746.0000,50.874,52.834,49.754,49.620,48.941,10.893,1684,1757,1776,1740,1278,1696,0,0,18,0,0,0,1,1,0,1,0,1,4.9908,4.9908,4.9908,4.9908,2.9084,4.5916,1683.6181,1736.8943,1756.2596,1729.3722,1279.3136,1706.1999,1,on,1
1786106954.381693,1,1,,1539.0000,1504.0000,1531.0000,1552.0000,1308.0000,1703.0000,71.653,78.554,73.192,69.085,34.923,20.177,1684,1757,1778,1740,1278,1696,0,0,0,0,0,0,1,1,1,1,0,0,4.9908,4.9908,4.9908,4.9908,2.9084,4.5916,1655.5316,1666.0707,1688.6594,1684.8877,1279.3136,1706.1999,1,on,1
1786106954.417725,1,1,,1409.0000,1370.0000,1349.0000,1375.0000,1283.0000,1699.0000,97.593,105.493,109.608,104.460,43.727,21.084,1684,1757,1778,1740,1278,1697,0,0,0,31,0,54,1,1,1,1,0,0,4.9908,4.9908,4.9908,4.9908,2.9084,4.5916,1571.1006,1543.5787,1541.3430,1561.0198,1279.3136,1706.1999,1,on,1
1786106954.449671,1,1,,1322.0000,1266.0000,1252.0000,1358.0000,1246.0000,1677.0000,115.004,126.287,129.088,107.883,56.446,25.844,1684,1757,1778,1735,1278,1700,43,89,75,74,0,20,1,1,1,1,0,0,4.9908,4.9908,4.9908,4.9908,2.9084,4.5916,1476.8055,1425.5411,1414.0126,1483.6333,1279.3136,1706.1999,1,on,1
1786106954.481707,1,1,,1278.0000,1215.0000,1199.0000,1275.0000,1230.0000,1712.0000,123.946,136.550,139.724,124.453,61.896,18.236,1676,1739,1766,1713,1278,1700,102,94,109,87,0,32,1,1,1,1,0,0,4.9908,4.9908,4.9908,4.9908,2.9084,4.5916,1400.6099,1338.0860,1322.4016,1402.2911,1279.3136,1706.1999,1,on,1
1786106954.517686,1,1,,1269.0000,1153.0000,1137.0000,1159.0000,1221.0000,1624.0000,125.808,149.002,152.111,147.814,64.912,37.338,1655,1712,1739,1690,1278,1701,122,92,116,86,0,39,1,1,1,1,0,0,4.9908,4.9908,4.9908,4.9908,2.9084,4.5916,1352.9232,1261.8403,1244.8048,1298.4064,1268.8176,1695.0836,1,on,1
1786106954.549695,1,1,,1196.0000,1101.0000,1135.0000,1140.0000,1182.0000,1683.0000,140.270,159.427,152.536,151.510,78.408,24.472,1630,1686,1714,1666,1278,1704,100,87,94,83,0,41,1,1,1,1,1,1,4.9908,4.9908,4.9908,4.9908,2.9084,4.5916,1300.3084,1203.1122,1207.5670,1239.3925,1254.3543,1695.0836,1,on,1
1786106954.581692,1,1,,1205.0000,1097.0000,1123.0000,1144.0000,1180.0000,1627.0000,138.556,160.168,154.868,150.836,78.957,36.777,1608,1664,1685,1643,1278,1705,101,81,79,53,0,13,1,1,1,1,1,1,4.9908,4.9908,4.9908,4.9908,2.9084,4.5916,1272.2406,1169.1001,1183.0950,1209.0240,1240.9784,1685.4668,1,on,1
1786106954.617661,1,1,,1202.0000,1093.0000,1133.0000,1148.0000,1178.0000,1643.0000,139.064,161.024,153.052,149.983,79.679,33.260,1588,1642,1660,1623,1278,1706,104,84,75,62,40,28,1,1,1,1,1,1,4.9908,4.9908,4.9908,4.9908,2.9084,4.5916,1253.7777,1147.4589,1170.9362,1192.4741,1229.2516,1685.4668,1,on,1
1786106954.649686,1,1,,1214.0000,1105.0000,1140.0000,1151.0000,1163.0000,1647.0000,136.746,158.577,151.510,149.429,85.062,32.305,1573,1628,1648,1610,1276,1702,92,85,76,62,56,60,1,1,1,1,1,1,4.9908,4.9908,4.9908,4.9908,2.9084,4.5916,1246.1796,1138.6975,1170.9362,1184.2815,1217.7454,1676.0444,1,on,1
1786106954.685708,1,1,,1232.0000,1112.0000,1158.0000,1161.0000,1156.0000,1671.0000,133.052,157.078,148.046,147.418,87.339,27.236,1548,1601,1621,1583,1270,1689,94,69,79,59,54,0,1,1,1,1,1,1,4.9908,4.9908,4.9908,4.9908,2.9084,4.5916,1246.1796,1138.6975,1170.9362,1184.2815,1206.5436,1676.0444,1,on,1
1786106954.717710,1,1,,1242.0000,1126.0000,1165.0000,1166.0000,1150.0000,1687.0000,131.116,154.446,146.643,146.277,89.349,23.609,1535,1591,1607,1572,1267,1689,100,67,74,58,49,0,1,1,1,1,1,1,4.9908,4.9908,4.9908,4.9908,2.9084,4.5916,1246.1796,1138.6975,1170.9362,1184.2815,1197.4045,1676.0444,1,on,1
1786106954.749709,1,1,,1242.0000,1126.0000,1161.0000,1166.0000,1152.0000,1692.0000,131.036,154.420,147.259,146.398,88.855,22.694,1517,1572,1591,1555,1263,1687,77,77,69,59,47,28,1,1,1,1,1,1,4.9908,4.9908,4.9908,4.9908,2.9084,4.5916,1246.1796,1138.6975,1170.9362,1184.2815,1190.6451,1676.0444,1,on,1
1786106954.785657,1,1,,1269.0000,1137.0000,1173.0000,1196.0000,1167.0000,1695.0000,125.756,152.225,144.880,140.393,83.648,21.957,1499,1555,1571,1536,1259,1682,90,77,67,57,46,17,1,1,1,1,1,1,4.9908,4.9908,4.9908,4.9908,2.9084,4.5916,1246.1796,1138.6975,1170.9362,1184.2815,1190.6451,1676.0444,0,on,1
1786106954.817698,1,1,,1271.0000,1162.0000,1189.0000,1222.0000,1140.0000,1737.0000,125.342,147.163,141.680,135.207,93.973,12.797,1484,1536,1554,1519,1255,1682,96,71,72,59,41,0,1,1,1,1,1,1,4.9908,4.9908,4.9908,4.9908,2.9084,4.5916,1246.1796,1138.6975,1170.9362,1184.2815,1181.7324,1683.0873,1,on,1
1786106954.849659,1,1,,1272.0000,1169.0000,1193.0000,1237.0000,1147.0000,1749.0000,125.179,145.719,140.981,132.100,90.511,10.161,1474,1526,1544,1509,1253,1681,98,80,76,46,48,0,1,1,1,1,1,0,4.9908,4.9908,4.9908,4.9908,2.9084,4.5916,1246.1796,1138.6975,1170.9362,1184.2815,1181.7324,1692.0796,1,on,1
1786106954.881976,1,1,,1258.0000,1161.0000,1191.0000,1240.0000,1147.0000,1756.0000,127.930,147.383,141.422,131.485,90.462,8.655,1457,1508,1527,1492,1249,1681,89,75,69,60,36,19,1,1,1,1,1,0,4.9908,4.9908,4.9908,4.9908,2.9084,4.5916,1246.1796,1138.6975,1170.9362,1193.6434,1174.3679,1701.9535,1,on,1
1786106954.917750,1,1,,1263.0000,1157.0000,1177.0000,1191.0000,1144.0000,1751.0000,126.821,148.183,144.073,141.372,91.611,9.757,1441,1491,1509,1474,1247,1682,99,79,81,60,41,70,1,1,1,1,1,0,4.9908,4.9908,4.9908,4.9908,2.9084,4.5916,1246.1796,1138.6975,1170.9362,1193.6434,1174.3679,1709.6023,1,on,1
1786106954.949678,1,1,,1250.0000,1158.0000,1186.0000,1208.0000,1152.0000,1749.0000,129.462,147.959,142.431,137.863,88.675,10.247,1425,1475,1494,1459,1244,1688,98,78,93,63,47,33,1,1,1,1,1,0,4.9908,4.9908,4.9908,4.9908,2.9084,4.5916,1246.1796,1138.6975,1170.9362,1193.6434,1169.4908,1709.6023,1,on,1
1786106954.981732,1,1,,1283.0000,1176.0000,1184.0000,1202.0000,1153.0000,1747.0000,122.923,144.300,142.693,139.050,88.370,10.537,1407,1458,1474,1443,1241,1699,88,78,64,67,53,62,1,1,1,1,1,0,4.9908,4.9908,4.9908,4.9908,2.9084,4.5916,1246.1796,1138.6975,1170.9362,1193.6434,1169.4908,1718.5720,1,on,1
1786106955.017715,1,1,,1286.0000,1192.0000,1197.0000,1235.0000,1146.0000,1741.0000,122.232,141.213,140.226,132.565,90.808,11.983,1392,1442,1457,1427,1237,1711,98,85,75,64,48,0,1,1,1,1,1,0,4.9908,4.9908,4.9908,4.9908,2.9084,4.5916,1254.4014,1149.3799,1170.9362,1193.6434,1169.4908,1718.5720,1,on,1
1786106955.049751,1,1,,1286.0000,1172.0000,1177.0000,1224.0000,1149.0000,1754.0000,122.218,145.132,144.194,134.690,89.800,9.199,1375,1424,1442,1410,1234,1712,94,76,68,68,46,0,1,1,1,1,1,0,4.9908,4.9908,4.9908,4.9908,2.9084,4.5916,1254.4014,1149.3799,1170.9362,1193.6434,1169.4908,1718.5720,0,on,1
1786106955.081642,1,1,,1274.0000,1174.0000,1185.0000,1212.0000,1140.0000,1757.0000,124.701,144.770,142.620,137.035,93.795,8.474,1366,1415,1430,1400,1232,1712,100,78,71,74,39,0,1,1,1,1,1,0,4.9908,4.9908,4.9908,4.9908,2.9084,4.5916,1254.4014,1149.3799,1170.9362,1193.6434,1163.5275,1727.4431,1,on,1
1786106955.117709,1,1,,1269.0000,1173.0000,1178.0000,1196.0000,1148.0000,1752.0000,125.673,145.000,143.895,140.374,90.223,9.534,1350,1398,1415,1382,1228,1712,85,78,72,55,32,61,1,1,1,1,1,0,4.9908,4.9908,4.9908,4.9908,2.9084,4.5916,1254.4014,1149.3799,1170.9362,1193.6434,1163.5275,1727.4431,0,on,1
1786106955.149616,1,1,,1258.0000,1164.0000,1178.0000,1203.0000,1144.0000,1744.0000,127.852,146.759,143.873,138.910,91.398,11.171,1331,1381,1399,1363,1225,1718,83,72,75,45,45,42,1,1,1,1,1,0,4.9908,4.9908,4.9908,4.9908,2.9084,4.5916,1254.4014,1149.3799,1170.9362,1193.6434,1163.5275,1727.4431,0,on,1
1786106955.181735,1,1,,1269.0000,1167.0000,1180.0000,1203.0000,1140.0000,1765.0000,125.768,146.214,143.540,138.916,92.941,6.605,1317,1365,1383,1349,1223,1720,114,82,80,54,44,22,1,1,1,1,1,0,4.9908,4.9908,4.9908,4.9908,2.9084,4.5916,1254.4014,1149.3799,1170.9362,1193.6434,1163.5275,1727.4431,0,on,1
1786106955.217660,1,1,,1253.0000,1159.0000,1178.0000,1186.0000,1142.0000,1755.0000,128.897,147.691,143.997,142.343,92.150,8.793,1299,1349,1366,1334,1219,1721,107,92,82,65,40,38,1,1,1,1,1,0,4.9908,4.9908,4.9908,4.9908,2.9084,4.5916,1254.4014,1149.3799,1170.9362,1193.6434,1158.6154,1735.6198,1,on,1
1786106955.249718,1,1,,1245.0000,1149.0000,1176.0000,1187.0000,1140.0000,1761.0000,130.428,149.789,144.325,142.138,95.804,7.488,1283,1332,1350,1317,1216,1725,97,81,75,73,35,34,1,1,1,1,1,0,4.9908,4.9908,4.9908,4.9908,2.9084,4.5916,1254.4014,1149.3799,1170.9362,1193.6434,1158.6154,1735.6198,0,on,1
1786106955.281603,1,1,,1267.0000,1163.0000,1186.0000,1196.0000,1142.0000,1756.0000,126.152,146.980,142.379,140.406,92.048,8.675,1272,1322,1337,1306,1214,1729,111,83,68,56,41,35,1,1,1,1,1,0,4.9908,4.9908,4.9908,4.9908,2.9084,4.5916,1254.4014,1149.3799,1170.9362,1193.6434,1158.6154,1735.6198,0,on,1
1786106955.317613,1,1,,1266.0000,1150.0000,1172.0000,1163.0000,1140.0000,1742.0000,126.343,149.514,145.153,146.960,92.760,11.635,1267,1307,1323,1290,1211,1731,30,94,90,76,36,32,1,1,1,1,1,0,4.9908,4.9908,4.9908,4.9908,2.9084,4.5916,1254.4014,1149.3799,1170.9362,1193.6434,1158.6154,1735.6198,0,on,1
1786106955.349655,1,1,,1242.0000,1126.0000,1161.0000,1141.0000,1143.0000,1723.0000,131.067,154.457,147.444,151.402,91.919,15.800,1264,1289,1307,1274,1207,1733,23,82,85,75,41,20,1,1,1,1,1,0,4.9908,4.9908,4.9908,4.9908,2.9084,4.5916,1254.4014,1149.3799,1170.9362,1193.6434,1158.6154,1735.6198,0,on,1
1786106955.385279,1,1,,1215.0000,1107.0000,1151.0000,1131.0000,1150.0000,1688.0000,136.465,158.184,149.454,153.291,89.335,23.541,1264,1271,1289,1258,1206,1734,38,72,77,72,58,22,1,1,1,1,1,0,4.9908,4.9908,4.9908,4.9908,2.9084,4.5916,1254.4014,1149.3799,1170.9362,1182.6050,1158.6154,1735.6198,1,on,1
1786106955.417730,1,1,,1209.0000,1092.0000,1156.0000,1140.0000,1173.0000,1649.0000,137.829,161.153,148.431,151.546,81.312,31.974,1261,1255,1273,1238,1202,1734,43,82,76,58,50,24,1,1,1,1,1,0,4.9908,4.9908,4.9908,4.9908,2.9084,4.5916,1254.4014,1149.3799,1170.9362,1182.6050,1158.6154,1722.4190,1,on,1
1786106955.449719,1,1,,1208.0000,1081.0000,1132.0000,1102.0000,1191.0000,1637.0000,137.926,163.448,153.241,159.216,75.334,34.480,1260,1239,1257,1224,1198,1734,8,96,77,82,46,25,1,1,1,1,1,1,4.9908,4.9908,4.9908,4.9908,2.9084,4.5916,1245.7930,1133.9931,1170.9362,1165.0844,1158.6154,1707.2067,1,on,1
1786106955.481712,1,1,,1220.0000,1091.0000,1140.0000,1123.0000,1215.0000,1623.0000,135.447,161.398,151.630,155.032,67.204,37.669,1260,1229,1245,1212,1196,1734,26,94,86,74,47,30,1,1,1,1,1,1,4.9908,4.9908,4.9908,4.9908,2.9084,4.5916,1245.7930,1133.9931,1170.9362,1165.0844,1163.4540,1690.7717,1,on,1
1786106955.517617,1,1,,1202.0000,1083.0000,1111.0000,1097.0000,1210.0000,1607.0000,139.228,162.991,157.411,160.193,68.712,41.023,1260,1212,1229,1194,1192,1734,23,83,83,75,42,71,1,1,1,1,1,1,4.9908,4.9908,4.9908,4.9908,2.9084,4.5916,1245.7930,1121.7230,1159.3214,1148.7741,1169.4024,1672.7934,1,on,1
1786106955.549612,1,1,,1197.0000,1081.0000,1118.0000,1105.0000,1215.0000,1594.0000,140.094,163.369,155.998,158.552,66.886,43.866,1259,1194,1212,1177,1190,1716,28,106,103,0,45,45,1,1,1,1,1,1,4.9908,4.9908,4.9908,4.9908,2.9084,4.5916,1233.7302,1121.7230,1159.3214,1148.7741,1175.0266,1657.0461,1,on,1
1786106955.581764,1,1,,1204.0000,1080.0000,1115.0000,1102.0000,1207.0000,1605.0000,138.726,163.587,156.476,159.093,69.727,41.612,1257,1175,1194,1176,1187,1696,42,101,88,86,51,81,1,1,1,1,1,1,4.9908,4.9908,4.9908,4.9908,2.9084,4.5916,1233.7302,1112.2464,1149.7921,1137.2581,1175.0266,1647.7866,1,on,1
1786106955.617683,1,1,,1191.0000,1077.0000,1113.0000,1102.0000,1199.0000,1610.0000,141.433,164.160,156.899,159.273,72.449,40.561,1252,1155,1177,1164,1184,1673,47,96,102,27,49,0,1,1,1,1,1,1,4.9908,4.9908,4.9908,4.9908,2.9084,4.5916,1225.9546,1112.2464,1149.7921,1137.2581,1180.6722,1647.7866,1,on,1
1786106955.649642,1,1,,1207.0000,1084.0000,1125.0000,1112.0000,1216.0000,1606.0000,138.054,162.710,154.607,157.200,66.744,41.385,1249,1138,1162,1156,1181,1670,41,107,0,51,0,15,1,1,1,1,1,1,4.9908,4.9908,4.9908,4.9908,2.9084,4.5916,1225.9546,1112.2464,1149.7921,1137.2581,1180.6722,1637.1822,1,on,1
1786106955.681646,1,1,,1195.0000,1077.0000,1118.0000,1105.0000,1212.0000,1610.0000,140.503,164.267,156.035,158.564,68.162,40.410,1247,1125,1162,1151,1181,1668,60,0,39,0,0,12,1,1,1,1,1,1,4.9908,4.9908,4.9908,4.9908,2.9084,4.5916,1225.9546,1103.0004,1141.1984,1128.4117,1186.7489,1637.1822,1,on,1
1786106955.717794,1,1,,1193.0000,1081.0000,1121.0000,1103.0000,1211.0000,1609.0000,141.019,163.286,155.390,158.916,68.554,40.760,1239,1125,1159,1149,1181,1661,22,95,8,68,0,19,1,1,1,1,0,1,4.9908,4.9908,4.9908,4.9908,2.9084,4.5916,1225.9546,1103.0004,1141.1984,1128.4117,1186.7489,1637.1822,0,on,1
1786106955.749625,1,1,,1191.0000,1077.0000,1122.0000,1109.0000,1210.0000,1615.0000,141.417,164.115,155.195,157.731,68.838,39.367,1237,1115,1159,1139,1181,1656,63,79,25,44,13,15,1,1,1,1,0,1,4.9908,4.9908,4.9908,4.9908,2.9084,4.5916,1216.4400,1103.0004,1141.1984,1128.4117,1186.7489,1630.2501,1,on,1
1786106955.781692,1,1,,1195.0000,1082.0000,1119.0000,1108.0000,1211.0000,1610.0000,140.628,163.271,155.852,157.990,68.380,40.488,1236,1113,1158,1136,1181,1654,45,61,30,24,13,0,1,1,1,1,0,1,4.9908,4.9908,4.9908,4.9908,2.9084,4.5916,1216.4400,1103.0004,1141.1984,1128.4117,1192.1514,1630.2501,1,on,1
1786106955.817620,1,1,,1201.0000,1090.0000,1125.0000,1115.0000,1206.0000,1614.0000,139.330,161.639,154.534,156.538,70.024,39.686,1235,1108,1158,1133,1181,1654,43,60,30,27,16,21,1,1,1,1,0,1,4.9908,4.9908,4.9908,4.9908,2.9084,4.5916,1216.4400,1103.0004,1141.1984,1128.4117,1192.1514,1630.2501,0,on,1
1786106955.849788,1,1,,1201.0000,1084.0000,1119.0000,1101.0000,1206.0000,1612.0000,139.397,162.703,155.832,159.460,70.129,40.025,1233,1105,1157,1130,1183,1651,44,44,33,0,26,18,1,1,1,1,0,1,4.9908,4.9908,4.9908,4.9908,2.9084,4.5916,1216.4400,1103.0004,1141.1984,1128.4117,1192.1514,1630.2501,0,on,1
1786106955.881669,1,1,,1193.0000,1074.0000,1118.0000,1102.0000,1214.0000,1597.0000,140.961,164.853,156.024,159.194,67.476,43.241,1233,1104,1156,1130,1185,1649,39,0,26,0,29,16,1,1,1,1,0,1,4.9908,4.9908,4.9908,4.9908,2.9084,4.5916,1216.4400,1095.3161,1141.1984,1120.5589,1192.1514,1630.2501,1,on,1
1786106955.917660,1,1,,1186.0000,1076.0000,1115.0000,1110.0000,1211.0000,1600.0000,142.332,164.402,156.517,157.576,68.269,42.655,1231,1104,1155,1130,1188,1648,36,0,44,0,20,12,1,1,1,1,0,1,4.9908,4.9908,4.9908,4.9908,2.9084,4.5916,1216.4400,1095.3161,1132.9435,1120.5589,1192.1514,1622.5264,1,on,1
1786106955.949739,1,1,,1183.0000,1076.0000,1120.0000,1116.0000,1205.0000,1606.0000,142.913,164.429,155.493,156.395,70.631,41.359,1230,1104,1151,1130,1189,1647,31,31,0,29,20,0,1,1,1,1,0,1,4.9908,4.9908,4.9908,4.9908,2.9084,4.5916,1207.7354,1095.3161,1132.9435,1120.5589,1192.1514,1622.5264,1,on,1
1786106955.981656,1,1,,1195.0000,1075.0000,1121.0000,1113.0000,1208.0000,1615.0000,140.482,164.567,155.403,157.067,69.449,39.297,1227,1103,1150,1126,1191,1642,37,56,34,19,15,23,1,1,1,1,0,1,4.9908,4.9908,4.9908,4.9908,2.9084,4.5916,1207.7354,1095.3161,1132.9435,1120.5589,1197.0179,1622.5264,1,on,1
1786106956.017715,1,1,,1202.0000,1099.0000,1136.0000,1132.0000,1200.0000,1619.0000,139.221,159.866,152.340,153.068,72.227,38.583,1226,1100,1150,1126,1191,1638,48,0,37,30,19,39,1,1,1,1,0,1,4.9908,4.9908,4.9908,4.9908,2.9084,4.5916,1207.7354,1095.3161,1132.9435,1120.5589,1197.0179,1622.5264,0,on,1
1786106956.049765,1,1,,1213.0000,1097.0000,1136.0000,1123.0000,1192.0000,1618.0000,136.960,160.221,152.323,154.917,74.901,38.788,1225,1100,1149,1126,1192,1633,39,29,35,26,17,19,1,1,1,1,0,1,4.9908,4.9908,4.9908,4.9908,2.9084,4.5916,1207.7354,1095.3161,1132.9435,1120.5589,1197.0179,1622.5264,0,on,1
1786106956.081684,1,1,,1204.0000,1081.0000,1135.0000,1122.0000,1205.0000,1600.0000,138.641,163.342,152.537,155.224,70.320,42.552,1222,1100,1148,1125,1193,1629,36,33,32,46,17,24,1,1,1,1,0,1,4.9908,4.9908,4.9908,4.9908,2.9084,4.5916,1207.7354,1095.3161,1132.9435,1120.5589,1197.0179,1622.5264,0,on,1
1786106956.117744,1,1,,1221.0000,1100.0000,1138.0000,1118.0000,1201.0000,1626.0000,135.419,159.561,151.939,155.928,72.020,37.005,1221,1100,1147,1121,1194,1626,63,47,35,15,18,14,1,1,1,1,0,1,4.9908,4.9908,4.9908,4.9908,2.9084,4.5916,1207.7354,1095.3161,1132.9435,1120.5589,1197.0179,1622.5264,0,on,1
1786106956.149675,1,1,,1212.0000,1096.0000,1142.0000,1130.0000,1197.0000,1601.0000,137.202,160.460,151.071,153.497,73.079,42.336,1219,1099,1147,1121,1195,1625,0,48,35,0,0,0,1,1,1,1,0,1,4.9908,4.9908,4.9908,4.9908,2.9084,4.5916,1207.7354,1095.3161,1132.9435,1120.5589,1197.0179,1622.5264,0,on,1
1786106956.181715,1,1,,1214.0000,1095.0000,1130.0000,1118.0000,1199.0000,1632.0000,136.684,160.672,153.528,155.979,72.604,35.735,1219,1097,1147,1122,1195,1625,64,42,37,0,0,0,1,1,1,1,0,1,4.9908,4.9908,4.9908,4.9908,2.9084,4.5916,1207.7354,1095.3161,1132.9435,1120.5589,1197.0179,1622.5264,0,on,1
1786106956.217705,1,1,,1206.0000,1106.0000,1151.0000,1140.0000,1186.0000,1639.0000,138.395,158.280,149.444,151.512,76.958,34.103,1217,1096,1147,1122,1195,1625,35,39,39,0,0,0,1,1,1,1,0,1,4.9908,4.9908,4.9908,4.9908,2.9084,4.5916,1207.7354,1095.3161,1132.9435,1120.5589,1197.0179,1622.5264,0,on,1
1786106956.249713,1,1,,1251.0000,1131.0000,1168.0000,1150.0000,1175.0000,1649.0000,129.383,153.460,145.919,149.518,80.954,31.983,1217,1096,1147,1121,1195,1625,58,0,36,0,0,0,1,1,1,1,0,1,4.9908,4.9908,4.9908,4.9908,2.9084,4.5916,1207.7354,1095.3161,1132.9435,1120.5589,1197.0179,1622.5264,0,on,1
1786106956.281658,1,1,,1225.0000,1108.0000,1156.0000,1142.0000,1174.0000,1624.0000,134.573,157.976,148.431,151.099,81.141,37.332,1212,1096,1146,1122,1195,1625,47,0,24,0,0,0,1,1,1,1,0,1,4.9908,4.9908,4.9908,4.9908,2.9084,4.5916,1207.7354,1095.3161,1132.9435,1120.5589,1197.0179,1622.5264,0,on,1
1786106956.317714,1,1,,1244.0000,1104.0000,1148.0000,1125.0000,1177.0000,1641.0000,130.774,158.686,149.869,154.507,80.185,33.770,1210,1096,1143,1122,1195,1625,0,0,23,0,0,0,1,1,1,1,0,1,4.9908,4.9908,4.9908,4.9908,2.9084,4.5916,1207.7354,1095.3161,1132.9435,1120.5589,1197.0179,1622.5264,0,on,1
1786106956.349626,1,1,,1213.0000,1111.0000,1167.0000,1148.0000,1159.0000,1661.0000,136.947,157.356,146.123,150.037,86.127,29.363,1210,1096,1142,1121,1195,1625,0,0,44,0,0,0,1,1,1,1,0,1,4.9908,4.9908,4.9908,4.9908,2.9084,4.5916,1207.7354,1095.3161,1132.9435,1120.5589,1190.8917,1622.5264,1,on,1
1786106956.381623,1,1,,1229.0000,1116.0000,1155.0000,1141.0000,1155.0000,1658.0000,133.640,156.281,148.625,151.406,87.743,30.070,1210,1096,1138,1122,1195,1625,0,0,20,0,0,0,1,1,1,1,1,1,4.9908,4.9908,4.9908,4.9908,2.9084,4.5916,1207.7354,1095.3161,1140.7214,1120.5589,1190.8917,1622.5264,1,on,1
1786106956.417593,1,1,,1222.0000,1113.0000,1170.0000,1159.0000,1166.0000,1662.0000,135.147,156.993,145.506,147.834,83.898,29.050,1210,1096,1138,1122,1195,1626,0,0,0,0,0,0,1,1,0,1,1,1,4.9908,4.9908,4.9908,4.9908,2.9084,4.5916,1207.7354,1095.3161,1140.7214,1128.9647,1185.6179,1632.2615,1,on,1
1786106956.449687,1,1,,1230.0000,1113.0000,1156.0000,1137.0000,1151.0000,1680.0000,133.552,156.920,148.358,152.090,89.007,25.246,1210,1096,1138,1122,1195,1625,0,0,0,0,0,0,1,1,0,0,1,0,4.9908,4.9908,4.9908,4.9908,2.9084,4.5916,1215.8387,1095.3161,1140.7214,1128.9647,1185.6179,1632.2615,1,on,1
1786106956.481715,1,1,,1203.0000,1101.0000,1169.0000,1149.0000,1162.0000,1669.0000,138.854,159.373,145.745,149.790,85.323,27.563,1210,1096,1138,1122,1195,1626,0,0,0,0,30,0,0,1,0,0,1,0,4.9908,4.9908,4.9908,4.9908,2.9084,4.5916,1215.8387,1095.3161,1140.7214,1128.9647,1180.7522,1640.9595,1,on,1
1786106956.517808,1,1,,1239.0000,1116.0000,1151.0000,1133.0000,1153.0000,1661.0000,131.818,156.468,149.373,152.942,88.506,29.251,1210,1096,1138,1125,1193,1625,26,0,13,18,59,17,0,1,0,0,1,0,4.9908,4.9908,4.9908,4.9908,2.9084,4.5916,1215.8387,1095.3161,1140.7214,1128.9647,1180.7522,1640.9595,0,on,1
1786106956.549629,1,1,,1208.0000,1106.0000,1176.0000,1159.0000,1159.0000,1719.0000,137.899,158.398,144.342,147.755,86.194,16.827,1210,1096,1139,1129,1189,1628,37,0,12,0,74,68,0,1,0,1,1,0,4.9908,4.9908,4.9908,4.9908,2.9084,4.5916,1215.8387,1095.3161,1140.7214,1128.9647,1180.7522,1653.5038,1,on,1
1786106956.581612,1,1,,1216.0000,1119.0000,1177.0000,1166.0000,1154.0000,1733.0000,136.382,155.816,144.147,146.251,88.183,13.625,1216,1096,1142,1129,1184,1635,0,0,0,0,44,41,0,1,1,1,1,0,4.9908,4.9908,4.9908,4.9908,2.9084,4.5916,1215.8387,1095.3161,1150.4144,1128.9647,1175.1016,1667.0953,1,on,1
1786106956.617671,1,1,,1246.0000,1139.0000,1181.0000,1179.0000,1160.0000,1683.0000,130.348,151.804,143.354,143.792,85.998,24.492,1216,1096,1142,1129,1183,1638,0,0,20,0,0,46,0,1,0,1,1,0,4.9908,4.9908,4.9908,4.9908,2.9084,4.5916,1215.8387,1104.8201,1150.4144,1140.0402,1175.1016,1667.0953,1,on,1
1786106956.649710,1,1,,1287.0000,1187.0000,1203.0000,1236.0000,1150.0000,1734.0000,122.114,142.111,138.961,132.339,89.343,13.422,1216,1096,1145,1129,1183,1643,0,0,16,0,0,30,0,0,0,0,1,0,4.9908,4.9908,4.9908,4.9908,2.9084,4.5916,1226.0289,1116.4235,1158.7646,1156.0088,1175.1016,1678.5867,1,on,1
1786106956.681629,1,1,,1286.0000,1264.0000,1242.0000,1332.0000,1189.0000,1697.0000,122.330,126.704,131.170,113.117,75.946,21.593,1216,1096,1150,1129,1183,1647,0,8,14,0,8,31,0,0,0,0,1,0,4.9908,4.9908,4.9908,4.9908,2.9084,4.5916,1234.2803,1150.6294,1172.0380,1202.6824,1175.1016,1678.5867,1,on,1
1786106956.717618,1,1,,1385.0000,1351.0000,1352.0000,1476.0000,1267.0000,1696.0000,102.570,109.378,109.012,84.140,48.992,21.793,1219,1096,1153,1135,1183,1655,34,33,18,35,23,49,0,0,0,0,1,0,4.9908,4.9908,4.9908,4.9908,2.9084,4.5916,1271.2238,1215.8846,1222.1763,1307.9958,1184.6136,1678.5867,1,on,1
1786106956.749645,1,1,,1621.0000,1538.0000,1536.0000,1548.0000,1310.0000,1766.0000,55.109,71.827,72.173,69.790,34.261,6.475,1230,1109,1162,1150,1181,1663,31,66,12,50,45,0,0,0,0,0,0,0,4.9908,4.9908,4.9908,4.9908,2.9084,4.5916,1409.6062,1347.8369,1344.0084,1402.5248,1209.7966,1694.3779,1,on,1
1786106956.781697,1,1,,1666.0000,1689.0000,1714.0000,1687.0000,1283.0000,1835.0000,46.089,41.585,36.600,41.905,43.511,-8.634,1238,1128,1167,1174,1180,1668,58,85,49,38,0,87,0,0,0,0,0,0,4.9908,4.9908,4.9908,4.9908,2.9084,4.5916,1517.5136,1506.2961,1516.6529,1525.6782,1224.2682,1726.5864,1,on,1
1786106956.817707,1,1,,1639.0000,1694.0000,1746.0000,1711.0000,1294.0000,1756.0000,51.649,40.480,30.110,37.190,39.842,8.681,1252,1152,1183,1191,1181,1681,70,65,65,50,27,33,0,0,0,0,0,0,4.9908,4.9908,4.9908,4.9908,2.9084,4.5916,1563.7884,1589.5458,1622.9325,1604.0118,1238.4262,1726.5864,1,on,1
1786106956.849592,1,0,handedness unsure,1675.0000,1730.0000,1769.0000,1716.0000,1293.0000,1757.0000,44.355,33.432,25.433,36.187,40.194,8.489,1270,1172,1202,1211,1182,1693,79,61,71,46,47,105,0,0,0,0,0,0,4.9908,4.9908,4.9908,4.9908,2.9084,4.5916,1598.9482,1641.8036,1679.5578,1642.3655,1238.4262,1726.5864,1,on,1
1786106956.881620,1,1,,1684.0000,1757.0000,1782.0000,1725.0000,1291.0000,1722.0000,42.521,27.888,23.024,34.390,40.904,16.147,1284,1186,1216,1224,1186,1704,79,65,56,48,53,44,0,0,0,0,0,0,4.9908,4.9908,4.9908,4.9908,2.9084,4.5916,1622.4100,1679.9779,1713.7207,1666.3995,1247.3226,1726.5864,1,on,1
1786106956.917675,1,1,,1680.0000,1736.0000,1766.0000,1713.0000,1300.0000,1727.0000,43.339,32.125,26.095,36.747,37.954,14.935,1303,1204,1238,1244,1191,1712,74,45,62,44,50,49,0,0,0,0,0,0,4.9908,4.9908,4.9908,4.9908,2.9084,4.5916,1636.2506,1695.4558,1728.0876,1677.6214,1256.2606,1726.5864,1,on,1
1786106956.949587,1,1,,1682.0000,1745.0000,1754.0000,1724.0000,1286.0000,1711.0000,42.919,30.309,28.577,34.490,42.545,18.537,1319,1222,1257,1261,1195,1718,77,58,66,45,37,28,0,0,0,0,0,0,4.9908,4.9908,4.9908,4.9908,2.9084,4.5916,1644.6174,1705.7179,1728.0876,1686.1431,1256.2606,1726.5864,1,on,1
1786106956.981645,1,1,,1693.0000,1747.0000,1759.0000,1731.0000,1295.0000,1731.0000,40.755,30.031,27.528,33.135,39.554,14.016,1338,1239,1275,1274,1200,1718,60,62,52,47,33,27,0,0,0,0,0,0,4.9908,4.9908,4.9908,4.9908,2.9084,4.5916,1652.5746,1705.7179,1736.6222,1686.1431,1264.2128,1726.5864,1,on,1
1786106957.017606,1,1,,1683.0000,1746.0000,1759.0000,1724.0000,1286.0000,1723.0000,42.710,30.061,27.473,34.589,42.484,15.777,1354,1256,1293,1292,1202,1720,76,63,60,41,32,45,0,0,0,0,0,0,4.9908,4.9908,4.9908,4.9908,2.9084,4.5916,1652.5746,1717.8132,1736.6222,1697.7121,1264.2128,1726.5864,1,on,1
1786106957.049414,1,1,,1693.0000,1748.0000,1759.0000,1731.0000,1285.0000,1724.0000,40.755,29.825,27.463,33.060,42.915,15.561,1373,1276,1308,1311,1205,1722,61,43,65,32,33,18,0,0,0,0,0,0,4.9908,4.9908,4.9908,4.9908,2.9084,4.5916,1661.2622,1717.8132,1736.6222,1697.7121,1264.2128,1726.5864,1,on,1
1786106957.081551,1,1,,1679.0000,1741.0000,1754.0000,1734.0000,1283.0000,1724.0000,43.663,31.146,28.520,32.537,43.558,15.582,1383,1284,1319,1321,1207,1722,60,56,53,27,49,22,0,0,0,0,0,0,4.9908,4.9908,4.9908,4.9908,2.9084,4.5916,1661.2622,1717.8132,1736.6222,1697.7121,1269.0398,1726.5864,1,on,1
1786106957.117625,1,1,,1675.0000,1735.0000,1757.0000,1729.0000,1285.0000,1719.0000,44.442,32.433,27.842,33.524,42.822,16.812,1399,1302,1336,1339,1210,1722,58,57,51,41,29,32,0,0,0,0,0,0,4.9908,4.9908,4.9908,4.9908,2.9084,4.5916,1661.2622,1717.8132,1736.6222,1707.5909,1269.0398,1726.5864,1,on,1
1786106957.149746,1,1,,1692.0000,1742.0000,1757.0000,1737.0000,1281.0000,1719.0000,40.864,30.943,27.948,31.949,44.299,16.644,1415,1316,1353,1351,1214,1722,61,66,57,57,33,39,0,0,0,0,0,0,4.9908,4.9908,4.9908,4.9908,2.9084,4.5916,1661.2622,1725.3859,1736.6222,1707.5909,1269.0398,1726.5864,1,on,1
1786106957.181710,1,1,,1678.0000,1735.0000,1760.0000,1738.0000,1282.0000,1717.0000,43.836,32.276,27.318,31.779,44.144,17.184,1431,1333,1369,1372,1217,1723,54,60,63,31,27,37,0,0,0,0,0,0,4.9908,4.9908,4.9908,4.9908,2.9084,4.5916,1661.2622,1725.3859,1744.7788,1707.5909,1269.0398,1726.5864,1,on,1
1786106957.217742,1,1,,1696.0000,1750.0000,1761.0000,1736.0000,1280.0000,1719.0000,40.186,29.246,27.161,32.098,44.821,16.817,1447,1350,1384,1386,1220,1726,67,60,63,44,29,31,0,0,0,0,0,0,4.9908,4.9908,4.9908,4.9908,2.9084,4.5916,1669.2879,1725.3859,1744.7788,1707.5909,1269.0398,1726.5864,1,on,1
1786106957.249667,1,1,,1681.0000,1734.0000,1765.0000,1738.0000,1283.0000,1723.0000,43.169,32.640,26.395,31.745,43.775,15.791,1464,1366,1401,1401,1223,1727,59,58,50,42,29,0,0,0,0,0,0,1,4.9908,4.9908,4.9908,4.9908,2.9084,4.5916,1669.2879,1725.3859,1744.7788,1716.7153,1269.0398,1726.5864,1,on,1
1786106957.281638,1,1,,1692.0000,1746.0000,1761.0000,1747.0000,1279.0000,1722.0000,40.998,30.082,27.176,29.848,45.117,16.128,1479,1382,1416,1420,1225,1727,58,61,57,34,35,0,0,0,0,0,0,1,4.9908,4.9908,4.9908,4.9908,2.9084,4.5916,1669.2879,1725.3859,1744.7788,1716.7153,1269.0398,1726.5864,0,on,1
1786106957.317824,1,1,,1685.0000,1747.0000,1770.0000,1741.0000,1282.0000,1723.0000,42.429,29.985,25.359,31.045,44.144,15.855,1496,1398,1434,1432,1230,1727,70,61,48,47,28,0,0,0,0,0,0,1,4.9908,4.9908,4.9908,4.9908,2.9084,4.5916,1669.2879,1725.3859,1744.7788,1716.7153,1269.0398,1726.5864,0,on,1
1786106957.349602,1,1,,1678.0000,1742.0000,1759.0000,1752.0000,1279.0000,1719.0000,43.708,30.850,27.465,28.970,45.011,16.695,1508,1408,1444,1444,1232,1728,70,51,56,52,27,0,0,0,0,0,0,1,4.9908,4.9908,4.9908,4.9908,2.9084,4.5916,1669.2879,1725.3859,1744.7788,1716.7153,1269.0398,1726.5864,0,on,1
1786106957.381431,1,1,,1680.0000,1742.0000,1765.0000,1743.0000,1281.0000,1725.0000,43.315,30.966,26.345,30.648,44.234,15.360,1524,1425,1460,1460,1234,1727,75,66,61,60,31,0,0,0,0,0,0,1,4.9908,4.9908,4.9908,4.9908,2.9084,4.5916,1669.2879,1725.3859,1744.7788,1725.2806,1269.0398,1726.5864,1,on,1
1786106957.417732,1,1,,1673.0000,1749.0000,1755.0000,1748.0000,1277.0000,1717.0000,44.772,29.460,28.377,29.687,45.883,17.229,1542,1442,1480,1479,1238,1727,66,58,44,36,29,0,0,0,0,0,0,1,4.9908,4.9908,4.9908,4.9908,2.9084,4.5916,1669.2879,1725.3859,1744.7788,1725.2806,1269.0398,1726.5864,0,on,1
1786106957.449764,1,1,,1676.0000,1742.0000,1765.0000,1745.0000,1280.0000,1721.0000,44.135,30.888,26.373,30.390,44.709,16.378,1559,1457,1495,1495,1241,1728,69,71,50,29,29,0,0,0,0,0,0,1,4.9908,4.9908,4.9908,4.9908,2.9084,4.5916,1669.2879,1725.3859,1744.7788,1725.2806,1273.5620,1726.5864,1,on,1
1786106957.485665,1,1,,1683.0000,1743.0000,1759.0000,1749.0000,1278.0000,1719.0000,42.792,30.694,27.439,29.458,45.276,16.635,1576,1474,1510,1512,1243,1728,78,71,50,35,36,0,0,0,0,0,0,1,4.9908,4.9908,4.9908,4.9908,2.9084,4.5916,1669.2879,1733.1613,1744.7788,1725.2806,1273.5620,1726.5864,1,on,1
1786106957.517706,1,1,,1680.0000,1746.0000,1763.0000,1755.0000,1281.0000,1719.0000,43.331,30.077,26.650,28.389,44.323,16.815,1593,1491,1527,1529,1247,1728,72,62,58,34,37,0,0,0,0,0,0,1,4.9908,4.9908,4.9908,4.9908,2.9084,4.5916,1669.2879,1733.1613,1744.7788,1725.2806,1273.5620,1726.5864,0,on,1
1786106957.549679,1,1,,1685.0000,1742.0000,1760.0000,1749.0000,1278.0000,1718.0000,42.448,31.023,27.365,29.584,45.229,16.923,1606,1502,1538,1538,1249,1728,70,57,58,28,25,0,0,0,0,0,0,1,4.9908,4.9908,4.9908,4.9908,2.9084,4.5916,1669.2879,1733.1613,1752.4550,1732.8712,1273.5620,1726.5864,1,on,1
1786106957.581750,1,1,,1689.0000,1744.0000,1763.0000,1751.0000,1280.0000,1719.0000,41.615,30.515,26.824,29.140,44.549,16.746,1624,1519,1557,1558,1253,1727,74,61,52,47,28,0,0,0,0,0,0,1,4.9908,4.9908,4.9908,4.9908,2.9084,4.5916,1669.2879,1733.1613,1752.4550,1732.8712,1273.5620,1726.5864,0,on,1
1786106957.617607,1,1,,1687.0000,1744.0000,1760.0000,1757.0000,1279.0000,1707.0000,42.012,30.490,27.428,27.866,45.093,19.233,1644,1536,1574,1575,1255,1727,65,63,63,57,35,0,0,0,0,0,0,1,4.9908,4.9908,4.9908,4.9908,2.9084,4.5916,1669.2879,1733.1613,1752.4550,1732.8712,1273.5620,1726.5864,0,on,1
1786106957.649640,1,1,,1685.0000,1742.0000,1761.0000,1759.0000,1279.0000,1703.0000,42.437,30.908,27.087,27.522,44.921,20.244,1658,1553,1592,1594,1259,1727,0,60,59,49,30,0,0,0,0,0,0,1,4.9908,4.9908,4.9908,4.9908,2.9084,4.5916,1669.2879,1733.1613,1752.4550,1732.8712,1273.5620,1726.5864,0,on,1
1786106957.681682,1,1,,1687.0000,1736.0000,1760.0000,1748.0000,1284.0000,1702.0000,41.897,32.117,27.237,29.645,43.458,20.526,1661,1572,1608,1609,1261,1727,27,59,64,58,35,0,0,0,0,0,0,1,4.9908,4.9908,4.9908,4.9908,2.9084,4.5916,1669.2879,1733.1613,1752.4550,1732.8712,1273.5620,1726.5864,0,on,1
1786106957.717708,1,1,,1689.0000,1743.0000,1771.0000,1750.0000,1283.0000,1699.0000,41.613,30.730,25.055,29.266,43.612,21.027,1662,1591,1628,1629,1265,1727,0,47,61,43,31,0,0,0,0,0,0,1,4.9908,4.9908,4.9908,4.9908,2.9084,4.5916,1669.2879,1733.1613,1752.4550,1732.8712,1273.5620,1726.5864,0,on,1
1786106957.749710,1,1,,1697.0000,1743.0000,1764.0000,1753.0000,1278.0000,1701.0000,39.934,30.774,26.564,28.699,45.243,20.707,1664,1606,1647,1647,1268,1728,18,61,57,51,32,0,0,0,0,0,0,1,4.9908,4.9908,4.9908,4.9908,2.9084,4.5916,1677.8076,1733.1613,1752.4550,1732.8712,1273.5620,1719.2288,1,on,1
1786106957.781698,1,1,,1688.0000,1745.0000,1759.0000,1750.0000,1278.0000,1705.0000,41.705,30.345,27.556,29.348,45.384,19.875,1667,1620,1659,1661,1269,1727,23,63,65,52,0,0,0,0,0,0,0,1,4.9908,4.9908,4.9908,4.9908,2.9084,4.5916,1677.8076,1733.1613,1752.4550,1732.8712,1273.5620,1719.2288,0,on,1
1786106957.817593,1,1,,1688.0000,1741.0000,1760.0000,1753.0000,1277.0000,1701.0000,41.744,31.070,27.267,28.738,45.627,20.608,1671,1637,1680,1678,1269,1728,20,68,63,39,23,0,0,0,0,0,0,1,4.9908,4.9908,4.9908,4.9908,2.9084,4.5916,1677.8076,1733.1613,1752.4550,1740.6128,1273.5620,1719.2288,1,on,1
1786106957.849689,1,1,,1687.0000,1743.0000,1764.0000,1750.0000,1278.0000,1705.0000,41.891,30.722,26.563,29.305,45.224,19.737,1676,1655,1698,1699,1271,1727,15,84,61,40,18,0,0,0,0,0,0,1,4.9908,4.9908,4.9908,4.9908,2.9084,4.5916,1677.8076,1733.1613,1752.4550,1740.6128,1273.5620,1719.2288,0,on,1
1786106957.881627,1,1,,1693.0000,1743.0000,1765.0000,1762.0000,1279.0000,1695.0000,40.664,30.780,26.417,27.020,44.969,21.955,1676,1675,1718,1716,1272,1728,14,67,59,55,0,13,0,0,0,0,0,1,4.9908,4.9908,4.9908,4.9908,2.9084,4.5916,1677.8076,1733.1613,1752.4550,1740.6128,1273.5620,1719.2288,0,on,1
1786106957.917711,1,1,,1695.0000,1744.0000,1766.0000,1756.0000,1282.0000,1692.0000,40.344,30.624,26.113,28.206,44.142,22.701,1677,1696,1738,1732,1272,1728,0,71,65,0,0,14,1,0,0,0,0,1,4.9908,4.9908,4.9908,4.9908,2.9084,4.5916,1677.8076,1733.1613,1752.4550,1740.6128,1273.5620,1719.2288,0,on,1
1786106957.949621,1,1,,1698.0000,1742.0000,1771.0000,1759.0000,1280.0000,1692.0000,39.771,30.919,25.151,27.575,44.826,22.686,1677,1714,1744,1734,1272,1728,0,83,15,23,0,14,1,0,0,0,0,1,4.9908,4.9908,4.9908,4.9908,2.9084,4.5916,1677.8076,1733.1613,1752.4550,1740.6128,1273.5620,1712.0953,1,on,1
1786106957.981637,1,1,,1694.0000,1733.0000,1768.0000,1762.0000,1280.0000,1689.0000,40.582,32.683,25.730,27.001,44.850,23.309,1677,1726,1746,1737,1272,1728,0,25,24,0,0,47,1,0,0,0,0,1,4.9908,4.9908,4.9908,4.9908,2.9084,4.5916,1677.8076,1733.1613,1752.4550,1740.6128,1273.5620,1712.0953,0,on,1
1786106958.017691,1,1,,1695.0000,1744.0000,1764.0000,1761.0000,1282.0000,1698.0000,40.403,30.628,26.587,27.213,44.121,21.306,1677,1728,1753,1738,1272,1716,8,0,13,0,0,26,1,0,0,0,0,1,4.9908,4.9908,4.9908,4.9908,2.9084,4.5916,1677.8076,1733.1613,1752.4550,1740.6128,1273.5620,1712.0953,0,on,1
1786106958.049736,1,1,,1695.0000,1741.0000,1760.0000,1759.0000,1279.0000,1702.0000,40.440,31.178,27.340,27.518,45.014,20.368,1677,1729,1754,1737,1272,1713,18,22,0,0,0,12,1,0,1,0,0,1,4.9908,4.9908,4.9908,4.9908,2.9084,4.5916,1677.8076,1733.1613,1752.4550,1740.6128,1273.5620,1712.0953,0,on,1
1786106958.085623,1,1,,1692.0000,1746.0000,1762.0000,1762.0000,1278.0000,1698.0000,41.007,30.090,27.013,26.953,45.461,21.290,1677,1733,1754,1737,1272,1713,0,21,0,0,0,0,1,0,1,0,0,1,4.9908,4.9908,4.9908,4.9908,2.9084,4.5916,1677.8076,1733.1613,1752.4550,1740.6128,1273.5620,1712.0953,0,on,1
1786106958.117732,1,1,,1688.0000,1738.0000,1752.0000,1759.0000,1279.0000,1698.0000,41.721,31.733,28.892,27.512,45.138,21.329,1677,1735,1754,1737,1272,1712,0,0,0,8,0,0,1,1,1,0,0,1,4.9908,4.9908,4.9908,4.9908,2.9084,4.5916,1677.8076,1733.1613,1752.4550,1740.6128,1273.5620,1712.0953,0,on,1
1786106958.149632,1,1,,1693.0000,1742.0000,1757.0000,1755.0000,1278.0000,1700.0000,40.730,31.011,27.847,28.346,45.332,20.758,1677,1735,1754,1740,1272,1712,0,0,0,13,0,0,1,1,1,0,0,1,4.9908,4.9908,4.9908,4.9908,2.9084,4.5916,1677.8076,1733.1613,1752.4550,1748.2834,1273.5620,1712.0953,1,on,1
1786106958.181712,1,1,,1686.0000,1737.0000,1752.0000,1749.0000,1273.0000,1702.0000,42.215,31.896,28.982,29.500,47.022,20.500,1677,1735,1754,1742,1272,1712,0,0,0,0,0,0,1,1,1,0,0,1,4.9908,4.9908,4.9908,4.9908,2.9084,4.5916,1677.8076,1733.1613,1752.4550,1748.2834,1273.5620,1712.0953,0,on,1
1786106958.217691,1,1,,1685.0000,1739.0000,1754.0000,1753.0000,1274.0000,1695.0000,42.425,31.484,28.602,28.657,46.620,21.851,1677,1735,1754,1742,1272,1712,0,0,0,34,0,0,1,1,1,0,0,1,4.9908,4.9908,4.9908,4.9908,2.9084,4.5916,1677.8076,1733.1613,1752.4550,1748.2834,1273.5620,1712.0953,0,on,1
1786106958.249683,1,1,,1682.0000,1735.0000,1745.0000,1753.0000,1270.0000,1700.0000,42.879,32.330,30.416,28.797,48.268,20.895,1677,1735,1754,1746,1272,1713,0,0,0,21,0,0,1,1,1,0,0,1,4.9908,4.9908,4.9908,4.9908,2.9084,4.5916,1677.8076,1733.1613,1752.4550,1748.2834,1273.5620,1712.0953,0,on,1
1786106958.281685,1,1,,1676.0000,1732.0000,1738.0000,1747.0000,1266.0000,1700.0000,44.103,32.998,31.815,29.888,49.369,20.874,1677,1735,1754,1749,1272,1712,0,0,0,0,0,0,1,1,1,0,0,1,4.9908,4.9908,4.9908,4.9908,2.9084,4.5916,1677.8076,1733.1613,1752.4550,1748.2834,1273.5620,1712.0953,0,on,1
1786106958.317691,1,1,,1686.0000,1745.0000,1749.0000,1749.0000,1265.0000,1702.0000,42.240,30.274,29.508,29.437,49.948,20.450,1677,1735,1754,1749,1272,1712,0,0,0,0,0,0,1,1,1,0,0,1,4.9908,4.9908,4.9908,4.9908,2.9084,4.5916,1677.8076,1733.1613,1752.4550,1748.2834,1273.5620,1712.0953,0,on,1
1786106958.349689,1,1,,1683.0000,1744.0000,1746.0000,1752.0000,1263.0000,1699.0000,42.818,30.554,30.094,28.932,50.610,21.142,1677,1735,1754,1749,1272,1712,0,0,0,0,0,0,1,1,1,0,0,1,4.9908,4.9908,4.9908,4.9908,2.9084,4.5916,1677.8076,1733.1613,1752.4550,1748.2834,1273.5620,1712.0953,0,on,1
1786106958.381680,1,1,,1689.0000,1723.0000,1723.0000,1730.0000,1254.0000,1694.0000,41.472,34.816,34.793,33.304,53.673,22.143,1677,1735,1754,1749,1272,1712,0,0,0,26,0,0,1,1,1,0,0,1,4.9908,4.9908,4.9908,4.9908,2.9084,4.5916,1677.8076,1733.1613,1752.4550,1748.2834,1273.5620,1712.0953,0,on,1
1786106958.417622,1,1,,1677.0000,1676.0000,1671.0000,1689.0000,1270.0000,1715.0000,43.912,44.202,45.138,41.625,48.242,17.628,1677,1735,1754,1751,1272,1712,0,0,0,0,0,0,1,1,1,1,0,1,4.9908,4.9908,4.9908,4.9908,2.9084,4.5916,1677.8076,1733.1613,1741.3102,1748.2834,1273.5620,1712.0953,1,on,1
1786106958.450879,1,1,,1530.0000,1535.0000,1562.0000,1579.0000,1296.0000,1647.0000,73.457,72.451,66.916,63.687,39.082,32.362,1677,1735,1754,1751,1272,1712,0,0,0,0,0,0,1,1,1,1,0,1,4.9908,4.9908,4.9908,4.9908,2.9084,4.5916,1654.7526,1681.2863,1695.0784,1704.9480,1273.5620,1700.7879,1,on,1
1786106958.485710,1,1,,1422.0000,1408.0000,1398.0000,1436.0000,1242.0000,1627.0000,94.997,97.944,99.867,92.169,57.847,36.670,1677,1735,1754,1751,1272,1712,0,0,36,16,0,0,1,1,1,1,0,1,4.9908,4.9908,4.9908,4.9908,2.9084,4.5916,1579.5399,1579.1853,1579.7260,1607.9593,1273.5620,1690.2162,1,on,1
1786106958.517695,1,1,,1350.0000,1320.0000,1295.0000,1346.0000,1215.0000,1565.0000,109.472,115.520,120.431,110.261,66.913,50.263,1677,1733,1744,1746,1272,1709,26,93,118,98,0,30,1,1,1,1,0,1,4.9908,4.9908,4.9908,4.9908,2.9084,4.5916,1496.3093,1475.1119,1459.9416,1503.9648,1266.8597,1663.9923,1,on,1
1786106958.549662,1,1,,1268.0000,1194.0000,1173.0000,1234.0000,1214.0000,1532.0000,125.910,140.820,144.892,132.665,67.326,57.533,1666,1708,1721,1719,1272,1698,112,96,95,78,0,31,1,1,1,1,1,1,4.9908,4.9908,4.9908,4.9908,2.9084,4.5916,1407.2740,1352.8417,1331.6584,1388.5157,1260.3893,1630.7949,1,on,1
1786106958.581707,1,1,,1240.0000,1179.0000,1176.0000,1246.0000,1163.0000,1601.0000,131.593,143.739,144.352,130.224,84.829,42.476,1654,1689,1702,1703,1272,1688,115,98,88,73,19,68,1,1,1,1,1,1,4.9908,4.9908,4.9908,4.9908,2.9084,4.5916,1344.9481,1282.7535,1269.1206,1334.0227,1242.9307,1630.7949,1,on,1
1786106958.617711,1,1,,1219.0000,1155.0000,1147.0000,1193.0000,1146.0000,1580.0000,135.822,148.645,150.189,140.973,90.674,47.048,1629,1666,1676,1676,1272,1669,106,85,84,72,55,72,1,1,1,1,1,1,4.9908,4.9908,4.9908,4.9908,2.9084,4.5916,1300.5929,1235.1228,1224.1091,1282.1996,1221.7946,1617.3258,1,on,1
1786106958.649727,1,1,,1223.0000,1144.0000,1154.0000,1224.0000,1156.0000,1605.0000,134.846,150.836,148.848,134.644,87.407,41.574,1608,1641,1654,1653,1268,1646,93,86,91,52,62,0,1,1,1,1,1,1,4.9908,4.9908,4.9908,4.9908,2.9084,4.5916,1279.1842,1207.9433,1204.4261,1266.4105,1209.3156,1617.3258,1,on,1
1786106958.681811,1,1,,1213.0000,1143.0000,1147.0000,1202.0000,1141.0000,1627.0000,136.862,150.902,150.100,139.068,92.649,36.682,1586,1621,1634,1630,1264,1643,100,83,82,55,54,23,1,1,1,1,1,1,4.9908,4.9908,4.9908,4.9908,2.9084,4.5916,1263.5723,1191.7790,1191.1206,1251.4948,1196.5344,1617.3258,1,on,1
1786106958.717716,1,1,,1219.0000,1158.0000,1157.0000,1227.0000,1140.0000,1650.0000,135.769,147.902,148.238,134.112,96.749,31.827,1564,1599,1612,1613,1259,1638,90,78,67,61,53,16,1,1,1,1,1,1,4.9908,4.9908,4.9908,4.9908,2.9084,4.5916,1254.5619,1191.7790,1191.1206,1251.4948,1186.1509,1617.3258,1,on,1
1786106958.755225,1,1,,1233.0000,1152.0000,1147.0000,1213.0000,1140.0000,1641.0000,132.984,149.087,150.079,136.927,99.636,33.810,1545,1581,1596,1595,1255,1636,86,81,86,67,48,14,1,1,1,1,1,1,4.9908,4.9908,4.9908,4.9908,2.9084,4.5916,1254.5619,1179.7203,1178.6799,1242.0015,1178.5536,1617.3258,1,on,1
1786106958.781740,1,1,,1233.0000,1169.0000,1160.0000,1194.0000,1140.0000,1658.0000,133.014,145.774,147.540,140.644,100.710,30.007,1533,1570,1583,1579,1253,1635,98,72,69,55,45,12,1,1,1,1,1,1,4.9908,4.9908,4.9908,4.9908,2.9084,4.5916,1254.5619,1179.7203,1178.6799,1242.0015,1173.9571,1617.3258,1,on,1
1786106958.817711,1,1,,1233.0000,1155.0000,1155.0000,1184.0000,1140.0000,1657.0000,132.959,148.496,148.520,142.682,102.945,30.221,1509,1545,1559,1559,1247,1635,71,76,74,50,38,0,1,1,1,1,1,1,4.9908,4.9908,4.9908,4.9908,2.9084,4.5916,1254.5619,1179.7203,1178.6799,1228.1584,1169.4649,1625.3134,1,on,1
1786106958.849705,1,1,,1231.0000,1145.0000,1150.0000,1164.0000,1140.0000,1659.0000,133.314,150.603,149.619,146.666,102.708,29.800,1499,1533,1547,1548,1246,1635,92,67,70,74,43,0,1,1,1,1,1,1,4.9908,4.9908,4.9908,4.9908,2.9084,4.5916,1246.8841,1179.7203,1178.6799,1218.1951,1169.4649,1625.3134,1,on,1
1786106958.885889,1,1,,1248.0000,1178.0000,1161.0000,1228.0000,1140.0000,1669.0000,129.982,143.980,147.374,134.000,104.387,27.573,1482,1516,1530,1530,1243,1635,92,79,74,45,49,0,1,1,1,1,1,1,4.9908,4.9908,4.9908,4.9908,2.9084,4.5916,1246.8841,1179.7203,1178.6799,1218.1951,1163.5469,1633.2160,1,on,1
1786106958.917602,1,1,,1243.0000,1156.0000,1161.0000,1209.0000,1140.0000,1664.0000,130.908,148.258,147.430,137.789,102.016,28.735,1465,1500,1513,1514,1240,1635,82,86,74,69,47,0,1,1,1,1,1,1,4.9908,4.9908,4.9908,4.9908,2.9084,4.5916,1246.8841,1179.7203,1171.0691,1218.1951,1163.5469,1633.2160,1,on,1
1786106958.949756,1,1,,1235.0000,1157.0000,1156.0000,1218.0000,1140.0000,1652.0000,132.503,148.136,148.343,135.901,102.850,31.269,1449,1484,1497,1496,1236,1635,90,80,82,65,36,0,1,1,1,1,1,1,4.9908,4.9908,4.9908,4.9908,2.9084,4.5916,1246.8841,1171.8706,1171.0691,1218.1951,1163.5469,1633.2160,1,on,1
1786106958.985742,1,1,,1259.0000,1181.0000,1160.0000,1220.0000,1140.0000,1640.0000,127.693,143.263,147.539,135.544,104.316,33.926,1434,1464,1480,1479,1233,1635,88,62,93,69,43,0,1,1,1,1,1,1,4.9908,4.9908,4.9908,4.9908,2.9084,4.5916,1246.8841,1171.8706,1171.0691,1218.1951,1158.2212,1633.2160,1,on,1
1786106959.017735,1,1,,1248.0000,1171.0000,1159.0000,1224.0000,1140.0000,1652.0000,130.008,145.298,147.800,134.813,102.897,31.252,1423,1457,1468,1468,1231,1635,93,89,73,58,40,0,1,1,1,1,1,1,4.9908,4.9908,4.9908,4.9908,2.9084,4.5916,1246.8841,1171.8706,1171.0691,1218.1951,1158.2212,1633.2160,0,on,1
1786106959.049725,1,1,,1235.0000,1156.0000,1156.0000,1195.0000,1140.0000,1619.0000,132.546,148.364,148.324,140.481,100.959,38.398,1405,1438,1452,1451,1227,1635,92,75,85,47,35,0,1,1,1,1,1,1,4.9908,4.9908,4.9908,4.9908,2.9084,4.5916,1246.8841,1171.8706,1171.0691,1218.1951,1158.2212,1633.2160,0,on,1
1786106959.081761,1,1,,1258.0000,1184.0000,1160.0000,1235.0000,1140.0000,1652.0000,128.002,142.770,147.560,132.494,102.029,31.340,1391,1421,1435,1435,1225,1635,103,88,80,50,43,0,1,1,1,1,1,1,4.9908,4.9908,4.9908,4.9908,2.9084,4.5916,1246.8841,1171.8706,1171.0691,1218.1951,1158.2212,1633.2160,0,on,1
1786106959.117653,1,1,,1250.0000,1182.0000,1164.0000,1239.0000,1140.0000,1671.0000,129.491,143.165,146.843,131.713,104.119,27.209,1374,1405,1420,1419,1222,1635,91,78,88,74,44,0,1,1,1,1,1,1,4.9908,4.9908,4.9908,4.9908,2.9084,4.5916,1246.8841,1171.8706,1171.0691,1218.1951,1158.2212,1640.6986,1,on,1
1786106959.149621,1,1,,1248.0000,1172.0000,1158.0000,1198.0000,1140.0000,1651.0000,129.873,145.076,148.020,140.004,102.568,31.480,1364,1395,1407,1407,1219,1635,80,82,86,57,47,0,1,1,1,1,1,0,4.9908,4.9908,4.9908,4.9908,2.9084,4.5916,1246.8841,1171.8706,1171.0691,1218.1951,1153.2627,1640.6986,1,on,1
1786106959.185590,1,1,,1247.0000,1171.0000,1160.0000,1221.0000,1140.0000,1645.0000,130.191,145.276,147.552,135.281,102.474,32.750,1340,1374,1387,1386,1215,1635,106,80,82,64,38,0,1,1,1,1,1,0,4.9908,4.9908,4.9908,4.9908,2.9084,4.5916,1246.8841,1171.8706,1171.0691,1218.1951,1153.2627,1640.6986,0,on,1
1786106959.217582,1,1,,1263.0000,1186.0000,1165.0000,1223.0000,1140.0000,1665.0000,126.898,142.309,146.625,135.022,102.549,28.568,1330,1362,1375,1375,1214,1635,91,79,76,65,48,0,1,1,1,1,1,0,4.9908,4.9908,4.9908,4.9908,2.9084,4.5916,1246.8841,1171.8706,1171.0691,1218.1951,1153.2627,1640.6986,0,on,1
1786106959.249715,1,1,,1251.0000,1175.0000,1166.0000,1236.0000,1140.0000,1671.0000,129.244,144.462,146.367,132.330,103.596,27.151,1316,1347,1359,1360,1210,1635,116,95,79,76,38,0,1,1,1,1,1,0,4.9908,4.9908,4.9908,4.9908,2.9084,4.5916,1246.8841,1171.8706,1171.0691,1218.1951,1153.2627,1640.6986,0,on,1
1786106959.281712,1,1,,1267.0000,1195.0000,1173.0000,1236.0000,1140.0000,1667.0000,126.181,140.521,145.033,132.374,104.853,28.038,1298,1329,1341,1344,1207,1635,118,81,67,86,45,15,1,1,1,1,1,0,4.9908,4.9908,4.9908,4.9908,2.9084,4.5916,1246.8841,1171.8706,1171.0691,1218.1951,1153.2627,1640.6986,0,on,1
1786106959.317627,1,1,,1268.0000,1187.0000,1171.0000,1246.0000,1140.0000,1651.0000,125.861,142.059,145.335,130.363,104.348,31.599,1279,1313,1325,1326,1204,1635,98,91,81,57,48,0,1,1,1,1,1,0,4.9908,4.9908,4.9908,4.9908,2.9084,4.5916,1246.8841,1171.8706,1171.0691,1218.1951,1153.2627,1640.6986,0,on,1
1786106959.349634,1,1,,1260.0000,1184.0000,1165.0000,1230.0000,1140.0000,1667.0000,127.490,142.662,146.488,133.535,104.733,28.099,1270,1304,1317,1316,1202,1635,101,81,79,62,51,14,1,1,1,1,1,0,4.9908,4.9908,4.9908,4.9908,2.9084,4.5916,1246.8841,1171.8706,1171.0691,1218.1951,1153.2627,1647.7679,1,on,1
1786106959.381761,1,1,,1262.0000,1185.0000,1174.0000,1241.0000,1140.0000,1668.0000,127.197,142.471,144.695,131.238,103.675,27.903,1259,1286,1298,1299,1198,1634,0,86,81,61,40,27,1,1,1,1,1,0,4.9908,4.9908,4.9908,4.9908,2.9084,4.5916,1246.8841,1171.8706,1171.0691,1218.1951,1153.2627,1647.7679,0,on,1
1786106959.417759,1,1,,1253.0000,1178.0000,1162.0000,1222.0000,1140.0000,1652.0000,128.942,144.022,147.062,135.157,103.074,31.252,1257,1267,1281,1282,1195,1641,47,81,84,64,46,39,1,1,1,1,1,0,4.9908,4.9908,4.9908,4.9908,2.9084,4.5916,1246.8841,1171.8706,1171.0691,1218.1951,1153.2627,1647.7679,0,on,1
1786106959.449720,1,1,,1260.0000,1182.0000,1159.0000,1233.0000,1140.0000,1650.0000,127.568,143.186,147.836,132.852,103.088,31.803,1256,1252,1266,1266,1192,1646,10,88,85,57,35,21,1,1,1,1,1,0,4.9908,4.9908,4.9908,4.9908,2.9084,4.5916,1246.8841,1171.8706,1171.0691,1218.1951,1148.7473,1647.7679,1,on,1
1786106959.481691,1,1,,1258.0000,1179.0000,1170.0000,1230.0000,1140.0000,1670.0000,127.922,143.667,145.571,133.593,103.325,27.349,1255,1236,1250,1248,1189,1646,50,93,95,63,47,22,1,1,1,1,1,0,4.9908,4.9908,4.9908,4.9908,2.9084,4.5916,1246.8841,1171.8706,1171.0691,1218.1951,1148.7473,1647.7679,0,on,1
1786106959.517685,1,1,,1256.0000,1182.0000,1162.0000,1231.0000,1140.0000,1664.0000,128.280,143.148,147.175,133.390,103.029,28.805,1252,1220,1232,1231,1186,1647,22,113,89,21,46,21,1,1,1,1,1,1,4.9908,4.9908,4.9908,4.9908,2.9084,4.5916,1246.8841,1171.8706,1171.0691,1218.1951,1148.7473,1647.7679,0,on,1
1786106959.549690,1,1,,1265.0000,1187.0000,1174.0000,1252.0000,1140.0000,1681.0000,126.448,142.082,144.776,129.160,106.171,25.033,1252,1205,1220,1229,1184,1646,25,81,94,22,46,25,1,1,1,1,1,0,4.9908,4.9908,4.9908,4.9908,2.9084,4.5916,1246.8841,1171.8706,1171.0691,1218.1951,1148.7473,1647.7679,0,on,1
1786106959.581725,1,1,,1269.0000,1194.0000,1172.0000,1261.0000,1140.0000,1651.0000,125.614,140.755,145.061,127.231,103.055,31.536,1252,1190,1204,1228,1181,1647,29,103,93,0,47,24,1,1,1,1,1,1,4.9908,4.9908,4.9908,4.9908,2.9084,4.5916,1246.8841,1171.8706,1171.0691,1228.4418,1148.7473,1647.7679,1,on,1
1786106959.617645,1,1,,1267.0000,1189.0000,1176.0000,1244.0000,1140.0000,1669.0000,126.203,141.670,144.376,130.805,103.553,27.695,1252,1184,1186,1227,1178,1647,37,30,92,24,53,29,1,1,1,0,1,1,4.9908,4.9908,4.9908,4.9908,2.9084,4.5916,1246.8841,1171.8706,1171.0691,1228.4418,1148.7473,1647.7679,0,on,1
1786106959.649699,1,1,,1291.0000,1213.0000,1174.0000,1284.0000,1140.0000,1660.0000,121.233,136.855,144.828,122.780,104.393,29.636,1251,1180,1184,1227,1175,1648,36,28,37,0,51,0,1,1,1,0,1,1,4.9908,4.9908,4.9908,4.9908,2.9084,4.5916,1256.3470,1180.1466,1171.0691,1228.4418,1148.7473,1647.7679,1,on,1
1786106959.681753,1,1,,1270.0000,1189.0000,1176.0000,1249.0000,1140.0000,1670.0000,125.416,141.647,144.391,129.748,104.043,27.444,1250,1180,1181,1227,1171,1648,17,0,25,0,47,0,0,0,1,0,1,1,4.9908,4.9908,4.9908,4.9908,2.9084,4.5916,1256.3470,1180.1466,1171.0691,1236.5792,1148.7473,1654.7409,1,on,1
1786106959.717721,1,1,,1274.0000,1202.0000,1173.0000,1255.0000,1140.0000,1673.0000,124.799,139.143,144.905,128.618,104.569,26.710,1250,1180,1180,1227,1168,1648,36,0,0,0,54,0,0,0,1,0,1,0,4.9908,4.9908,4.9908,4.9908,2.9084,4.5916,1256.3470,1180.1466,1171.0691,1236.5792,1148.7473,1654.7409,0,on,1
1786106959.749681,1,1,,1282.0000,1210.0000,1186.0000,1246.0000,1140.0000,1673.0000,123.063,137.536,142.410,130.405,105.576,26.703,1254,1180,1180,1227,1166,1648,14,0,29,13,52,0,0,0,1,0,1,0,4.9908,4.9908,4.9908,4.9908,2.9084,4.5916,1256.3470,1180.1466,1171.0691,1236.5792,1148.7473,1654.7409,0,on,1
1786106959.781681,1,1,,1270.0000,1188.0000,1169.0000,1262.0000,1140.0000,1661.0000,125.413,142.002,145.846,127.178,102.886,29.387,1258,1180,1177,1227,1163,1648,0,0,28,13,53,0,1,0,1,0,1,0,4.9908,4.9908,4.9908,4.9908,2.9084,4.5916,1256.3470,1180.1466,1171.0691,1236.5792,1148.7473,1654.7409,0,on,1
1786106959.822949,1,1,,1277.0000,1193.0000,1179.0000,1245.0000,1140.0000,1686.0000,124.106,140.847,143.737,130.607,106.092,23.974,1258,1180,1174,1231,1158,1648,0,0,26,16,46,30,1,0,1,0,1,0,4.9908,4.9908,4.9908,4.9908,2.9084,4.5916,1256.3470,1180.1466,1171.0691,1236.5792,1148.7473,1654.7409,0,on,1
1786106959.849676,1,1,,1281.0000,1200.0000,1175.0000,1279.0000,1140.0000,1656.0000,123.265,139.550,144.576,123.633,103.690,30.499,1258,1180,1174,1235,1157,1649,0,0,27,0,52,34,1,0,1,0,1,0,4.9908,4.9908,4.9908,4.9908,2.9084,4.5916,1256.3470,1180.1466,1171.0691,1236.5792,1148.7473,1654.7409,0,on,1
1786106959.881728,1,1,,1278.0000,1193.0000,1176.0000,1239.0000,1140.0000,1691.0000,124.005,140.997,144.411,131.766,106.486,22.909,1258,1180,1174,1235,1153,1649,0,0,26,0,45,0,1,0,1,0,1,0,4.9908,4.9908,4.9908,4.9908,2.9084,4.5916,1256.3470,1180.1466,1171.0691,1236.5792,1148.7473,1654.7409,0,on,1
1786106959.917663,1,1,,1280.0000,1201.0000,1176.0000,1281.0000,1140.0000,1669.0000,123.463,139.404,144.302,123.331,104.779,27.597,1259,1180,1174,1235,1151,1649,0,15,28,0,0,29,1,0,1,0,1,0,4.9908,4.9908,4.9908,4.9908,2.9084,4.5916,1264.5713,1180.1466,1171.0691,1245.9848,1148.7473,1654.7409,1,on,1
1786106959.949681,1,1,,1272.0000,1198.0000,1179.0000,1242.0000,1140.0000,1687.0000,125.171,139.886,143.794,131.160,104.341,23.596,1259,1180,1174,1235,1151,1649,0,15,0,0,22,37,0,0,1,0,1,0,4.9908,4.9908,4.9908,4.9908,2.9084,4.5916,1264.5713,1180.1466,1171.0691,1245.9848,1148.7473,1663.1646,1,on,1
1786106959.981715,1,1,,1275.0000,1199.0000,1177.0000,1268.0000,1140.0000,1661.0000,124.433,139.781,144.109,125.822,102.926,29.280,1258,1180,1174,1235,1150,1652,18,16,0,0,33,29,0,0,1,0,1,0,4.9908,4.9908,4.9908,4.9908,2.9084,4.5916,1264.5713,1180.1466,1171.0691,1245.9848,1148.7473,1663.1646,0,on,1
1786106960.017699,1,1,,1274.0000,1196.0000,1173.0000,1264.0000,1140.0000,1691.0000,124.685,140.376,144.866,126.672,106.258,22.773,1261,1183,1174,1235,1149,1656,21,0,0,0,0,51,0,1,1,0,1,0,4.9908,4.9908,4.9908,4.9908,2.9084,4.5916,1264.5713,1187.9747,1171.0691,1245.9848,1148.7473,1663.1646,1,on,1
1786106960.049722,1,1,,1286.0000,1200.0000,1183.0000,1296.0000,1140.0000,1700.0000,122.343,139.471,143.036,120.392,106.176,20.765,1264,1184,1174,1235,1149,1662,17,0,0,12,0,30,0,0,1,0,1,0,4.9908,4.9908,4.9908,4.9908,2.9084,4.5916,1264.5713,1187.9747,1171.0691,1245.9848,1148.7473,1663.1646,0,on,1
1786106960.081722,1,1,,1277.0000,1201.0000,1180.0000,1276.0000,1140.0000,1703.0000,124.191,139.376,143.451,124.380,105.491,20.309,1265,1184,1174,1236,1149,1664,0,0,0,25,25,0,0,0,1,0,1,1,4.9908,4.9908,4.9908,4.9908,2.9084,4.5916,1264.5713,1187.9747,1171.0691,1254.6559,1148.7473,1671.0492,1,on,1
1786106960.117667,1,1,,1273.0000,1195.0000,1180.0000,1258.0000,1140.0000,1711.0000,124.825,140.533,143.498,127.992,105.661,18.542,1266,1184,1174,1244,1149,1664,0,16,0,0,26,0,1,0,1,0,1,0,4.9908,4.9908,4.9908,4.9908,2.9084,4.5916,1264.5713,1187.9747,1171.0691,1254.6559,1148.7473,1671.0492,0,on,1
1786106960.149680,1,1,,1282.0000,1194.0000,1177.0000,1271.0000,1140.0000,1665.0000,123.168,140.663,144.172,125.259,102.545,28.511,1266,1188,1174,1245,1148,1664,0,0,0,27,29,0,1,0,1,0,1,0,4.9908,4.9908,4.9908,4.9908,2.9084,4.5916,1264.5713,1187.9747,1171.0691,1254.6559,1148.7473,1671.0492,0,on,1
1786106960.186953,1,1,,1284.0000,1203.0000,1175.0000,1269.0000,1140.0000,1657.0000,122.666,138.991,144.532,125.805,102.840,30.263,1266,1188,1174,1249,1147,1664,0,0,0,17,20,0,1,0,1,0,1,0,4.9908,4.9908,4.9908,4.9908,2.9084,4.5916,1264.5713,1187.9747,1171.0691,1254.6559,1148.7473,1671.0492,0,on,1
1786106960.217641,1,1,,1289.0000,1209.0000,1175.0000,1275.0000,1140.0000,1670.0000,121.612,137.827,144.494,124.514,103.480,27.348,1266,1188,1174,1253,1147,1664,0,0,0,0,0,38,1,0,1,0,1,0,4.9908,4.9908,4.9908,4.9908,2.9084,4.5916,1264.5713,1187.9747,1171.0691,1254.6559,1144.3500,1671.0492,1,on,1
1786106960.254928,1,1,,1278.0000,1200.0000,1179.0000,1251.0000,1140.0000,1688.0000,123.842,139.613,143.676,129.270,105.434,23.543,1266,1188,1174,1256,1147,1665,0,0,0,0,0,0,1,0,1,1,1,0,4.9908,4.9908,4.9908,4.9908,2.9084,4.5916,1264.5713,1187.9747,1171.0691,1254.6559,1144.3500,1671.0492,0,on,1
1786106960.281595,1,1,,1272.0000,1196.0000,1171.0000,1245.0000,1140.0000,1679.0000,125.178,140.399,145.424,130.429,105.163,25.489,1266,1188,1174,1257,1147,1665,0,0,0,0,27,30,1,0,1,1,1,0,4.9908,4.9908,4.9908,4.9908,2.9084,4.5916,1264.5713,1187.9747,1171.0691,1254.6559,1144.3500,1671.0492,0,on,1
1786106960.322955,1,1,,1283.0000,1204.0000,1177.0000,1274.0000,1140.0000,1677.0000,122.956,138.771,144.221,124.743,104.410,25.837,1266,1188,1174,1257,1146,1668,0,13,0,0,45,35,1,0,1,1,1,0,4.9908,4.9908,4.9908,4.9908,2.9084,4.5916,1264.5713,1187.9747,1171.0691,1254.6559,1144.3500,1671.0492,0,on,1
1786106960.349662,1,1,,1282.0000,1204.0000,1180.0000,1269.0000,1140.0000,1684.0000,123.009,138.770,143.631,125.731,105.169,24.445,1266,1189,1174,1257,1145,1670,0,0,0,0,25,27,1,1,1,1,1,0,4.9908,4.9908,4.9908,4.9908,2.9084,4.5916,1264.5713,1187.9747,1171.0691,1254.6559,1144.3500,1671.0492,0,on,1
1786106960.381699,1,1,,1290.0000,1212.0000,1180.0000,1273.0000,1140.0000,1658.0000,121.553,137.039,143.571,124.990,105.706,29.975,1266,1189,1174,1257,1145,1670,0,0,0,0,30,27,1,1,1,1,1,0,4.9908,4.9908,4.9908,4.9908,2.9084,4.5916,1272.4431,1187.9747,1171.0691,1254.6559,1144.3500,1671.0492,1,on,1
1786106960.417691,1,1,,1273.0000,1198.0000,1176.0000,1253.0000,1140.0000,1660.0000,124.949,139.971,144.445,128.952,104.657,29.539,1266,1189,1174,1257,1145,1671,0,0,0,0,38,0,0,1,1,1,1,1,4.9908,4.9908,4.9908,4.9908,2.9084,4.5916,1272.4431,1187.9747,1171.0691,1254.6559,1144.3500,1671.0492,0,on,1
1786106960.449676,1,1,,1276.0000,1203.0000,1167.0000,1253.0000,1140.0000,1660.0000,124.259,139.034,146.067,128.928,104.721,29.535,1267,1189,1174,1257,1145,1671,28,0,0,0,37,0,0,1,1,1,1,1,4.9908,4.9908,4.9908,4.9908,2.9084,4.5916,1272.4431,1187.9747,1171.0691,1254.6559,1144.3500,1671.0492,0,on,1
1786106960.481867,1,1,,1270.0000,1202.0000,1176.0000,1252.0000,1140.0000,1638.0000,125.557,139.072,144.370,129.094,102.624,34.413,1272,1189,1174,1257,1144,1671,18,0,0,0,38,0,0,1,1,1,1,1,4.9908,4.9908,4.9908,4.9908,2.9084,4.5916,1272.4431,1187.9747,1171.0691,1254.6559,1144.3500,1671.0492,0,on,1
1786106960.517673,1,1,,1285.0000,1216.0000,1173.0000,1291.0000,1140.0000,1620.0000,122.451,136.370,145.047,121.397,98.347,38.391,1274,1189,1174,1257,1144,1671,0,0,0,0,35,0,1,1,1,1,1,1,4.9908,4.9908,4.9908,4.9908,2.9084,4.5916,1272.4431,1195.6382,1171.0691,1254.6559,1144.3500,1671.0492,1,on,1
1786106960.549675,1,1,,1268.0000,1217.0000,1173.0000,1298.0000,1140.0000,1588.0000,126.011,136.102,144.949,119.909,92.938,45.335,1274,1189,1174,1257,1143,1671,0,0,0,0,35,0,1,0,1,1,1,1,4.9908,4.9908,4.9908,4.9908,2.9084,4.5916,1272.4431,1195.6382,1171.0691,1263.0164,1144.3500,1653.7096,1,on,1
1786106960.581670,1,1,,1299.0000,1271.0000,1238.0000,1296.0000,1147.0000,1625.0000,119.654,125.306,131.962,120.280,90.566,37.164,1274,1189,1174,1257,1143,1671,0,20,0,0,29,0,1,0,1,0,1,1,4.9908,4.9908,4.9908,4.9908,2.9084,4.5916,1272.4431,1206.2230,1178.8050,1263.0164,1144.3500,1653.7096,1,on,1
1786106960.617725,1,1,,1312.0000,1332.0000,1317.0000,1335.0000,1152.0000,1646.0000,117.132,113.153,116.068,112.506,88.844,32.526,1274,1192,1174,1257,1143,1671,0,15,0,29,0,0,1,0,0,0,1,1,4.9908,4.9908,4.9908,4.9908,2.9084,4.5916,1272.4431,1233.5928,1208.3900,1275.7789,1144.3500,1653.7096,1,on,1
1786106960.649722,1,1,,1383.0000,1480.0000,1511.0000,1546.0000,1176.0000,1621.0000,102.943,83.425,77.135,70.235,80.371,37.973,1274,1197,1174,1262,1143,1671,0,10,0,0,0,0,1,0,0,0,1,1,4.9908,4.9908,4.9908,4.9908,2.9084,4.5916,1294.6692,1314.2172,1317.2933,1361.4935,1144.3500,1653.7096,1,on,1
1786106960.681691,1,1,,1602.0000,1670.0000,1630.0000,1706.0000,1294.0000,1630.0000,59.058,45.370,53.384,38.186,39.983,36.184,1274,1202,1174,1264,1143,1671,0,60,52,43,0,0,0,0,0,0,1,1,4.9908,4.9908,4.9908,4.9908,2.9084,4.5916,1402.9442,1469.2044,1451.6787,1508.4647,1174.8780,1646.0722,1,on,1
1786106960.717644,1,1,,1588.0000,1704.0000,1715.0000,1742.0000,1290.0000,1658.0000,61.732,38.626,36.375,30.992,41.353,30.058,1278,1222,1189,1279,1143,1671,25,67,66,57,0,0,0,0,0,0,0,1,4.9908,4.9908,4.9908,4.9908,2.9084,4.5916,1472.5340,1574.3873,1572.1447,1611.7654,1202.9484,1646.0722,1,on,1
1786106960.755060,1,1,,1627.0000,1687.0000,1715.0000,1704.0000,1274.0000,1661.0000,53.971,41.949,36.427,38.502,46.752,29.346,1289,1239,1208,1297,1143,1671,65,69,69,41,22,20,0,0,0,0,0,1,4.9908,4.9908,4.9908,4.9908,2.9084,4.5916,1528.2434,1617.1578,1629.7369,1645.3091,1218.7849,1646.0722,1,on,1
1786106960.785666,1,1,,1645.0000,1703.0000,1721.0000,1696.0000,1280.0000,1673.0000,50.402,38.658,35.128,40.094,44.653,26.772,,,,,,,,,,,,,,,,,,,4.9908,4.9908,4.9908,4.9908,2.9084,4.5916,1563.0350,1641.8834,1657.6726,1658.1049,1229.8402,1646.0722,1,on,
1786106960.817678,1,1,,1643.0000,1715.0000,1718.0000,1711.0000,1270.0000,1676.0000,50.806,36.392,35.698,37.177,48.034,26.169,1317,1276,1245,1331,1147,1665,95,68,60,61,54,19,0,0,0,0,0,1,4.9908,4.9908,4.9908,4.9908,2.9084,4.5916,1584.3112,1660.4922,1673.1362,1669.4907,1236.2093,1646.0722,1,on,1
1786106960.849663,1,1,,1667.0000,1726.0000,1735.0000,1730.0000,1279.0000,1673.0000,45.945,34.168,32.274,33.349,44.928,26.832,1335,1294,1264,1346,1152,1663,61,59,62,58,49,30,0,0,0,0,0,1,4.9908,4.9908,4.9908,4.9908,2.9084,4.5916,1604.4061,1675.0322,1686.7441,1681.2460,1242.3886,1646.0722,1,on,1
1786106960.890941,1,1,,1659.0000,1736.0000,1737.0000,1734.0000,1271.0000,1678.0000,47.485,32.104,31.895,32.451,47.757,25.664,1363,1316,1289,1372,1158,1654,70,66,49,31,43,22,0,0,0,0,0,1,4.9908,4.9908,4.9908,4.9908,2.9084,4.5916,1616.9169,1688.5482,1697.2915,1691.5838,1242.3886,1653.9170,1,on,1
1786106960.917641,1,1,,1647.0000,1722.0000,1729.0000,1723.0000,1273.0000,1692.0000,50.030,34.903,33.620,34.787,47.138,22.658,1375,1328,1298,1380,1161,1653,64,70,67,53,36,20,0,0,0,0,0,1,4.9908,4.9908,4.9908,4.9908,2.9084,4.5916,1616.9169,1688.5482,1697.2915,1691.5838,1248.7162,1653.9170,1,on,1
1786106960.954945,1,1,,1655.0000,1726.0000,1732.0000,1734.0000,1276.0000,1689.0000,48.351,34.121,32.862,32.541,46.036,23.154,1421,1373,1345,1425,1169,1652,63,60,49,42,33,0,0,0,0,0,0,0,4.9908,4.9908,4.9908,4.9908,2.9084,4.5916,1625.9316,1697.7990,1705.5127,1700.8026,1248.7162,1653.9170,1,on,1
1786106961.031430,1,1,,1661.0000,1720.0000,1729.0000,1737.0000,1273.0000,1690.0000,47.180,35.421,33.580,31.978,47.030,23.034,1430,1383,1356,1434,1172,1652,59,65,58,47,27,0,0,0,0,0,0,0,4.9908,4.9908,4.9908,4.9908,2.9084,4.5916,1625.9316,1697.7990,1705.5127,1700.8026,1254.1244,1664.2787,1,on,1
1786106961.042052,1,1,,1651.0000,1715.0000,1736.0000,1727.0000,1273.0000,1691.0000,49.076,36.434,32.235,34.011,47.169,22.717,1436,1389,1362,1441,1173,1653,64,55,46,50,28,0,0,0,0,0,0,0,4.9908,4.9908,4.9908,4.9908,2.9084,4.5916,1625.9316,1697.7990,1705.5127,1700.8026,1254.1244,1664.2787,0,on,1
1786106961.052914,1,1,,1654.0000,1727.0000,1737.0000,1742.0000,1274.0000,1690.0000,48.525,34.044,32.006,30.848,46.811,23.137,1436,1389,1362,1441,1173,1653,66,70,42,45,31,0,0,0,0,0,0,0,4.9908,4.9908,4.9908,4.9908,2.9084,4.5916,1625.9316,1697.7990,1705.5127,1709.2122,1254.1244,1664.2787,1,on,1
1786106961.085713,1,1,,1650.0000,1723.0000,1734.0000,1736.0000,1269.0000,1682.0000,49.421,34.751,32.618,32.118,48.518,24.856,1451,1403,1378,1458,1176,1652,60,71,56,55,35,39,0,0,0,0,0,0,4.9908,4.9908,4.9908,4.9908,2.9084,4.5916,1634.8963,1697.7990,1713.6316,1709.2122,1254.1244,1664.2787,1,on,1
1786106961.117725,1,1,,1649.0000,1720.0000,1729.0000,1734.0000,1268.0000,1685.0000,49.537,35.421,33.473,32.513,48.686,24.098,1469,1421,1391,1472,1179,1652,69,61,64,55,31,27,0,0,0,0,0,0,4.9908,4.9908,4.9908,4.9908,2.9084,4.5916,1634.8963,1705.6297,1713.6316,1709.2122,1254.1244,1664.2787,1,on,1
1786106961.149717,1,1,,1650.0000,1714.0000,1723.0000,1735.0000,1265.0000,1683.0000,49.308,36.616,34.842,32.412,49.718,24.533,1484,1437,1407,1490,1182,1660,64,63,59,54,30,41,0,0,0,0,0,0,4.9908,4.9908,4.9908,4.9908,2.9084,4.5916,1634.8963,1705.6297,1713.6316,1709.2122,1254.1244,1664.2787,0,on,1
1786106961.185698,1,1,,1648.0000,1711.0000,1716.0000,1737.0000,1263.0000,1674.0000,49.786,37.226,36.179,31.996,50.569,26.613,1501,1454,1424,1509,1185,1665,61,58,60,15,29,0,0,0,0,0,0,1,4.9908,4.9908,4.9908,4.9908,2.9084,4.5916,1634.8963,1705.6297,1713.6316,1717.9434,1254.1244,1664.2787,1,on,1
1786106961.217696,1,1,,1649.0000,1710.0000,1712.0000,1742.0000,1260.0000,1668.0000,49.648,37.303,36.949,30.901,51.681,27.887,1518,1473,1441,1523,1188,1666,65,47,66,46,33,0,0,0,0,0,0,1,4.9908,4.9908,4.9908,4.9908,2.9084,4.5916,1634.8963,1705.6297,1713.6316,1717.9434,1254.1244,1664.2787,0,on,1
1786106961.249686,1,1,,1640.0000,1710.0000,1707.0000,1749.0000,1259.0000,1663.0000,51.383,37.396,37.937,29.466,51.967,28.942,1530,1480,1452,1534,1190,1666,70,60,55,42,35,0,0,0,0,0,0,1,4.9908,4.9908,4.9908,4.9908,2.9084,4.5916,1634.8963,1705.6297,1713.6316,1717.9434,1254.1244,1664.2787,0,on,1
1786106961.285795,1,1,,1642.0000,1714.0000,1721.0000,1752.0000,1256.0000,1667.0000,50.890,36.615,35.183,28.983,52.920,28.052,1547,1499,1469,1551,1194,1666,68,67,59,41,30,0,0,0,0,0,0,1,4.9908,4.9908,4.9908,4.9908,2.9084,4.5916,1634.8963,1705.6297,1713.6316,1717.9434,1254.1244,1664.2787,0,on,1
1786106961.317703,1,1,,1640.0000,1706.0000,1719.0000,1752.0000,1254.0000,1663.0000,51.388,38.191,35.545,28.989,53.496,28.989,1564,1514,1486,1568,1196,1666,74,66,60,62,31,0,0,0,0,0,0,1,4.9908,4.9908,4.9908,4.9908,2.9084,4.5916,1634.8963,1705.6297,1713.6316,1727.3356,1254.1244,1664.2787,1,on,1
1786106961.349711,1,1,,1647.0000,1706.0000,1720.0000,1750.0000,1257.0000,1666.0000,49.975,38.150,35.381,29.376,52.587,28.290,1582,1532,1502,1587,1200,1666,73,60,58,48,24,0,0,0,0,0,0,1,4.9908,4.9908,4.9908,4.9908,2.9084,4.5916,1634.8963,1705.6297,1713.6316,1727.3356,1254.1244,1664.2787,0,on,1
1786106961.381731,1,1,,1640.0000,1702.0000,1722.0000,1747.0000,1256.0000,1664.0000,51.431,39.004,35.045,29.898,53.086,28.641,1600,1548,1518,1607,1203,1666,68,73,65,35,30,0,0,0,0,0,0,1,4.9908,4.9908,4.9908,4.9908,2.9084,4.5916,1634.8963,1705.6297,1713.6316,1727.3356,1254.1244,1664.2787,0,on,1
1786106961.417695,1,1,,1636.0000,1697.0000,1722.0000,1738.0000,1260.0000,1656.0000,52.177,39.878,35.009,31.705,51.685,30.512,1618,1566,1536,1624,1206,1666,73,65,58,28,29,0,0,0,0,0,0,1,4.9908,4.9908,4.9908,4.9908,2.9084,4.5916,1634.8963,1705.6297,1713.6316,1727.3356,1254.1244,1664.2787,0,on,1
1786106961.449704,1,1,,1637.0000,1702.0000,1716.0000,1737.0000,1261.0000,1655.0000,51.918,39.009,36.222,32.024,51.058,30.562,1623,1579,1547,1634,1207,1666,25,63,58,25,43,0,0,0,0,0,0,1,4.9908,4.9908,4.9908,4.9908,2.9084,4.5916,1634.8963,1705.6297,1713.6316,1727.3356,1254.1244,1664.2787,0,on,1
1786106961.485730,1,1,,1649.0000,1708.0000,1721.0000,1743.0000,1262.0000,1659.0000,49.645,37.759,35.179,30.655,50.812,29.790,1627,1597,1565,1654,1211,1666,19,77,65,48,27,0,0,0,0,0,0,1,4.9908,4.9908,4.9908,4.9908,2.9084,4.5916,1634.8963,1705.6297,1713.6316,1727.3356,1254.1244,1664.2787,0,on,1
1786106961.517685,1,1,,1645.0000,1706.0000,1719.0000,1732.0000,1260.0000,1664.0000,50.329,38.055,35.563,32.990,51.513,28.655,1629,1615,1582,1671,1214,1666,18,66,56,66,36,0,0,0,0,0,0,1,4.9908,4.9908,4.9908,4.9908,2.9084,4.5916,1634.8963,1705.6297,1713.6316,1727.3356,1254.1244,1664.2787,0,on,1
1786106961.549651,1,1,,1642.0000,1704.0000,1715.0000,1746.0000,1257.0000,1666.0000,50.898,38.465,36.307,30.212,52.453,28.230,1630,1633,1599,1692,1218,1666,0,64,66,62,29,0,0,0,0,0,0,1,4.9908,4.9908,4.9908,4.9908,2.9084,4.5916,1634.8963,1705.6297,1713.6316,1727.3356,1254.1244,1664.2787,0,on,1
1786106961.581717,1,1,,1636.0000,1705.0000,1721.0000,1750.0000,1249.0000,1668.0000,52.180,38.314,35.213,29.392,55.454,27.897,1631,1652,1620,1715,1221,1666,0,65,57,51,32,0,0,0,0,0,0,1,4.9908,4.9908,4.9908,4.9908,2.9084,4.5916,1634.8963,1705.6297,1713.6316,1727.3356,1254.1244,1664.2787,0,on,1
1786106961.617769,1,1,,1630.0000,1696.0000,1717.0000,1741.0000,1252.0000,1661.0000,53.293,40.251,35.989,31.197,54.182,29.284,1631,1671,1638,1719,1224,1666,0,75,62,19,32,0,0,0,0,0,0,1,4.9908,4.9908,4.9908,4.9908,2.9084,4.5916,1634.8963,1705.6297,1713.6316,1727.3356,1254.1244,1664.2787,0,on,1
1786106961.649704,1,1,,1631.0000,1695.0000,1717.0000,1738.0000,1252.0000,1653.0000,53.270,40.258,35.957,31.764,54.456,30.996,1631,1685,1651,1722,1225,1666,0,0,56,0,39,0,0,0,0,0,0,1,4.9908,4.9908,4.9908,4.9908,2.9084,4.5916,1634.8963,1705.6297,1713.6316,1727.3356,1254.1244,1664.2787,0,on,1
1786106961.681744,1,1,,1639.0000,1703.0000,1719.0000,1731.0000,1257.0000,1655.0000,51.672,38.725,35.488,33.136,52.723,30.602,1631,1695,1671,1725,1229,1666,0,0,49,0,26,0,0,0,0,0,0,1,4.9908,4.9908,4.9908,4.9908,2.9084,4.5916,1634.8963,1705.6297,1713.6316,1727.3356,1254.1244,1664.2787,0,on,1
1786106961.717733,1,1,,1648.0000,1702.0000,1718.0000,1737.0000,1253.0000,1657.0000,49.696,38.971,35.720,32.013,53.982,30.194,1631,1698,1689,1725,1232,1666,0,27,62,0,26,0,0,0,0,0,0,1,4.9908,4.9908,4.9908,4.9908,2.9084,4.5916,1634.8963,1705.6297,1713.6316,1727.3356,1254.1244,1664.2787,0,on,1
1786106961.749707,1,1,,1648.0000,1705.0000,1723.0000,1746.0000,1256.0000,1653.0000,49.733,38.446,34.755,30.202,52.948,31.129,1631,1703,1703,1725,1235,1666,0,15,21,0,38,0,0,0,0,0,0,1,4.9908,4.9908,4.9908,4.9908,2.9084,4.5916,1634.8963,1705.6297,1713.6316,1727.3356,1254.1244,1664.2787,0,on,1
1786106961.781763,1,1,,1647.0000,1702.0000,1720.0000,1746.0000,1252.0000,1661.0000,50.059,38.992,35.437,30.049,54.478,29.294,1631,1704,1707,1725,1238,1666,0,0,17,0,37,0,0,0,0,0,0,1,4.9908,4.9908,4.9908,4.9908,2.9084,4.5916,1634.8963,1705.6297,1713.6316,1727.3356,1254.1244,1664.2787,0,on,1
1786106961.817675,1,1,,1644.0000,1704.0000,1719.0000,1745.0000,1253.0000,1665.0000,50.647,38.605,35.490,30.383,54.088,28.534,1631,1704,1712,1725,1242,1666,0,0,12,0,26,0,0,0,0,0,0,1,4.9908,4.9908,4.9908,4.9908,2.9084,4.5916,1634.8963,1705.6297,1713.6316,1734.9648,1254.1244,1664.2787,1,on,1
1786106961.849735,1,1,,1639.0000,1699.0000,1716.0000,1743.0000,1249.0000,1660.0000,51.504,39.571,36.246,30.709,55.250,29.483,1631,1704,1712,1725,1243,1667,0,0,0,0,37,0,0,0,0,0,0,1,4.9908,4.9908,4.9908,4.9908,2.9084,4.5916,1634.8963,1705.6297,1713.6316,1734.9648,1254.1244,1664.2787,0,on,1
1786106961.881690,1,1,,1637.0000,1700.0000,1713.0000,1740.0000,1249.0000,1665.0000,51.994,39.358,36.824,31.309,55.476,28.447,1631,1704,1712,1725,1246,1666,0,0,0,21,33,0,0,0,0,0,0,1,4.9908,4.9908,4.9908,4.9908,2.9084,4.5916,1634.8963,1705.6297,1713.6316,1734.9648,1254.1244,1664.2787,0,on,1
1786106961.917672,1,1,,1639.0000,1703.0000,1720.0000,1742.0000,1248.0000,1664.0000,51.672,38.681,35.327,30.893,55.825,28.661,1631,1704,1712,1735,1250,1666,21,0,0,0,0,0,0,0,0,0,0,1,4.9908,4.9908,4.9908,4.9908,2.9084,4.5916,1634.8963,1705.6297,1713.6316,1734.9648,1254.1244,1664.2787,0,on,1
1786106961.949658,1,1,,1639.0000,1703.0000,1723.0000,1744.0000,1254.0000,1660.0000,51.601,38.751,34.723,30.618,53.679,29.474,1632,1704,1712,1735,1250,1666,18,0,14,0,0,0,0,0,0,1,0,1,4.9908,4.9908,4.9908,4.9908,2.9084,4.5916,1634.8963,1705.6297,1713.6316,1734.9648,1254.1244,1664.2787,0,on,1
1786106961.985711,1,1,,1633.0000,1699.0000,1726.0000,1745.0000,1253.0000,1662.0000,52.751,39.494,34.185,30.265,54.113,29.103,1633,1704,1715,1735,1252,1666,0,0,0,0,15,0,0,0,1,1,0,1,4.9908,4.9908,4.9908,4.9908,2.9084,4.5916,1634.8963,1705.6297,1713.6316,1734.9648,1254.1244,1664.2787,0,on,1
1786106962.017659,1,1,,1631.0000,1700.0000,1720.0000,1755.0000,1248.0000,1668.0000,53.102,39.453,35.384,28.365,55.702,27.923,1633,1704,1715,1735,1253,1666,0,0,0,0,13,0,0,0,1,1,0,1,4.9908,4.9908,4.9908,4.9908,2.9084,4.5916,1634.8963,1705.6297,1713.6316,1734.9648,1254.1244,1664.2787,0,on,1
1786106962.049941,1,1,,1626.0000,1700.0000,1721.0000,1757.0000,1248.0000,1657.0000,54.242,39.332,35.219,27.915,55.831,30.239,1633,1704,1715,1735,1254,1666,8,0,0,0,0,0,0,0,1,1,1,1,4.9908,4.9908,4.9908,4.9908,2.9084,4.5916,1634.8963,1705.6297,1713.6316,1734.9648,1254.1244,1664.2787,0,on,1
1786106962.081954,1,1,,1622.0000,1686.0000,1719.0000,1748.0000,1253.0000,1652.0000,55.076,42.163,35.615,29.686,54.104,31.268,1633,1704,1715,1735,1254,1666,11,0,0,0,0,0,0,0,1,1,1,1,4.9908,4.9908,4.9908,4.9908,2.9084,4.5916,1634.8963,1705.6297,1713.6316,1734.9648,1254.1244,1664.2787,0,on,1
1786106962.117728,1,1,,1627.0000,1689.0000,1721.0000,1752.0000,1250.0000,1649.0000,53.886,41.565,35.246,28.986,55.164,31.929,1633,1704,1715,1735,1254,1666,22,0,0,0,0,0,0,0,1,1,1,1,4.9908,4.9908,4.9908,4.9908,2.9084,4.5916,1634.8963,1705.6297,1713.6316,1734.9648,1254.1244,1664.2787,0,on,1
1786106962.149699,1,1,,1631.0000,1695.0000,1719.0000,1747.0000,1250.0000,1650.0000,53.144,40.406,35.474,29.842,54.900,31.821,1633,1704,1715,1735,1254,1666,8,0,0,0,0,0,0,0,1,1,1,1,4.9908,4.9908,4.9908,4.9908,2.9084,4.5916,1634.8963,1705.6297,1713.6316,1734.9648,1254.1244,1664.2787,0,on,1
1786106962.185630,1,1,,1628.0000,1692.0000,1719.0000,1754.0000,1254.0000,1646.0000,53.713,40.995,35.543,28.576,53.566,32.726,1633,1704,1715,1735,1254,1666,12,0,0,0,0,0,0,0,1,1,1,1,4.9908,4.9908,4.9908,4.9908,2.9084,4.5916,1634.8963,1705.6297,1713.6316,1734.9648,1254.1244,1664.2787,0,on,1
1786106962.217616,1,1,,1633.0000,1691.0000,1713.0000,1748.0000,1257.0000,1648.0000,52.832,41.235,36.693,29.664,52.714,32.134,1633,1704,1715,1735,1254,1666,13,0,0,0,0,0,0,0,1,1,1,1,4.9908,4.9908,4.9908,4.9908,2.9084,4.5916,1634.8963,1705.6297,1713.6316,1734.9648,1254.1244,1664.2787,0,on,1
1786106962.249656,1,1,,1641.0000,1694.0000,1714.0000,1749.0000,1250.0000,1649.0000,51.103,40.512,36.643,29.523,54.876,31.961,1633,1704,1715,1735,1254,1666,0,0,0,0,0,0,0,0,1,1,1,1,4.9908,4.9908,4.9908,4.9908,2.9084,4.5916,1634.8963,1705.6297,1713.6316,1734.9648,1254.1244,1664.2787,0,on,1
1786106962.281453,1,1,,1663.0000,1697.0000,1705.0000,1729.0000,1243.0000,1661.0000,46.700,39.913,38.307,33.547,57.445,29.381,1633,1704,1715,1735,1254,1666,0,0,0,0,0,0,0,0,1,1,1,1,4.9908,4.9908,4.9908,4.9908,2.9084,4.5916,1634.8963,1705.6297,1713.6316,1734.9648,1254.1244,1664.2787,0,on,1
1786106962.317769,1,1,,1646.0000,1688.0000,1706.0000,1705.0000,1247.0000,1677.0000,50.160,41.776,38.245,38.291,56.087,25.828,1633,1703,1715,1735,1254,1666,0,0,0,0,0,0,0,0,1,1,1,1,4.9908,4.9908,4.9908,4.9908,2.9084,4.5916,1634.8963,1705.6297,1713.6316,1734.9648,1254.1244,1664.2787,0,on,1
1786106962.349722,1,1,,1609.0000,1655.0000,1659.0000,1683.0000,1262.0000,1679.0000,57.504,48.437,47.619,42.766,50.963,25.366,1633,1703,1715,1735,1254,1666,0,0,0,0,0,0,0,0,1,1,1,1,4.9908,4.9908,4.9908,4.9908,2.9084,4.5916,1634.8963,1697.0154,1713.6316,1734.9648,1254.1244,1664.2787,1,on,1
1786106962.385657,1,1,,1603.0000,1613.0000,1612.0000,1617.0000,1288.0000,1679.0000,58.812,56.696,56.966,55.961,41.973,25.341,1633,1704,1715,1735,1254,1666,0,0,0,0,0,0,0,1,1,1,1,1,4.9908,4.9908,4.9908,4.9908,2.9084,4.5916,1634.8963,1683.9530,1693.5111,1710.0723,1254.1244,1664.2787,1,on,1
1786106962.417604,1,1,,1494.0000,1524.0000,1477.0000,1524.0000,1306.0000,1641.0000,80.682,74.576,84.126,74.584,35.638,33.766,1633,1703,1715,1735,1254,1666,0,11,0,0,0,0,0,1,1,1,1,1,4.9908,4.9908,4.9908,4.9908,2.9084,4.5916,1607.5370,1645.2650,1630.2105,1658.2460,1261.1953,1664.2787,1,on,1
1786106962.449721,1,1,,1484.0000,1413.0000,1378.0000,1454.0000,1285.0000,1729.0000,82.604,96.838,103.927,88.703,43.076,14.461,1633,1703,1715,1735,1254,1666,0,35,15,32,0,0,1,1,1,1,0,1,4.9908,4.9908,4.9908,4.9908,2.9084,4.5916,1578.2377,1567.0323,1536.7981,1589.6338,1261.1953,1664.2787,1,on,1
1786106962.485632,1,1,,1368.0000,1310.0000,1282.0000,1389.0000,1248.0000,1705.0000,105.852,117.514,123.158,101.596,55.794,19.788,1633,1692,1708,1721,1254,1666,55,86,90,91,20,0,1,1,1,1,0,1,4.9908,4.9908,4.9908,4.9908,2.9084,4.5916,1508.0279,1462.3686,1429.2138,1514.2660,1261.1953,1672.2331,1,on,1
1786106962.517718,1,1,,1314.0000,1227.0000,1211.0000,1278.0000,1217.0000,1732.0000,116.644,134.172,137.396,123.867,66.296,13.876,1627,1681,1694,1706,1255,1666,107,79,76,90,16,0,1,1,1,1,0,0,4.9908,4.9908,4.9908,4.9908,2.9084,4.5916,1441.2638,1367.5734,1341.5109,1422.6432,1261.1953,1679.8726,1,on,1
1786106962.549718,1,1,,1252.0000,1191.0000,1172.0000,1187.0000,1201.0000,1692.0000,129.031,141.376,145.216,142.181,71.777,22.599,1604,1656,1670,1682,1256,1666,101,92,92,73,14,0,1,1,1,1,0,0,4.9908,4.9908,4.9908,4.9908,2.9084,4.5916,1373.3609,1299.6933,1277.0695,1326.8793,1253.7188,1679.8726,1,on,1
1786106962.581647,1,1,,1225.0000,1134.0000,1147.0000,1150.0000,1178.0000,1695.0000,134.487,152.728,150.221,149.487,79.715,21.899,1579,1635,1647,1659,1256,1668,95,90,90,76,0,62,1,1,1,1,1,0,4.9908,4.9908,4.9908,4.9908,2.9084,4.5916,1322.4966,1238.7415,1232.2408,1258.4586,1242.3201,1679.8726,1,on,1
1786106962.617596,1,1,,1214.0000,1118.0000,1133.0000,1131.0000,1176.0000,1713.0000,136.754,155.951,152.935,153.322,80.616,17.944,1556,1615,1625,1635,1256,1676,88,96,92,55,17,35,1,1,1,1,1,0,4.9908,4.9908,4.9908,4.9908,2.9084,4.5916,1287.5211,1196.9366,1200.7686,1212.2588,1230.8520,1679.8726,1,on,1
1786106962.649610,1,1,,1221.0000,1135.0000,1138.0000,1144.0000,1165.0000,1671.0000,135.333,152.624,151.894,150.779,84.122,27.146,1535,1594,1603,1614,1256,1677,95,93,81,45,67,25,1,1,1,1,1,0,4.9908,4.9908,4.9908,4.9908,2.9084,4.5916,1270.9249,1180.7911,1185.4951,1193.4390,1219.8813,1679.8726,1,on,1
1786106962.685436,1,1,,1215.0000,1119.0000,1126.0000,1144.0000,1166.0000,1713.0000,136.553,155.672,154.301,150.769,83.999,18.090,1517,1575,1585,1597,1252,1677,84,88,82,64,67,26,1,1,1,1,1,0,4.9908,4.9908,4.9908,4.9908,2.9084,4.5916,1258.5442,1166.3519,1172.3625,1181.9401,1210.7799,1679.8726,1,on,1
1786106962.717577,1,1,,1212.0000,1123.0000,1142.0000,1152.0000,1165.0000,1712.0000,137.170,154.963,151.220,149.186,84.273,18.196,1505,1561,1570,1583,1247,1677,96,81,81,61,57,28,1,1,1,1,1,0,4.9908,4.9908,4.9908,4.9908,2.9084,4.5916,1250.4360,1158.6308,1172.3625,1181.9401,1204.1401,1687.9952,1,on,1
1786106962.749629,1,1,,1206.0000,1119.0000,1144.0000,1152.0000,1161.0000,1706.0000,138.325,155.825,150.680,149.213,85.457,19.556,1487,1543,1552,1565,1244,1679,80,81,72,53,55,27,1,1,1,1,1,0,4.9908,4.9908,4.9908,4.9908,2.9084,4.5916,1250.4360,1158.6308,1164.6486,1173.7826,1198.2329,1687.9952,1,on,1
1786106962.785462,1,1,,1210.0000,1119.0000,1145.0000,1145.0000,1156.0000,1692.0000,137.488,155.700,150.546,150.490,87.277,22.536,1472,1525,1536,1549,1240,1679,96,73,86,57,54,39,1,1,1,1,1,0,4.9908,4.9908,4.9908,4.9908,2.9084,4.5916,1238.8481,1147.9333,1164.6486,1173.7826,1192.3599,1687.9952,1,on,1
1786106962.817575,1,1,,1207.0000,1113.0000,1142.0000,1144.0000,1164.0000,1688.0000,138.087,156.956,151.097,150.742,84.642,23.558,1454,1509,1518,1532,1235,1684,88,75,70,62,42,32,1,1,1,1,1,0,4.9908,4.9908,4.9908,4.9908,2.9084,4.5916,1238.8481,1147.9333,1164.6486,1173.7826,1192.3599,1687.9952,0,on,1
1786106962.849599,1,1,,1195.0000,1109.0000,1145.0000,1151.0000,1155.0000,1724.0000,140.464,157.830,150.639,149.426,87.592,15.682,1437,1492,1501,1514,1233,1686,80,79,83,63,50,26,1,1,1,1,1,0,4.9908,4.9908,4.9908,4.9908,2.9084,4.5916,1230.4763,1139.8985,1164.6486,1173.7826,1185.5237,1687.9952,1,on,1
1786106962.881564,1,1,,1214.0000,1124.0000,1145.0000,1153.0000,1155.0000,1698.0000,136.647,154.816,150.563,148.983,87.696,21.318,1426,1479,1490,1501,1230,1686,99,82,77,44,43,27,1,1,1,1,1,0,4.9908,4.9908,4.9908,4.9908,2.9084,4.5916,1230.4763,1139.8985,1164.6486,1165.5109,1185.5237,1687.9952,1,on,1
1786106962.917617,1,1,,1206.0000,1120.0000,1150.0000,1149.0000,1157.0000,1704.0000,138.295,155.585,149.581,149.775,87.066,19.981,1411,1463,1472,1487,1226,1686,89,80,77,51,39,31,1,1,1,1,1,0,4.9908,4.9908,4.9908,4.9908,2.9084,4.5916,1230.4763,1139.8985,1164.6486,1165.5109,1179.8584,1687.9952,1,on,1
1786106962.949465,1,1,,1207.0000,1117.0000,1145.0000,1150.0000,1162.0000,1713.0000,138.173,156.235,150.607,149.463,85.185,17.993,1394,1449,1456,1469,1224,1686,93,86,83,62,49,32,1,1,1,1,1,0,4.9908,4.9908,4.9908,4.9908,2.9084,4.5916,1230.4763,1139.8985,1164.6486,1165.5109,1179.8584,1687.9952,0,on,1
1786106962.981636,1,1,,1206.0000,1117.0000,1151.0000,1149.0000,1156.0000,1706.0000,138.314,156.160,149.419,149.850,87.240,19.624,1378,1431,1440,1453,1220,1686,83,89,73,58,42,33,1,1,1,1,1,0,4.9908,4.9908,4.9908,4.9908,2.9084,4.5916,1230.4763,1139.8985,1164.6486,1165.5109,1179.8584,1687.9952,0,on,1
1786106963.017575,1,1,,1207.0000,1117.0000,1142.0000,1150.0000,1156.0000,1715.0000,138.210,156.153,151.167,149.618,87.472,17.603,1363,1416,1424,1439,1218,1687,98,93,75,64,39,29,1,1,1,1,1,1,4.9908,4.9908,4.9908,4.9908,2.9084,4.5916,1222.8110,1139.8985,1156.5861,1165.5109,1175.1312,1695.5955,1,on,1
1786106963.049594,1,1,,1207.0000,1115.0000,1141.0000,1143.0000,1161.0000,1706.0000,138.086,156.490,151.421,150.950,85.559,19.636,1347,1399,1407,1422,1214,1688,86,83,81,75,42,0,1,1,1,1,1,0,4.9908,4.9908,4.9908,4.9908,2.9084,4.5916,1222.8110,1131.9518,1156.5861,1165.5109,1175.1312,1695.5955,1,on,1
1786106963.085626,1,1,,1209.0000,1119.0000,1151.0000,1155.0000,1162.0000,1697.0000,137.705,155.762,149.380,148.607,85.358,21.438,1330,1382,1391,1403,1212,1688,98,78,78,54,42,0,1,1,1,1,1,0,4.9908,4.9908,4.9908,4.9908,2.9084,4.5916,1222.8110,1131.9518,1156.5861,1165.5109,1175.1312,1695.5955,0,on,1
1786106963.117591,1,1,,1216.0000,1129.0000,1156.0000,1166.0000,1154.0000,1703.0000,136.291,153.821,148.379,146.286,88.011,20.297,1320,1372,1382,1395,1209,1688,120,79,84,65,34,0,1,1,1,1,1,0,4.9908,4.9908,4.9908,4.9908,2.9084,4.5916,1222.8110,1131.9518,1156.5861,1165.5109,1175.1312,1695.5955,0,on,1
1786106963.149608,1,1,,1216.0000,1121.0000,1153.0000,1170.0000,1166.0000,1686.0000,136.259,155.393,148.866,145.621,84.034,23.973,1304,1354,1363,1376,1207,1688,92,77,84,53,46,36,1,1,1,1,1,0,4.9908,4.9908,4.9908,4.9908,2.9084,4.5916,1222.8110,1131.9518,1156.5861,1165.5109,1175.1312,1695.5955,0,on,1
1786106963.181486,1,1,,1217.0000,1116.0000,1151.0000,1163.0000,1167.0000,1698.0000,136.158,156.434,149.283,146.867,83.665,21.379,1288,1338,1348,1360,1204,1689,109,84,79,66,52,0,1,1,1,1,1,0,4.9908,4.9908,4.9908,4.9908,2.9084,4.5916,1222.8110,1131.9518,1156.5861,1165.5109,1175.1312,1695.5955,0,on,1
1786106963.217616,1,1,,1223.0000,1128.0000,1159.0000,1168.0000,1157.0000,1698.0000,134.847,153.896,147.751,145.901,87.047,21.258,1269,1323,1331,1346,1200,1689,104,85,80,85,49,27,1,1,1,1,1,0,4.9908,4.9908,4.9908,4.9908,2.9084,4.5916,1222.8110,1131.9518,1156.5861,1165.5109,1175.1312,1695.5955,0,on,1
1786106963.249459,1,1,,1224.0000,1123.0000,1141.0000,1151.0000,1172.0000,1684.0000,134.821,155.028,151.321,149.439,81.934,24.382,1252,1307,1317,1329,1196,1690,105,93,99,60,42,44,1,1,1,1,1,0,4.9908,4.9908,4.9908,4.9908,2.9084,4.5916,1222.8110,1131.9518,1156.5861,1165.5109,1175.1312,1695.5955,0,on,1
1786106963.281619,1,1,,1214.0000,1123.0000,1154.0000,1163.0000,1162.0000,1706.0000,136.817,155.047,148.773,146.923,85.280,19.633,1241,1296,1305,1317,1194,1693,0,90,76,74,43,35,1,1,1,1,1,0,4.9908,4.9908,4.9908,4.9908,2.9084,4.5916,1222.8110,1131.9518,1156.5861,1165.5109,1175.1312,1695.5955,0,on,1
1786106963.317412,1,1,,1229.0000,1127.0000,1149.0000,1159.0000,1172.0000,1694.0000,133.745,154.210,149.815,147.659,81.934,22.270,1235,1279,1288,1301,1191,1696,56,79,80,71,45,0,1,1,1,1,1,1,4.9908,4.9908,4.9908,4.9908,2.9084,4.5916,1222.8110,1131.9518,1156.5861,1165.5109,1175.1312,1695.5955,0,on,1
1786106963.354740,1,1,,1221.0000,1123.0000,1149.0000,1164.0000,1162.0000,1693.0000,135.374,154.929,149.703,146.801,85.105,22.307,1233,1260,1271,1284,1188,1696,10,89,84,86,47,0,1,1,1,1,1,1,4.9908,4.9908,4.9908,4.9908,2.9084,4.5916,1222.8110,1131.9518,1156.5861,1165.5109,1170.6606,1695.5955,1,on,1
1786106963.381490,1,1,,1224.0000,1128.0000,1138.0000,1159.0000,1161.0000,1706.0000,134.773,153.993,151.976,147.722,85.592,19.574,1233,1245,1255,1269,1185,1696,48,93,86,80,44,0,1,1,1,1,1,1,4.9908,4.9908,4.9908,4.9908,2.9084,4.5916,1222.8110,1131.9518,1156.5861,1165.5109,1170.6606,1695.5955,0,on,1
1786106963.413649,1,1,,1220.0000,1122.0000,1149.0000,1152.0000,1158.0000,1696.0000,135.559,155.069,149.693,149.126,86.522,21.802,1230,1234,1243,1258,1184,1696,0,98,89,71,48,0,1,1,1,1,1,1,4.9908,4.9908,4.9908,4.9908,2.9084,4.5916,1222.8110,1131.9518,1156.5861,1165.5109,1170.6606,1695.5955,0,on,1
1786106963.449399,1,1,,1221.0000,1124.0000,1156.0000,1170.0000,1164.0000,1702.0000,135.314,154.708,148.355,145.470,84.501,20.468,1229,1212,1220,1234,1181,1696,10,101,84,66,0,0,1,1,1,1,1,1,4.9908,4.9908,4.9908,4.9908,2.9084,4.5916,1222.8110,1131.9518,1156.5861,1165.5109,1170.6606,1695.5955,0,on,1
1786106963.517629,1,1,,1220.0000,1121.0000,1153.0000,1161.0000,1168.0000,1702.0000,135.625,155.314,149.042,147.421,83.324,20.478,1229,1181,1193,1206,1180,1696,38,107,89,88,33,0,1,1,1,1,1,1,4.9908,4.9908,4.9908,4.9908,2.9084,4.5916,1222.8110,1131.9518,1156.5861,1165.5109,1170.6606,1695.5955,0,on,1
1786106963.548000,1,1,,1229.0000,1129.0000,1151.0000,1165.0000,1162.0000,1699.0000,133.660,153.859,149.331,146.553,85.119,21.176,1228,1166,1174,1188,1180,1696,42,121,89,80,0,0,1,1,1,1,1,1,4.9908,4.9908,4.9908,4.9908,2.9084,4.5916,1222.8110,1131.9518,1156.5861,1165.5109,1170.6606,1695.5955,0,on,1
1786106963.573467,1,1,,1220.0000,1120.0000,1149.0000,1156.0000,1162.0000,1698.0000,135.586,155.581,149.696,148.285,85.389,21.369,1227,1150,1168,1177,1180,1696,42,110,0,0,23,0,1,1,1,1,1,1,4.9908,4.9908,4.9908,4.9908,2.9084,4.5916,1222.8110,1131.9518,1156.5861,1165.5109,1170.6606,1695.5955,0,on,1
1786106963.601541,1,1,,1221.0000,1123.0000,1147.0000,1154.0000,1164.0000,1703.0000,135.246,155.030,150.184,148.802,84.616,20.232,1227,1144,1168,1176,1179,1696,44,19,42,25,23,0,1,1,1,1,1,1,4.9908,4.9908,4.9908,4.9908,2.9084,4.5916,1222.8110,1131.9518,1156.5861,1165.5109,1170.6606,1695.5955,0,on,1
1786106963.629588,1,1,,1214.0000,1116.0000,1147.0000,1143.0000,1163.0000,1701.0000,136.682,156.423,150.103,150.971,84.911,20.632,1226,1143,1166,1175,1179,1696,47,50,26,0,31,0,1,1,1,1,1,1,4.9908,4.9908,4.9908,4.9908,2.9084,4.5916,1222.8110,1131.9518,1156.5861,1165.5109,1170.6606,1695.5955,0,on,1
1786106963.653600,1,1,,1225.0000,1118.0000,1155.0000,1158.0000,1159.0000,1703.0000,134.589,155.889,148.643,147.957,86.417,20.270,1225,1140,1165,1175,1178,1696,44,0,8,24,27,0,1,1,1,1,1,1,4.9908,4.9908,4.9908,4.9908,2.9084,4.5916,1222.8110,1131.9518,1156.5861,1165.5109,1170.6606,1695.5955,0,on,1
1786106963.681750,1,1,,1226.0000,1124.0000,1152.0000,1165.0000,1169.0000,1694.0000,134.335,154.703,149.095,146.570,82.959,22.086,1225,1140,1165,1172,1178,1696,40,29,35,28,24,0,1,1,1,1,1,1,4.9908,4.9908,4.9908,4.9908,2.9084,4.5916,1222.8110,1131.9518,1156.5861,1165.5109,1170.6606,1695.5955,0,on,1
1786106963.717388,1,1,,1230.0000,1128.0000,1160.0000,1169.0000,1165.0000,1702.0000,133.428,154.044,147.575,145.682,84.223,20.393,1224,1139,1162,1172,1178,1696,0,44,32,10,22,0,1,1,1,1,1,1,4.9908,4.9908,4.9908,4.9908,2.9084,4.5916,1222.8110,1131.9518,1156.5861,1165.5109,1170.6606,1695.5955,0,on,1
1786106963.749357,1,1,,1225.0000,1127.0000,1152.0000,1163.0000,1165.0000,1700.0000,134.498,154.148,149.230,146.916,84.366,20.863,1224,1136,1160,1171,1177,1696,0,23,19,23,0,0,1,1,1,1,1,1,4.9908,4.9908,4.9908,4.9908,2.9084,4.5916,1222.8110,1131.9518,1156.5861,1165.5109,1170.6606,1695.5955,0,on,1
1786106963.781434,1,1,,1222.0000,1115.0000,1147.0000,1157.0000,1168.0000,1678.0000,135.189,156.618,150.097,148.186,83.332,25.559,1224,1136,1160,1170,1177,1696,0,25,22,13,0,0,1,1,1,1,1,1,4.9908,4.9908,4.9908,4.9908,2.9084,4.5916,1222.8110,1131.9518,1156.5861,1165.5109,1170.6606,1695.5955,0,on,1
1786106963.817403,1,1,,1218.0000,1115.0000,1148.0000,1155.0000,1162.0000,1692.0000,135.975,156.633,149.954,148.600,85.385,22.696,1224,1136,1160,1170,1177,1696,0,26,25,18,0,0,1,1,1,1,1,1,4.9908,4.9908,4.9908,4.9908,2.9084,4.5916,1222.8110,1131.9518,1156.5861,1165.5109,1170.6606,1695.5955,0,on,1
1786106963.849597,1,1,,1219.0000,1116.0000,1147.0000,1151.0000,1166.0000,1687.0000,135.712,156.433,150.174,149.323,83.875,23.624,1224,1136,1160,1170,1177,1696,0,31,27,21,0,0,1,1,1,1,1,1,4.9908,4.9908,4.9908,4.9908,2.9084,4.5916,1222.8110,1131.9518,1156.5861,1165.5109,1170.6606,1695.5955,0,on,1
1786106963.917435,1,1,,1212.0000,1116.0000,1153.0000,1155.0000,1156.0000,1701.0000,137.224,156.405,149.046,148.542,87.364,20.632,1224,1136,1159,1167,1177,1696,0,42,28,0,0,0,1,1,1,1,1,1,4.9908,4.9908,4.9908,4.9908,2.9084,4.5916,1222.8110,1131.9518,1156.5861,1165.5109,1170.6606,1695.5955,0,on,1
1786106963.945410,1,1,,1214.0000,1118.0000,1150.0000,1155.0000,1160.0000,1690.0000,136.686,155.964,149.458,148.588,85.835,22.943,1224,1135,1159,1166,1177,1696,0,40,27,0,0,0,1,1,1,0,1,1,4.9908,4.9908,4.9908,4.9908,2.9084,4.5916,1222.8110,1131.9518,1156.5861,1165.5109,1170.6606,1695.5955,0,on,1
1786106963.969603,1,1,,1203.0000,1116.0000,1153.0000,1161.0000,1155.0000,1699.0000,138.987,156.309,148.969,147.348,87.799,21.139,1224,1135,1159,1166,1177,1696,0,40,28,0,0,0,1,1,1,0,1,1,4.9908,4.9908,4.9908,4.9908,2.9084,4.5916,1222.8110,1131.9518,1156.5861,1165.5109,1170.6606,1695.5955,0,on,1
1786106963.997649,1,1,,1209.0000,1110.0000,1148.0000,1154.0000,1167.0000,1667.0000,137.708,157.518,149.887,148.718,83.390,28.043,1224,1134,1158,1166,1177,1696,0,37,29,0,0,0,1,1,1,0,1,1,4.9908,4.9908,4.9908,4.9908,2.9084,4.5916,1222.8110,1124.4431,1156.5861,1165.5109,1170.6606,1695.5955,1,on,1
1786106964.025605,1,1,,1192.0000,1112.0000,1148.0000,1155.0000,1157.0000,1703.0000,141.220,157.109,150.055,148.472,86.960,20.230,1224,1133,1158,1166,1177,1696,0,41,0,0,0,0,1,1,1,0,1,1,4.9908,4.9908,4.9908,4.9908,2.9084,4.5916,1222.8110,1124.4431,1156.5861,1165.5109,1170.6606,1695.5955,0,on,1
1786106964.055988,1,1,,1217.0000,1127.0000,1163.0000,1179.0000,1159.0000,1704.0000,136.076,154.070,147.050,143.730,86.447,19.980,1224,1132,1158,1167,1177,1696,0,44,0,0,0,0,1,1,1,1,1,1,4.9908,4.9908,4.9908,4.9908,2.9084,4.5916,1222.8110,1124.4431,1156.5861,1165.5109,1170.6606,1695.5955,0,on,1
1786106964.081784,1,1,,1221.0000,1124.0000,1159.0000,1160.0000,1159.0000,1707.0000,135.259,154.820,147.661,147.453,86.132,19.309,1224,1130,1158,1166,1177,1696,0,38,0,0,0,0,1,1,1,0,1,1,4.9908,4.9908,4.9908,4.9908,2.9084,4.5916,1222.8110,1124.4431,1156.5861,1165.5109,1166.2884,1695.5955,1,on,1
1786106964.117422,1,1,,1227.0000,1127.0000,1160.0000,1171.0000,1165.0000,1690.0000,134.041,154.079,147.628,145.405,84.179,22.981,1224,1128,1158,1166,1177,1696,0,36,0,0,0,0,1,1,1,0,1,1,4.9908,4.9908,4.9908,4.9908,2.9084,4.5916,1222.8110,1124.4431,1156.5861,1165.5109,1166.2884,1695.5955,0,on,1
1786106964.149708,1,1,,1236.0000,1137.0000,1162.0000,1166.0000,1160.0000,1709.0000,132.322,152.080,147.200,146.307,85.961,18.862,1224,1128,1158,1166,1177,1696,0,39,0,0,0,0,1,1,1,0,1,1,4.9908,4.9908,4.9908,4.9908,2.9084,4.5916,1222.8110,1124.4431,1156.5861,1165.5109,1166.2884,1695.5955,0,on,1
1786106964.185742,1,1,,1236.0000,1132.0000,1158.0000,1168.0000,1161.0000,1702.0000,132.247,153.074,147.965,145.948,85.525,20.445,1224,1128,1158,1166,1177,1696,0,41,0,0,0,0,1,1,1,0,1,1,4.9908,4.9908,4.9908,4.9908,2.9084,4.5916,1222.8110,1124.4431,1156.5861,1165.5109,1166.2884,1695.5955,0,on,1
1786106964.217642,1,1,,1237.0000,1141.0000,1159.0000,1167.0000,1157.0000,1730.0000,132.097,151.365,147.753,146.245,86.909,14.222,1224,1128,1158,1166,1177,1696,0,51,0,0,0,0,1,1,1,0,1,1,4.9908,4.9908,4.9908,4.9908,2.9084,4.5916,1222.8110,1124.4431,1156.5861,1165.5109,1166.2884,1695.5955,0,on,1
1786106964.249637,1,1,,1255.0000,1175.0000,1174.0000,1182.0000,1166.0000,1736.0000,128.552,144.642,144.677,143.241,83.990,12.925,1224,1128,1158,1166,1177,1696,0,41,0,0,0,0,1,1,1,0,1,1,4.9908,4.9908,4.9908,4.9908,2.9084,4.5916,1222.8110,1124.4431,1156.5861,1165.5109,1166.2884,1695.5955,0,on,1
1786106964.281670,1,1,,1311.0000,1235.0000,1209.0000,1263.0000,1185.0000,1704.0000,117.389,132.575,137.827,126.826,77.485,20.081,1224,1126,1158,1166,1177,1696,0,37,0,0,0,0,1,1,1,0,1,1,4.9908,4.9908,4.9908,4.9908,2.9084,4.5916,1236.1584,1147.7543,1156.5861,1176.9780,1166.2884,1695.5955,1,on,1
1786106964.317731,1,1,,1324.0000,1327.0000,1280.0000,1388.0000,1196.0000,1693.0000,114.650,114.166,123.595,101.855,73.510,22.362,1224,1126,1158,1166,1177,1696,0,0,0,0,0,0,0,0,1,0,1,1,4.9908,4.9908,4.9908,4.9908,2.9084,4.5916,1253.1114,1198.5105,1183.8400,1239.7347,1166.2884,1695.5955,1,on,1
1786106964.349570,1,1,,1419.0000,1343.0000,1351.0000,1492.0000,1290.0000,1687.0000,95.700,110.916,109.263,81.049,41.111,23.699,1224,1126,1158,1166,1177,1696,0,0,0,0,0,0,0,0,0,0,1,1,4.9908,4.9908,4.9908,4.9908,2.9084,4.5916,1296.4279,1239.7905,1228.0265,1330.7383,1189.1248,1695.5955,1,on,1
1786106964.381615,1,1,,1606.0000,1556.0000,1610.0000,1558.0000,1303.0000,1784.0000,58.160,68.230,57.350,67.791,36.791,2.489,1224,1125,1159,1169,1177,1696,59,68,62,63,0,0,0,0,0,0,0,1,4.9908,4.9908,4.9908,4.9908,2.9084,4.5916,1416.7012,1366.7238,1390.4917,1419.2224,1214.0369,1709.9181,1,on,1
1786106964.417439,1,0,handedness unsure,1656.0000,1715.0000,1728.0000,1699.0000,1286.0000,1773.0000,48.150,36.320,33.772,39.652,42.599,4.857,1236,1143,1178,1187,1177,1696,88,79,73,51,0,0,0,0,0,0,0,0,4.9908,4.9908,4.9908,4.9908,2.9084,4.5916,1518.0977,1533.4386,1554.3032,1543.2948,1214.0369,1709.9181,1,on,1
1786106964.451953,1,0,handedness unsure,1635.0000,1750.0000,1766.0000,1725.0000,1290.0000,1729.0000,52.406,29.320,26.152,34.404,41.245,14.488,1260,1169,1197,1207,1177,1698,71,76,76,72,50,64,0,0,0,0,0,0,4.9908,4.9908,4.9908,4.9908,2.9084,4.5916,1559.8199,1629.3382,1648.4238,1616.9252,1214.0369,1709.9181,1,on,1
1786106964.481537,1,0,handedness unsure,1661.0000,1750.0000,1770.0000,1716.0000,1283.0000,1711.0000,47.221,29.289,25.344,36.169,43.552,18.544,1274,1185,1211,1224,1179,1701,68,75,72,40,56,22,0,0,0,0,0,0,4.9908,4.9908,4.9908,4.9908,2.9084,4.5916,1589.3606,1672.4714,1692.0862,1648.6772,1214.0369,1709.9181,1,on,1
1786106964.517413,1,0,handedness unsure,1671.0000,1742.0000,1762.0000,1710.0000,1291.0000,1707.0000,45.224,30.900,27.027,37.441,40.810,19.357,1292,1205,1232,1244,1185,1701,83,58,56,47,48,44,0,0,0,0,0,0,4.9908,4.9908,4.9908,4.9908,2.9084,4.5916,1612.2628,1694.4980,1714.3374,1666.1181,1214.0369,1709.9181,1,on,1
1786106964.549572,1,0,handedness unsure,1659.0000,1732.0000,1749.0000,1690.0000,1292.0000,1695.0000,47.490,32.865,29.513,41.389,40.691,22.028,1315,1227,1253,1262,1190,1706,45,58,58,45,42,36,0,0,0,0,0,0,4.9908,4.9908,4.9908,4.9908,2.9084,4.5916,1622.0077,1702.8619,1722.0172,1666.1181,1214.0369,1709.9181,1,on,1
1786106964.581430,1,0,handedness unsure,1661.0000,1729.0000,1737.0000,1674.0000,1290.0000,1718.0000,47.191,33.634,31.982,44.467,41.294,17.040,1329,1245,1270,1276,1194,1709,74,62,61,68,33,30,0,0,0,0,0,1,4.9908,4.9908,4.9908,4.9908,2.9084,4.5916,1622.0077,1702.8619,1722.0172,1666.1181,1214.0369,1709.9181,0,on,1
1786106964.617616,1,0,handedness unsure,1645.0000,1730.0000,1749.0000,1692.0000,1287.0000,1711.0000,50.417,33.443,29.568,40.879,42.201,18.386,1348,1263,1289,1295,1198,1710,54,59,44,57,35,0,0,0,0,0,0,1,4.9908,4.9908,4.9908,4.9908,2.9084,4.5916,1630.7629,1702.8619,1722.0172,1666.1181,1214.0369,1709.9181,1,on,1
1786106964.649608,1,0,handedness unsure,1647.0000,1745.0000,1757.0000,1699.0000,1288.0000,1701.0000,49.934,30.316,27.995,39.531,41.954,20.721,1364,1281,1304,1313,1201,1710,60,57,44,48,29,0,0,0,0,0,0,1,4.9908,4.9908,4.9908,4.9908,2.9084,4.5916,1630.7629,1714.3087,1730.6966,1675.6084,1214.0369,1709.9181,1,on,1
1786106964.685416,1,0,handedness unsure,1652.0000,1749.0000,1769.0000,1695.0000,1284.0000,1699.0000,48.909,29.540,25.628,40.335,43.445,21.099,1380,1297,1321,1332,1204,1710,69,58,59,42,30,0,0,0,0,0,0,1,4.9908,4.9908,4.9908,4.9908,2.9084,4.5916,1630.7629,1714.3087,1730.6966,1675.6084,1214.0369,1709.9181,0,on,1
1786106964.717577,1,0,handedness unsure,1646.0000,1748.0000,1759.0000,1699.0000,1276.0000,1716.0000,50.215,29.688,27.556,39.568,46.209,17.401,1392,1308,1333,1341,1206,1710,76,58,57,57,36,0,0,0,0,0,0,1,4.9908,4.9908,4.9908,4.9908,2.9084,4.5916,1630.7629,1714.3087,1730.6966,1675.6084,1214.0369,1709.9181,0,on,1
1786106964.749638,1,0,handedness unsure,1651.0000,1755.0000,1753.0000,1713.0000,1285.0000,1704.0000,49.196,28.382,28.679,36.741,43.128,19.995,1407,1323,1350,1355,1208,1710,54,59,55,45,42,0,0,0,0,0,0,1,4.9908,4.9908,4.9908,4.9908,2.9084,4.5916,1630.7629,1724.8270,1738.6285,1675.6084,1214.0369,1709.9181,1,on,1
1786106964.785582,1,1,,1651.0000,1748.0000,1752.0000,1713.0000,1290.0000,1706.0000,49.250,29.763,28.942,36.754,41.319,19.518,1425,1340,1367,1375,1210,1710,60,57,50,34,0,0,0,0,0,0,0,1,4.9908,4.9908,4.9908,4.9908,2.9084,4.5916,1630.7629,1724.8270,1738.6285,1684.9498,1230.8223,1709.9181,1,on,1
1786106964.817573,1,1,,1645.0000,1727.0000,1756.0000,1705.0000,1283.0000,1718.0000,50.342,33.919,28.071,38.396,43.627,17.046,1440,1355,1382,1389,1210,1710,61,63,56,42,8,0,0,0,0,0,0,1,4.9908,4.9908,4.9908,4.9908,2.9084,4.5916,1630.7629,1724.8270,1738.6285,1684.9498,1240.1426,1709.9181,1,on,1
1786106964.849593,1,0,handedness unsure,1662.0000,1730.0000,1769.0000,1690.0000,1279.0000,1719.0000,46.980,33.265,25.565,41.409,45.113,16.809,1456,1373,1395,1403,1213,1710,57,63,58,47,28,0,0,0,0,0,0,1,4.9908,4.9908,4.9908,4.9908,2.9084,4.5916,1638.6184,1724.8270,1738.6285,1684.9498,1240.1426,1709.9181,1,on,1
1786106964.881415,1,1,,1660.0000,1735.0000,1765.0000,1684.0000,1285.0000,1737.0000,47.363,32.302,26.236,42.524,42.955,12.889,1465,1382,1407,1414,1214,1710,70,53,48,31,41,0,0,0,0,0,0,1,4.9908,4.9908,4.9908,4.9908,2.9084,4.5916,1638.6184,1724.8270,1738.6285,1684.9498,1247.2178,1709.9181,1,on,1
1786106964.917629,1,1,,1665.0000,1728.0000,1773.0000,1681.0000,1283.0000,1730.0000,46.348,33.833,24.776,43.102,43.799,14.218,1487,1404,1428,1438,1220,1710,67,65,55,32,38,0,0,0,0,0,0,1,4.9908,4.9908,4.9908,4.9908,2.9084,4.5916,1638.6184,1724.8270,1746.8199,1684.9498,1252.4313,1709.9181,1,on,1
1786106964.949598,1,1,,1692.0000,1724.0000,1771.0000,1676.0000,1276.0000,1745.0000,40.944,34.488,25.207,44.137,45.957,10.957,1498,1416,1440,1447,1223,1710,62,68,57,33,33,0,0,0,0,0,0,1,4.9908,4.9908,4.9908,4.9908,2.9084,4.5916,1647.1973,1724.8270,1746.8199,1684.9498,1252.4313,1709.9181,1,on,1
1786106964.981623,1,1,,1699.0000,1729.0000,1774.0000,1683.0000,1280.0000,1744.0000,39.652,33.589,24.454,42.838,44.663,11.343,1515,1432,1456,1463,1225,1710,65,66,57,58,46,0,0,0,0,0,0,1,4.9908,4.9908,4.9908,4.9908,2.9084,4.5916,1647.1973,1724.8270,1746.8199,1684.9498,1257.3864,1717.9889,1,on,1
1786106965.017457,1,1,,1692.0000,1738.0000,1771.0000,1702.0000,1281.0000,1750.0000,40.952,31.816,25.080,38.994,44.439,10.066,1533,1449,1473,1481,1230,1710,74,57,57,45,31,0,0,0,0,0,0,0,4.9908,4.9908,4.9908,4.9908,2.9084,4.5916,1658.5026,1724.8270,1746.8199,1684.9498,1257.3864,1717.9889,1,on,1
1786106965.049612,1,1,,1701.0000,1739.0000,1770.0000,1686.0000,1277.0000,1758.0000,39.211,31.505,25.253,42.062,45.551,8.243,1550,1462,1489,1497,1233,1710,67,80,58,43,32,0,0,0,0,0,0,0,4.9908,4.9908,4.9908,4.9908,2.9084,4.5916,1658.5026,1724.8270,1746.8199,1684.9498,1257.3864,1717.9889,0,on,1
1786106965.081675,1,0,handedness unsure,1701.0000,1735.0000,1769.0000,1688.0000,1273.0000,1762.0000,39.125,32.437,25.505,41.823,47.219,7.286,1567,1480,1505,1514,1237,1710,70,68,61,48,31,19,0,0,0,0,0,0,4.9908,4.9908,4.9908,4.9908,2.9084,4.5916,1667.9770,1724.8270,1754.5137,1684.9498,1257.3864,1717.9889,1,on,1
1786106965.117409,1,0,handedness unsure,1709.0000,1736.0000,1770.0000,1688.0000,1274.0000,1762.0000,37.595,32.196,25.423,41.714,46.872,7.307,1586,1499,1523,1531,1240,1712,66,66,56,42,28,29,0,0,0,0,0,0,4.9908,4.9908,4.9908,4.9908,2.9084,4.5916,1667.9770,1724.8270,1754.5137,1684.9498,1257.3864,1717.9889,0,on,1
1786106965.154765,1,1,,1698.0000,1735.0000,1769.0000,1700.0000,1272.0000,1755.0000,39.809,32.310,25.611,39.364,47.284,8.917,1603,1515,1539,1549,1243,1712,66,65,65,51,31,0,0,0,0,0,0,0,4.9908,4.9908,4.9908,4.9908,2.9084,4.5916,1675.8260,1724.8270,1754.5137,1684.9498,1257.3864,1727.9043,1,on,1
1786106965.181592,1,1,,1713.0000,1739.0000,1781.0000,1696.0000,1271.0000,1753.0000,36.711,31.572,23.148,40.193,47.657,9.264,1616,1526,1551,1560,1245,1712,66,56,59,43,34,0,0,0,0,0,0,0,4.9908,4.9908,4.9908,4.9908,2.9084,4.5916,1675.8260,1724.8270,1754.5137,1684.9498,1262.0311,1727.9043,1,on,1
1786106965.217430,1,1,,1699.0000,1748.0000,1782.0000,1704.0000,1271.0000,1757.0000,39.467,29.660,23.012,38.637,47.681,8.380,1633,1544,1569,1577,1248,1719,74,63,55,54,35,52,0,0,0,0,0,0,4.9908,4.9908,4.9908,4.9908,2.9084,4.5916,1675.8260,1724.8270,1754.5137,1684.9498,1262.0311,1727.9043,0,on,1
1786106965.254714,1,1,,1692.0000,1739.0000,1786.0000,1706.0000,1273.0000,1739.0000,41.052,31.468,22.081,38.190,47.119,12.350,1655,1559,1587,1596,1252,1720,69,59,58,53,28,39,0,0,0,0,0,0,4.9908,4.9908,4.9908,4.9908,2.9084,4.5916,1675.8260,1724.8270,1754.5137,1684.9498,1262.0311,1727.9043,0,on,1
1786106965.281732,1,1,,1702.0000,1743.0000,1785.0000,1702.0000,1267.0000,1758.0000,38.976,30.660,22.407,39.042,49.022,8.193,1663,1579,1604,1612,1255,1722,14,61,63,48,28,37,0,0,0,0,0,0,4.9908,4.9908,4.9908,4.9908,2.9084,4.5916,1675.8260,1724.8270,1763.3788,1684.9498,1262.0311,1727.9043,1,on,1
1786106965.317606,1,1,,1684.0000,1734.0000,1778.0000,1708.0000,1269.0000,1738.0000,42.479,32.448,23.652,37.712,48.505,12.690,1670,1596,1623,1630,1258,1726,22,61,56,60,30,30,0,0,0,0,0,0,4.9908,4.9908,4.9908,4.9908,2.9084,4.5916,1675.8260,1724.8270,1763.3788,1684.9498,1262.0311,1727.9043,0,on,1
1786106965.349627,1,1,,1706.0000,1745.0000,1785.0000,1708.0000,1266.0000,1750.0000,38.195,30.265,22.384,37.688,49.546,9.911,1673,1615,1641,1653,1259,1728,17,60,73,32,20,0,0,0,0,0,0,1,4.9908,4.9908,4.9908,4.9908,2.9084,4.5916,1684.5250,1724.8270,1763.3788,1684.9498,1262.0311,1735.4581,1,on,1
1786106965.381459,1,1,,1684.0000,1747.0000,1783.0000,1716.0000,1270.0000,1754.0000,42.567,29.997,22.688,36.154,48.205,9.101,1674,1626,1654,1665,1260,1729,0,70,72,58,13,0,0,0,0,0,0,0,4.9908,4.9908,4.9908,4.9908,2.9084,4.5916,1684.5250,1732.4247,1763.3788,1693.4614,1262.0311,1735.4581,1,on,1
1786106965.417644,1,1,,1709.0000,1747.0000,1792.0000,1719.0000,1268.0000,1746.0000,37.485,29.843,20.934,35.642,48.714,10.815,1676,1645,1675,1675,1261,1729,26,65,51,15,0,0,0,0,0,0,0,0,4.9908,4.9908,4.9908,4.9908,2.9084,4.5916,1684.5250,1732.4247,1763.3788,1693.4614,1262.0311,1735.4581,0,on,1
1786106965.449613,1,1,,1682.0000,1754.0000,1796.0000,1731.0000,1270.0000,1754.0000,42.933,28.536,20.172,33.129,48.145,9.112,1681,1664,1693,1677,1261,1729,19,54,56,0,0,0,0,0,0,0,0,0,4.9908,4.9908,4.9908,4.9908,2.9084,4.5916,1684.5250,1732.4247,1770.9265,1693.4614,1262.0311,1735.4581,1,on,1
1786106965.481624,1,1,,1681.0000,1756.0000,1796.0000,1719.0000,1261.0000,1739.0000,43.189,28.054,20.120,35.583,51.211,12.424,1683,1683,1712,1677,1261,1729,13,64,65,0,0,29,0,0,0,0,0,0,4.9908,4.9908,4.9908,4.9908,2.9084,4.5916,1684.5250,1732.4247,1770.9265,1693.4614,1262.0311,1735.4581,0,on,1
1786106965.517564,1,1,,1661.0000,1749.0000,1789.0000,1719.0000,1259.0000,1749.0000,47.244,29.586,21.527,35.644,52.074,10.207,1685,1703,1731,1680,1261,1729,0,63,68,12,0,0,1,0,0,0,0,0,4.9908,4.9908,4.9908,4.9908,2.9084,4.5916,1684.5250,1732.4247,1770.9265,1701.6936,1262.0311,1735.4581,1,on,1
1786106965.549435,1,1,,1659.0000,1745.0000,1785.0000,1715.0000,1261.0000,1749.0000,47.660,30.354,22.329,36.427,51.358,10.116,1685,1722,1752,1681,1261,1729,0,0,68,0,0,20,1,0,0,0,0,0,4.9908,4.9908,4.9908,4.9908,2.9084,4.5916,1684.5250,1732.4247,1770.9265,1701.6936,1262.0311,1735.4581,0,on,1
1786106965.581662,1,1,,1665.0000,1749.0000,1783.0000,1710.0000,1256.0000,1750.0000,46.363,29.535,22.690,37.287,52.898,9.909,1685,1722,1762,1684,1261,1729,0,28,0,9,0,37,1,0,0,0,0,0,4.9908,4.9908,4.9908,4.9908,2.9084,4.5916,1684.5250,1732.4247,1770.9265,1701.6936,1262.0311,1735.4581,0,on,1
1786106965.617615,1,1,,1650.0000,1748.0000,1791.0000,1721.0000,1260.0000,1741.0000,49.390,29.752,21.189,35.069,51.536,11.874,1685,1729,1764,1691,1261,1731,0,22,23,34,0,33,1,0,0,0,0,0,4.9908,4.9908,4.9908,4.9908,2.9084,4.5916,1684.5250,1732.4247,1770.9265,1701.6936,1262.0311,1735.4581,0,on,1
1786106965.649679,1,1,,1665.0000,1752.0000,1791.0000,1720.0000,1261.0000,1740.0000,46.307,29.005,21.117,35.437,51.262,12.105,1685,1732,1768,1692,1261,1734,0,0,15,10,0,28,1,0,0,0,0,0,4.9908,4.9908,4.9908,4.9908,2.9084,4.5916,1684.5250,1732.4247,1770.9265,1701.6936,1262.0311,1735.4581,0,on,1
1786106965.681664,1,1,,1641.0000,1746.0000,1787.0000,1732.0000,1260.0000,1745.0000,51.250,30.040,21.928,33.024,51.468,11.097,1685,1732,1770,1696,1261,1734,0,0,0,18,0,34,1,0,0,0,0,0,4.9908,4.9908,4.9908,4.9908,2.9084,4.5916,1675.1908,1732.4247,1770.9265,1701.6936,1262.0311,1735.4581,1,on,1
1786106965.717471,1,1,,1658.0000,1747.0000,1791.0000,1723.0000,1261.0000,1739.0000,47.814,30.030,21.047,34.663,51.297,12.365,1685,1732,1770,1699,1261,1735,0,0,0,0,21,0,1,0,0,0,0,1,4.9908,4.9908,4.9908,4.9908,2.9084,4.5916,1675.1908,1732.4247,1770.9265,1701.6936,1262.0311,1735.4581,0,on,1
1786106965.749612,1,1,,1667.0000,1750.0000,1789.0000,1728.0000,1263.0000,1745.0000,46.062,29.305,21.515,33.783,50.626,11.011,1685,1732,1770,1701,1261,1735,18,0,0,0,14,0,1,0,0,0,0,1,4.9908,4.9908,4.9908,4.9908,2.9084,4.5916,1675.1908,1732.4247,1778.4298,1701.6936,1262.0311,1735.4581,1,on,1
1786106965.781500,1,1,,1658.0000,1738.0000,1787.0000,1731.0000,1260.0000,1745.0000,47.772,31.662,21.958,33.169,51.618,11.115,1685,1732,1770,1701,1261,1735,38,0,0,0,11,0,1,0,0,0,1,1,4.9908,4.9908,4.9908,4.9908,2.9084,4.5916,1675.1908,1732.4247,1778.4298,1710.6138,1262.0311,1735.4581,1,on,1
1786106965.817597,1,1,,1675.0000,1743.0000,1796.0000,1730.0000,1262.0000,1751.0000,44.457,30.655,20.152,33.411,51.014,9.719,1680,1732,1773,1701,1262,1735,17,0,25,14,0,0,1,0,0,0,1,1,4.9908,4.9908,4.9908,4.9908,2.9084,4.5916,1675.1908,1732.4247,1778.4298,1710.6138,1262.0311,1735.4581,0,on,1
1786106965.849588,1,1,,1664.0000,1742.0000,1797.0000,1737.0000,1262.0000,1747.0000,46.656,30.910,19.889,31.866,50.733,10.579,1680,1732,1776,1704,1262,1735,0,0,18,25,0,0,1,0,0,0,1,1,4.9908,4.9908,4.9908,4.9908,2.9084,4.5916,1675.1908,1732.4247,1778.4298,1710.6138,1262.0311,1735.4581,0,on,1
1786106965.881652,1,1,,1667.0000,1743.0000,1789.0000,1723.0000,1260.0000,1749.0000,45.978,30.658,21.613,34.828,51.505,10.081,1680,1732,1779,1712,1262,1735,8,0,16,0,0,0,1,0,0,1,1,1,4.9908,4.9908,4.9908,4.9908,2.9084,4.5916,1675.1908,1732.4247,1778.4298,1710.6138,1262.0311,1735.4581,0,on,1
1786106965.917602,1,1,,1681.0000,1735.0000,1780.0000,1716.0000,1260.0000,1746.0000,43.150,32.296,23.281,36.137,51.729,10.890,1680,1732,1781,1712,1262,1735,13,0,0,0,0,0,1,0,1,1,1,1,4.9908,4.9908,4.9908,4.9908,2.9084,4.5916,1675.1908,1732.4247,1778.4298,1710.6138,1262.0311,1735.4581,0,on,1
1786106965.949447,1,1,,1702.0000,1758.0000,1788.0000,1709.0000,1257.0000,1762.0000,38.936,27.774,21.730,37.629,52.444,7.374,1678,1732,1781,1712,1262,1735,23,0,0,0,0,0,1,0,1,1,1,1,4.9908,4.9908,4.9908,4.9908,2.9084,4.5916,1675.1908,1740.4103,1778.4298,1710.6138,1262.0311,1735.4581,1,on,1
1786106965.981610,1,1,,1694.0000,1747.0000,1776.0000,1685.0000,1257.0000,1771.0000,40.504,29.941,24.151,42.327,52.572,5.388,1677,1732,1781,1712,1262,1735,22,0,0,0,0,0,1,0,1,1,1,1,4.9908,4.9908,4.9908,4.9908,2.9084,4.5916,1675.1908,1740.4103,1778.4298,1710.6138,1262.0311,1743.8201,1,on,1
1786106966.017401,1,1,,1614.0000,1671.0000,1716.0000,1691.0000,1258.0000,1770.0000,56.568,45.183,36.104,41.178,52.105,5.530,1677,1735,1781,1712,1262,1735,23,32,0,0,0,0,1,0,1,1,1,0,4.9908,4.9908,4.9908,4.9908,2.9084,4.5916,1675.1908,1740.4103,1778.4298,1710.6138,1262.0311,1743.8201,0,on,1
1786106966.049585,1,1,,1476.0000,1523.0000,1575.0000,1589.0000,1273.0000,1696.0000,84.168,74.919,64.320,61.525,47.171,21.707,1677,1740,1781,1712,1262,1735,22,0,0,0,0,0,1,0,1,1,1,0,4.9908,4.9908,4.9908,4.9908,2.9084,4.5916,1624.3290,1679.2716,1724.3910,1690.4234,1262.0311,1743.8201,1,on,1
1786106966.081770,1,1,,1387.0000,1392.0000,1389.0000,1464.0000,1285.0000,1734.0000,102.165,101.064,101.697,86.601,42.893,13.364,1676,1742,1781,1712,1262,1735,23,0,0,0,0,32,1,1,1,1,1,0,4.9908,4.9908,4.9908,4.9908,2.9084,4.5916,1544.0154,1571.2660,1590.7366,1621.4191,1262.0311,1743.8201,1,on,1
1786106966.117751,1,1,,1336.0000,1312.0000,1277.0000,1414.0000,1215.0000,1720.0000,112.386,117.123,124.138,96.651,67.017,16.461,1669,1742,1781,1712,1262,1736,99,70,79,26,0,0,1,1,1,1,1,0,4.9908,4.9908,4.9908,4.9908,2.9084,4.5916,1464.7248,1460.5049,1445.4633,1545.9346,1262.0311,1743.8201,1,on,1
1786106966.149708,1,1,,1309.0000,1230.0000,1212.0000,1267.0000,1187.0000,1690.0000,117.760,133.512,137.158,126.134,76.813,23.093,1654,1723,1760,1703,1262,1736,132,87,104,90,0,23,1,1,1,1,1,0,4.9908,4.9908,4.9908,4.9908,2.9084,4.5916,1411.0621,1366.0396,1344.9578,1433.3688,1251.8172,1743.8201,1,on,1
1786106966.181777,1,1,,1271.0000,1147.0000,1139.0000,1147.0000,1159.0000,1663.0000,125.322,150.234,151.834,150.066,86.360,28.888,1629,1697,1736,1678,1262,1737,97,108,125,61,0,36,1,1,1,1,1,0,4.9908,4.9908,4.9908,4.9908,2.9084,4.5916,1364.8107,1276.0403,1259.2114,1307.7040,1235.5866,1726.2509,1,on,1
1786106966.217612,1,1,,1230.0000,1121.0000,1138.0000,1161.0000,1176.0000,1642.0000,133.536,155.385,151.957,147.348,80.622,33.453,1608,1671,1710,1653,1262,1739,102,82,92,59,32,16,1,1,1,1,1,1,4.9908,4.9908,4.9908,4.9908,2.9084,4.5916,1320.1214,1215.1821,1213.5149,1248.1448,1224.8964,1710.4933,1,on,1
1786106966.249633,1,1,,1206.0000,1103.0000,1137.0000,1178.0000,1167.0000,1641.0000,138.304,158.877,152.120,143.907,83.520,33.696,1594,1655,1691,1637,1261,1739,99,96,86,56,61,29,1,1,1,1,1,1,4.9908,4.9908,4.9908,4.9908,2.9084,4.5916,1286.9440,1178.7179,1191.2162,1226.6729,1215.4958,1698.1609,1,on,1
1786106966.281467,1,1,,1195.0000,1096.0000,1137.0000,1180.0000,1162.0000,1633.0000,140.631,160.362,152.243,143.536,85.122,35.502,1574,1635,1665,1615,1256,1735,90,90,69,45,63,92,1,1,1,1,1,1,4.9908,4.9908,4.9908,4.9908,2.9084,4.5916,1262.6455,1155.6845,1178.4718,1215.5398,1207.0984,1686.6486,1,on,1
1786106966.317636,1,1,,1182.0000,1087.0000,1134.0000,1184.0000,1163.0000,1618.0000,143.056,162.081,152.844,142.752,85.008,38.755,1555,1614,1645,1598,1252,1714,88,96,77,64,59,0,1,1,1,1,1,1,4.9908,4.9908,4.9908,4.9908,2.9084,4.5916,1242.1910,1138.3401,1169.4407,1215.5398,1200.3022,1673.5493,1,on,1
1786106966.349605,1,1,,1193.0000,1097.0000,1128.0000,1167.0000,1140.0000,1628.0000,141.024,160.102,153.968,146.167,92.928,36.590,1535,1594,1626,1576,1247,1710,90,88,73,57,51,18,1,1,1,1,1,1,4.9908,4.9908,4.9908,4.9908,2.9084,4.5916,1232.6741,1130.6669,1169.4407,1202.9472,1191.1828,1666.4771,1,on,1
1786106966.385609,1,1,,1194.0000,1096.0000,1137.0000,1204.0000,1158.0000,1626.0000,140.683,160.436,152.105,138.799,86.751,37.082,1518,1576,1605,1559,1243,1700,77,78,65,56,52,60,1,1,1,1,1,1,4.9908,4.9908,4.9908,4.9908,2.9084,4.5916,1232.6741,1130.6669,1159.4291,1202.9472,1186.6002,1666.4771,1,on,1
1786106966.417567,1,1,,1227.0000,1122.0000,1136.0000,1200.0000,1163.0000,1631.0000,134.068,155.134,152.336,139.601,84.852,35.908,1506,1562,1596,1549,1241,1690,89,76,69,58,48,24,1,1,1,1,1,1,4.9908,4.9908,4.9908,4.9908,2.9084,4.5916,1232.6741,1130.6669,1159.4291,1202.9472,1186.6002,1657.0388,1,on,1
1786106966.449617,1,1,,1278.0000,1176.0000,1152.0000,1195.0000,1169.0000,1650.0000,123.903,144.264,149.215,140.593,82.833,31.710,1490,1545,1577,1531,1237,1682,85,77,76,54,46,0,1,1,1,1,1,1,4.9908,4.9908,4.9908,4.9908,2.9084,4.5916,1232.6741,1130.6669,1159.4291,1202.9472,1186.6002,1657.0388,0,on,1
1786106966.481622,1,1,,1350.0000,1280.0000,1238.0000,1331.0000,1223.0000,1618.0000,109.468,123.528,131.999,113.331,64.350,38.781,1475,1528,1559,1514,1234,1673,94,74,68,57,42,46,1,1,1,1,1,1,4.9908,4.9908,4.9908,4.9908,2.9084,4.5916,1247.4628,1155.6801,1159.4291,1220.9327,1186.6002,1657.0388,1,on,1
1786106966.517420,1,1,,1335.0000,1342.0000,1343.0000,1544.0000,1237.0000,1708.0000,112.389,111.044,110.980,70.696,59.311,19.193,1457,1511,1543,1497,1231,1664,86,76,76,62,36,19,1,1,1,1,1,1,4.9908,4.9908,4.9908,4.9908,2.9084,4.5916,1264.9127,1210.9486,1207.3308,1340.1288,1186.6002,1657.0388,1,on,1
1786106966.554735,1,1,,1512.0000,1521.0000,1523.0000,1604.0000,1288.0000,1658.0000,76.981,75.298,74.849,58.495,41.867,29.932,1441,1493,1525,1479,1227,1660,86,69,75,55,33,0,1,1,1,1,1,1,4.9908,4.9908,4.9908,4.9908,2.9084,4.5916,1348.9350,1339.0371,1332.8673,1450.7073,1205.7017,1657.0388,1,on,1
1786106966.617580,1,1,,1627.0000,1662.0000,1663.0000,1626.0000,1283.0000,1761.0000,54.026,46.883,46.795,54.131,43.576,7.642,1413,1464,1497,1458,1223,1660,90,79,82,18,43,0,1,1,1,1,1,1,4.9908,4.9908,4.9908,4.9908,2.9084,4.5916,1479.3616,1507.6912,1504.1483,1529.7000,1223.4253,1675.0923,1,on,1
1786106966.645745,1,1,,1566.0000,1653.0000,1680.0000,1705.0000,1279.0000,1691.0000,66.248,48.821,43.379,38.382,45.008,22.855,1396,1450,1480,1456,1220,1661,92,79,80,25,38,0,0,0,0,0,0,0,4.9908,4.9908,4.9908,4.9908,2.9084,4.5916,1501.7424,1554.7972,1563.9713,1583.8674,1230.8458,1675.0923,1,on,1
1786106966.673734,1,1,,1593.0000,1730.0000,1731.0000,1760.0000,1269.0000,1698.0000,60.858,33.332,33.179,27.257,48.491,21.342,1387,1439,1469,1454,1219,1661,28,18,19,0,0,32,0,0,0,0,0,0,4.9908,4.9908,4.9908,4.9908,2.9084,4.5916,1524.1379,1614.0312,1621.1935,1642.0292,1235.6202,1675.0923,1,on,1
1786106966.701606,1,1,,1620.0000,1724.0000,1745.0000,1705.0000,1258.0000,1718.0000,55.312,34.488,30.420,38.446,52.174,16.924,1385,1437,1467,1456,1219,1660,85,92,89,63,34,33,0,0,0,0,0,0,4.9908,4.9908,4.9908,4.9908,2.9084,4.5916,1547.2729,1647.8982,1660.7198,1659.1631,1235.6202,1675.0923,1,on,1
1786106966.725683,1,1,,1632.0000,1719.0000,1750.0000,1702.0000,1267.0000,1701.0000,52.921,35.530,29.390,39.048,49.225,20.664,1397,1450,1481,1470,1219,1668,93,95,79,64,54,45,0,0,0,0,0,0,4.9908,4.9908,4.9908,4.9908,2.9084,4.5916,1565.5163,1665.4017,1684.4009,1667.8606,1240.5896,1683.1965,1,on,1
1786106966.753633,1,1,,1624.0000,1724.0000,1750.0000,1697.0000,1264.0000,1697.0000,54.483,34.482,29.407,39.935,50.295,21.620,1413,1465,1497,1487,1223,1674,83,84,83,49,49,18,0,0,0,0,0,0,4.9908,4.9908,4.9908,4.9908,2.9084,4.5916,1577.8238,1679.0024,1700.8548,1667.8606,1240.5896,1683.1965,1,on,1
1786106966.781712,1,1,,1633.0000,1730.0000,1758.0000,1701.0000,1269.0000,1707.0000,52.811,33.296,27.758,39.148,48.584,19.342,1436,1491,1523,1510,1228,1676,86,83,73,42,45,26,0,0,0,0,0,0,4.9908,4.9908,4.9908,4.9908,2.9084,4.5916,1588.2270,1689.1352,1713.1845,1677.0173,1245.0970,1683.1965,1,on,1
1786106966.817403,1,1,,1624.0000,1718.0000,1748.0000,1706.0000,1265.0000,1697.0000,54.596,35.752,29.811,38.085,49.754,21.404,1459,1514,1546,1530,1233,1679,83,76,63,44,35,29,0,0,0,0,0,0,4.9908,4.9908,4.9908,4.9908,2.9084,4.5916,1588.2270,1689.1352,1713.1845,1677.0173,1245.0970,1683.1965,0,on,1
1786106966.852595,1,1,,1627.0000,1725.0000,1759.0000,1711.0000,1272.0000,1697.0000,53.924,34.253,27.472,37.058,47.579,21.520,1474,1529,1560,1542,1235,1679,75,68,68,47,38,20,0,0,0,0,0,0,4.9908,4.9908,4.9908,4.9908,2.9084,4.5916,1599.1363,1698.5355,1726.1619,1684.5394,1245.0970,1683.1965,1,on,1
1786106966.881715,1,1,,1625.0000,1726.0000,1749.0000,1709.0000,1271.0000,1697.0000,54.432,34.224,29.520,37.532,47.907,21.533,1492,1547,1581,1561,1238,1681,75,77,62,42,41,20,0,0,0,0,0,0,4.9908,4.9908,4.9908,4.9908,2.9084,4.5916,1599.1363,1698.5355,1726.1619,1684.5394,1250.6746,1683.1965,1,on,1
1786106966.917743,1,1,,1618.0000,1724.0000,1755.0000,1711.0000,1267.0000,1698.0000,55.761,34.483,28.370,37.149,49.316,21.359,1510,1569,1599,1577,1241,1681,65,59,66,60,0,20,0,0,0,0,0,0,4.9908,4.9908,4.9908,4.9908,2.9084,4.5916,1599.1363,1698.5355,1726.1619,1684.5394,1250.6746,1683.1965,0,on,1
1786106966.949705,1,1,,1632.0000,1730.0000,1759.0000,1714.0000,1265.0000,1712.0000,52.946,33.323,27.545,36.481,49.994,18.285,1529,1586,1619,1598,1241,1681,71,64,54,46,28,21,0,0,0,0,0,0,4.9908,4.9908,4.9908,4.9908,2.9084,4.5916,1599.1363,1706.1189,1734.2150,1684.5394,1250.6746,1683.1965,1,on,1
1786106966.982337,1,1,,1624.0000,1729.0000,1760.0000,1699.0000,1265.0000,1706.0000,54.549,33.578,27.248,39.612,49.936,19.448,1546,1604,1638,1614,1243,1681,72,60,57,59,26,22,0,0,0,0,0,0,4.9908,4.9908,4.9908,4.9908,2.9084,4.5916,1607.3121,1706.1189,1734.2150,1684.5394,1250.6746,1690.5083,1,on,1
1786106967.017699,1,1,,1574.0000,1716.0000,1722.0000,1687.0000,1252.0000,1704.0000,64.579,36.226,34.984,42.015,54.199,20.084,1564,1622,1657,1631,1245,1681,62,72,58,69,18,33,0,0,0,0,0,0,4.9908,4.9908,4.9908,4.9908,2.9084,4.5916,1607.3121,1706.1189,1734.2150,1684.5394,1250.6746,1690.5083,0,on,1
1786106967.049757,1,1,,1550.0000,1643.0000,1653.0000,1605.0000,1239.0000,1735.0000,69.445,50.742,48.680,58.438,58.845,13.323,1581,1641,1677,1653,1246,1684,70,64,63,55,23,36,0,0,0,0,0,0,4.9908,4.9908,4.9908,4.9908,2.9084,4.5916,1607.3121,1706.1189,1734.2150,1684.5394,1250.6746,1690.5083,0,on,1
1786106967.081665,1,1,,1486.0000,1537.0000,1533.0000,1528.0000,1220.0000,1703.0000,82.239,72.021,72.848,73.907,65.170,20.294,1592,1653,1690,1667,1247,1687,15,74,68,43,12,29,0,0,0,0,0,0,4.9908,4.9908,4.9908,4.9908,2.9084,4.5916,1581.1680,1667.7571,1678.4697,1648.0536,1250.6746,1690.5083,1,on,1
1786106967.117640,1,1,,1448.0000,1520.0000,1458.0000,1457.0000,1248.0000,1655.0000,89.895,75.322,87.917,88.115,55.540,30.733,1596,1672,1709,1675,1248,1688,0,23,11,0,17,27,1,1,1,1,0,0,4.9908,4.9908,4.9908,4.9908,2.9084,4.5916,1547.8995,1626.2616,1601.6768,1587.9012,1250.6746,1690.5083,1,on,1
1786106967.149694,1,1,,1421.0000,1388.0000,1324.0000,1413.0000,1190.0000,1655.0000,95.293,101.956,114.716,96.802,75.736,30.576,1596,1678,1717,1675,1249,1690,0,0,34,50,13,29,1,1,1,1,0,0,4.9908,4.9908,4.9908,4.9908,2.9084,4.5916,1515.2304,1543.6094,1491.5329,1531.4646,1244.8403,1690.5083,1,on,1
1786106967.181737,1,1,,1298.0000,1207.0000,1208.0000,1270.0000,1195.0000,1699.0000,119.866,138.134,137.957,125.490,74.056,21.078,1596,1678,1703,1660,1250,1690,75,85,88,70,0,31,1,1,1,1,1,0,4.9908,4.9908,4.9908,4.9908,2.9084,4.5916,1442.7333,1397.1379,1368.5605,1429.9450,1238.8464,1690.5083,1,on,1
1786106967.217636,1,1,,1258.0000,1131.0000,1118.0000,1171.0000,1189.0000,1599.0000,127.826,153.378,155.918,145.258,75.857,42.913,1577,1655,1678,1634,1250,1690,120,92,103,63,13,27,1,1,1,1,1,1,4.9908,4.9908,4.9908,4.9908,2.9084,4.5916,1375.2449,1274.4238,1254.9352,1317.7102,1231.9661,1678.5083,1,on,1
1786106967.249673,1,1,,1251.0000,1135.0000,1150.0000,1186.0000,1150.0000,1596.0000,129.292,152.483,149.562,142.340,89.261,43.403,1555,1630,1650,1612,1250,1691,114,76,100,82,58,0,1,1,1,1,1,1,4.9908,4.9908,4.9908,4.9908,2.9084,4.5916,1335.9157,1220.9134,1217.1911,1270.0393,1218.3899,1664.6589,1,on,1
1786106967.285607,1,1,,1253.0000,1139.0000,1141.0000,1214.0000,1143.0000,1614.0000,128.943,151.673,151.275,136.716,91.801,39.665,1531,1606,1625,1589,1245,1691,90,72,93,56,54,28,1,1,1,1,1,1,4.9908,4.9908,4.9908,4.9908,2.9084,4.5916,1312.1435,1193.8076,1193.5448,1253.3750,1204.0570,1656.2241,1,on,1
1786106967.317643,1,1,,1242.0000,1123.0000,1129.0000,1202.0000,1140.0000,1618.0000,131.126,154.968,153.760,139.108,93.053,38.755,1517,1594,1610,1575,1243,1691,90,87,91,75,66,31,1,1,1,1,1,1,4.9908,4.9908,4.9908,4.9908,2.9084,4.5916,1295.9032,1175.5295,1178.0020,1241.9651,1192.9316,1656.2241,1,on,1
1786106967.349666,1,1,,1215.0000,1100.0000,1111.0000,1163.0000,1145.0000,1609.0000,136.499,159.516,157.389,146.927,91.116,40.694,1497,1572,1590,1558,1238,1680,95,82,84,74,54,39,1,1,1,1,1,1,4.9908,4.9908,4.9908,4.9908,2.9084,4.5916,1277.9747,1157.9652,1163.5908,1225.0194,1185.3449,1645.5555,1,on,1
1786106967.381733,1,1,,1217.0000,1103.0000,1119.0000,1174.0000,1140.0000,1607.0000,136.139,159.015,155.770,144.848,92.961,41.133,1478,1552,1569,1537,1234,1672,85,78,79,40,59,21,1,1,1,1,1,1,4.9908,4.9908,4.9908,4.9908,2.9084,4.5916,1265.8641,1146.9870,1155.5811,1215.5626,1178.6790,1645.5555,1,on,1
1786106967.417620,1,1,,1201.0000,1095.0000,1105.0000,1152.0000,1140.0000,1605.0000,139.396,160.626,158.654,149.157,94.901,41.525,1461,1533,1550,1520,1230,1668,87,73,74,47,49,15,1,1,1,1,1,1,4.9908,4.9908,4.9908,4.9908,2.9084,4.5916,1252.9821,1137.2778,1146.8184,1203.5125,1173.2186,1636.3169,1,on,1
1786106967.449742,1,1,,1191.0000,1091.0000,1101.0000,1156.0000,1141.0000,1602.0000,141.384,161.304,159.460,148.348,92.406,42.121,1450,1522,1538,1510,1227,1665,90,78,82,44,40,0,1,1,1,1,1,1,4.9908,4.9908,4.9908,4.9908,2.9084,4.5916,1242.0468,1137.2778,1146.8184,1196.0262,1173.2186,1636.3169,1,on,1
1786106967.481742,1,1,,1212.0000,1112.0000,1121.0000,1179.0000,1146.0000,1618.0000,137.034,157.259,155.300,143.782,90.847,38.795,1434,1505,1521,1493,1224,1663,103,77,75,57,50,41,1,1,1,1,1,1,4.9908,4.9908,4.9908,4.9908,2.9084,4.5916,1242.0468,1128.0151,1137.9331,1196.0262,1167.1608,1636.3169,1,on,1
1786106967.517710,1,1,,1214.0000,1104.0000,1118.0000,1191.0000,1147.0000,1594.0000,136.722,158.706,155.931,141.427,90.450,43.980,1417,1488,1503,1476,1221,1654,98,76,72,55,40,18,1,1,1,1,1,1,4.9908,4.9908,4.9908,4.9908,2.9084,4.5916,1242.0468,1128.0151,1137.9331,1196.0262,1167.1608,1627.4474,1,on,1
1786106967.549663,1,1,,1208.0000,1107.0000,1129.0000,1192.0000,1154.0000,1616.0000,137.928,158.215,153.778,141.149,87.980,39.190,1400,1473,1487,1459,1218,1653,80,89,74,66,40,28,1,1,1,1,1,1,4.9908,4.9908,4.9908,4.9908,2.9084,4.5916,1232.2357,1128.0151,1137.9331,1196.0262,1167.1608,1627.4474,1,on,1
1786106967.581646,1,1,,1209.0000,1109.0000,1132.0000,1199.0000,1156.0000,1617.0000,137.705,157.706,153.167,139.674,87.205,38.963,1391,1460,1475,1448,1215,1646,92,91,74,63,39,38,1,1,1,1,1,1,4.9908,4.9908,4.9908,4.9908,2.9084,4.5916,1232.2357,1128.0151,1137.9331,1196.0262,1167.1608,1627.4474,0,on,1
1786106967.617675,1,1,,1214.0000,1111.0000,1136.0000,1199.0000,1158.0000,1599.0000,136.654,157.338,152.370,139.776,86.504,42.790,1369,1437,1453,1427,1212,1638,89,70,77,72,45,20,1,1,1,1,1,1,4.9908,4.9908,4.9908,4.9908,2.9084,4.5916,1232.2357,1128.0151,1137.9331,1196.0262,1167.1608,1627.4474,0,on,1
1786106967.649727,1,1,,1230.0000,1116.0000,1143.0000,1201.0000,1146.0000,1584.0000,133.581,156.277,151.022,139.246,90.657,46.195,1356,1425,1442,1414,1209,1634,105,87,77,66,38,16,1,1,1,1,1,1,4.9908,4.9908,4.9908,4.9908,2.9084,4.5916,1232.2357,1128.0151,1137.9331,1196.0262,1167.1608,1620.3538,1,on,1
1786106967.681934,1,1,,1209.0000,1103.0000,1126.0000,1177.0000,1147.0000,1597.0000,137.762,158.921,154.365,144.061,90.542,43.203,1341,1411,1427,1400,1207,1631,90,75,78,73,46,22,1,1,1,1,1,1,4.9908,4.9908,4.9908,4.9908,2.9084,4.5916,1232.2357,1128.0151,1137.9331,1196.0262,1162.1151,1620.3538,1,on,1
1786106967.717689,1,1,,1238.0000,1127.0000,1135.0000,1191.0000,1144.0000,1591.0000,131.862,154.092,152.628,141.372,91.502,44.697,1325,1395,1411,1383,1204,1626,98,84,79,67,51,21,1,1,1,1,1,1,4.9908,4.9908,4.9908,4.9908,2.9084,4.5916,1232.2357,1128.0151,1137.9331,1196.0262,1162.1151,1620.3538,0,on,1
1786106967.749682,1,1,,1240.0000,1123.0000,1141.0000,1192.0000,1140.0000,1608.0000,131.555,154.979,151.348,141.049,92.906,40.864,1309,1378,1394,1365,1201,1621,88,87,79,56,55,0,1,1,1,1,1,1,4.9908,4.9908,4.9908,4.9908,2.9084,4.5916,1232.2357,1128.0151,1137.9331,1196.0262,1162.1151,1620.3538,0,on,1
1786106967.781615,1,1,,1235.0000,1124.0000,1142.0000,1204.0000,1140.0000,1617.0000,132.478,154.770,151.255,138.683,93.063,39.024,1292,1362,1380,1350,1196,1621,104,84,102,55,41,0,1,1,1,1,1,1,4.9908,4.9908,4.9908,4.9908,2.9084,4.5916,1232.2357,1128.0151,1137.9331,1196.0262,1162.1151,1620.3538,0,on,1
1786106967.817600,1,1,,1240.0000,1124.0000,1140.0000,1210.0000,1140.0000,1605.0000,131.618,154.748,151.494,137.566,92.995,41.548,1275,1347,1362,1335,1194,1621,110,95,81,56,43,0,1,1,1,1,1,1,4.9908,4.9908,4.9908,4.9908,2.9084,4.5916,1232.2357,1128.0151,1137.9331,1196.0262,1157.1737,1620.3538,1,on,1
1786106967.849653,1,1,,1251.0000,1129.0000,1139.0000,1222.0000,1140.0000,1612.0000,129.264,153.670,151.698,135.122,93.734,40.004,1264,1334,1350,1322,1191,1621,98,87,77,71,44,0,1,1,1,1,1,1,4.9908,4.9908,4.9908,4.9908,2.9084,4.5916,1232.2357,1128.0151,1137.9331,1196.0262,1157.1737,1620.3538,0,on,1
1786106967.881724,1,1,,1259.0000,1139.0000,1140.0000,1206.0000,1145.0000,1621.0000,127.769,151.718,151.564,138.290,91.182,38.124,1247,1317,1334,1306,1189,1621,112,80,94,55,49,0,1,1,1,1,1,1,4.9908,4.9908,4.9908,4.9908,2.9084,4.5916,1232.2357,1128.0151,1137.9331,1196.0262,1157.1737,1620.3538,0,on,1
1786106967.917719,1,1,,1259.0000,1149.0000,1139.0000,1239.0000,1140.0000,1672.0000,127.811,149.818,151.841,131.659,93.292,27.029,1245,1303,1318,1291,1186,1621,31,92,85,77,46,0,1,1,1,1,1,1,4.9908,4.9908,4.9908,4.9908,2.9084,4.5916,1232.2357,1128.0151,1137.9331,1196.0262,1157.1737,1620.3538,0,on,1
1786106967.949620,1,1,,1290.0000,1180.0000,1162.0000,1269.0000,1145.0000,1648.0000,121.454,143.449,147.215,125.717,91.045,32.147,1242,1285,1301,1275,1183,1621,29,87,81,77,47,0,1,1,1,1,1,1,4.9908,4.9908,4.9908,4.9908,2.9084,4.5916,1240.5189,1128.0151,1137.9331,1209.3149,1157.1737,1620.3538,1,on,1
1786106967.981659,1,1,,1260.0000,1180.0000,1145.0000,1192.0000,1167.0000,1634.0000,127.421,143.604,150.565,141.138,83.699,35.172,1242,1266,1284,1258,1179,1621,0,75,78,83,47,0,1,1,1,1,1,1,4.9908,4.9908,4.9908,4.9908,2.9084,4.5916,1240.5189,1135.9288,1137.9331,1209.3149,1157.1737,1620.3538,1,on,1
1786106968.017710,1,1,,1307.0000,1279.0000,1253.0000,1318.0000,1166.0000,1681.0000,118.050,123.763,128.899,115.836,83.778,25.008,1242,1251,1268,1239,1176,1621,0,90,74,59,50,0,1,1,1,1,1,1,4.9908,4.9908,4.9908,4.9908,2.9084,4.5916,1251.3566,1169.1058,1157.0679,1227.0799,1157.1737,1629.8826,1,on,1
1786106968.049702,1,1,,1377.0000,1381.0000,1384.0000,1477.0000,1198.0000,1696.0000,104.092,103.369,102.740,83.996,72.766,21.794,1242,1240,1257,1229,1174,1621,0,88,89,76,55,0,0,1,1,0,1,0,4.9908,4.9908,4.9908,4.9908,2.9084,4.5916,1277.3022,1234.8335,1224.4993,1305.3669,1157.1737,1639.1477,1,on,1
1786106968.081611,1,1,,1519.0000,1546.0000,1539.0000,1597.0000,1239.0000,1678.0000,75.554,70.293,71.666,59.988,58.817,25.618,1242,1228,1240,1221,1171,1621,48,18,85,0,49,0,0,0,1,0,1,0,4.9908,4.9908,4.9908,4.9908,2.9084,4.5916,1356.3977,1361.7049,1351.5943,1421.8109,1169.0908,1639.1477,1,on,1
1786106968.117628,1,1,,1643.0000,1662.0000,1665.0000,1693.0000,1281.0000,1685.0000,50.802,47.002,46.392,40.763,44.354,24.198,1250,1227,1236,1225,1168,1621,72,0,0,71,49,11,0,0,0,0,0,0,4.9908,4.9908,4.9908,4.9908,2.9084,4.5916,1476.5025,1500.6780,1497.8476,1542.6696,1192.7430,1649.6495,1,on,1
1786106968.149647,1,1,,1558.0000,1673.0000,1688.0000,1776.0000,1245.0000,1671.0000,67.712,44.723,41.808,24.112,56.671,27.155,1273,1228,1236,1246,1167,1621,72,101,40,55,22,13,0,0,0,0,0,0,4.9908,4.9908,4.9908,4.9908,2.9084,4.5916,1502.7099,1569.8283,1576.2689,1640.9223,1201.8018,1649.6495,1,on,1
1786106968.181719,1,1,,1589.0000,1669.0000,1687.0000,1732.0000,1242.0000,1651.0000,61.526,45.522,41.924,32.876,57.683,31.598,1292,1251,1246,1268,1166,1624,98,83,71,55,0,47,0,0,0,0,0,0,4.9908,4.9908,4.9908,4.9908,2.9084,4.5916,1526.8473,1603.5511,1615.5147,1672.6889,1207.8515,1649.6495,1,on,1
1786106968.217655,1,1,,1629.0000,1674.0000,1685.0000,1717.0000,1243.0000,1642.0000,53.627,44.521,42.309,35.979,57.472,33.576,1314,1276,1265,1289,1166,1633,56,58,88,51,26,28,0,0,0,0,0,0,4.9908,4.9908,4.9908,4.9908,2.9084,4.5916,1555.3128,1624.1687,1636.4829,1685.0469,1212.7533,1649.6495,1,on,1
1786106968.249617,1,1,,1628.0000,1666.0000,1675.0000,1712.0000,1247.0000,1637.0000,53.858,46.219,44.356,36.870,55.896,34.519,1322,1288,1279,1301,1167,1634,79,70,60,49,52,48,0,0,0,0,0,0,4.9908,4.9908,4.9908,4.9908,2.9084,4.5916,1571.9457,1632.9861,1644.7082,1685.0469,1212.7533,1649.6495,1,on,1
1786106968.281594,1,1,,1634.0000,1652.0000,1661.0000,1701.0000,1238.0000,1636.0000,52.487,48.929,47.245,39.073,59.144,34.883,1341,1308,1304,1319,1171,1640,69,65,49,60,63,30,0,0,0,0,0,0,4.9908,4.9908,4.9908,4.9908,2.9084,4.5916,1584.5910,1632.9861,1644.7082,1685.0469,1218.8197,1649.6495,1,on,1
1786106968.317709,1,1,,1550.0000,1595.0000,1608.0000,1688.0000,1271.0000,1635.0000,69.385,60.480,57.736,41.732,47.720,34.986,1359,1325,1321,1337,1176,1641,65,65,55,51,48,28,0,0,0,0,0,0,4.9908,4.9908,4.9908,4.9908,2.9084,4.5916,1584.5910,1632.9861,1644.7082,1685.0469,1225.5115,1649.6495,1,on,1
1786106968.349581,1,1,,1403.0000,1482.0000,1396.0000,1489.0000,1268.0000,1632.0000,98.898,83.049,100.334,81.660,48.979,35.620,1376,1344,1339,1351,1181,1643,70,54,56,53,49,31,0,0,0,0,0,0,4.9908,4.9908,4.9908,4.9908,2.9084,4.5916,1549.9715,1608.2655,1582.2342,1650.1702,1230.5950,1649.6495,1,on,1
1786106968.381616,1,1,,1370.0000,1345.0000,1322.0000,1400.0000,1248.0000,1606.0000,105.398,110.586,115.152,99.418,55.848,41.391,1393,1359,1356,1371,1185,1646,57,60,53,29,36,28,0,0,0,0,0,0,4.9908,4.9908,4.9908,4.9908,2.9084,4.5916,1500.8549,1522.1055,1489.0875,1567.1158,1230.5950,1649.6495,1,on,1
1786106968.417575,1,1,,1299.0000,1217.0000,1214.0000,1272.0000,1225.0000,1624.0000,119.767,136.215,136.779,125.143,63.736,37.519,1409,1376,1373,1386,1189,1649,55,69,52,31,33,28,0,0,0,0,0,0,4.9908,4.9908,4.9908,4.9908,2.9084,4.5916,1431.1282,1391.6219,1371.7048,1441.7506,1230.5950,1649.6495,1,on,1
1786106968.449595,1,1,,1265.0000,1168.0000,1148.0000,1188.0000,1198.0000,1575.0000,126.571,146.046,149.973,141.844,72.819,47.975,1420,1386,1383,1397,1191,1649,66,65,56,60,35,27,0,1,1,0,0,1,4.9908,4.9908,4.9908,4.9908,2.9084,4.5916,1375.9308,1300.6006,1280.7538,1335.1580,1230.5950,1634.6764,1,on,1
1786106968.481945,1,1,,1257.0000,1143.0000,1139.0000,1203.0000,1193.0000,1541.0000,128.107,150.933,151.859,138.874,74.605,55.380,1426,1392,1395,1411,1194,1649,18,14,10,43,29,0,1,1,1,1,0,1,4.9908,4.9908,4.9908,4.9908,2.9084,4.5916,1339.0562,1240.9436,1228.3763,1285.8901,1230.5950,1617.9115,1,on,1
1786106968.517650,1,1,,1254.0000,1153.0000,1151.0000,1270.0000,1175.0000,1573.0000,128.796,148.985,149.383,125.570,80.624,48.574,1422,1392,1395,1419,1197,1650,115,97,111,84,30,48,1,1,1,1,0,1,4.9908,4.9908,4.9908,4.9908,2.9084,4.5916,1315.0557,1212.0111,1203.9549,1285.8901,1221.9374,1610.4626,1,on,1
1786106968.549634,1,1,,1247.0000,1142.0000,1146.0000,1236.0000,1180.0000,1536.0000,130.187,151.112,150.335,132.372,78.988,56.614,1401,1376,1377,1402,1201,1642,119,94,120,96,26,45,1,1,1,1,0,1,4.9908,4.9908,4.9908,4.9908,2.9084,4.5916,1299.5542,1194.0154,1190.0846,1272.3219,1217.2026,1597.6686,1,on,1
1786106968.581625,1,1,,1267.0000,1162.0000,1153.0000,1314.0000,1178.0000,1559.0000,126.041,147.091,149.031,116.776,79.597,51.475,1383,1355,1351,1377,1203,1629,128,99,99,71,29,67,1,1,1,1,0,1,4.9908,4.9908,4.9908,4.9908,2.9084,4.5916,1299.5542,1194.0154,1190.0846,1272.3219,1212.6945,1597.6686,1,on,1
1786106968.617585,1,1,,1277.0000,1178.0000,1142.0000,1325.0000,1187.0000,1559.0000,124.207,144.026,151.152,114.485,76.624,51.651,1363,1335,1326,1355,1206,1613,133,97,100,60,30,19,1,1,1,1,0,1,4.9908,4.9908,4.9908,4.9908,2.9084,4.5916,1291.5468,1186.4273,1176.1888,1272.3219,1212.6945,1587.4758,1,on,1
1786106968.649595,1,1,,1286.0000,1231.0000,1193.0000,1254.0000,1194.0000,1628.0000,122.397,133.283,140.948,128.688,74.276,36.532,1351,1323,1315,1344,1207,1611,102,101,104,61,0,29,1,1,1,1,0,1,4.9908,4.9908,4.9908,4.9908,2.9084,4.5916,1291.5468,1186.4273,1176.1888,1272.3219,1212.6945,1587.4758,0,on,1
1786106968.681701,1,1,,1337.0000,1291.0000,1264.0000,1384.0000,1217.0000,1689.0000,112.089,121.235,126.666,102.689,66.225,23.202,1330,1305,1294,1321,1208,1604,114,115,88,63,0,52,1,1,1,1,0,1,4.9908,4.9908,4.9908,4.9908,2.9084,4.5916,1291.5468,1200.8076,1184.7478,1290.8210,1212.6945,1601.0272,1,on,1
1786106968.717632,1,1,,1408.0000,1336.0000,1332.0000,1448.0000,1271.0000,1688.0000,97.807,112.219,113.165,89.811,47.936,23.464,1315,1284,1275,1303,1209,1593,118,116,90,0,20,15,1,1,1,1,0,0,4.9908,4.9908,4.9908,4.9908,2.9084,4.5916,1311.3421,1231.5529,1216.8718,1329.6206,1212.6945,1616.6490,1,on,1
1786106968.749375,1,1,,1446.0000,1519.0000,1468.0000,1608.0000,1264.0000,1670.0000,90.155,75.595,85.798,57.730,50.274,27.358,1302,1266,1258,1301,1211,1593,0,90,85,24,18,20,0,1,1,0,0,0,4.9908,4.9908,4.9908,4.9908,2.9084,4.5916,1341.4703,1333.5282,1299.6437,1428.8147,1219.1164,1625.0310,1,on,1
1786106968.781795,1,1,,1600.0000,1568.0000,1517.0000,1609.0000,1242.0000,1665.0000,59.352,65.757,75.943,57.544,57.761,28.400,1302,1250,1241,1300,1212,1593,34,31,32,8,0,62,0,0,0,0,0,0,4.9908,4.9908,4.9908,4.9908,2.9084,4.5916,1431.1837,1425.4386,1380.1111,1494.2511,1219.1164,1625.0310,1,on,1
1786106968.817596,1,1,,1633.0000,1594.0000,1592.0000,1601.0000,1233.0000,1712.0000,52.712,60.537,61.089,59.255,60.962,18.283,1310,1249,1243,1304,1212,1604,84,93,70,58,17,36,0,0,0,0,0,0,4.9908,4.9908,4.9908,4.9908,2.9084,4.5916,1508.0000,1490.6450,1464.5331,1529.6270,1219.1164,1645.5201,1,on,1
1786106968.849735,1,1,,1618.0000,1664.0000,1647.0000,1686.0000,1276.0000,1702.0000,55.750,46.577,49.998,42.102,46.187,20.385,1329,1269,1262,1330,1214,1610,82,85,69,37,13,31,0,0,0,0,0,0,4.9908,4.9908,4.9908,4.9908,2.9084,4.5916,1542.8679,1552.9567,1532.2074,1579.6344,1227.9500,1654.7116,1,on,1
1786106968.885580,1,1,,1586.0000,1701.0000,1682.0000,1746.0000,1262.0000,1686.0000,62.222,39.250,43.060,30.166,50.998,23.942,1352,1295,1283,1348,1214,1618,78,76,69,60,25,89,0,0,0,0,0,0,4.9908,4.9908,4.9908,4.9908,2.9084,4.5916,1553.8564,1605.7958,1586.8494,1637.1857,1227.9500,1654.7116,1,on,1
1786106968.917631,1,1,,1608.0000,1700.0000,1692.0000,1733.0000,1248.0000,1668.0000,57.721,39.393,40.912,32.644,55.793,27.905,1366,1310,1300,1362,1215,1630,83,85,75,27,30,38,0,0,0,0,0,0,4.9908,4.9908,4.9908,4.9908,2.9084,4.5916,1564.6740,1633.2543,1618.7891,1664.5961,1233.1283,1654.7116,1,on,1
1786106968.949720,1,1,,1585.0000,1677.0000,1685.0000,1729.0000,1231.0000,1649.0000,62.391,43.897,42.370,33.636,61.556,32.031,1384,1331,1323,1382,1219,1638,76,77,70,49,32,30,0,0,0,0,0,0,4.9908,4.9908,4.9908,4.9908,2.9084,4.5916,1564.6740,1643.1894,1635.5573,1680.0944,1233.1283,1654.7116,1,on,1
1786106968.981646,1,1,,1602.0000,1677.0000,1694.0000,1716.0000,1237.0000,1655.0000,59.073,44.051,40.491,36.108,59.386,30.590,1402,1350,1343,1399,1223,1641,68,79,56,47,37,47,0,0,0,0,0,0,4.9908,4.9908,4.9908,4.9908,2.9084,4.5916,1564.6740,1643.1894,1648.1055,1680.0944,1233.1283,1654.7116,1,on,1
1786106969.017606,1,1,,1606.0000,1674.0000,1677.0000,1701.0000,1248.0000,1650.0000,58.125,44.532,44.021,39.124,55.726,31.771,1421,1370,1362,1414,1225,1646,61,62,55,49,42,0,0,0,0,0,0,0,4.9908,4.9908,4.9908,4.9908,2.9084,4.5916,1576.3012,1652.7415,1648.1055,1688.7833,1233.1283,1654.7116,1,on,1
1786106969.049617,1,1,,1599.0000,1663.0000,1678.0000,1692.0000,1232.0000,1621.0000,59.521,46.693,43.828,41.056,61.196,38.016,1436,1386,1380,1431,1229,1647,59,59,50,64,0,32,0,0,0,0,0,0,4.9908,4.9908,4.9908,4.9908,2.9084,4.5916,1576.3012,1652.7415,1656.2372,1688.7833,1233.1283,1654.7116,1,on,1
1786106969.081642,1,1,,1580.0000,1597.0000,1597.0000,1617.0000,1250.0000,1674.0000,63.316,60.026,60.010,56.012,55.144,26.518,1447,1398,1388,1442,1229,1649,72,66,64,47,21,36,0,0,0,0,0,0,4.9908,4.9908,4.9908,4.9908,2.9084,4.5916,1576.3012,1652.7415,1656.2372,1688.7833,1233.1283,1654.7116,0,on,1
1786106969.117739,1,1,,1436.0000,1485.0000,1452.0000,1484.0000,1265.0000,1643.0000,92.285,82.414,89.108,82.654,49.849,33.270,1470,1420,1410,1465,1231,1653,62,59,52,41,19,23,0,0,0,0,0,0,4.9908,4.9908,4.9908,4.9908,2.9084,4.5916,1555.6721,1615.4547,1605.8319,1633.1075,1233.1283,1654.7116,1,on,1
1786106969.149668,1,1,,1343.0000,1280.0000,1281.0000,1373.0000,1205.0000,1692.0000,110.798,123.474,123.307,104.834,70.582,22.646,1479,1431,1420,1477,1232,1654,61,53,60,29,21,24,0,0,0,0,0,0,4.9908,4.9908,4.9908,4.9908,2.9084,4.5916,1495.3569,1488.4075,1482.0091,1542.1817,1233.1283,1654.7116,1,on,1
1786106969.181734,1,1,,1317.0000,1194.0000,1206.0000,1276.0000,1183.0000,1583.0000,116.033,140.723,138.416,124.222,77.998,46.422,1492,1447,1438,1492,1233,1654,29,73,49,64,0,27,0,0,0,0,1,0,4.9908,4.9908,4.9908,4.9908,2.9084,4.5916,1437.9450,1361.6345,1365.1740,1434.7682,1233.1283,1654.7116,1,on,1
1786106969.217608,1,1,,1281.0000,1132.0000,1137.0000,1233.0000,1165.0000,1532.0000,123.262,153.175,152.081,132.859,84.304,57.512,1491,1461,1453,1510,1233,1654,44,69,64,59,0,32,1,1,1,1,1,0,4.9908,4.9908,4.9908,4.9908,2.9084,4.5916,1384.3622,1260.1214,1265.3996,1351.4141,1222.4224,1628.5644,1,on,1
1786106969.249611,1,1,,1249.0000,1121.0000,1155.0000,1232.0000,1140.0000,1578.0000,129.717,155.321,148.578,133.223,94.770,47.422,1480,1472,1460,1515,1233,1654,101,67,54,64,0,34,1,1,1,1,1,1,4.9908,4.9908,4.9908,4.9908,2.9084,4.5916,1342.3310,1208.4407,1226.5361,1310.5757,1208.7953,1620.3591,1,on,1
1786106969.285793,1,1,,1198.0000,1095.0000,1149.0000,1430.0000,1140.0000,1515.0000,139.984,160.622,149.772,93.411,94.781,61.204,1462,1457,1449,1501,1233,1654,109,118,98,53,20,19,1,1,1,1,1,1,4.9908,4.9908,4.9908,4.9908,2.9084,4.5916,1294.9941,1169.3810,1202.7280,1324.7327,1196.1300,1597.4561,1,on,1
1786106969.317715,1,1,,1200.0000,1089.0000,1148.0000,1403.0000,1140.0000,1558.0000,139.596,161.880,149.940,98.910,96.787,51.712,1441,1432,1424,1476,1232,1654,97,104,94,71,60,61,1,1,1,1,1,1,4.9908,4.9908,4.9908,4.9908,2.9084,4.5916,1269.0259,1147.5044,1190.1662,1324.7327,1187.0332,1597.4561,1,on,1
1786106969.349746,1,1,,1219.0000,1095.0000,1161.0000,1390.0000,1140.0000,1545.0000,135.831,160.531,147.399,101.557,96.321,54.663,1427,1417,1407,1459,1229,1647,92,100,92,64,52,102,1,1,1,1,1,1,4.9908,4.9908,4.9908,4.9908,2.9084,4.5916,1257.9695,1135.8301,1190.1662,1335.7641,1179.9294,1584.0605,1,on,1
1786106969.385680,1,1,,1298.0000,1150.0000,1173.0000,1405.0000,1140.0000,1561.0000,119.984,149.474,145.012,98.495,98.146,51.081,1409,1395,1387,1440,1224,1618,102,102,96,87,66,62,1,1,1,1,1,1,4.9908,4.9908,4.9908,4.9908,2.9084,4.5916,1257.9695,1135.8301,1190.1662,1346.3712,1174.1347,1584.0605,1,on,1
1786106969.417592,1,1,,1310.0000,1180.0000,1181.0000,1384.0000,1140.0000,1544.0000,117.421,143.549,143.390,102.679,94.304,54.737,1392,1375,1365,1420,1220,1602,108,100,86,67,51,36,1,1,1,1,1,1,4.9908,4.9908,4.9908,4.9908,2.9084,4.5916,1257.9695,1135.8301,1190.1662,1346.3712,1174.1347,1576.9453,1,on,1
1786106969.449588,1,1,,1312.0000,1213.0000,1184.0000,1261.0000,1171.0000,1587.0000,117.054,136.923,142.676,127.305,82.169,45.372,1374,1354,1346,1401,1215,1597,112,83,85,80,48,33,1,1,1,1,1,1,4.9908,4.9908,4.9908,4.9908,2.9084,4.5916,1267.2198,1145.8422,1190.1662,1346.3712,1174.1347,1576.9453,1,on,1
1786106969.481677,1,1,,1360.0000,1277.0000,1250.0000,1357.0000,1237.0000,1639.0000,107.440,124.108,129.506,107.998,59.570,34.215,1363,1344,1334,1389,1214,1589,113,92,93,60,52,42,1,1,1,1,1,1,4.9908,4.9908,4.9908,4.9908,2.9084,4.5916,1281.5928,1171.9588,1190.1662,1346.3712,1174.1347,1576.9453,1,on,1
1786106969.517622,1,1,,1411.0000,1378.0000,1372.0000,1610.0000,1264.0000,1664.0000,97.280,103.834,105.152,57.448,50.262,28.597,1347,1326,1317,1373,1209,1585,102,94,91,69,36,22,1,1,1,1,1,1,4.9908,4.9908,4.9908,4.9908,2.9084,4.5916,1311.9283,1236.7700,1233.7142,1421.2233,1187.8055,1593.3321,1,on,1
1786106969.549590,1,1,,1596.0000,1584.0000,1581.0000,1626.0000,1236.0000,1708.0000,60.163,62.660,63.175,54.117,59.836,19.213,1329,1310,1300,1356,1207,1581,113,82,83,0,46,18,1,1,1,0,1,0,4.9908,4.9908,4.9908,4.9908,2.9084,4.5916,1413.0884,1381.7408,1370.7799,1488.2792,1194.4408,1616.1191,1,on,1
1786106969.581720,1,1,,1611.0000,1648.0000,1689.0000,1692.0000,1220.0000,1782.0000,57.251,49.750,41.655,40.922,65.388,2.933,1321,1294,1284,1355,1204,1579,0,28,20,37,48,55,0,0,0,0,1,0,4.9908,4.9908,4.9908,4.9908,2.9084,4.5916,1486.5122,1498.1434,1513.5450,1561.5078,1194.4408,1661.3794,1,on,1
1786106969.617718,1,1,,1555.0000,1660.0000,1671.0000,1706.0000,1209.0000,1685.0000,68.459,47.292,45.236,38.199,69.090,24.091,1322,1293,1285,1365,1201,1589,90,90,75,60,49,61,0,0,0,0,1,0,4.9908,4.9908,4.9908,4.9908,2.9084,4.5916,1507.9135,1565.0030,1579.4010,1612.8443,1194.4408,1661.3794,1,on,1
1786106969.649660,1,1,,1559.0000,1665.0000,1698.0000,1697.0000,1194.0000,1678.0000,67.532,46.375,39.795,39.955,74.119,25.717,1343,1311,1305,1387,1197,1610,77,77,64,59,0,100,0,0,0,0,1,0,4.9908,4.9908,4.9908,4.9908,2.9084,4.5916,1519.6919,1597.9227,1620.1921,1636.6058,1194.4408,1661.3794,1,on,1
1786106969.681721,1,1,,1575.0000,1682.0000,1708.0000,1694.0000,1198.0000,1677.0000,64.314,43.015,37.683,40.618,72.783,25.931,1357,1329,1321,1401,1197,1630,69,72,78,69,24,84,0,0,0,0,1,0,4.9908,4.9908,4.9908,4.9908,2.9084,4.5916,1530.7033,1621.7359,1646.1194,1649.9739,1194.4408,1668.6388,1,on,1
1786106969.717658,1,1,,1570.0000,1663.0000,1708.0000,1680.0000,1196.0000,1676.0000,65.417,46.857,37.772,43.382,73.437,26.069,1378,1352,1344,1422,1196,1647,87,66,60,54,30,0,0,0,0,0,1,0,4.9908,4.9908,4.9908,4.9908,2.9084,4.5916,1530.7033,1631.2487,1661.9709,1649.9739,1194.4408,1668.6388,1,on,1
1786106969.749679,1,1,,1553.0000,1629.0000,1665.0000,1599.0000,1193.0000,1691.0000,68.880,53.530,46.350,59.633,74.491,22.842,1398,1375,1367,1440,1196,1648,75,84,51,33,27,0,0,0,0,0,1,0,4.9908,4.9908,4.9908,4.9908,2.9084,4.5916,1539.3122,1631.2487,1661.9709,1649.9739,1194.4408,1668.6388,1,on,1
1786106969.785592,1,1,,1440.0000,1547.0000,1543.0000,1558.0000,1189.0000,1682.0000,91.516,69.994,70.718,67.831,76.094,24.762,1417,1394,1384,1458,1195,1648,62,69,63,43,21,0,0,0,0,0,1,0,4.9908,4.9908,4.9908,4.9908,2.9084,4.5916,1531.2302,1631.2487,1652.5855,1641.9810,1194.4408,1668.6388,1,on,1
1786106969.817612,1,1,,1362.0000,1467.0000,1398.0000,1489.0000,1289.0000,1573.0000,107.147,85.949,99.918,81.615,41.463,48.450,1435,1412,1403,1473,1194,1648,62,59,53,53,13,26,0,0,0,0,1,0,4.9908,4.9908,4.9908,4.9908,2.9084,4.5916,1493.6638,1594.1980,1579.1341,1607.9171,1208.3577,1660.6886,1,on,1
1786106969.849708,1,1,,1367.0000,1258.0000,1269.0000,1436.0000,1245.0000,1504.0000,106.031,128.005,125.661,92.287,56.853,63.442,1451,1431,1420,1491,1194,1649,72,59,56,50,0,34,0,0,0,0,0,0,4.9908,4.9908,4.9908,4.9908,2.9084,4.5916,1461.4918,1465.8452,1455.3218,1558.3978,1208.3577,1625.3159,1,on,1
1786106969.881646,1,1,,1263.0000,1139.0000,1143.0000,1318.0000,1225.0000,1444.0000,126.818,151.790,150.991,115.956,63.700,76.520,1462,1441,1430,1501,1194,1649,13,62,52,34,22,0,1,0,0,0,0,1,4.9908,4.9908,4.9908,4.9908,2.9084,4.5916,1398.0220,1320.3229,1315.7282,1471.6995,1213.5773,1571.7725,1,on,1
1786106969.917595,1,1,,1216.0000,1095.0000,1130.0000,1206.0000,1200.0000,1411.0000,136.261,160.523,153.585,138.274,72.147,83.760,1467,1455,1445,1523,1195,1649,0,0,0,0,59,42,1,1,1,1,0,1,4.9908,4.9908,4.9908,4.9908,2.9084,4.5916,1333.0744,1219.0809,1235.5148,1359.1303,1213.5773,1518.6914,1,on,1
1786106969.949704,1,1,,1188.0000,1072.0000,1111.0000,1202.0000,1189.0000,1432.0000,141.926,165.220,157.408,139.229,75.965,79.125,1467,1455,1444,1525,1199,1649,50,64,64,67,48,108,1,1,1,1,0,1,4.9908,4.9908,4.9908,4.9908,2.9084,4.5916,1285.8740,1163.1186,1191.0756,1300.9284,1213.5773,1495.2891,1,on,1
1786106969.981644,1,1,,1200.0000,1080.0000,1103.0000,1206.0000,1176.0000,1394.0000,139.587,163.583,158.909,138.296,80.452,87.407,1457,1442,1430,1509,1204,1615,108,111,76,90,48,103,1,1,1,1,0,1,4.9908,4.9908,4.9908,4.9908,2.9084,4.5916,1261.7487,1136.9448,1164.4238,1270.9352,1213.5773,1469.0180,1,on,1
1786106970.017592,1,1,,1161.0000,1058.0000,1098.0000,1202.0000,1160.0000,1465.0000,147.414,167.918,159.946,139.220,86.122,72.014,1435,1420,1410,1484,1207,1581,100,98,89,61,42,100,1,1,1,1,0,1,4.9908,4.9908,4.9908,4.9908,2.9084,4.5916,1233.6588,1114.5974,1146.8065,1251.9075,1204.4913,1469.0180,1,on,1
1786106970.049614,1,1,,1171.0000,1066.0000,1098.0000,1207.0000,1157.0000,1462.0000,145.344,166.457,160.051,138.122,86.966,72.785,1413,1399,1388,1460,1213,1546,101,117,98,67,30,91,1,1,1,1,0,1,4.9908,4.9908,4.9908,4.9908,2.9084,4.5916,1219.8345,1104.3425,1137.0133,1242.7664,1198.9779,1469.0180,1,on,1
1786106970.081909,1,1,,1188.0000,1068.0000,1106.0000,1213.0000,1148.0000,1469.0000,141.869,165.956,158.463,136.945,89.980,71.103,1397,1387,1375,1446,1214,1526,110,101,100,82,35,77,1,1,1,1,0,1,4.9908,4.9908,4.9908,4.9908,2.9084,4.5916,1219.8345,1104.3425,1137.0133,1242.7664,1192.3512,1469.0180,1,on,1
1786106970.117706,1,1,,1270.0000,1125.0000,1141.0000,1264.0000,1163.0000,1441.0000,125.549,154.622,151.353,126.728,84.800,77.158,1382,1367,1355,1429,1218,1495,105,104,86,81,29,70,1,1,1,1,0,1,4.9908,4.9908,4.9908,4.9908,2.9084,4.5916,1219.8345,1104.3425,1137.0133,1242.7664,1192.3512,1469.0180,0,on,1
1786106970.149601,1,1,,1334.0000,1206.0000,1185.0000,1308.0000,1184.0000,1424.0000,112.762,138.248,142.472,117.988,77.822,81.048,1363,1349,1337,1408,1221,1481,115,99,90,60,32,0,1,1,1,1,0,1,4.9908,4.9908,4.9908,4.9908,2.9084,4.5916,1232.7048,1104.3425,1137.0133,1242.7664,1192.3512,1461.6391,1,on,1
1786106970.181653,1,1,,1345.0000,1254.0000,1230.0000,1462.0000,1222.0000,1548.0000,110.391,128.782,133.466,87.015,64.797,54.012,1344,1330,1320,1392,1224,1480,83,80,86,67,27,37,1,1,1,1,0,1,4.9908,4.9908,4.9908,4.9908,2.9084,4.5916,1255.1574,1142.1002,1147.8957,1300.8807,1192.3512,1461.6391,1,on,1
1786106970.217608,1,1,,1437.0000,1542.0000,1510.0000,1565.0000,1212.0000,1485.0000,92.077,71.009,77.341,66.367,67.959,67.612,1328,1315,1305,1375,1226,1473,100,110,90,74,42,20,1,1,1,1,0,1,4.9908,4.9908,4.9908,4.9908,2.9084,4.5916,1309.2842,1315.0067,1289.0820,1400.4800,1192.3512,1469.1243,1,on,1
1786106970.249602,1,1,,1594.0000,1670.0000,1602.0000,1731.0000,1252.0000,1601.0000,60.670,45.280,58.911,33.165,54.284,42.436,1317,1305,1292,1362,1229,1472,110,83,90,82,28,30,1,0,0,0,1,1,4.9908,4.9908,4.9908,4.9908,2.9084,4.5916,1417.3967,1480.8973,1423.9882,1543.8295,1192.3512,1493.5292,1,on,1
1786106970.281622,1,1,,1484.0000,1623.0000,1603.0000,1785.0000,1181.0000,1569.0000,82.710,54.722,58.843,22.378,78.849,49.424,1310,1290,1283,1352,1232,1471,0,19,15,41,16,0,0,0,0,0,1,0,4.9908,4.9908,4.9908,4.9908,2.9084,4.5916,1437.6600,1538.9174,1496.1609,1648.5184,1192.3512,1507.9464,1,on,1
1786106970.317580,1,1,,1498.0000,1652.0000,1646.0000,1744.0000,1144.0000,1593.0000,79.922,48.891,50.193,30.541,91.421,44.061,1310,1290,1283,1361,1232,1471,96,87,77,38,55,61,0,0,0,0,1,0,4.9908,4.9908,4.9908,4.9908,2.9084,4.5916,1453.4122,1580.4758,1553.9215,1684.3323,1192.3512,1526.1076,1,on,1
1786106970.349660,1,1,,1502.0000,1656.0000,1660.0000,1759.0000,1176.0000,1590.0000,79.117,48.232,47.407,27.555,80.439,44.723,1324,1314,1297,1386,1229,1477,88,75,71,43,68,68,0,0,0,0,1,0,4.9908,4.9908,4.9908,4.9908,2.9084,4.5916,1463.0404,1601.9540,1587.4974,1705.8813,1192.3512,1537.9788,1,on,1
1786106970.381623,1,1,,1518.0000,1679.0000,1656.0000,1737.0000,1187.0000,1594.0000,75.914,43.523,48.128,32.024,76.511,44.049,1346,1339,1319,1407,1223,1499,87,71,75,50,75,77,0,0,0,0,1,0,4.9908,4.9908,4.9908,4.9908,2.9084,4.5916,1472.8747,1621.1519,1605.4896,1705.8813,1192.3512,1547.6615,1,on,1
1786106970.417616,1,1,,1539.0000,1681.0000,1665.0000,1749.0000,1195.0000,1621.0000,71.631,43.071,46.296,29.636,73.921,38.072,1368,1363,1339,1429,1218,1519,79,71,64,57,58,56,0,0,0,0,1,0,4.9908,4.9908,4.9908,4.9908,2.9084,4.5916,1485.3655,1634.6379,1619.3902,1719.1306,1192.3512,1561.7769,1,on,1
1786106970.449608,1,1,,1509.0000,1670.0000,1671.0000,1735.0000,1195.0000,1594.0000,77.700,45.298,45.173,32.256,73.921,43.898,1388,1382,1362,1448,1214,1533,58,71,52,47,68,16,0,0,0,0,1,0,4.9908,4.9908,4.9908,4.9908,2.9084,4.5916,1485.3655,1634.6379,1628.9348,1719.1306,1192.3512,1561.7769,1,on,1
1786106970.481622,1,1,,1511.0000,1669.0000,1658.0000,1728.0000,1192.0000,1606.0000,77.166,45.623,47.839,33.726,74.805,41.231,1400,1394,1372,1460,1210,1536,64,71,46,52,44,28,0,0,0,0,1,0,4.9908,4.9908,4.9908,4.9908,2.9084,4.5916,1485.3655,1644.2703,1628.9348,1719.1306,1192.3512,1571.6328,1,on,1
1786106970.517593,1,1,,1519.0000,1660.0000,1651.0000,1747.0000,1201.0000,1606.0000,75.640,47.294,49.184,30.023,71.723,41.397,1425,1420,1394,1484,1206,1542,63,59,63,36,61,60,0,0,0,0,1,0,4.9908,4.9908,4.9908,4.9908,2.9084,4.5916,1493.8828,1644.2703,1628.9348,1719.1306,1192.3512,1571.6328,1,on,1
1786106970.549652,1,1,,1527.0000,1676.0000,1647.0000,1749.0000,1203.0000,1595.0000,73.936,44.130,49.935,29.570,71.165,43.709,1435,1431,1407,1496,1204,1548,55,52,58,45,52,44,0,0,0,0,1,0,4.9908,4.9908,4.9908,4.9908,2.9084,4.5916,1493.8828,1644.2703,1628.9348,1719.1306,1192.3512,1571.6328,0,on,1
1786106970.581689,1,1,,1534.0000,1679.0000,1636.0000,1679.0000,1190.0000,1655.0000,72.624,43.521,52.255,43.576,75.691,30.598,1451,1447,1422,1512,1201,1555,60,68,67,50,48,27,0,0,0,0,1,0,4.9908,4.9908,4.9908,4.9908,2.9084,4.5916,1493.8828,1644.2703,1628.9348,1719.1306,1192.3512,1589.0205,1,on,1
1786106970.617699,1,1,,1447.0000,1545.0000,1535.0000,1614.0000,1190.0000,1687.0000,90.022,70.440,72.354,56.662,75.765,23.751,1469,1461,1440,1530,1196,1559,51,71,57,45,41,45,0,0,0,0,1,0,4.9908,4.9908,4.9908,4.9908,2.9084,4.5916,1493.8828,1644.2703,1628.9348,1706.7604,1192.3512,1608.7339,1,on,1
1786106970.649589,1,1,,1375.0000,1508.0000,1426.0000,1457.0000,1238.0000,1710.0000,104.401,77.887,94.260,88.005,59.251,18.663,1482,1479,1456,1548,1195,1566,0,65,61,36,0,40,0,0,0,0,1,0,4.9908,4.9908,4.9908,4.9908,2.9084,4.5916,1479.3639,1614.5176,1572.7705,1629.6384,1192.3512,1630.2514,1,on,1
1786106970.681640,1,1,,1323.0000,1235.0000,1236.0000,1318.0000,1263.0000,1660.0000,114.856,132.459,132.365,115.894,50.454,29.518,1482,1491,1468,1558,1195,1571,0,63,62,48,33,93,1,0,0,0,1,0,4.9908,4.9908,4.9908,4.9908,2.9084,4.5916,1440.4860,1461.7829,1437.5813,1502.4067,1203.7207,1630.2514,1,on,1
1786106970.717619,1,1,,1198.0000,1085.0000,1094.0000,1109.0000,1222.0000,1700.0000,139.952,162.516,160.725,157.730,64.801,20.847,1482,1513,1489,1580,1194,1604,24,14,8,0,0,72,1,1,1,1,0,0,4.9908,4.9908,4.9908,4.9908,2.9084,4.5916,1353.2222,1276.7980,1273.5778,1305.8033,1203.7207,1646.7400,1,on,1
1786106970.749650,1,1,,1196.0000,1089.0000,1117.0000,1105.0000,1202.0000,1644.0000,140.420,161.830,156.238,158.590,71.518,33.118,1482,1514,1491,1582,1194,1615,79,87,90,116,27,8,1,1,1,1,0,0,4.9908,4.9908,4.9908,4.9908,2.9084,4.5916,1300.6708,1196.7240,1210.5169,1217.9017,1203.7207,1646.7400,1,on,1
1786106970.781723,1,1,,1175.0000,1063.0000,1097.0000,1116.0000,1202.0000,1674.0000,144.478,167.071,160.216,156.405,71.373,26.623,1466,1502,1479,1565,1194,1618,90,94,110,75,36,43,1,1,1,1,0,0,4.9908,4.9908,4.9908,4.9908,2.9084,4.5916,1261.1325,1146.3647,1170.8322,1180.5354,1203.7207,1646.7400,1,on,1
1786106970.817580,1,1,,1169.0000,1068.0000,1099.0000,1112.0000,1183.0000,1650.0000,145.665,165.970,159.696,157.240,78.048,31.714,1449,1477,1453,1538,1196,1627,115,101,103,55,26,23,1,1,1,1,0,0,4.9908,4.9908,4.9908,4.9908,2.9084,4.5916,1234.2270,1121.0465,1149.2886,1159.3345,1203.7207,1646.7400,1,on,1
1786106970.849708,1,1,,1175.0000,1064.0000,1091.0000,1108.0000,1188.0000,1649.0000,144.461,166.888,161.396,157.892,76.378,31.889,1427,1455,1429,1516,1199,1629,82,112,83,76,0,26,1,1,1,1,0,0,4.9908,4.9908,4.9908,4.9908,2.9084,4.5916,1220.8376,1107.1789,1135.8831,1147.5312,1203.7207,1646.7400,1,on,1
1786106970.881853,1,1,,1158.0000,1071.0000,1099.0000,1114.0000,1188.0000,1666.0000,147.905,165.387,159.758,156.861,76.337,28.175,1409,1431,1408,1496,1199,1629,106,101,79,70,0,25,1,1,1,1,0,0,4.9908,4.9908,4.9908,4.9908,2.9084,4.5916,1208.0943,1107.1789,1135.8831,1147.5312,1203.7207,1646.7400,1,on,1
1786106970.917634,1,1,,1160.0000,1074.0000,1095.0000,1113.0000,1196.0000,1685.0000,147.609,164.847,160.540,156.935,73.729,24.062,1393,1412,1389,1474,1201,1629,107,84,92,43,16,26,1,1,1,1,0,0,4.9908,4.9908,4.9908,4.9908,2.9084,4.5916,1199.2301,1096.3025,1123.8291,1137.3057,1203.7207,1646.7400,1,on,1
1786106970.949656,1,1,,1178.0000,1087.0000,1096.0000,1118.0000,1212.0000,1662.0000,144.030,162.186,160.397,156.021,68.031,29.181,1382,1400,1379,1463,1201,1630,105,84,71,66,19,24,1,1,1,1,0,0,4.9908,4.9908,4.9908,4.9908,2.9084,4.5916,1199.2301,1096.3025,1123.8291,1137.3057,1203.7207,1646.7400,0,on,1
1786106970.985647,1,1,,1196.0000,1106.0000,1119.0000,1126.0000,1199.0000,1702.0000,140.376,158.440,155.688,154.290,72.636,20.531,1365,1381,1359,1445,1202,1630,102,78,79,73,0,24,1,1,1,1,1,0,4.9908,4.9908,4.9908,4.9908,2.9084,4.5916,1199.2301,1096.3025,1123.8291,1137.3057,1203.7207,1658.1966,1,on,1
1786106971.017592,1,1,,1216.0000,1101.0000,1131.0000,1157.0000,1231.0000,1679.0000,136.407,159.325,153.436,148.063,61.590,25.358,1349,1365,1341,1430,1202,1631,112,83,66,77,0,0,1,1,1,1,1,0,4.9908,4.9908,4.9908,4.9908,2.9084,4.5916,1199.2301,1096.3025,1123.8291,1137.3057,1203.7207,1658.1966,0,on,1
1786106971.049662,1,1,,1216.0000,1136.0000,1155.0000,1180.0000,1226.0000,1702.0000,136.357,152.346,148.474,143.540,63.226,20.505,1330,1349,1325,1412,1202,1634,98,89,75,69,0,31,1,1,1,1,1,0,4.9908,4.9908,4.9908,4.9908,2.9084,4.5916,1199.2301,1096.3025,1123.8291,1137.3057,1203.7207,1658.1966,0,on,1
1786106971.081640,1,1,,1299.0000,1190.0000,1187.0000,1235.0000,1251.0000,1643.0000,119.717,141.594,142.163,132.593,54.707,33.272,1320,1337,1316,1402,1202,1636,120,73,74,74,0,29,1,1,1,1,1,0,4.9908,4.9908,4.9908,4.9908,2.9084,4.5916,1211.7005,1111.2768,1123.8291,1152.5680,1209.5670,1658.1966,1,on,1
1786106971.117635,1,1,,1344.0000,1269.0000,1250.0000,1330.0000,1268.0000,1702.0000,110.599,125.775,129.560,113.491,48.757,20.347,1305,1321,1297,1385,1202,1639,115,81,73,62,0,26,1,1,1,1,0,0,4.9908,4.9908,4.9908,4.9908,2.9084,4.5916,1242.1662,1151.1573,1153.8564,1201.0436,1217.3066,1666.4503,1,on,1
1786106971.149684,1,1,,1569.0000,1528.0000,1547.0000,1596.0000,1316.0000,1830.0000,65.525,73.746,70.028,60.096,32.470,-7.448,1288,1307,1281,1370,1202,1641,120,95,83,67,0,21,1,1,1,1,0,0,4.9908,4.9908,4.9908,4.9908,2.9084,4.5916,1366.0117,1306.2703,1313.2841,1369.4605,1234.9782,1701.7931,1,on,1
1786106971.181609,1,0,handedness unsure,1638.0000,1683.0000,1647.0000,1679.0000,1230.0000,1824.0000,51.737,42.844,49.966,43.585,61.769,-6.230,1270,1289,1266,1357,1203,1645,42,46,25,14,32,89,0,0,0,0,0,0,4.9908,4.9908,4.9908,4.9908,2.9084,4.5916,1480.0547,1486.5780,1466.4353,1511.5221,1234.9782,1701.7931,1,on,1
1786106971.217669,1,0,handedness unsure,1639.0000,1720.0000,1783.0000,1718.0000,1272.0000,1739.0000,51.477,35.329,22.766,35.799,47.348,12.351,1269,1283,1267,1357,1206,1668,91,17,72,23,44,109,0,0,0,0,0,0,4.9908,4.9908,4.9908,4.9908,2.9084,4.5916,1543.8583,1597.0132,1623.1815,1604.3250,1234.9782,1701.7931,1,on,1
1786106971.249695,1,0,handedness unsure,1617.0000,1741.0000,1772.0000,1741.0000,1268.0000,1703.0000,55.961,31.176,24.934,31.085,48.732,20.178,1290,1283,1284,1370,1209,1686,74,92,86,31,58,23,0,0,0,0,0,0,4.9908,4.9908,4.9908,4.9908,2.9084,4.5916,1566.0991,1653.6322,1684.2316,1655.4541,1234.9782,1701.7931,1,on,1
1786106971.281649,1,0,handedness unsure,1642.0000,1743.0000,1768.0000,1748.0000,1251.0000,1707.0000,50.923,30.769,25.702,29.687,54.535,19.313,1315,1306,1309,1385,1214,1690,60,65,75,48,49,42,0,0,0,0,0,0,4.9908,4.9908,4.9908,4.9908,2.9084,4.5916,1585.8793,1682.9460,1712.3986,1684.8156,1234.9782,1701.7931,1,on,1
1786106971.322981,1,0,handedness unsure,1673.0000,1753.0000,1769.0000,1735.0000,1259.0000,1708.0000,44.684,28.669,25.459,32.266,51.834,19.145,1336,1329,1333,1402,1219,1693,61,78,58,59,37,19,0,0,0,0,0,0,4.9908,4.9908,4.9908,4.9908,2.9084,4.5916,1609.3936,1703.9576,1729.1010,1698.6810,1234.9782,1701.7931,1,on,1
1786106971.349678,1,0,handedness unsure,1661.0000,1750.0000,1768.0000,1739.0000,1268.0000,1702.0000,47.120,29.251,25.787,31.554,48.762,20.405,1351,1346,1347,1416,1221,1693,88,76,66,55,31,35,0,0,0,0,0,0,4.9908,4.9908,4.9908,4.9908,2.9084,4.5916,1618.3983,1712.4775,1729.1010,1698.6810,1234.9782,1701.7931,1,on,1
1786106971.381624,1,0,handedness unsure,1661.0000,1747.0000,1764.0000,1748.0000,1272.0000,1695.0000,47.261,29.908,26.448,29.799,47.540,21.867,1370,1367,1368,1434,1224,1698,68,65,52,49,34,29,0,0,0,0,0,0,4.9908,4.9908,4.9908,4.9908,2.9084,4.5916,1618.3983,1712.4775,1740.3596,1712.4818,1234.9782,1701.7931,1,on,1
1786106971.417625,1,0,handedness unsure,1663.0000,1757.0000,1767.0000,1751.0000,1277.0000,1689.0000,46.768,27.880,25.836,29.212,45.583,23.347,1389,1386,1383,1454,1228,1700,75,67,57,49,26,27,0,0,0,0,0,0,4.9908,4.9908,4.9908,4.9908,2.9084,4.5916,1631.3832,1724.3121,1740.3596,1712.4818,1234.9782,1701.7931,1,on,1
1786106971.449639,1,0,handedness unsure,1661.0000,1758.0000,1763.0000,1739.0000,1278.0000,1693.0000,47.162,27.765,26.702,31.606,45.336,22.385,1407,1403,1401,1470,1230,1701,57,69,53,47,21,0,0,0,0,0,0,1,4.9908,4.9908,4.9908,4.9908,2.9084,4.5916,1631.3832,1724.3121,1740.3596,1720.6022,1234.9782,1701.7931,1,on,1
1786106971.481670,1,0,handedness unsure,1656.0000,1734.0000,1762.0000,1733.0000,1272.0000,1700.0000,48.130,32.531,26.881,32.762,47.478,20.943,1422,1421,1418,1488,1232,1701,56,61,56,45,19,0,0,0,0,0,0,1,4.9908,4.9908,4.9908,4.9908,2.9084,4.5916,1631.3832,1724.3121,1740.3596,1720.6022,1234.9782,1701.7931,0,on,1
1786106971.517615,1,1,,1663.0000,1736.0000,1768.0000,1727.0000,1268.0000,1701.0000,46.707,32.215,25.826,34.030,48.811,20.604,1438,1438,1435,1503,1233,1701,61,69,42,56,0,0,0,0,0,0,0,1,4.9908,4.9908,4.9908,4.9908,2.9084,4.5916,1639.5429,1724.3121,1748.7719,1720.6022,1240.0891,1701.7931,1,on,1
1786106971.549633,1,1,,1652.0000,1736.0000,1766.0000,1742.0000,1274.0000,1691.0000,48.933,32.199,26.230,30.940,46.845,22.830,1454,1455,1450,1521,1233,1701,62,54,54,44,0,0,0,0,0,0,0,1,4.9908,4.9908,4.9908,4.9908,2.9084,4.5916,1639.5429,1724.3121,1748.7719,1720.6022,1240.0891,1701.7931,0,on,1
1786106971.581734,1,1,,1667.0000,1748.0000,1779.0000,1761.0000,1279.0000,1685.0000,45.937,29.714,23.438,27.192,45.177,24.041,1465,1462,1461,1532,1233,1701,62,45,54,44,23,0,0,0,0,0,0,1,4.9908,4.9908,4.9908,4.9908,2.9084,4.5916,1639.5429,1724.3121,1748.7719,1720.6022,1248.3641,1701.7931,1,on,1
1786106971.649705,1,0,handedness unsure,1664.0000,1748.0000,1772.0000,1746.0000,1272.0000,1692.0000,46.621,29.683,24.974,30.116,47.374,22.552,1496,1499,1495,1566,1236,1701,72,58,58,55,36,0,0,0,0,0,0,1,4.9908,4.9908,4.9908,4.9908,2.9084,4.5916,1639.5429,1732.1414,1748.7719,1728.5801,1248.3641,1701.7931,1,on,1
1786106971.677596,1,1,,1660.0000,1751.0000,1769.0000,1752.0000,1271.0000,1701.0000,47.385,29.152,25.450,28.865,47.922,20.671,1509,1509,1503,1577,1238,1701,72,64,57,49,40,0,0,0,0,0,0,1,4.9908,4.9908,4.9908,4.9908,2.9084,4.5916,1639.5429,1732.1414,1748.7719,1728.5801,1248.3641,1701.7931,0,on,1
1786106971.705829,1,0,handedness unsure,1666.0000,1753.0000,1773.0000,1746.0000,1273.0000,1704.0000,46.229,28.682,24.645,30.196,47.057,19.990,1527,1527,1522,1599,1242,1701,58,62,54,43,35,0,0,0,0,0,0,1,4.9908,4.9908,4.9908,4.9908,2.9084,4.5916,1639.5429,1732.1414,1748.7719,1728.5801,1248.3641,1701.7931,0,on,1
1786106971.738389,1,1,,1666.0000,1743.0000,1772.0000,1736.0000,1272.0000,1700.0000,46.247,30.781,24.983,32.160,47.547,20.925,1536,1538,1534,1609,1244,1701,65,63,61,56,0,0,0,0,0,0,0,1,4.9908,4.9908,4.9908,4.9908,2.9084,4.5916,1648.0108,1732.1414,1756.9625,1728.5801,1248.3641,1701.7931,1,on,1
1786106971.766475,1,1,,1683.0000,1748.0000,1777.0000,1740.0000,1276.0000,1707.0000,42.796,29.760,23.993,31.315,45.996,19.253,1555,1555,1551,1628,1244,1701,74,58,59,46,0,0,0,0,0,0,0,1,4.9908,4.9908,4.9908,4.9908,2.9084,4.5916,1648.0108,1732.1414,1756.9625,1728.5801,1254.2274,1701.7931,1,on,1
1786106971.789852,1,1,,1649.0000,1736.0000,1775.0000,1734.0000,1276.0000,1713.0000,49.613,32.132,24.354,32.580,45.939,17.937,1567,1567,1563,1640,1245,1701,63,63,63,46,26,0,0,0,0,0,0,1,4.9908,4.9908,4.9908,4.9908,2.9084,4.5916,1648.0108,1732.1414,1756.9625,1728.5801,1254.2274,1701.7931,0,on,1
1786106971.817624,1,0,handedness unsure,1668.0000,1735.0000,1778.0000,1725.0000,1272.0000,1708.0000,45.727,32.327,23.716,34.345,47.457,19.207,1579,1579,1574,1653,1246,1701,60,67,60,52,35,0,0,0,0,0,0,1,4.9908,4.9908,4.9908,4.9908,2.9084,4.5916,1648.0108,1732.1414,1756.9625,1728.5801,1254.2274,1701.7931,0,on,1
1786106971.849730,1,1,,1672.0000,1743.0000,1779.0000,1730.0000,1272.0000,1710.0000,45.009,30.749,23.510,33.287,47.297,18.782,1594,1596,1592,1670,1249,1701,80,65,58,67,15,0,0,0,0,0,0,1,4.9908,4.9908,4.9908,4.9908,2.9084,4.5916,1648.0108,1732.1414,1756.9625,1728.5801,1254.2274,1701.7931,0,on,1
1786106971.881618,1,1,,1656.0000,1739.0000,1766.0000,1725.0000,1271.0000,1706.0000,48.259,31.629,26.051,34.349,47.895,19.527,1615,1616,1610,1691,1250,1701,59,70,60,61,8,0,0,0,0,0,0,1,4.9908,4.9908,4.9908,4.9908,2.9084,4.5916,1648.0108,1732.1414,1756.9625,1728.5801,1254.2274,1701.7931,0,on,1
1786106971.917714,1,1,,1673.0000,1749.0000,1774.0000,1729.0000,1266.0000,1714.0000,44.811,29.500,24.469,33.567,49.395,17.802,1631,1633,1629,1710,1252,1700,81,67,64,60,16,0,0,0,0,0,0,0,4.9908,4.9908,4.9908,4.9908,2.9084,4.5916,1648.0108,1732.1414,1756.9625,1728.5801,1254.2274,1701.7931,0,on,1
1786106971.949612,1,1,,1668.0000,1738.0000,1773.0000,1731.0000,1266.0000,1714.0000,45.689,31.727,24.743,33.070,49.634,17.885,1638,1653,1648,1719,1253,1701,0,61,56,0,17,0,0,0,0,0,0,1,4.9908,4.9908,4.9908,4.9908,2.9084,4.5916,1648.0108,1732.1414,1756.9625,1728.5801,1258.6316,1701.7931,1,on,1
1786106971.981613,1,1,,1657.0000,1738.0000,1775.0000,1742.0000,1263.0000,1705.0000,47.888,31.796,24.417,31.022,50.666,19.796,1640,1667,1660,1721,1254,1701,23,72,75,28,0,0,0,0,0,0,0,1,4.9908,4.9908,4.9908,4.9908,2.9084,4.5916,1648.0108,1732.1414,1756.9625,1728.5801,1258.6316,1701.7931,0,on,1
1786106972.017611,1,1,,1646.0000,1744.0000,1772.0000,1735.0000,1258.0000,1710.0000,50.160,30.516,24.897,32.428,52.386,18.764,1645,1691,1686,1726,1255,1701,21,71,71,0,24,0,0,0,0,0,0,1,4.9908,4.9908,4.9908,4.9908,2.9084,4.5916,1648.0108,1732.1414,1756.9625,1728.5801,1258.6316,1701.7931,0,on,1
1786106972.049625,1,1,,1652.0000,1739.0000,1767.0000,1742.0000,1260.0000,1708.0000,48.876,31.636,25.840,30.848,51.602,19.046,1647,1705,1700,1726,1256,1701,0,63,54,0,22,0,0,0,0,0,0,1,4.9908,4.9908,4.9908,4.9908,2.9084,4.5916,1648.0108,1732.1414,1756.9625,1728.5801,1258.6316,1701.7931,0,on,1
1786106972.081659,1,1,,1654.0000,1733.0000,1773.0000,1730.0000,1261.0000,1713.0000,48.499,32.782,24.645,33.359,51.124,18.091,1647,1722,1718,1726,1258,1700,0,0,67,0,0,0,0,0,0,0,1,0,4.9908,4.9908,4.9908,4.9908,2.9084,4.5916,1648.0108,1732.1414,1756.9625,1728.5801,1258.6316,1701.7931,0,on,1
1786106972.117591,1,1,,1659.0000,1725.0000,1771.0000,1715.0000,1264.0000,1714.0000,47.493,34.427,25.191,36.309,50.150,17.844,1647,1723,1739,1726,1258,1701,0,30,67,0,0,0,0,0,0,0,1,1,4.9908,4.9908,4.9908,4.9908,2.9084,4.5916,1648.0108,1732.1414,1756.9625,1728.5801,1258.6316,1701.7931,0,on,1
1786106972.149611,1,1,,1654.0000,1717.0000,1776.0000,1722.0000,1266.0000,1705.0000,48.587,36.012,24.139,34.996,49.477,19.777,1647,1729,1746,1726,1258,1701,0,19,25,0,0,0,0,0,0,0,1,1,4.9908,4.9908,4.9908,4.9908,2.9084,4.5916,1648.0108,1732.1414,1764.8132,1728.5801,1258.6316,1701.7931,1,on,1
1786106972.181581,1,1,,1648.0000,1730.0000,1782.0000,1729.0000,1257.0000,1711.0000,49.815,33.294,22.868,33.482,52.460,18.391,1647,1732,1751,1726,1258,1701,0,0,39,0,0,0,0,0,0,0,1,1,4.9908,4.9908,4.9908,4.9908,2.9084,4.5916,1648.0108,1732.1414,1764.8132,1728.5801,1258.6316,1701.7931,0,on,1
1786106972.217573,1,1,,1649.0000,1732.0000,1775.0000,1729.0000,1258.0000,1715.0000,49.610,32.906,24.363,33.617,52.307,17.627,1647,1732,1761,1726,1258,1701,0,0,10,0,0,0,0,0,0,0,1,1,4.9908,4.9908,4.9908,4.9908,2.9084,4.5916,1648.0108,1732.1414,1764.8132,1728.5801,1258.6316,1701.7931,0,on,1
1786106972.249576,1,1,,1655.0000,1715.0000,1772.0000,1724.0000,1263.0000,1718.0000,48.391,36.330,24.844,34.614,50.455,16.928,1647,1732,1763,1727,1258,1701,0,0,0,15,0,0,0,0,0,0,1,1,4.9908,4.9908,4.9908,4.9908,2.9084,4.5916,1648.0108,1732.1414,1764.8132,1728.5801,1258.6316,1701.7931,0,on,1
1786106972.281554,1,1,,1643.0000,1731.0000,1776.0000,1725.0000,1260.0000,1701.0000,50.785,33.086,24.042,34.428,51.604,20.558,1647,1732,1763,1729,1258,1701,0,0,0,0,0,0,0,0,0,1,1,1,4.9908,4.9908,4.9908,4.9908,2.9084,4.5916,1648.0108,1732.1414,1764.8132,1728.5801,1258.6316,1701.7931,0,on,1
1786106972.317672,1,1,,1648.0000,1732.0000,1772.0000,1723.0000,1263.0000,1705.0000,49.864,32.897,24.904,34.673,50.366,19.839,1647,1732,1763,1729,1258,1701,0,0,0,0,0,0,0,0,0,1,1,1,4.9908,4.9908,4.9908,4.9908,2.9084,4.5916,1648.0108,1732.1414,1764.8132,1728.5801,1258.6316,1701.7931,0,on,1
1786106972.349688,1,1,,1666.0000,1732.0000,1769.0000,1713.0000,1271.0000,1715.0000,46.108,32.922,25.488,36.717,47.823,17.487,1647,1732,1763,1729,1258,1701,0,0,0,0,0,0,0,0,0,1,1,1,4.9908,4.9908,4.9908,4.9908,2.9084,4.5916,1648.0108,1732.1414,1764.8132,1728.5801,1258.6316,1701.7931,0,on,1
1786106972.381567,1,1,,1651.0000,1725.0000,1754.0000,1715.0000,1265.0000,1715.0000,49.258,34.372,28.506,36.274,49.821,17.532,1647,1732,1763,1729,1258,1701,0,0,0,0,0,0,0,0,0,1,1,1,4.9908,4.9908,4.9908,4.9908,2.9084,4.5916,1648.0108,1732.1414,1764.8132,1728.5801,1258.6316,1701.7931,0,on,1
1786106972.417565,1,1,,1659.0000,1729.0000,1752.0000,1714.0000,1267.0000,1706.0000,47.539,33.632,28.933,36.618,49.015,19.628,1647,1732,1763,1729,1258,1700,0,0,19,0,0,0,0,0,0,1,1,0,4.9908,4.9908,4.9908,4.9908,2.9084,4.5916,1648.0108,1732.1414,1764.8132,1728.5801,1258.6316,1701.7931,0,on,1
1786106972.449562,1,1,,1659.0000,1737.0000,1755.0000,1724.0000,1271.0000,1703.0000,47.503,31.994,28.397,34.534,47.658,20.154,1647,1732,1766,1730,1258,1701,0,0,0,0,0,0,0,0,1,1,1,1,4.9908,4.9908,4.9908,4.9908,2.9084,4.5916,1648.0108,1732.1414,1764.8132,1728.5801,1258.6316,1701.7931,0,on,1
1786106972.481746,1,1,,1648.0000,1729.0000,1759.0000,1716.0000,1275.0000,1694.0000,49.812,33.594,27.441,36.072,46.256,22.209,1647,1732,1766,1729,1258,1700,0,0,0,0,0,0,0,0,1,1,1,0,4.9908,4.9908,4.9908,4.9908,2.9084,4.5916,1648.0108,1732.1414,1764.8132,1728.5801,1258.6316,1701.7931,0,on,1
1786106972.517547,1,1,,1638.0000,1724.0000,1749.0000,1720.0000,1262.0000,1700.0000,51.744,34.586,29.555,35.338,50.839,20.800,1647,1732,1766,1729,1258,1701,0,0,0,0,0,0,0,0,1,1,1,1,4.9908,4.9908,4.9908,4.9908,2.9084,4.5916,1648.0108,1732.1414,1764.8132,1728.5801,1258.6316,1701.7931,0,on,1
1786106972.549566,1,1,,1651.0000,1732.0000,1747.0000,1721.0000,1267.0000,1701.0000,49.123,32.942,29.880,35.171,49.165,20.703,1647,1732,1766,1730,1258,1701,0,0,0,0,0,0,0,0,1,1,1,1,4.9908,4.9908,4.9908,4.9908,2.9084,4.5916,1648.0108,1732.1414,1764.8132,1728.5801,1258.6316,1701.7931,0,on,1
1786106972.581586,1,1,,1663.0000,1738.0000,1760.0000,1718.0000,1267.0000,1698.0000,46.852,31.700,27.241,35.695,49.129,21.377,1647,1732,1766,1729,1258,1701,0,0,0,0,0,0,0,0,1,1,1,1,4.9908,4.9908,4.9908,4.9908,2.9084,4.5916,1648.0108,1732.1414,1764.8132,1728.5801,1258.6316,1701.7931,0,on,1
1786106972.617527,1,1,,1651.0000,1736.0000,1765.0000,1725.0000,1270.0000,1701.0000,49.164,32.109,26.330,34.341,48.216,20.546,1646,1732,1766,1730,1258,1700,10,0,0,0,0,0,0,0,1,1,1,0,4.9908,4.9908,4.9908,4.9908,2.9084,4.5916,1648.0108,1732.1414,1764.8132,1728.5801,1258.6316,1701.7931,0,on,1
1786106972.649695,1,1,,1666.0000,1740.0000,1764.0000,1712.0000,1269.0000,1705.0000,46.155,31.258,26.510,36.868,48.591,19.676,1647,1732,1766,1729,1258,1700,0,0,0,0,0,0,0,0,1,1,1,0,4.9908,4.9908,4.9908,4.9908,2.9084,4.5916,1648.0108,1732.1414,1764.8132,1728.5801,1258.6316,1701.7931,0,on,1
1786106972.681567,1,1,,1654.0000,1730.0000,1760.0000,1715.0000,1273.0000,1703.0000,48.582,33.290,27.291,36.277,46.999,20.204,1647,1732,1766,1730,1258,1701,8,0,0,0,0,0,0,0,1,1,1,1,4.9908,4.9908,4.9908,4.9908,2.9084,4.5916,1648.0108,1732.1414,1764.8132,1728.5801,1258.6316,1701.7931,0,on,1
1786106972.722900,1,1,,1665.0000,1733.0000,1763.0000,1718.0000,1271.0000,1700.0000,46.415,32.692,26.708,35.754,47.733,20.837,1647,1732,1766,1730,1258,1701,12,0,0,0,0,0,0,0,1,1,1,1,4.9908,4.9908,4.9908,4.9908,2.9084,4.5916,1648.0108,1732.1414,1764.8132,1728.5801,1258.6316,1701.7931,0,on,1
1786106972.749686,1,1,,1666.0000,1735.0000,1762.0000,1712.0000,1271.0000,1712.0000,46.113,32.332,26.987,36.865,47.686,18.193,1647,1732,1766,1729,1258,1700,16,0,0,0,0,0,0,0,1,1,1,0,4.9908,4.9908,4.9908,4.9908,2.9084,4.5916,1648.0108,1732.1414,1764.8132,1728.5801,1258.6316,1701.7931,0,on,1
1786106972.781578,1,1,,1662.0000,1736.0000,1759.0000,1713.0000,1268.0000,1713.0000,46.906,32.227,27.468,36.736,48.919,18.128,1648,1732,1766,1729,1258,1700,0,0,0,0,0,0,1,0,1,1,1,1,4.9908,4.9908,4.9908,4.9908,2.9084,4.5916,1648.0108,1732.1414,1764.8132,1728.5801,1263.0673,1701.7931,1,on,1
1786106972.817613,1,1,,1657.0000,1727.0000,1754.0000,1720.0000,1266.0000,1715.0000,47.923,34.011,28.542,35.444,49.663,17.518,1648,1732,1766,1730,1258,1700,0,0,0,0,0,0,1,0,1,1,0,0,4.9908,4.9908,4.9908,4.9908,2.9084,4.5916,1648.0108,1732.1414,1764.8132,1728.5801,1263.0673,1701.7931,0,on,1
1786106972.849613,1,1,,1665.0000,1726.0000,1759.0000,1720.0000,1267.0000,1700.0000,46.465,34.189,27.568,35.273,49.163,20.937,1648,1732,1766,1730,1258,1700,0,0,0,0,0,0,1,0,1,1,0,0,4.9908,4.9908,4.9908,4.9908,2.9084,4.5916,1648.0108,1732.1414,1764.8132,1728.5801,1263.0673,1701.7931,0,on,1
1786106972.881454,1,1,,1663.0000,1734.0000,1760.0000,1715.0000,1266.0000,1703.0000,46.707,32.450,27.349,36.322,49.451,20.225,1648,1732,1766,1730,1258,1700,0,0,0,0,0,0,1,0,1,1,0,0,4.9908,4.9908,4.9908,4.9908,2.9084,4.5916,1655.6863,1732.1414,1764.8132,1728.5801,1263.0673,1701.7931,1,on,1
1786106972.917492,1,1,,1659.0000,1718.0000,1762.0000,1707.0000,1254.0000,1705.0000,47.569,35.788,26.832,37.896,53.528,19.774,1648,1732,1766,1730,1258,1701,0,0,0,0,0,0,0,0,1,1,0,1,4.9908,4.9908,4.9908,4.9908,2.9084,4.5916,1655.6863,1732.1414,1764.8132,1728.5801,1263.0673,1701.7931,0,on,1
1786106972.949437,1,1,,1641.0000,1713.0000,1758.0000,1694.0000,1249.0000,1699.0000,51.196,36.652,27.655,40.539,55.488,21.139,1648,1732,1766,1729,1258,1701,0,0,0,0,0,0,0,0,1,1,0,1,4.9908,4.9908,4.9908,4.9908,2.9084,4.5916,1655.6863,1732.1414,1764.8132,1721.0584,1263.0673,1701.7931,1,on,1
1786106972.981581,1,1,,1611.0000,1675.0000,1715.0000,1648.0000,1229.0000,1729.0000,57.131,44.365,36.283,49.700,62.195,14.604,1648,1732,1766,1730,1258,1701,12,0,0,0,0,0,0,0,1,1,0,1,4.9908,4.9908,4.9908,4.9908,2.9084,4.5916,1655.6863,1732.1414,1764.8132,1711.7596,1263.0673,1701.7931,1,on,1
1786106973.017442,1,1,,1574.0000,1561.0000,1576.0000,1533.0000,1266.0000,1735.0000,64.600,67.136,64.258,72.857,49.410,13.249,1648,1732,1766,1730,1258,1701,17,0,0,0,14,0,0,0,1,1,0,1,4.9908,4.9908,4.9908,4.9908,2.9084,4.5916,1640.9590,1686.2717,1714.0132,1664.7187,1263.0673,1701.7931,1,on,1
1786106973.049443,1,1,,1382.0000,1272.0000,1260.0000,1379.0000,1250.0000,1640.0000,103.030,125.171,127.557,103.738,55.077,33.987,1654,1732,1766,1730,1259,1701,16,18,0,0,11,0,1,1,1,1,0,1,4.9908,4.9908,4.9908,4.9908,2.9084,4.5916,1560.5568,1509.9065,1511.9319,1559.6932,1263.0673,1701.7931,1,on,1
1786106973.081688,1,1,,1238.0000,1095.0000,1117.0000,1145.0000,1252.0000,1627.0000,131.837,160.668,156.170,150.630,54.326,36.678,1654,1733,1766,1729,1259,1700,62,0,38,84,23,0,1,1,1,1,0,0,4.9908,4.9908,4.9908,4.9908,2.9084,4.5916,1426.7662,1302.3895,1313.8393,1361.9786,1263.0673,1692.9623,1,on,1
1786106973.117479,1,1,,1203.0000,1110.0000,1147.0000,1150.0000,1223.0000,1699.0000,138.918,157.529,150.251,149.645,64.321,21.106,1640,1729,1752,1708,1261,1701,106,93,105,63,19,0,1,1,1,1,0,1,4.9908,4.9908,4.9908,4.9908,2.9084,4.5916,1330.6927,1212.5399,1237.5952,1264.3886,1257.1648,1692.9623,1,on,1
1786106973.149419,1,1,,1200.0000,1096.0000,1130.0000,1146.0000,1195.0000,1695.0000,139.578,160.460,153.571,150.343,74.044,21.897,1617,1702,1732,1685,1261,1701,98,103,130,78,17,14,1,1,1,1,1,1,4.9908,4.9908,4.9908,4.9908,2.9084,4.5916,1283.7913,1168.7803,1198.4626,1220.3456,1249.9084,1692.9623,1,on,1
1786106973.181624,1,1,,1192.0000,1094.0000,1132.0000,1152.0000,1210.0000,1703.0000,141.177,160.801,153.175,149.112,68.926,20.314,1602,1685,1714,1668,1262,1701,110,91,83,89,0,19,1,1,1,1,1,1,4.9908,4.9908,4.9908,4.9908,2.9084,4.5916,1255.5038,1145.7627,1178.9218,1199.7707,1245.1846,1692.9623,1,on,1
1786106973.217576,1,1,,1198.0000,1091.0000,1128.0000,1149.0000,1217.0000,1734.0000,139.868,161.296,153.890,149.736,66.352,13.394,1579,1657,1685,1645,1262,1701,96,103,79,56,38,27,1,1,1,1,1,1,4.9908,4.9908,4.9908,4.9908,2.9084,4.5916,1240.5215,1131.6310,1166.4163,1187.0687,1245.1846,1692.9623,1,on,1
1786106973.249623,1,1,,1195.0000,1091.0000,1145.0000,1172.0000,1222.0000,1746.0000,140.625,161.421,150.521,145.121,64.604,10.891,1558,1635,1660,1625,1261,1695,78,85,70,62,71,12,1,1,1,1,1,1,4.9908,4.9908,4.9908,4.9908,2.9084,4.5916,1231.6444,1123.9488,1166.4163,1187.0687,1240.2932,1701.0663,1,on,1
1786106973.281544,1,1,,1193.0000,1098.0000,1125.0000,1135.0000,1217.0000,1729.0000,140.952,159.961,154.588,152.551,66.513,14.574,1539,1614,1640,1606,1255,1693,94,95,73,74,58,0,1,1,1,1,1,0,4.9908,4.9908,4.9908,4.9908,2.9084,4.5916,1231.6444,1123.9488,1157.5370,1177.1158,1240.2932,1701.0663,1,on,1
1786106973.317477,1,1,,1189.0000,1093.0000,1137.0000,1141.0000,1208.0000,1753.0000,141.796,160.928,152.212,151.362,69.459,9.274,1522,1594,1620,1583,1250,1693,95,79,74,57,58,19,1,1,1,1,1,0,4.9908,4.9908,4.9908,4.9908,2.9084,4.5916,1220.0279,1123.9488,1157.5370,1177.1158,1235.5298,1709.7291,1,on,1
1786106973.349594,1,1,,1183.0000,1092.0000,1124.0000,1145.0000,1217.0000,1728.0000,142.898,161.228,154.840,150.614,66.295,14.685,1503,1575,1602,1566,1246,1693,85,79,78,49,53,30,1,1,1,1,1,0,4.9908,4.9908,4.9908,4.9908,2.9084,4.5916,1220.0279,1114.2383,1157.5370,1169.0173,1235.5298,1709.7291,1,on,1
1786106973.385597,1,1,,1190.0000,1091.0000,1122.0000,1135.0000,1220.0000,1704.0000,141.572,161.411,155.101,152.597,65.437,20.075,1484,1556,1585,1549,1243,1701,77,79,76,61,55,52,1,1,1,1,1,0,4.9908,4.9908,4.9908,4.9908,2.9084,4.5916,1220.0279,1114.2383,1148.7793,1169.0173,1235.5298,1709.7291,1,on,1
1786106973.417606,1,1,,1194.0000,1093.0000,1119.0000,1124.0000,1213.0000,1721.0000,140.828,160.885,155.731,154.719,67.612,16.389,1475,1545,1570,1536,1240,1708,87,79,74,68,0,17,1,1,1,1,1,0,4.9908,4.9908,4.9908,4.9908,2.9084,4.5916,1210.9730,1114.2383,1148.7793,1160.5336,1235.5298,1709.7291,1,on,1
1786106973.449492,1,1,,1195.0000,1092.0000,1125.0000,1137.0000,1218.0000,1689.0000,140.598,161.146,154.572,152.231,66.141,23.346,1458,1528,1554,1520,1238,1709,89,74,75,48,0,16,1,1,1,1,1,0,4.9908,4.9908,4.9908,4.9908,2.9084,4.5916,1210.9730,1114.2383,1148.7793,1160.5336,1231.0307,1709.7291,1,on,1
1786106973.481469,1,1,,1191.0000,1086.0000,1122.0000,1140.0000,1212.0000,1699.0000,141.244,162.294,155.229,151.487,68.089,21.092,1441,1510,1536,1503,1238,1709,82,80,82,42,31,14,1,1,1,1,1,0,4.9908,4.9908,4.9908,4.9908,2.9084,4.5916,1210.9730,1114.2383,1148.7793,1160.5336,1231.0307,1709.7291,0,on,1
1786106973.522753,1,1,,1188.0000,1086.0000,1124.0000,1140.0000,1218.0000,1699.0000,141.998,162.420,154.673,151.537,65.970,21.153,1426,1493,1520,1487,1236,1709,97,78,74,60,21,0,1,1,1,1,1,0,4.9908,4.9908,4.9908,4.9908,2.9084,4.5916,1210.9730,1105.7257,1140.9175,1160.5336,1231.0307,1709.7291,1,on,1
1786106973.549616,1,1,,1187.0000,1083.0000,1133.0000,1151.0000,1225.0000,1682.0000,142.048,162.997,152.996,149.405,63.512,24.797,1409,1476,1503,1470,1235,1709,97,78,82,46,17,0,1,1,1,1,1,1,4.9908,4.9908,4.9908,4.9908,2.9084,4.5916,1210.9730,1105.7257,1140.9175,1160.5336,1231.0307,1709.7291,0,on,1
1786106973.581632,1,1,,1187.0000,1087.0000,1137.0000,1144.0000,1219.0000,1670.0000,142.217,162.084,152.181,150.752,65.705,27.457,1396,1464,1493,1459,1235,1709,90,80,84,65,0,0,1,1,1,1,1,0,4.9908,4.9908,4.9908,4.9908,2.9084,4.5916,1210.9730,1105.7257,1140.9175,1160.5336,1231.0307,1709.7291,0,on,1
1786106973.617611,1,1,,1178.0000,1076.0000,1132.0000,1148.0000,1232.0000,1655.0000,144.046,164.303,153.117,149.914,61.291,30.621,1383,1450,1473,1443,1235,1709,87,84,78,62,34,0,1,1,1,1,1,0,4.9908,4.9908,4.9908,4.9908,2.9084,4.5916,1202.3403,1105.7257,1140.9175,1160.5336,1231.0307,1699.1179,1,on,1
1786106973.649623,1,1,,1184.0000,1084.0000,1142.0000,1164.0000,1225.0000,1667.0000,142.699,162.723,151.160,146.755,63.527,28.070,1368,1432,1457,1428,1233,1709,97,81,74,75,26,0,1,1,1,1,1,1,4.9908,4.9908,4.9908,4.9908,2.9084,4.5916,1202.3403,1105.7257,1140.9175,1160.5336,1231.0307,1699.1179,0,on,1
1786106973.681616,1,1,,1178.0000,1070.0000,1135.0000,1157.0000,1228.0000,1657.0000,144.031,165.658,152.632,148.057,62.610,30.227,1351,1417,1441,1410,1233,1709,101,85,69,68,26,14,1,1,1,1,1,1,4.9908,4.9908,4.9908,4.9908,2.9084,4.5916,1202.3403,1097.3929,1140.9175,1160.5336,1231.0307,1691.4936,1,on,1
1786106973.717587,1,1,,1183.0000,1082.0000,1146.0000,1166.0000,1223.0000,1694.0000,142.954,163.227,150.433,146.321,64.277,22.068,1332,1400,1425,1395,1232,1709,91,88,71,68,18,31,1,1,1,1,1,1,4.9908,4.9908,4.9908,4.9908,2.9084,4.5916,1202.3403,1097.3929,1140.9175,1160.5336,1231.0307,1691.4936,0,on,1
1786106973.749587,1,1,,1176.0000,1078.0000,1141.0000,1155.0000,1225.0000,1691.0000,144.418,163.926,151.382,148.457,63.750,22.883,1319,1384,1410,1377,1232,1701,104,85,77,60,0,17,1,1,1,1,1,1,4.9908,4.9908,4.9908,4.9908,2.9084,4.5916,1202.3403,1097.3929,1140.9175,1160.5336,1231.0307,1691.4936,0,on,1
1786106973.785419,1,1,,1182.0000,1079.0000,1147.0000,1167.0000,1220.0000,1690.0000,143.225,163.789,150.115,146.096,65.395,22.960,1301,1368,1392,1361,1232,1697,98,87,74,72,0,14,1,1,1,1,1,1,4.9908,4.9908,4.9908,4.9908,2.9084,4.5916,1202.3403,1097.3929,1140.9175,1160.5336,1231.0307,1691.4936,0,on,1
1786106973.817402,1,1,,1177.0000,1071.0000,1137.0000,1160.0000,1226.0000,1665.0000,144.134,165.339,152.176,147.520,63.287,28.380,1290,1355,1383,1350,1232,1696,91,90,96,79,0,0,1,1,1,1,1,1,4.9908,4.9908,4.9908,4.9908,2.9084,4.5916,1194.6380,1097.3929,1140.9175,1160.5336,1231.0307,1691.4936,1,on,1
1786106973.849446,1,1,,1205.0000,1098.0000,1144.0000,1165.0000,1227.0000,1692.0000,138.567,159.890,150.728,146.475,62.817,22.574,1274,1339,1366,1335,1231,1696,111,77,79,59,0,0,1,1,1,1,1,1,4.9908,4.9908,4.9908,4.9908,2.9084,4.5916,1194.6380,1097.3929,1140.9175,1160.5336,1231.0307,1691.4936,0,on,1
1786106973.883990,1,1,,1193.0000,1083.0000,1142.0000,1162.0000,1211.0000,1708.0000,140.933,162.894,151.228,147.221,68.465,19.177,1256,1324,1349,1317,1232,1696,107,82,78,60,0,0,1,1,1,1,1,1,4.9908,4.9908,4.9908,4.9908,2.9084,4.5916,1194.6380,1097.3929,1140.9175,1160.5336,1231.0307,1691.4936,0,on,1
1786106973.917461,1,1,,1191.0000,1085.0000,1140.0000,1160.0000,1221.0000,1685.0000,141.329,162.599,151.577,147.519,65.106,24.084,1239,1307,1334,1301,1232,1696,92,79,92,62,0,0,1,1,1,1,1,1,4.9908,4.9908,4.9908,4.9908,2.9084,4.5916,1194.6380,1097.3929,1140.9175,1160.5336,1231.0307,1691.4936,0,on,1
1786106973.949506,1,1,,1199.0000,1100.0000,1141.0000,1158.0000,1231.0000,1666.0000,139.765,159.628,151.347,147.881,61.529,28.361,1224,1292,1317,1285,1232,1696,108,87,83,61,0,0,1,1,1,1,1,1,4.9908,4.9908,4.9908,4.9908,2.9084,4.5916,1194.6380,1097.3929,1140.9175,1160.5336,1231.0307,1691.4936,0,on,1
1786106973.981612,1,1,,1199.0000,1097.0000,1145.0000,1158.0000,1230.0000,1687.0000,139.758,160.255,150.640,147.983,62.039,23.745,1211,1280,1307,1275,1232,1696,0,89,84,84,0,0,1,1,1,1,1,1,4.9908,4.9908,4.9908,4.9908,2.9084,4.5916,1194.6380,1097.3929,1140.9175,1160.5336,1231.0307,1691.4936,0,on,1
1786106974.017618,1,1,,1169.0000,1080.0000,1144.0000,1149.0000,1221.0000,1721.0000,145.703,163.579,150.735,149.809,65.112,16.282,1207,1262,1289,1258,1231,1696,50,82,79,63,0,0,1,1,1,1,1,1,4.9908,4.9908,4.9908,4.9908,2.9084,4.5916,1194.6380,1097.3929,1140.9175,1160.5336,1231.0307,1691.4936,0,on,1
1786106974.049438,1,1,,1209.0000,1106.0000,1152.0000,1162.0000,1222.0000,1709.0000,137.718,158.472,149.111,147.209,64.753,18.816,1204,1246,1272,1238,1232,1696,0,96,85,64,0,0,1,1,1,1,1,1,4.9908,4.9908,4.9908,4.9908,2.9084,4.5916,1194.6380,1097.3929,1140.9175,1160.5336,1231.0307,1691.4936,0,on,1
1786106974.081606,1,1,,1183.0000,1091.0000,1142.0000,1151.0000,1226.0000,1671.0000,142.975,161.422,151.106,149.456,63.089,27.231,1204,1230,1256,1223,1232,1696,49,101,88,83,0,0,1,1,1,1,1,1,4.9908,4.9908,4.9908,4.9908,2.9084,4.5916,1194.6380,1097.3929,1140.9175,1160.5336,1231.0307,1691.4936,0,on,1
1786106974.117428,1,1,,1192.0000,1095.0000,1148.0000,1158.0000,1222.0000,1684.0000,141.076,160.494,149.906,148.021,64.564,24.262,1203,1214,1239,1206,1232,1696,10,98,97,71,0,0,1,1,1,1,1,1,4.9908,4.9908,4.9908,4.9908,2.9084,4.5916,1194.6380,1097.3929,1140.9175,1160.5336,1231.0307,1691.4936,0,on,1
1786106974.149631,1,1,,1187.0000,1087.0000,1146.0000,1157.0000,1230.0000,1738.0000,142.080,162.213,150.417,148.178,61.814,12.596,1203,1195,1222,1188,1232,1696,50,110,90,76,0,0,1,1,1,1,1,1,4.9908,4.9908,4.9908,4.9908,2.9084,4.5916,1194.6380,1097.3929,1140.9175,1160.5336,1231.0307,1691.4936,0,on,1
1786106974.181681,1,1,,1191.0000,1095.0000,1155.0000,1162.0000,1221.0000,1742.0000,141.375,160.522,148.627,147.062,64.988,11.697,1202,1182,1212,1177,1232,1696,48,105,95,0,0,15,1,1,1,1,1,1,4.9908,4.9908,4.9908,4.9908,2.9084,4.5916,1194.6380,1097.3929,1140.9175,1160.5336,1231.0307,1698.8924,1,on,1
1786106974.222842,1,1,,1194.0000,1092.0000,1150.0000,1156.0000,1212.0000,1733.0000,140.775,161.095,149.638,148.334,68.132,13.682,1197,1159,1188,1171,1232,1693,43,99,90,36,0,0,1,1,1,1,1,0,4.9908,4.9908,4.9908,4.9908,2.9084,4.5916,1194.6380,1097.3929,1140.9175,1160.5336,1226.2186,1698.8924,1,on,1
1786106974.249704,1,1,,1190.0000,1089.0000,1140.0000,1145.0000,1222.0000,1699.0000,141.562,161.719,151.615,150.594,64.740,21.184,1197,1146,1176,1169,1232,1693,40,100,94,33,0,0,1,1,1,1,1,0,4.9908,4.9908,4.9908,4.9908,2.9084,4.5916,1194.6380,1097.3929,1140.9175,1160.5336,1226.2186,1698.8924,0,on,1
1786106974.285675,1,1,,1208.0000,1102.0000,1145.0000,1150.0000,1212.0000,1708.0000,137.901,159.273,150.533,149.563,68.188,19.173,1197,1126,1157,1167,1232,1693,0,112,109,0,24,15,1,1,1,1,1,0,4.9908,4.9908,4.9908,4.9908,2.9084,4.5916,1194.6380,1097.3929,1140.9175,1160.5336,1226.2186,1698.8924,0,on,1
1786106974.317708,1,1,,1206.0000,1094.0000,1141.0000,1161.0000,1224.0000,1729.0000,138.371,160.681,151.371,147.389,64.076,14.567,1197,1112,1152,1167,1230,1693,0,115,25,0,17,21,1,1,1,1,1,0,4.9908,4.9908,4.9908,4.9908,2.9084,4.5916,1194.6380,1097.3929,1140.9175,1160.5336,1226.2186,1698.8924,0,on,1
1786106974.349685,1,1,,1219.0000,1100.0000,1142.0000,1156.0000,1217.0000,1721.0000,135.742,159.674,151.072,148.361,66.243,16.349,1197,1109,1150,1167,1230,1697,0,63,0,0,18,26,1,1,1,1,1,0,4.9908,4.9908,4.9908,4.9908,2.9084,4.5916,1194.6380,1097.3929,1140.9175,1160.5336,1226.2186,1698.8924,0,on,1
1786106974.381708,1,1,,1210.0000,1094.0000,1139.0000,1157.0000,1221.0000,1735.0000,137.627,160.715,151.711,148.133,64.982,13.257,1197,1108,1150,1167,1230,1698,0,37,46,17,20,0,1,1,1,1,1,1,4.9908,4.9908,4.9908,4.9908,2.9084,4.5916,1194.6380,1097.3929,1140.9175,1160.5336,1226.2186,1707.6770,1,on,1
1786106974.417577,1,1,,1205.0000,1096.0000,1136.0000,1149.0000,1216.0000,1710.0000,138.534,160.388,152.447,149.821,66.816,18.675,1197,1107,1148,1166,1230,1699,0,56,0,22,18,0,1,1,1,1,1,0,4.9908,4.9908,4.9908,4.9908,2.9084,4.5916,1194.6380,1097.3929,1140.9175,1160.5336,1226.2186,1707.6770,0,on,1
1786106974.451976,1,1,,1205.0000,1101.0000,1139.0000,1157.0000,1223.0000,1723.0000,138.584,159.346,151.822,148.107,64.326,15.813,1197,1105,1147,1166,1230,1699,0,25,13,0,0,0,1,1,1,1,1,0,4.9908,4.9908,4.9908,4.9908,2.9084,4.5916,1194.6380,1097.3929,1140.9175,1160.5336,1226.2186,1707.6770,0,on,1
1786106974.481443,1,1,,1207.0000,1097.0000,1142.0000,1153.0000,1216.0000,1737.0000,138.174,160.086,151.253,148.922,66.593,12.746,1197,1105,1147,1166,1228,1698,0,49,42,8,28,30,1,1,1,1,1,0,4.9908,4.9908,4.9908,4.9908,2.9084,4.5916,1194.6380,1097.3929,1140.9175,1160.5336,1226.2186,1707.6770,0,on,1
1786106974.517413,1,1,,1200.0000,1098.0000,1145.0000,1156.0000,1214.0000,1749.0000,139.535,159.994,150.536,148.316,67.481,10.185,1197,1102,1145,1166,1227,1701,0,47,37,11,19,27,1,1,1,1,1,0,4.9908,4.9908,4.9908,4.9908,2.9084,4.5916,1194.6380,1097.3929,1140.9175,1160.5336,1226.2186,1707.6770,0,on,1
1786106974.549426,1,1,,1191.0000,1089.0000,1134.0000,1147.0000,1209.0000,1756.0000,141.258,161.776,152.664,150.252,69.072,8.603,1197,1100,1143,1166,1227,1701,0,44,32,15,0,0,1,1,1,1,1,0,4.9908,4.9908,4.9908,4.9908,2.9084,4.5916,1194.6380,1097.3929,1140.9175,1160.5336,1226.2186,1718.5431,1,on,1
1786106974.581601,1,1,,1192.0000,1096.0000,1136.0000,1144.0000,1212.0000,1755.0000,141.221,160.476,152.315,150.685,68.232,8.772,1197,1099,1142,1166,1227,1701,0,45,28,19,0,21,1,1,1,1,1,0,4.9908,4.9908,4.9908,4.9908,2.9084,4.5916,1194.6380,1097.3929,1140.9175,1160.5336,1226.2186,1718.5431,0,on,1
1786106974.617441,1,1,,1197.0000,1093.0000,1123.0000,1135.0000,1220.0000,1753.0000,140.181,161.020,154.918,152.463,65.270,9.234,1197,1098,1142,1162,1227,1712,0,0,31,0,0,36,1,1,1,1,1,0,4.9908,4.9908,4.9908,4.9908,2.9084,4.5916,1194.6380,1097.3929,1140.9175,1160.5336,1226.2186,1725.7584,1,on,1
1786106974.649458,1,1,,1196.0000,1101.0000,1135.0000,1139.0000,1209.0000,1753.0000,140.385,159.296,152.514,151.693,69.263,9.421,1197,1097,1142,1162,1227,1715,0,0,0,0,0,17,1,1,1,1,1,0,4.9908,4.9908,4.9908,4.9908,2.9084,4.5916,1194.6380,1097.3929,1140.9175,1160.5336,1226.2186,1725.7584,0,on,1
1786106974.681411,1,1,,1207.0000,1109.0000,1135.0000,1148.0000,1220.0000,1749.0000,138.208,157.745,152.487,150.026,65.349,10.127,1197,1098,1142,1162,1227,1716,0,0,0,0,0,38,1,1,1,1,1,0,4.9908,4.9908,4.9908,4.9908,2.9084,4.5916,1194.6380,1097.3929,1140.9175,1160.5336,1226.2186,1725.7584,0,on,1
1786106974.717605,1,1,,1215.0000,1132.0000,1143.0000,1189.0000,1225.0000,1730.0000,136.631,153.129,150.883,141.644,63.567,14.353,1197,1097,1142,1162,1227,1720,0,0,0,0,0,37,1,1,1,1,1,0,4.9908,4.9908,4.9908,4.9908,2.9084,4.5916,1194.6380,1097.3929,1140.9175,1160.5336,1226.2186,1725.7584,0,on,1
1786106974.749616,1,1,,1221.0000,1152.0000,1158.0000,1218.0000,1236.0000,1711.0000,135.376,149.185,147.936,136.008,59.977,18.540,1197,1097,1142,1162,1227,1723,0,0,0,0,0,29,1,1,1,1,1,0,4.9908,4.9908,4.9908,4.9908,2.9084,4.5916,1194.6380,1097.3929,1140.9175,1160.5336,1226.2186,1725.7584,0,on,1
1786106974.785409,1,1,,1310.0000,1231.0000,1201.0000,1208.0000,1249.0000,1645.0000,117.403,133.283,139.334,137.960,55.423,32.815,1197,1097,1142,1162,1227,1726,0,0,0,0,0,0,1,1,1,1,1,1,4.9908,4.9908,4.9908,4.9908,2.9084,4.5916,1218.2529,1130.0712,1140.9175,1160.5336,1226.2186,1725.7584,1,on,1
1786106974.817448,1,1,,1253.0000,1200.0000,1208.0000,1278.0000,1260.0000,1713.0000,128.970,139.458,138.006,123.907,51.700,17.983,1197,1097,1142,1162,1227,1726,0,0,0,0,0,0,0,0,1,1,1,1,4.9908,4.9908,4.9908,4.9908,2.9084,4.5916,1218.2529,1143.4058,1154.7653,1187.9213,1226.2186,1725.7584,1,on,1
1786106974.849607,1,1,,1161.0000,1227.0000,1214.0000,1321.0000,1299.0000,1647.0000,147.268,134.214,136.802,115.235,38.237,32.395,1197,1097,1142,1162,1227,1726,39,69,0,0,0,0,0,0,0,0,1,1,4.9908,4.9908,4.9908,4.9908,2.9084,4.5916,1218.2529,1160.2683,1163.3111,1220.1456,1236.4317,1709.4582,1,on,1
1786106974.881740,1,1,,1128.0000,1262.0000,1156.0000,1345.0000,1192.0000,1777.0000,154.010,127.126,148.394,110.526,74.954,4.062,1203,1113,1142,1162,1227,1726,23,75,25,45,0,27,0,0,0,0,0,1,4.9908,4.9908,4.9908,4.9908,2.9084,4.5916,1209.9241,1182.9529,1163.3111,1252.9494,1236.4317,1709.4582,1,on,1
1786106974.917648,1,1,,1166.0000,1311.0000,1179.0000,1178.0000,1140.0000,1850.0000,146.334,117.291,143.764,143.962,123.668,-26.157,1208,1138,1147,1177,1227,1726,0,61,17,54,28,37,0,0,0,0,0,1,4.9908,4.9908,4.9908,4.9908,2.9084,4.5916,1209.9241,1217.1751,1163.3111,1252.9494,1223.3165,1736.9843,1,on,1
1786106974.949607,1,1,,1103.0000,1270.0000,1105.0000,1222.0000,1140.0000,1226.0000,159.020,125.524,158.665,135.101,140.001,156.547,1209,1152,1150,1189,1227,1720,0,51,12,50,25,12,0,0,0,0,1,0,4.9908,4.9908,4.9908,4.9908,2.9084,4.5916,1185.5730,1228.0231,1163.3111,1245.4406,1209.8980,1541.7785,1,on,1
1786106974.981571,1,1,,1067.0000,1235.0000,1184.0000,1238.0000,1140.0000,1226.0000,166.142,132.492,142.833,131.831,107.650,139.012,1208,1174,1153,1210,1230,1714,0,67,18,53,0,19,1,0,0,0,1,1,4.9908,4.9908,4.9908,4.9908,2.9084,4.5916,1158.6275,1228.0231,1163.3111,1245.4406,1197.8260,1402.4871,1,on,1
1786106975.017365,1,0,edge-on,1206.0000,1291.0000,1218.0000,1284.0000,1248.0000,1348.0000,138.416,121.280,135.868,122.713,55.597,97.473,1209,1195,1161,1231,1231,1705,97,75,14,0,20,53,1,0,0,0,0,1,4.9908,4.9908,4.9908,4.9908,2.9084,4.5916,1158.6275,1238.8977,1163.3111,1245.4406,1197.8260,1402.4871,1,on,1
1786106975.054849,1,0,edge-on,1196.0000,1263.0000,1237.0000,1265.0000,1307.0000,1382.0000,140.295,126.866,132.090,126.424,35.502,90.201,1198,1214,1164,1239,1231,1687,110,0,0,16,0,85,1,0,0,0,0,1,4.9908,4.9908,4.9908,4.9908,2.9084,4.5916,1158.6275,1238.8977,1176.3590,1245.4406,1197.8260,1402.4871,1,on,1
1786106975.081446,1,0,edge-on,1202.0000,1255.0000,1240.0000,1265.0000,1316.0000,1373.0000,139.195,128.481,131.619,126.481,32.380,92.065,1181,1222,1164,1245,1231,1657,107,18,0,8,0,82,1,0,0,0,0,1,4.9908,4.9908,4.9908,4.9908,2.9084,4.5916,1158.6275,1238.8977,1184.8782,1245.4406,1197.8260,1402.4871,1,on,1
1786106975.117612,1,0,edge-on,1150.0000,1197.0000,1208.0000,1246.0000,1331.0000,1364.0000,149.462,140.106,137.889,130.248,27.077,93.961,1171,1225,1164,1246,1231,1630,0,12,0,0,46,87,1,0,0,0,1,1,4.9908,4.9908,4.9908,4.9908,2.9084,4.5916,1158.6275,1238.8977,1184.8782,1245.4406,1197.8260,1402.4871,0,on,1
1786106975.149642,1,0,edge-on,1149.0000,1181.0000,1177.0000,1237.0000,1345.0000,1313.0000,149.667,143.395,144.093,132.041,22.398,105.191,1169,1228,1170,1246,1233,1601,48,10,15,0,21,85,1,0,0,0,1,1,4.9908,4.9908,4.9908,4.9908,2.9084,4.5916,1158.6275,1238.8977,1184.8782,1245.4406,1197.8260,1402.4871,0,on,1
1786106975.181770,1,0,edge-on,1211.0000,1212.0000,1192.0000,1236.0000,1352.0000,1288.0000,137.270,137.228,141.128,132.260,19.866,110.666,1168,1230,1174,1246,1234,1580,22,31,21,0,20,75,1,0,0,0,1,1,4.9908,4.9908,4.9908,4.9908,2.9084,4.5916,1167.7463,1238.8977,1184.8782,1245.4406,1197.8260,1402.4871,1,on,1
1786106975.217568,1,0,edge-on,1233.0000,1221.0000,1206.0000,1229.0000,1348.0000,1280.0000,132.921,135.347,138.419,133.721,21.170,112.222,1167,1236,1179,1246,1233,1544,0,0,22,0,75,78,0,0,0,0,1,1,4.9908,4.9908,4.9908,4.9908,2.9084,4.5916,1175.7789,1238.8977,1184.8782,1245.4406,1197.8260,1402.4871,1,on,1
