t,seen,trust,why,tgt_pinky,tgt_ring,tgt_middle,tgt_index,tgt_thumb_bend,tgt_thumb_rot,curl_pinky,curl_ring,curl_middle,curl_index,thumb_flexion,opposition,ang_pinky,ang_ring,ang_middle,ang_index,ang_thumb_bend,ang_thumb_rot,cur_pinky,cur_ring,cur_middle,cur_index,cur_thumb_bend,cur_thumb_rot,sta_pinky,sta_ring,sta_middle,sta_index,sta_thumb_bend,sta_thumb_rot,gain_pinky,gain_ring,gain_middle,gain_index,gain_thumb_bend,gain_thumb_rot,sent_pinky,sent_ring,sent_middle,sent_index,sent_thumb_bend,sent_thumb_rot,sent,mode,applying,deg
1786347118.266271,1,1,,1700.0000,1736.0000,1616.0000,1721.0000,1310.0000,1104.0000,39.436,32.117,56.090,35.234,34.302,93.898,1804,1786,1789,1782,1375,1843,0,0,0,0,0,0,1,0,1,1,1,0,4.9908,4.9908,4.9908,4.9908,2.9084,7.0640,1700.0000,1736.0000,1616.0000,1721.0000,1310.0000,1104.0000,1,on,1,1.5000
1786347118.294225,1,1,,1671.0000,1718.0000,1613.0000,1753.0000,1309.0000,1108.0000,45.220,35.755,56.740,28.695,34.834,93.224,1804,1786,1789,1782,1375,1843,0,0,0,0,0,0,1,1,1,1,1,1,4.9908,4.9908,4.9908,4.9908,2.9084,7.0640,1700.0000,1736.0000,1616.0000,1721.0000,1310.0000,1104.0000,0,on,1,1.5000
1786347118.322908,1,1,,1674.0000,1733.0000,1619.0000,1742.0000,1308.0000,1115.0000,44.577,32.685,55.485,30.857,35.121,92.247,1804,1786,1789,1782,1375,1843,36,40,40,39,0,41,1,1,1,1,1,1,4.9908,4.9908,4.9908,4.9908,2.9084,7.0640,1700.0000,1736.0000,1616.0000,1721.0000,1310.0000,1104.0000,0,on,1,1.5000
1786347118.341591,1,1,,1669.0000,1729.0000,1623.0000,1749.0000,1309.0000,1106.0000,45.528,33.565,54.816,29.584,34.873,93.562,1804,1786,1789,1782,1375,1843,81,95,77,118,20,110,1,1,1,1,1,1,4.9908,4.9908,4.9908,4.9908,2.9084,7.0640,1700.0000,1736.0000,1616.0000,1721.0000,1310.0000,1104.0000,0,on,1,1.5000
1786347118.374066,1,1,,1672.0000,1721.0000,1620.0000,1756.0000,1307.0000,1106.0000,45.016,35.201,55.428,28.126,35.265,93.606,1789,1767,1771,1760,1374,1822,143,70,112,89,100,114,1,1,1,1,1,1,4.9908,4.9908,4.9908,4.9908,2.9084,7.0640,1700.0000,1736.0000,1616.0000,1721.0000,1310.0000,1104.0000,0,on,1,1.5000
1786347118.406089,1,1,,1671.0000,1714.0000,1617.0000,1760.0000,1311.0000,1093.0000,45.123,36.487,55.888,27.433,33.891,95.337,1770,1757,1750,1746,1371,1798,125,0,108,29,74,86,1,1,1,1,1,1,4.9908,4.9908,4.9908,4.9908,2.9084,7.0640,1691.8106,1736.0000,1616.0000,1730.7819,1310.0000,1104.0000,1,on,1,1.5000
1786347118.442054,1,1,,1664.0000,1703.0000,1625.0000,1767.0000,1316.0000,1084.0000,46.506,38.764,54.426,26.018,32.222,96.661,1740,1751,1726,1735,1366,1762,123,39,107,0,71,76,1,1,1,1,1,1,4.9908,4.9908,4.9908,4.9908,2.9084,7.0640,1691.8106,1736.0000,1616.0000,1730.7819,1310.0000,1104.0000,0,on,1,1.5000
1786347118.474086,1,1,,1640.0000,1692.0000,1627.0000,1773.0000,1319.0000,1088.0000,51.442,40.920,53.985,24.810,31.228,96.106,1713,1746,1698,1735,1361,1729,103,24,79,9,60,71,1,1,1,1,1,1,4.9908,4.9908,4.9908,4.9908,2.9084,7.0640,1683.9469,1727.5556,1616.0000,1738.7253,1310.0000,1104.0000,1,on,1,1.5000
1786347118.506079,1,1,,1630.0000,1664.0000,1630.0000,1764.0000,1320.0000,1094.0000,53.437,46.639,53.475,26.502,30.998,95.267,1704,1744,1674,1735,1357,1698,15,22,81,12,59,68,1,1,1,0,1,1,4.9908,4.9908,4.9908,4.9908,2.9084,7.0640,1683.9469,1719.2914,1616.0000,1738.7253,1310.0000,1104.0000,1,on,1,1.5000
1786347118.541822,1,1,,1618.0000,1666.0000,1628.0000,1769.0000,1316.0000,1123.0000,55.748,46.201,53.871,25.522,32.486,91.140,1696,1740,1653,1736,1353,1673,50,35,82,13,58,83,1,1,1,0,1,1,4.9908,4.9908,4.9908,4.9908,2.9084,7.0640,1668.0074,1711.4508,1616.0000,1738.7253,1310.0000,1104.0000,1,on,1,1.5000
1786347118.574059,1,1,,1618.0000,1668.0000,1638.0000,1773.0000,1310.0000,1165.0000,55.754,45.860,51.697,24.662,34.330,85.200,1692,1729,1632,1738,1349,1646,0,39,65,0,46,86,1,1,1,0,1,1,4.9908,4.9908,4.9908,4.9908,2.9084,7.0640,1668.0074,1711.4508,1616.0000,1746.4990,1310.0000,1104.0000,1,on,1,1.5000
1786347118.606016,1,1,,1620.0000,1663.0000,1646.0000,1778.0000,1312.0000,1200.0000,55.436,46.805,50.214,23.652,33.551,80.251,1690,1725,1626,1738,1347,1629,34,36,21,0,55,80,1,1,1,0,1,1,4.9908,4.9908,4.9908,4.9908,2.9084,7.0640,1655.5348,1700.2356,1616.0000,1746.4990,1310.0000,1123.0585,1,on,1,1.5000
1786347118.642056,1,1,,1616.0000,1662.0000,1642.0000,1762.0000,1308.0000,1219.0000,56.187,46.929,51.015,27.000,34.972,77.495,1683,1714,1624,1742,1344,1604,50,46,19,17,58,77,1,1,1,0,1,1,4.9908,4.9908,4.9908,4.9908,2.9084,7.0640,1655.5348,1700.2356,1616.0000,1746.4990,1310.0000,1142.8971,1,on,1,1.5000
1786347118.674082,1,1,,1612.0000,1691.0000,1664.0000,1750.0000,1316.0000,1240.0000,57.027,41.084,46.478,29.253,32.341,74.568,1675,1708,1618,1747,1341,1576,46,46,14,0,57,75,1,1,1,0,1,1,4.9908,4.9908,4.9908,4.9908,2.9084,7.0640,1645.7218,1700.2356,1626.1651,1746.4990,1310.0000,1163.4731,1,on,1,1.5000
1786347118.706091,1,1,,1631.0000,1696.0000,1664.0000,1733.0000,1335.0000,1274.0000,53.248,40.089,46.471,32.843,25.868,69.760,1668,1701,1617,1748,1337,1551,0,0,15,0,49,73,1,1,0,1,1,1,4.9908,4.9908,4.9908,4.9908,2.9084,7.0640,1645.7218,1700.2356,1626.1651,1746.4990,1310.0000,1189.5130,1,on,1,1.5000
1786347118.742015,1,1,,1603.0000,1681.0000,1639.0000,1679.0000,1360.0000,1327.0000,58.835,43.180,51.549,43.523,17.266,62.318,1665,1701,1617,1748,1335,1527,27,0,29,0,50,72,1,1,0,1,1,1,4.9908,4.9908,4.9908,4.9908,2.9084,7.0640,1645.7218,1700.2356,1626.1651,1746.4990,1316.5055,1228.2357,1,on,1,1.5000
1786347118.774086,1,1,,1493.0000,1586.0000,1578.0000,1634.0000,1357.0000,1374.0000,80.768,62.252,63.854,52.672,18.161,55.550,1662,1701,1622,1748,1330,1499,28,0,16,0,34,70,1,1,0,1,1,1,4.9908,4.9908,4.9908,4.9908,2.9084,7.0640,1608.3481,1677.4444,1626.1651,1723.2553,1316.5055,1270.0821,1,on,1,1.5000
1786347118.806064,1,1,,1403.0000,1538.0000,1521.0000,1545.0000,1356.0000,1418.0000,98.764,71.730,75.267,70.502,18.540,49.324,1662,1701,1625,1748,1328,1480,25,0,0,0,43,65,1,1,0,1,1,1,4.9908,4.9908,4.9908,4.9908,2.9084,7.0640,1545.3542,1645.1653,1611.9406,1674.7891,1324.3235,1314.8596,1,on,1,1.5000
1786347118.842086,1,1,,1377.0000,1494.0000,1434.0000,1550.0000,1345.0000,1451.0000,104.034,80.594,92.741,69.413,22.478,44.686,1655,1699,1625,1748,1325,1455,84,54,28,21,37,75,1,1,1,1,1,1,4.9908,4.9908,4.9908,4.9908,2.9084,7.0640,1487.8828,1601.2775,1563.1395,1638.3509,1324.3235,1358.0884,1,on,1,1.5000
1786347118.874053,1,1,,1417.0000,1511.0000,1462.0000,1579.0000,1331.0000,1442.0000,96.137,77.290,87.074,63.661,27.309,46.043,1634,1690,1625,1746,1325,1432,92,87,49,102,19,82,1,1,1,1,1,1,4.9908,4.9908,4.9908,4.9908,2.9084,7.0640,1469.1683,1578.7687,1537.9314,1624.9909,1324.3235,1379.8833,1,on,1,1.5000
1786347118.906066,1,1,,1589.0000,1752.0000,1694.0000,1557.0000,1310.0000,1394.0000,61.653,29.021,40.601,68.072,34.317,52.714,1614,1668,1617,1718,1326,1407,101,98,52,81,14,85,1,1,1,1,1,1,4.9908,4.9908,4.9908,4.9908,2.9084,7.0640,1469.1683,1590.6976,1537.9314,1610.9216,1324.3235,1379.8833,1,on,1,1.5000
1786347118.947353,1,1,,1528.0000,1534.0000,1545.0000,1539.0000,1271.0000,1443.0000,73.733,72.688,70.342,71.706,47.704,45.820,1592,1646,1602,1692,1327,1391,93,77,91,80,0,0,1,1,1,1,1,1,4.9908,4.9908,4.9908,4.9908,2.9084,7.0640,1477.5503,1590.6976,1537.9314,1594.8912,1324.3235,1394.2277,1,on,1,1.5000
1786347118.973678,1,1,,1537.0000,1370.0000,1613.0000,1516.0000,1275.0000,1304.0000,72.047,105.465,56.874,76.248,46.279,65.474,1579,1629,1591,1672,1328,1391,88,80,80,70,15,28,1,1,1,1,1,0,4.9908,4.9908,4.9908,4.9908,2.9084,7.0640,1477.5503,1537.2491,1551.6326,1581.0897,1317.2189,1394.2277,1,on,1,1.5000
1786347119.006041,1,1,,1503.0000,1365.0000,1447.0000,1429.0000,1309.0000,1132.0000,78.803,106.469,89.986,93.591,34.852,89.879,1557,1605,1568,1650,1328,1389,78,71,88,69,0,0,1,1,1,1,1,0,4.9908,4.9908,4.9908,4.9908,2.9084,7.0640,1485.3265,1483.7705,1542.6586,1540.6152,1317.2189,1318.2316,1,on,1,1.5000
1786347119.042061,1,1,,1590.0000,1423.0000,1382.0000,1524.0000,1305.0000,1036.0000,61.405,94.832,103.136,74.675,36.244,103.399,1538,1586,1560,1628,1328,1389,85,67,21,73,45,0,1,1,1,1,1,1,4.9908,4.9908,4.9908,4.9908,2.9084,7.0640,1504.4787,1467.7131,1505.5839,1540.6152,1317.2189,1206.4346,1,on,1,1.5000
1786347119.074077,1,0,edge-on,1513.0000,1284.0000,1157.0000,1343.0000,1327.0000,981.0000,76.852,122.698,148.139,110.957,28.635,111.273,1522,1566,1557,1609,1324,1384,93,66,20,71,40,75,1,1,1,1,1,1,4.9908,4.9908,4.9908,4.9908,2.9084,7.0640,1504.4787,1411.6943,1369.4841,1482.2435,1317.2189,1206.4346,1,on,1,1.5000
1786347119.106130,1,1,,1305.0000,1164.0000,1266.0000,1382.0000,1346.0000,890.0000,118.427,146.843,126.320,103.172,21.964,126.294,1512,1549,1553,1589,1322,1360,0,76,59,39,28,92,1,1,1,1,1,1,4.9908,4.9908,4.9908,4.9908,2.9084,7.0640,1468.4447,1319.3008,1334.7736,1455.4624,1317.2189,1068.6440,1,on,1,1.5000
1786347119.141930,1,0,handedness unsure,1444.0000,1277.0000,1215.0000,1340.0000,1347.0000,890.0000,90.691,124.113,136.604,111.540,21.653,136.840,1510,1531,1537,1571,1321,1329,29,76,82,56,0,114,1,1,1,1,1,1,4.9908,4.9908,4.9908,4.9908,2.9084,7.0640,1468.4447,1306.8306,1295.9140,1422.9800,1317.2189,1068.6440,1,on,1,1.5000
1786347119.174158,1,1,,1341.0000,1215.0000,1444.0000,1499.0000,1375.0000,903.0000,111.344,136.511,90.731,79.535,9.414,122.227,1508,1520,1525,1560,1321,1306,73,78,85,55,29,98,1,1,1,1,1,1,4.9908,4.9908,4.9908,4.9908,2.9084,7.0640,1438.8328,1283.4513,1295.9140,1422.9800,1321.7858,1002.4342,1,on,1,1.5000
1786347119.206056,1,1,,1468.0000,1363.0000,1428.0000,1393.0000,1367.0000,1239.0000,85.886,106.808,93.911,100.960,14.830,74.740,1498,1502,1503,1542,1319,1272,94,83,87,38,0,96,1,1,1,1,0,1,4.9908,4.9908,4.9908,4.9908,2.9084,7.0640,1438.8328,1283.4513,1319.7659,1422.9800,1326.7134,1002.4342,1,on,1,1.5000
1786347119.242142,1,1,,1392.0000,1321.0000,1389.0000,1335.0000,1342.0000,1399.0000,101.134,115.315,101.715,112.456,23.481,52.139,1479,1486,1484,1527,1319,1242,100,85,90,57,0,98,1,1,1,1,0,1,4.9908,4.9908,4.9908,4.9908,2.9084,7.0640,1438.8328,1283.4513,1331.8750,1410.5002,1326.7134,1152.5984,1,on,1,1.5000
1786347119.274198,1,1,,1411.0000,1348.0000,1333.0000,1368.0000,1269.0000,1499.0000,97.229,109.908,112.816,105.851,48.359,37.904,1458,1471,1464,1509,1319,1215,91,92,78,61,27,114,1,1,1,1,0,1,4.9908,4.9908,4.9908,4.9908,2.9084,7.0640,1438.8328,1294.9093,1331.8750,1410.5002,1326.7134,1303.5005,1,on,1,1.5000
1786347119.306158,1,1,,1402.0000,1365.0000,1421.0000,1428.0000,1292.0000,1476.0000,98.976,106.530,95.290,93.947,40.479,41.218,1447,1454,1447,1491,1322,1187,0,91,83,46,0,34,1,1,1,1,0,0,4.9908,4.9908,4.9908,4.9908,2.9084,7.0640,1429.9721,1304.2916,1346.2023,1410.5002,1326.7134,1372.8706,1,on,1,1.5000
1786347119.342148,1,1,,1603.0000,1459.0000,1635.0000,1558.0000,1326.0000,1397.0000,58.753,87.696,52.455,67.724,28.726,52.358,1445,1435,1428,1474,1322,1185,35,85,70,46,20,87,1,1,1,1,0,0,4.9908,4.9908,4.9908,4.9908,2.9084,7.0640,1460.1409,1342.4662,1448.5162,1431.9932,1326.7134,1372.8706,1,on,1,1.5000
1786347119.374028,1,1,,1562.0000,1472.0000,1625.0000,1554.0000,1290.0000,1540.0000,67.027,84.986,54.402,68.670,41.415,32.162,1441,1423,1419,1462,1323,1195,48,90,84,59,18,80,0,1,0,1,0,0,4.9908,4.9908,4.9908,4.9908,2.9084,7.0640,1480.5551,1375.8045,1508.9602,1458.4484,1320.8012,1429.3315,1,on,1,1.5000
1786347119.406150,1,1,,1203.0000,1444.0000,1541.0000,1688.0000,1360.0000,1355.0000,138.998,90.587,71.152,41.794,17.343,58.350,1435,1407,1405,1446,1325,1242,21,76,29,64,15,75,0,1,0,0,1,0,4.9908,4.9908,4.9908,4.9908,2.9084,7.0640,1422.3356,1391.2751,1517.0874,1533.0022,1320.8012,1429.3315,1,on,1,1.5000
1786347119.442107,1,0,handedness unsure,1447.0000,1528.0000,1566.0000,1487.0000,1321.0000,1432.0000,90.040,73.740,66.203,82.127,30.473,47.386,1439,1392,1410,1437,1325,1278,88,83,82,14,40,103,1,1,0,0,1,0,4.9908,4.9908,4.9908,4.9908,2.9084,7.0640,1422.3356,1429.0530,1527.7318,1524.7194,1320.8012,1429.3315,1,on,1,1.5000
1786347119.474151,1,0,handedness unsure,1461.0000,1535.0000,1532.0000,1470.0000,1296.0000,1464.0000,87.334,72.418,72.933,85.464,39.040,42.809,1451,1390,1435,1436,1322,1314,15,0,72,90,17,85,1,0,0,0,1,0,4.9908,4.9908,4.9908,4.9908,2.9084,7.0640,1422.3356,1456.0197,1527.7318,1524.7194,1320.8012,1429.3315,1,on,1,1.5000
1786347119.505933,1,0,handedness unsure,1427.0000,1551.0000,1597.0000,1452.0000,1311.0000,1520.0000,94.014,69.271,59.940,89.066,33.947,34.917,1451,1390,1457,1458,1322,1341,53,47,82,68,17,87,1,0,0,0,1,0,4.9908,4.9908,4.9908,4.9908,2.9084,7.0640,1422.3356,1479.3277,1538.8518,1516.7026,1320.8012,1429.3315,1,on,1,1.5000
1786347119.542130,1,0,handedness unsure,1530.0000,1531.0000,1666.0000,1357.0000,1340.0000,1591.0000,73.453,73.206,46.245,108.022,24.076,24.854,1443,1400,1482,1484,1322,1371,55,87,68,41,17,82,1,0,0,0,1,0,4.9908,4.9908,4.9908,4.9908,2.9084,7.0640,1440.5621,1490.5264,1568.5021,1479.7829,1320.8012,1429.3315,1,on,1,1.5000
1786347119.574065,1,0,handedness unsure,1464.0000,1585.0000,1686.0000,1491.0000,1291.0000,1626.0000,86.586,62.412,42.214,81.274,40.748,19.888,1438,1415,1496,1498,1321,1389,31,73,75,0,17,67,0,0,0,1,1,0,4.9908,4.9908,4.9908,4.9908,2.9084,7.0640,1440.5621,1510.7307,1596.8289,1479.7829,1320.8012,1429.3315,1,on,1,1.5000
1786347119.606070,1,0,handedness unsure,1529.0000,1599.0000,1689.0000,1561.0000,1300.0000,1597.0000,73.566,59.656,41.547,67.179,37.670,24.035,1434,1437,1514,1508,1321,1414,29,79,60,62,18,0,0,0,0,1,1,0,4.9908,4.9908,4.9908,4.9908,2.9084,7.0640,1456.8301,1529.9963,1618.6406,1479.7829,1320.8012,1429.3315,1,on,1,1.5000
1786347119.642038,1,0,handedness unsure,1644.0000,1650.0000,1710.0000,1610.0000,1328.0000,1618.0000,50.566,49.369,37.349,57.362,28.113,21.124,1434,1457,1534,1496,1321,1417,29,77,52,36,21,38,0,0,0,1,1,0,4.9908,4.9908,4.9908,4.9908,2.9084,7.0640,1510.0415,1561.0529,1641.0295,1507.8005,1320.8012,1429.3315,1,on,1,1.5000
1786347119.674033,1,1,,1673.0000,1696.0000,1721.0000,1647.0000,1335.0000,1624.0000,44.681,40.062,35.085,50.055,25.676,20.222,1433,1475,1551,1488,1321,1422,19,83,58,14,20,26,0,0,0,0,1,0,4.9908,4.9908,4.9908,4.9908,2.9084,7.0640,1558.9242,1597.1804,1658.3523,1540.6630,1320.8012,1475.1367,1,on,1,1.5000
1786347119.706067,1,1,,1673.0000,1694.0000,1700.0000,1636.0000,1312.0000,1586.0000,44.668,40.548,39.430,52.121,33.604,25.669,1434,1494,1569,1487,1321,1424,81,80,58,0,19,37,0,0,0,0,1,0,4.9908,4.9908,4.9908,4.9908,2.9084,7.0640,1591.6345,1621.9046,1658.3523,1563.1955,1320.8012,1504.8476,1,on,1,1.5000
1786347119.742221,1,1,,1665.0000,1691.0000,1706.0000,1630.0000,1301.0000,1590.0000,46.455,41.158,38.124,53.339,37.399,25.098,1453,1512,1589,1491,1321,1436,79,65,55,60,20,100,0,0,0,0,1,0,4.9908,4.9908,4.9908,4.9908,2.9084,7.0640,1610.7696,1638.3168,1672.2795,1578.1462,1320.8012,1526.8889,1,on,1,1.5000
1786347119.774014,1,1,,1678.0000,1682.0000,1697.0000,1669.0000,1312.0000,1573.0000,43.773,43.047,39.989,45.587,33.737,27.416,1469,1523,1598,1507,1321,1452,80,68,62,59,20,94,0,0,0,0,1,0,4.9908,4.9908,4.9908,4.9908,2.9084,7.0640,1625.0926,1646.1254,1672.2795,1597.5821,1320.8012,1526.8889,1,on,1,1.5000
1786347119.805892,1,1,,1681.0000,1671.0000,1700.0000,1669.0000,1314.0000,1563.0000,43.111,45.263,39.314,45.471,33.154,28.822,1490,1543,1617,1529,1321,1485,78,61,63,49,22,102,0,0,0,0,1,0,4.9908,4.9908,4.9908,4.9908,2.9084,7.0640,1635.6679,1646.1254,1672.2795,1612.1274,1320.8012,1539.8652,1,on,1,1.5000
1786347119.847166,1,1,,1678.0000,1686.0000,1687.0000,1662.0000,1317.0000,1571.0000,43.716,42.259,41.969,46.983,31.856,27.682,1516,1564,1640,1557,1321,1513,79,62,70,38,24,21,0,0,0,0,1,0,4.9908,4.9908,4.9908,4.9908,2.9084,7.0640,1643.3745,1654.7726,1672.2795,1622.0670,1320.8012,1539.8652,1,on,1,1.5000
1786347119.874017,1,1,,1669.0000,1691.0000,1688.0000,1666.0000,1321.0000,1568.0000,45.589,41.145,41.727,46.237,30.451,28.102,1530,1578,1654,1569,1321,1514,72,59,56,60,23,32,0,0,0,0,1,0,4.9908,4.9908,4.9908,4.9908,2.9084,7.0640,1643.3745,1654.7726,1672.2795,1622.0670,1320.8012,1539.8652,0,on,1,1.5000
1786347119.906041,1,1,,1666.0000,1692.0000,1691.0000,1685.0000,1326.0000,1567.0000,46.177,40.914,41.238,42.275,29.034,28.329,1549,1595,1663,1591,1321,1518,55,58,10,42,27,25,0,0,0,0,1,0,4.9908,4.9908,4.9908,4.9908,2.9084,7.0640,1643.3745,1654.7726,1672.2795,1636.9776,1320.8012,1539.8652,1,on,1,1.5000
1786347119.942029,1,1,,1688.0000,1685.0000,1696.0000,1679.0000,1324.0000,1572.0000,41.812,42.316,40.255,43.495,29.579,27.583,1567,1614,1667,1609,1320,1520,68,58,13,56,24,25,0,0,0,0,1,0,4.9908,4.9908,4.9908,4.9908,2.9084,7.0640,1652.8094,1664.5837,1680.5765,1636.9776,1320.8012,1539.8652,1,on,1,1.5000
1786347119.974089,1,1,,1705.0000,1675.0000,1688.0000,1679.0000,1327.0000,1574.0000,38.396,44.292,41.848,43.618,28.682,27.297,1586,1632,1672,1626,1320,1522,65,61,0,13,0,20,0,0,0,0,1,0,4.9908,4.9908,4.9908,4.9908,2.9084,7.0640,1652.8094,1664.5837,1680.5765,1647.7931,1320.8012,1552.3107,1,on,1,1.5000
1786347120.006082,1,1,,1698.0000,1681.0000,1695.0000,1691.0000,1327.0000,1579.0000,39.706,43.129,40.273,41.080,28.425,26.523,1595,1643,1673,1627,1320,1522,75,64,15,23,0,60,0,0,0,0,1,0,4.9908,4.9908,4.9908,4.9908,2.9084,7.0640,1663.9952,1664.5837,1680.5765,1647.7931,1320.8012,1552.3107,1,on,1,1.5000
1786347120.047181,1,1,,1696.0000,1685.0000,1697.0000,1680.0000,1328.0000,1569.0000,40.180,42.441,40.022,43.443,28.130,27.986,1622,1654,1678,1631,1320,1533,71,28,10,12,0,31,0,0,0,0,1,0,4.9908,4.9908,4.9908,4.9908,2.9084,7.0640,1663.9952,1664.5837,1680.5765,1656.5183,1320.8012,1552.3107,1,on,1,1.5000
1786347120.074040,1,1,,1691.0000,1692.0000,1702.0000,1685.0000,1328.0000,1578.0000,41.071,40.890,38.938,42.426,28.270,26.705,1633,1657,1680,1635,1320,1537,79,24,0,0,0,24,0,0,0,0,1,0,4.9908,4.9908,4.9908,4.9908,2.9084,7.0640,1663.9952,1664.5837,1680.5765,1656.5183,1320.8012,1552.3107,0,on,1,1.5000
1786347120.105884,1,1,,1685.0000,1703.0000,1708.0000,1691.0000,1330.0000,1575.0000,42.428,38.707,37.679,41.081,27.451,27.125,1653,1662,1680,1636,1320,1541,0,0,0,23,0,39,0,0,1,0,1,0,4.9908,4.9908,4.9908,4.9908,2.9084,7.0640,1663.9952,1672.1009,1680.5765,1656.5183,1320.8012,1552.3107,1,on,1,1.5000
1786347120.145646,1,1,,1677.0000,1696.0000,1704.0000,1687.0000,1333.0000,1570.0000,44.045,40.209,38.582,41.921,26.524,27.868,1654,1662,1680,1643,1320,1544,25,22,0,0,0,20,0,0,1,0,1,0,4.9908,4.9908,4.9908,4.9908,2.9084,7.0640,1663.9952,1672.1009,1680.5765,1664.7281,1320.8012,1552.3107,1,on,1,1.5000
1786347120.174032,1,1,,1661.0000,1702.0000,1705.0000,1697.0000,1335.0000,1560.0000,47.118,38.926,38.285,40.017,25.831,29.337,1657,1666,1680,1643,1320,1545,22,15,0,0,0,35,0,0,1,0,1,0,4.9908,4.9908,4.9908,4.9908,2.9084,7.0640,1663.9952,1672.1009,1680.5765,1664.7281,1320.8012,1552.3107,0,on,1,1.5000
1786347120.206073,1,1,,1665.0000,1709.0000,1719.0000,1694.0000,1336.0000,1557.0000,46.422,37.540,35.618,40.640,25.447,29.760,1659,1667,1680,1645,1320,1548,16,14,0,14,0,29,0,0,1,0,1,0,4.9908,4.9908,4.9908,4.9908,2.9084,7.0640,1663.9952,1672.1009,1690.1407,1664.7281,1320.8012,1552.3107,1,on,1,1.5000
1786347120.242049,1,1,,1672.0000,1710.0000,1713.0000,1698.0000,1336.0000,1561.0000,44.960,37.425,36.689,39.665,25.591,29.150,1660,1668,1680,1652,1320,1551,0,12,0,0,0,20,0,0,0,0,1,0,4.9908,4.9908,4.9908,4.9908,2.9084,7.0640,1663.9952,1682.5060,1690.1407,1672.6085,1320.8012,1552.3107,1,on,1,1.5000
1786347120.274058,1,1,,1689.0000,1704.0000,1711.0000,1697.0000,1339.0000,1565.0000,41.533,38.633,37.164,39.924,24.466,28.621,1660,1669,1681,1653,1320,1551,0,14,21,37,0,21,0,0,0,0,1,0,4.9908,4.9908,4.9908,4.9908,2.9084,7.0640,1671.7960,1682.5060,1690.1407,1672.6085,1320.8012,1552.3107,1,on,1,1.5000
1786347120.306077,1,1,,1680.0000,1700.0000,1707.0000,1693.0000,1340.0000,1570.0000,43.300,39.300,38.025,40.721,24.024,27.899,1660,1670,1686,1661,1320,1551,0,38,18,40,0,25,0,0,0,0,1,0,4.9908,4.9908,4.9908,4.9908,2.9084,7.0640,1671.7960,1682.5060,1690.1407,1672.6085,1325.4722,1552.3107,1,on,1,1.5000
1786347120.347271,1,1,,1709.0000,1699.0000,1711.0000,1699.0000,1341.0000,1571.0000,37.594,39.633,37.171,39.569,23.680,27.775,1665,1678,1691,1671,1320,1552,37,16,0,0,0,28,0,0,1,0,0,0,4.9908,4.9908,4.9908,4.9908,2.9084,7.0640,1671.7960,1682.5060,1690.1407,1672.6085,1325.4722,1552.3107,0,on,1,1.5000
1786347120.374001,1,1,,1700.0000,1684.0000,1695.0000,1697.0000,1339.0000,1568.0000,39.349,42.640,40.348,39.960,24.414,28.082,1671,1680,1691,1671,1320,1552,21,0,0,0,0,25,0,0,1,0,0,1,4.9908,4.9908,4.9908,4.9908,2.9084,7.0640,1671.7960,1682.5060,1690.1407,1672.6085,1325.4722,1552.3107,0,on,1,1.5000
1786347120.406019,1,1,,1696.0000,1678.0000,1688.0000,1702.0000,1341.0000,1574.0000,40.228,43.808,41.767,38.989,23.603,27.354,1672,1680,1691,1671,1320,1554,0,0,0,0,0,0,1,0,1,0,0,1,4.9908,4.9908,4.9908,4.9908,2.9084,7.0640,1671.7960,1682.5060,1690.1407,1680.8123,1325.4722,1552.3107,1,on,1,1.5000
1786347120.442025,1,1,,1699.0000,1672.0000,1688.0000,1692.0000,1344.0000,1570.0000,39.651,44.951,41.717,40.930,22.746,27.800,1672,1680,1690,1671,1320,1553,0,0,0,0,0,0,1,0,1,0,0,1,4.9908,4.9908,4.9908,4.9908,2.9084,7.0640,1679.6473,1682.5060,1690.1407,1680.8123,1325.4722,1552.3107,1,on,1,1.5000
1786347120.474066,1,1,,1691.0000,1656.0000,1671.0000,1701.0000,1333.0000,1572.0000,41.077,48.106,45.260,39.234,26.313,27.560,1672,1680,1691,1673,1320,1554,0,0,0,22,0,0,0,0,1,0,0,1,4.9908,4.9908,4.9908,4.9908,2.9084,7.0640,1679.6473,1682.5060,1690.1407,1680.8123,1325.4722,1552.3107,0,on,1,1.5000
1786347120.511242,1,1,,1707.0000,1642.0000,1657.0000,1677.0000,1334.0000,1575.0000,37.994,51.052,48.009,44.043,26.001,27.153,1672,1680,1691,1680,1320,1554,11,0,0,0,13,0,0,0,1,1,0,1,4.9908,4.9908,4.9908,4.9908,2.9084,7.0640,1679.6473,1682.5060,1690.1407,1680.8123,1325.4722,1552.3107,0,on,1,1.5000
1786347120.542162,1,1,,1700.0000,1643.0000,1663.0000,1678.0000,1334.0000,1585.0000,39.332,50.870,46.832,43.711,26.010,25.699,1673,1680,1690,1680,1320,1554,21,0,0,0,14,0,0,0,1,1,0,1,4.9908,4.9908,4.9908,4.9908,2.9084,7.0640,1679.6473,1682.5060,1690.1407,1680.8123,1325.4722,1563.5916,1,on,1,1.5000
1786347120.574038,1,1,,1713.0000,1645.0000,1663.0000,1679.0000,1338.0000,1583.0000,36.738,50.464,46.670,43.558,24.809,26.008,1676,1680,1691,1680,1320,1554,17,0,0,0,14,0,0,0,1,1,0,0,4.9908,4.9908,4.9908,4.9908,2.9084,7.0640,1679.6473,1673.4047,1690.1407,1680.8123,1325.4722,1563.5916,1,on,1,1.5000
1786347120.606085,1,1,,1713.0000,1643.0000,1654.0000,1671.0000,1332.0000,1587.0000,36.782,50.797,48.618,45.164,26.956,25.439,1678,1680,1691,1680,1321,1554,15,0,0,0,0,39,0,1,1,1,0,0,4.9908,4.9908,4.9908,4.9908,2.9084,7.0640,1687.9881,1673.4047,1690.1407,1680.8123,1325.4722,1563.5916,1,on,1,1.5000
1786347120.647224,1,1,,1712.0000,1622.0000,1629.0000,1658.0000,1327.0000,1591.0000,36.973,54.962,53.511,47.792,28.523,24.933,1680,1680,1691,1680,1322,1560,0,16,0,0,20,30,0,1,1,1,0,0,4.9908,4.9908,4.9908,4.9908,2.9084,7.0640,1687.9881,1664.0684,1676.2747,1680.8123,1325.4722,1563.5916,1,on,1,1.5000
1786347120.674026,1,1,,1681.0000,1603.0000,1598.0000,1636.0000,1320.0000,1547.0000,43.124,58.763,59.892,52.091,30.855,31.119,1680,1680,1690,1680,1323,1562,12,22,0,0,16,18,0,1,1,1,0,0,4.9908,4.9908,4.9908,4.9908,2.9084,7.0640,1687.9881,1664.0684,1665.2772,1680.8123,1325.4722,1563.5916,1,on,1,1.5000
1786347120.706068,1,1,,1627.0000,1560.0000,1551.0000,1611.0000,1361.0000,1543.0000,53.956,67.330,69.152,57.161,16.997,31.659,1682,1675,1691,1680,1324,1562,24,54,47,0,0,19,0,1,1,1,0,0,4.9908,4.9908,4.9908,4.9908,2.9084,7.0640,1687.9881,1638.3733,1640.7782,1668.4484,1330.7375,1563.5916,1,on,1,1.5000
1786347120.747134,1,1,,1520.0000,1512.0000,1529.0000,1608.0000,1364.0000,1568.0000,75.481,77.081,73.626,57.791,15.919,28.090,1686,1667,1673,1680,1324,1562,16,41,35,28,0,22,0,1,1,1,0,0,4.9908,4.9908,4.9908,4.9908,2.9084,7.0640,1644.8425,1605.2823,1611.3704,1658.3937,1330.7375,1563.5916,1,on,1,1.5000
1786347120.774042,1,1,,1433.0000,1458.0000,1482.0000,1601.0000,1342.0000,1522.0000,92.822,87.815,83.028,59.116,23.265,34.700,1687,1657,1663,1680,1324,1562,14,50,49,37,0,25,1,1,1,1,0,0,4.9908,4.9908,4.9908,4.9908,2.9084,7.0640,1584.5409,1568.8438,1580.9883,1650.7286,1330.7375,1563.5916,1,on,1,1.5000
1786347120.842072,1,1,,1384.0000,1369.0000,1423.0000,1552.0000,1351.0000,1466.0000,102.699,105.725,94.776,69.101,20.213,42.597,1677,1622,1628,1663,1325,1565,100,83,87,22,10,0,1,1,1,1,0,1,4.9908,4.9908,4.9908,4.9908,2.9084,7.0640,1497.1016,1486.0108,1521.3890,1625.2057,1335.3301,1543.0319,1,on,1,1.5000
1786347120.869853,1,1,,1313.0000,1276.0000,1321.0000,1469.0000,1359.0000,1535.0000,116.838,124.218,115.389,85.690,17.543,32.758,1661,1608,1613,1661,1326,1565,104,82,76,0,0,0,1,1,1,1,0,1,4.9908,4.9908,4.9908,4.9908,2.9084,7.0640,1441.4720,1420.8034,1462.8616,1589.9237,1335.3301,1543.0319,1,on,1,1.5000
1786347120.898021,1,1,,1307.0000,1204.0000,1225.0000,1334.0000,1357.0000,1488.0000,118.196,138.779,134.544,112.745,18.226,39.441,1647,1595,1600,1656,1326,1565,92,90,81,44,23,0,1,1,1,1,0,1,4.9908,4.9908,4.9908,4.9908,2.9084,7.0640,1400.6541,1343.5740,1377.6384,1503.4699,1335.3301,1543.0319,1,on,1,1.5000
1786347120.926805,1,1,,1306.0000,1179.0000,1180.0000,1222.0000,1371.0000,1580.0000,118.302,143.675,143.639,135.225,13.428,26.405,1620,1576,1581,1642,1328,1565,105,83,77,75,21,0,1,1,1,1,0,1,4.9908,4.9908,4.9908,4.9908,2.9084,7.0640,1374.2424,1285.2528,1303.8752,1389.7974,1340.4464,1543.0319,1,on,1,1.5000
1786347120.950089,1,1,,1244.0000,1128.0000,1140.0000,1197.0000,1375.0000,1626.0000,130.684,153.922,151.557,140.128,11.347,19.916,1607,1561,1568,1627,1329,1565,91,75,84,93,20,12,1,1,1,1,0,1,4.9908,4.9908,4.9908,4.9908,2.9084,7.0640,1340.3860,1235.3262,1249.4959,1319.6440,1340.4464,1543.0319,1,on,1,1.5000
1786347120.980420,1,1,,1184.0000,1084.0000,1093.0000,1150.0000,1366.0000,1562.0000,142.744,162.691,161.073,149.543,15.097,28.956,1592,1549,1555,1611,1331,1565,88,84,76,62,25,15,1,1,1,1,0,1,4.9908,4.9908,4.9908,4.9908,2.9084,7.0640,1289.9324,1181.4026,1191.8050,1252.3512,1345.2488,1543.0319,1,on,1,1.5000
1786347121.006032,1,1,,1156.0000,1044.0000,1063.0000,1130.0000,1362.0000,1511.0000,148.339,170.762,167.050,153.618,16.551,36.267,1579,1537,1543,1597,1332,1565,90,84,79,43,25,18,1,1,1,1,0,1,4.9908,4.9908,4.9908,4.9908,2.9084,7.0640,1250.8130,1138.3315,1151.1281,1212.0364,1345.2488,1543.0319,1,on,1,1.5000
1786347121.041997,1,1,,1098.0000,1034.0000,1050.0000,1117.0000,1340.0000,1639.0000,160.035,173.856,169.520,156.081,24.117,18.051,1558,1520,1526,1574,1335,1566,85,73,74,56,29,31,1,1,1,1,0,1,4.9908,4.9908,4.9908,4.9908,2.9084,7.0640,1197.3833,1103.6587,1117.5700,1179.9554,1345.2488,1558.9601,1,on,1,1.5000
1786347121.074068,1,1,,1062.0000,1034.0000,1034.0000,1102.0000,1358.0000,1580.0000,167.256,178.198,173.960,159.147,17.762,26.380,1540,1502,1508,1556,1338,1562,87,72,75,67,40,21,1,1,1,1,0,1,4.9908,4.9908,4.9908,4.9908,2.9084,7.0640,1154.7439,1085.6785,1095.1392,1159.0936,1345.2488,1558.9601,1,on,1,1.5000
1786347121.106048,1,1,,1063.0000,1034.0000,1036.0000,1104.0000,1360.0000,1494.0000,166.917,177.286,172.301,158.688,17.028,38.636,1523,1485,1492,1535,1341,1559,86,87,87,57,0,0,1,1,1,1,0,1,4.9908,4.9908,4.9908,4.9908,2.9084,7.0640,1129.1420,1074.7186,1081.8412,1146.9210,1345.2488,1558.9601,1,on,1,1.5000
1786347121.142046,1,1,,1063.0000,1034.0000,1034.0000,1101.0000,1354.0000,1481.0000,167.079,176.992,173.226,159.433,19.105,40.487,1505,1469,1472,1517,1341,1559,79,83,68,49,24,0,1,1,1,1,0,1,4.9908,4.9908,4.9908,4.9908,2.9084,7.0640,1112.6253,1074.7186,1072.3282,1137.9883,1345.2488,1547.8970,1,on,1,1.5000
1786347121.173872,1,1,,1076.0000,1034.0000,1034.0000,1110.0000,1336.0000,1515.0000,164.466,175.810,173.056,157.566,25.327,35.622,1488,1453,1457,1500,1343,1559,82,94,77,48,19,0,1,1,1,1,0,1,4.9908,4.9908,4.9908,4.9908,2.9084,7.0640,1112.6253,1062.6140,1072.3282,1137.9883,1345.2488,1547.8970,1,on,1,1.5000
1786347121.205888,1,1,,1085.0000,1034.0000,1047.0000,1121.0000,1328.0000,1578.0000,162.530,174.193,170.238,155.319,28.311,26.693,1477,1441,1447,1490,1343,1559,88,88,68,49,19,27,1,1,1,1,0,1,4.9908,4.9908,4.9908,4.9908,2.9084,7.0640,1103.2030,1062.6140,1064.2124,1137.9883,1345.2488,1547.8970,1,on,1,1.5000
1786347121.242028,1,1,,1110.0000,1049.0000,1062.0000,1112.0000,1282.0000,1523.0000,157.553,169.836,167.216,157.215,44.095,34.497,1461,1423,1429,1472,1344,1555,94,85,74,55,13,23,1,1,1,1,0,1,4.9908,4.9908,4.9908,4.9908,2.9084,7.0640,1103.2030,1062.6140,1064.2124,1137.9883,1339.5735,1547.8970,1,on,1,1.5000
1786347121.274092,1,1,,1112.0000,1053.0000,1065.0000,1109.0000,1268.0000,1487.0000,157.187,168.983,166.512,157.680,48.809,39.596,1444,1407,1415,1457,1344,1549,81,79,78,58,0,12,1,1,1,1,1,1,4.9908,4.9908,4.9908,4.9908,2.9084,7.0640,1103.2030,1062.6140,1064.2124,1129.0838,1329.3913,1547.8970,1,on,1,1.5000
1786347121.306053,1,1,,1124.0000,1053.0000,1071.0000,1097.0000,1231.0000,1466.0000,154.729,168.907,165.384,160.229,61.583,42.587,1427,1391,1398,1441,1344,1549,82,76,75,61,0,0,1,1,1,1,1,1,4.9908,4.9908,4.9908,4.9908,2.9084,7.0640,1103.2030,1062.6140,1064.2124,1129.0838,1310.7438,1527.9636,1,on,1,1.5000
1786347121.342179,1,1,,1111.0000,1038.0000,1058.0000,1087.0000,1206.0000,1428.0000,157.453,172.088,167.957,162.243,70.034,47.943,1411,1375,1382,1424,1344,1549,91,81,89,71,34,0,1,1,1,1,1,1,4.9908,4.9908,4.9908,4.9908,2.9084,7.0640,1103.2030,1062.6140,1064.2124,1129.0838,1286.5393,1507.7300,1,on,1,1.5000
1786347121.374058,1,1,,1089.0000,1034.0000,1047.0000,1070.0000,1184.0000,1435.0000,161.787,174.987,170.124,165.654,77.579,46.936,1395,1359,1364,1406,1342,1546,94,86,82,57,71,27,1,1,1,1,0,1,4.9908,4.9908,4.9908,4.9908,2.9084,7.0640,1103.2030,1062.6140,1064.2124,1115.7500,1263.1823,1494.1101,1,on,1,1.5000
1786347121.406053,1,1,,1073.0000,1034.0000,1051.0000,1065.0000,1167.0000,1371.0000,164.927,176.263,169.382,166.634,83.581,56.003,1384,1348,1353,1397,1342,1541,98,80,78,71,0,93,1,1,1,1,0,1,4.9908,4.9908,4.9908,4.9908,2.9084,7.0640,1103.2030,1053.8035,1064.2124,1115.7500,1240.8015,1465.3339,1,on,1,1.5000
1786347121.442062,1,1,,1093.0000,1034.0000,1048.0000,1060.0000,1152.0000,1385.0000,160.975,177.861,169.961,167.583,88.761,54.058,1369,1331,1337,1380,1342,1519,98,78,93,72,43,86,1,1,1,1,0,1,4.9908,4.9908,4.9908,4.9908,2.9084,7.0640,1103.2030,1053.8035,1064.2124,1102.0078,1219.4235,1446.5354,1,on,1,1.5000
1786347121.474055,1,1,,1079.0000,1034.0000,1053.0000,1068.0000,1158.0000,1371.0000,163.877,176.903,168.940,166.050,86.795,56.051,1353,1315,1321,1361,1344,1496,92,88,86,55,58,83,1,1,1,1,0,1,4.9908,4.9908,4.9908,4.9908,2.9084,7.0640,1103.2030,1053.8035,1064.2124,1102.0078,1207.2713,1430.9158,1,on,1,1.5000
1786347121.506028,1,1,,1084.0000,1034.0000,1053.0000,1062.0000,1141.0000,1347.0000,162.683,175.279,169.017,167.108,92.574,59.377,1337,1300,1306,1346,1349,1480,101,82,91,55,55,0,1,1,1,1,0,1,4.9908,4.9908,4.9908,4.9908,2.9084,7.0640,1103.2030,1053.8035,1064.2124,1093.8399,1194.7089,1413.2641,1,on,1,1.5000
1786347121.542066,1,1,,1084.0000,1034.0000,1061.0000,1075.0000,1148.0000,1379.0000,162.791,176.852,167.327,164.544,90.217,54.855,1320,1282,1288,1332,1354,1477,94,88,87,63,55,32,1,1,1,1,0,1,4.9908,4.9908,4.9908,4.9908,2.9084,7.0640,1103.2030,1053.8035,1064.2124,1093.8399,1186.4923,1413.2641,1,on,1,1.5000
1786347121.574091,1,1,,1093.0000,1034.0000,1060.0000,1074.0000,1143.0000,1364.0000,161.010,174.142,167.677,164.742,91.821,57.038,1305,1265,1271,1315,1358,1473,104,88,80,65,39,20,1,1,1,1,0,1,4.9908,4.9908,4.9908,4.9908,2.9084,7.0640,1103.2030,1053.8035,1064.2124,1093.8399,1180.1564,1400.9276,1,on,1,1.5000
1786347121.606065,1,1,,1069.0000,1034.0000,1054.0000,1076.0000,1148.0000,1365.0000,165.716,178.047,168.796,164.291,90.048,56.845,1293,1254,1261,1303,1361,1472,122,91,88,78,50,19,1,1,1,1,0,1,4.9908,4.9908,4.9908,4.9908,2.9084,7.0640,1103.2030,1053.8035,1064.2124,1093.8399,1180.1564,1400.9276,0,on,1,1.5000
1786347121.642036,1,1,,1089.0000,1034.0000,1063.0000,1081.0000,1147.0000,1351.0000,161.861,173.136,167.044,163.421,90.382,58.866,1276,1238,1244,1288,1364,1471,95,86,88,66,43,19,1,1,1,1,0,1,4.9908,4.9908,4.9908,4.9908,2.9084,7.0640,1103.2030,1053.8035,1064.2124,1093.8399,1172.6763,1389.9884,1,on,1,1.5000
1786347121.673880,1,1,,1081.0000,1034.0000,1062.0000,1089.0000,1154.0000,1360.0000,163.328,175.938,167.278,161.878,88.008,57.658,1259,1222,1228,1271,1366,1471,101,93,97,76,0,20,1,1,1,1,0,1,4.9908,4.9908,4.9908,4.9908,2.9084,7.0640,1095.2978,1046.1075,1064.2124,1093.8399,1172.6763,1389.9884,1,on,1,1.5000
1786347121.706125,1,1,,1086.0000,1034.0000,1070.0000,1099.0000,1165.0000,1351.0000,162.351,173.776,165.493,159.831,84.365,58.892,1241,1200,1211,1253,1366,1470,99,89,104,58,28,21,1,1,1,1,0,1,4.9908,4.9908,4.9908,4.9908,2.9084,7.0640,1095.2978,1046.1075,1064.2124,1093.8399,1172.6763,1389.9884,0,on,1,1.5000
1786347121.742039,1,1,,1078.0000,1034.0000,1066.0000,1101.0000,1163.0000,1341.0000,163.965,174.222,166.307,159.286,84.983,60.351,1225,1186,1193,1236,1368,1469,115,99,107,69,23,21,1,1,1,1,0,1,4.9908,4.9908,4.9908,4.9908,2.9084,7.0640,1095.2978,1046.1075,1064.2124,1093.8399,1172.6763,1377.5504,1,on,1,1.5000
1786347121.774054,1,1,,1092.0000,1037.0000,1077.0000,1109.0000,1169.0000,1362.0000,161.130,172.148,164.245,157.743,82.903,57.311,1209,1168,1175,1221,1369,1469,131,118,88,71,0,18,1,1,1,1,0,1,4.9908,4.9908,4.9908,4.9908,2.9084,7.0640,1095.2978,1046.1075,1064.2124,1093.8399,1172.6763,1377.5504,0,on,1,1.5000
1786347121.806043,1,1,,1103.0000,1051.0000,1089.0000,1106.0000,1181.0000,1341.0000,159.028,169.436,161.859,158.305,78.691,60.267,1198,1154,1161,1207,1369,1469,106,90,90,57,0,18,1,1,1,1,0,1,4.9908,4.9908,4.9908,4.9908,2.9084,7.0640,1095.2978,1046.1075,1064.2124,1093.8399,1172.6763,1377.5504,0,on,1,1.5000
1786347121.841882,1,1,,1137.0000,1076.0000,1112.0000,1134.0000,1197.0000,1346.0000,152.187,164.407,157.218,152.719,73.289,59.577,1181,1138,1145,1192,1369,1468,103,109,108,69,0,20,1,1,1,1,0,1,4.9908,4.9908,4.9908,4.9908,2.9084,7.0640,1095.2978,1046.1075,1064.2124,1093.8399,1172.6763,1377.5504,0,on,1,1.5000
1786347121.874075,1,1,,1154.0000,1089.0000,1111.0000,1141.0000,1210.0000,1355.0000,148.743,161.781,157.365,151.400,68.685,58.346,1162,1121,1126,1175,1369,1467,127,137,95,94,0,16,1,1,1,1,0,1,4.9908,4.9908,4.9908,4.9908,2.9084,7.0640,1103.1386,1046.1075,1073.2075,1093.8399,1172.6763,1377.5504,1,on,1,1.5000
1786347121.906084,1,1,,1177.0000,1093.0000,1116.0000,1157.0000,1212.0000,1362.0000,144.125,160.982,156.297,148.209,68.049,57.311,1144,1102,1108,1155,1369,1467,129,126,110,82,0,17,1,1,1,1,0,1,4.9908,4.9908,4.9908,4.9908,2.9084,7.0640,1114.1353,1054.3170,1073.2075,1107.3585,1178.1338,1377.5504,1,on,1,1.5000
1786347121.942074,1,1,,1182.0000,1092.0000,1113.0000,1171.0000,1210.0000,1394.0000,143.178,161.166,156.879,145.280,68.847,52.801,1125,1083,1090,1138,1369,1466,125,123,111,70,0,0,1,1,1,1,0,1,4.9908,4.9908,4.9908,4.9908,2.9084,7.0640,1125.9087,1054.3170,1082.3034,1117.4625,1178.1338,1377.5504,1,on,1,1.5000
1786347121.974051,1,1,,1183.0000,1097.0000,1113.0000,1171.0000,1217.0000,1390.0000,142.981,160.214,156.916,145.277,66.365,53.377,1124,1066,1085,1118,1369,1466,0,0,40,0,0,0,0,1,1,1,0,1,4.9908,4.9908,4.9908,4.9908,2.9084,7.0640,1134.9350,1062.8042,1082.3034,1125.3348,1184.9321,1377.5504,1,on,1,1.5000
1786347122.006070,1,1,,1189.0000,1105.0000,1119.0000,1178.0000,1221.0000,1406.0000,141.728,158.493,155.740,143.989,65.001,51.084,1124,1066,1084,1117,1369,1466,0,0,14,0,0,0,0,1,1,0,0,1,4.9908,4.9908,4.9908,4.9908,2.9084,7.0640,1143.3528,1062.8042,1082.3034,1133.1367,1184.9321,1377.5504,1,on,1,1.5000
1786347122.041892,1,1,,1198.0000,1121.0000,1136.0000,1187.0000,1226.0000,1390.0000,139.931,155.447,152.462,142.082,63.371,53.330,1124,1066,1087,1117,1369,1466,62,15,14,43,0,0,0,1,1,0,0,1,4.9908,4.9908,4.9908,4.9908,2.9084,7.0640,1152.2792,1075.1277,1094.7836,1141.6562,1192.9613,1377.5504,1,on,1,1.5000
1786347122.074070,1,1,,1251.0000,1162.0000,1181.0000,1226.0000,1231.0000,1384.0000,129.306,147.208,143.387,134.292,61.582,54.199,1133,1070,1089,1131,1369,1466,35,16,0,20,0,0,0,0,0,0,0,1,4.9908,4.9908,4.9908,4.9908,2.9084,7.0640,1171.3964,1090.0244,1108.9499,1156.6559,1192.9613,1377.5504,1,on,1,1.5000
1786347122.106084,1,1,,1266.0000,1231.0000,1234.0000,1279.0000,1233.0000,1453.0000,126.354,133.395,132.699,123.801,60.983,44.499,1140,1071,1089,1135,1369,1466,19,0,0,0,0,0,0,0,0,0,0,1,4.9908,4.9908,4.9908,4.9908,2.9084,7.0640,1191.4737,1123.8804,1136.9147,1184.5337,1201.0096,1377.5504,1,on,1,1.5000
1786347122.142195,1,1,,1347.0000,1339.0000,1361.0000,1449.0000,1244.0000,1449.0000,110.100,111.751,107.352,89.637,56.918,44.962,1149,1072,1094,1141,1369,1466,64,40,14,14,0,0,0,0,0,0,1,1,4.9908,4.9908,4.9908,4.9908,2.9084,7.0640,1235.6838,1196.8963,1212.6637,1281.1053,1206.3508,1394.7057,1,on,1,1.5000
1786347122.174067,1,1,,1400.0000,1431.0000,1445.0000,1518.0000,1276.0000,1448.0000,99.465,93.221,90.386,75.854,46.047,45.171,1165,1089,1103,1152,1369,1466,74,48,54,42,20,0,0,0,0,0,1,1,4.9908,4.9908,4.9908,4.9908,2.9084,7.0640,1284.9873,1283.1478,1297.8905,1371.5280,1216.5366,1394.7057,1,on,1,1.5000
1786347122.206029,1,1,,1575.0000,1520.0000,1506.0000,1591.0000,1359.0000,1492.0000,64.465,75.503,78.290,61.252,17.507,38.916,1181,1100,1115,1164,1369,1466,70,64,63,38,52,78,0,0,0,0,1,1,4.9908,4.9908,4.9908,4.9908,2.9084,7.0640,1399.0982,1377.3475,1377.3694,1458.3817,1249.3369,1418.9271,1,on,1,1.5000
1786347122.242061,1,1,,1604.0000,1576.0000,1559.0000,1649.0000,1344.0000,1538.0000,58.522,64.262,67.682,49.611,22.854,32.451,1199,1122,1136,1184,1365,1450,67,76,72,35,69,32,0,0,0,0,1,1,4.9908,4.9908,4.9908,4.9908,2.9084,7.0640,1483.1192,1458.6361,1448.3904,1535.3618,1272.4836,1447.5328,1,on,1,1.5000
1786347122.274088,1,1,,1682.0000,1655.0000,1660.0000,1672.0000,1352.0000,1596.0000,43.016,48.431,47.470,44.900,19.874,24.250,1218,1142,1155,1205,1361,1436,68,60,65,61,73,26,0,0,0,0,1,0,4.9908,4.9908,4.9908,4.9908,2.9084,7.0640,1559.6427,1533.8383,1529.1467,1582.6654,1289.6477,1487.4875,1,on,1,1.5000
1786347122.306091,1,1,,1676.0000,1693.0000,1688.0000,1673.0000,1344.0000,1576.0000,44.123,40.697,41.852,44.802,22.797,26.966,1239,1165,1177,1225,1355,1434,65,42,62,47,64,0,0,0,0,0,1,0,4.9908,4.9908,4.9908,4.9908,2.9084,7.0640,1599.1359,1591.6960,1586.7386,1609.5740,1299.9206,1509.5673,1,on,1,1.5000
1786347122.342086,1,1,,1657.0000,1710.0000,1687.0000,1660.0000,1330.0000,1555.0000,48.029,37.260,41.969,47.342,27.436,30.036,1257,1180,1194,1244,1351,1434,60,56,67,44,63,95,0,0,0,0,1,0,4.9908,4.9908,4.9908,4.9908,2.9084,7.0640,1615.5239,1632.1251,1619.7477,1622.1181,1304.6780,1509.5673,1,on,1,1.5000
1786347122.373850,1,1,,1653.0000,1713.0000,1700.0000,1676.0000,1327.0000,1586.0000,48.684,36.710,39.426,44.079,28.594,25.557,1274,1198,1213,1260,1347,1465,59,62,63,56,53,93,0,0,0,0,1,0,4.9908,4.9908,4.9908,4.9908,2.9084,7.0640,1623.0332,1654.0524,1640.8696,1632.6192,1304.6780,1531.6899,1,on,1,1.5000
1786347122.406036,1,1,,1667.0000,1720.0000,1710.0000,1673.0000,1328.0000,1586.0000,45.905,35.276,37.435,44.832,28.286,25.669,1286,1212,1227,1270,1345,1488,70,56,52,50,55,70,0,0,0,0,1,0,4.9908,4.9908,4.9908,4.9908,2.9084,7.0640,1630.5631,1669.4861,1656.8935,1632.6192,1309.1875,1531.6899,1,on,1,1.5000
1786347122.442038,1,1,,1663.0000,1722.0000,1710.0000,1668.0000,1324.0000,1582.0000,46.865,34.850,37.331,45.686,29.702,26.205,1299,1227,1244,1289,1342,1513,53,65,43,55,55,0,0,0,0,0,1,0,4.9908,4.9908,4.9908,4.9908,2.9084,7.0640,1630.5631,1680.4265,1667.9125,1643.3068,1309.1875,1547.6132,1,on,1,1.5000
1786347122.474047,1,1,,1663.0000,1716.0000,1707.0000,1666.0000,1320.0000,1573.0000,46.721,36.172,38.049,46.169,30.972,27.496,1317,1244,1261,1307,1338,1517,72,58,49,49,50,39,0,0,0,0,1,0,4.9908,4.9908,4.9908,4.9908,2.9084,7.0640,1638.5606,1680.4265,1667.9125,1643.3068,1309.1875,1547.6132,1,on,1,1.5000
1786347122.506042,1,1,,1669.0000,1721.0000,1712.0000,1666.0000,1325.0000,1577.0000,45.473,35.090,37.011,46.232,29.204,26.847,1331,1260,1278,1324,1335,1529,71,59,54,40,51,80,0,0,0,0,1,0,4.9908,4.9908,4.9908,4.9908,2.9084,7.0640,1638.5606,1690.6698,1679.3827,1643.3068,1309.1875,1547.6132,1,on,1,1.5000
1786347122.541821,1,1,,1669.0000,1718.0000,1715.0000,1667.0000,1320.0000,1598.0000,45.541,35.720,36.441,45.908,31.027,23.972,1350,1279,1293,1339,1331,1538,55,50,56,47,39,26,0,0,0,0,1,0,4.9908,4.9908,4.9908,4.9908,2.9084,7.0640,1638.5606,1690.6698,1679.3827,1643.3068,1309.1875,1558.8059,1,on,1,1.5000
1786347122.574079,1,1,,1680.0000,1722.0000,1716.0000,1663.0000,1322.0000,1590.0000,43.385,34.954,36.207,46.856,30.101,25.086,1367,1295,1308,1353,1328,1541,72,60,66,45,39,29,0,0,0,0,1,0,4.9908,4.9908,4.9908,4.9908,2.9084,7.0640,1648.1779,1690.6698,1687.6878,1643.3068,1309.1875,1558.8059,1,on,1,1.5000
1786347122.606061,1,1,,1676.0000,1724.0000,1713.0000,1657.0000,1326.0000,1580.0000,44.097,34.496,36.653,47.999,29.042,26.394,1376,1305,1319,1367,1327,1546,53,63,56,41,37,60,0,0,0,0,1,0,4.9908,4.9908,4.9908,4.9908,2.9084,7.0640,1648.1779,1699.3759,1687.6878,1643.3068,1309.1875,1558.8059,1,on,1,1.5000
1786347122.642029,1,1,,1673.0000,1719.0000,1710.0000,1661.0000,1323.0000,1589.0000,44.677,35.494,37.315,47.182,29.778,25.206,1398,1326,1343,1388,1322,1559,72,58,50,41,43,0,0,0,0,0,1,1,4.9908,4.9908,4.9908,4.9908,2.9084,7.0640,1648.1779,1699.3759,1687.6878,1650.9141,1313.6261,1558.8059,1,on,1,1.5000
1786347122.675194,1,1,,1668.0000,1718.0000,1711.0000,1665.0000,1326.0000,1580.0000,45.734,35.672,37.197,46.379,28.803,26.402,1410,1338,1354,1398,1320,1559,68,55,42,49,42,0,0,0,0,0,1,1,4.9908,4.9908,4.9908,4.9908,2.9084,7.0640,1648.1779,1699.3759,1687.6878,1650.9141,1313.6261,1558.8059,0,on,1,1.5000
1786347122.706137,1,1,,1670.0000,1718.0000,1708.0000,1667.0000,1326.0000,1572.0000,45.326,35.721,37.752,45.956,28.956,27.545,1426,1353,1369,1412,1317,1559,63,68,61,57,39,0,0,0,0,0,1,1,4.9908,4.9908,4.9908,4.9908,2.9084,7.0640,1648.1779,1699.3759,1687.6878,1650.9141,1313.6261,1558.8059,0,on,1,1.5000
1786347122.742058,1,1,,1684.0000,1715.0000,1709.0000,1668.0000,1329.0000,1576.0000,42.592,36.402,37.599,45.779,27.917,27.008,1442,1371,1385,1430,1317,1559,64,64,55,53,0,0,0,0,0,0,1,1,4.9908,4.9908,4.9908,4.9908,2.9084,7.0640,1657.3168,1699.3759,1695.2668,1650.9141,1313.6261,1558.8059,1,on,1,1.5000
1786347122.774018,1,1,,1679.0000,1711.0000,1708.0000,1669.0000,1329.0000,1574.0000,43.620,37.195,37.671,45.617,27.791,27.310,1457,1387,1401,1446,1315,1559,60,59,51,56,24,0,0,0,0,0,1,1,4.9908,4.9908,4.9908,4.9908,2.9084,7.0640,1657.3168,1699.3759,1695.2668,1650.9141,1313.6261,1558.8059,0,on,1,1.5000
1786347122.805886,1,1,,1686.0000,1711.0000,1708.0000,1665.0000,1328.0000,1579.0000,42.245,37.080,37.808,46.461,28.101,26.634,1475,1402,1418,1462,1314,1559,61,64,53,52,19,0,0,0,0,0,1,1,4.9908,4.9908,4.9908,4.9908,2.9084,7.0640,1657.3168,1699.3759,1695.2668,1650.9141,1313.6261,1558.8059,0,on,1,1.5000
1786347122.842055,1,1,,1673.0000,1717.0000,1710.0000,1671.0000,1327.0000,1566.0000,44.717,35.986,37.359,45.214,28.515,28.481,1490,1419,1435,1480,1314,1559,61,68,56,46,17,0,0,0,0,0,1,1,4.9908,4.9908,4.9908,4.9908,2.9084,7.0640,1657.3168,1699.3759,1695.2668,1650.9141,1313.6261,1558.8059,0,on,1,1.5000
1786347122.873896,1,1,,1679.0000,1718.0000,1712.0000,1670.0000,1328.0000,1570.0000,43.612,35.787,36.954,45.405,28.040,27.887,1501,1430,1445,1491,1314,1559,65,53,51,45,0,0,0,0,0,0,1,1,4.9908,4.9908,4.9908,4.9908,2.9084,7.0640,1657.3168,1699.3759,1695.2668,1650.9141,1313.6261,1558.8059,0,on,1,1.5000
1786347122.906079,1,1,,1674.0000,1715.0000,1710.0000,1680.0000,1326.0000,1583.0000,44.531,36.449,37.420,43.329,28.849,26.009,1518,1447,1462,1509,1314,1559,61,64,51,30,0,0,0,0,0,0,1,1,4.9908,4.9908,4.9908,4.9908,2.9084,7.0640,1657.3168,1699.3759,1695.2668,1650.9141,1313.6261,1558.8059,0,on,1,1.5000
1786347122.941999,1,1,,1687.0000,1718.0000,1715.0000,1680.0000,1332.0000,1582.0000,42.057,35.833,36.353,43.417,26.778,26.172,1534,1460,1480,1525,1314,1559,69,68,52,34,0,0,0,0,0,0,1,1,4.9908,4.9908,4.9908,4.9908,2.9084,7.0640,1665.1142,1699.3759,1695.2668,1659.4170,1318.5872,1558.8059,1,on,1,1.5000
1786347122.973882,1,1,,1688.0000,1713.0000,1712.0000,1684.0000,1332.0000,1588.0000,41.692,36.818,36.887,42.583,26.931,25.268,1553,1479,1496,1541,1314,1559,68,69,62,39,0,0,0,0,0,0,0,1,4.9908,4.9908,4.9908,4.9908,2.9084,7.0640,1665.1142,1699.3759,1695.2668,1659.4170,1318.5872,1570.2728,1,on,1,1.5000
1786347123.005899,1,1,,1688.0000,1714.0000,1714.0000,1684.0000,1326.0000,1596.0000,41.736,36.570,36.553,42.493,29.028,24.145,1570,1497,1512,1560,1314,1559,71,59,55,32,26,0,0,0,0,0,0,0,4.9908,4.9908,4.9908,4.9908,2.9084,7.0640,1665.1142,1707.0783,1695.2668,1659.4170,1318.5872,1570.2728,1,on,1,1.5000
1786347123.042070,1,1,,1690.0000,1712.0000,1717.0000,1690.0000,1324.0000,1599.0000,41.452,37.012,36.045,41.451,29.686,23.801,1588,1513,1528,1576,1315,1561,74,64,57,52,27,48,0,0,0,0,0,0,4.9908,4.9908,4.9908,4.9908,2.9084,7.0640,1665.1142,1707.0783,1695.2668,1659.4170,1318.5872,1570.2728,0,on,1,1.5000
1786347123.073925,1,1,,1685.0000,1711.0000,1720.0000,1686.0000,1320.0000,1599.0000,42.429,37.231,35.249,42.169,31.028,23.722,1600,1524,1540,1589,1317,1566,71,58,60,37,19,18,0,0,0,0,0,0,4.9908,4.9908,4.9908,4.9908,2.9084,7.0640,1665.1142,1707.0783,1702.7622,1659.4170,1318.5872,1570.2728,1,on,1,1.5000
1786347123.106072,1,1,,1687.0000,1712.0000,1722.0000,1681.0000,1320.0000,1585.0000,42.036,36.926,34.920,43.142,30.863,25.763,1618,1543,1557,1608,1318,1566,78,54,63,44,0,19,0,0,0,0,1,0,4.9908,4.9908,4.9908,4.9908,2.9084,7.0640,1665.1142,1707.0783,1702.7622,1667.6197,1318.5872,1570.2728,1,on,1,1.5000
1786347123.142061,1,1,,1704.0000,1718.0000,1734.0000,1675.0000,1321.0000,1562.0000,38.606,35.750,32.545,44.327,30.714,28.972,1637,1558,1575,1626,1318,1566,72,76,55,44,0,23,0,0,0,0,1,0,4.9908,4.9908,4.9908,4.9908,2.9084,7.0640,1674.4269,1707.0783,1702.7622,1667.6197,1318.5872,1570.2728,1,on,1,1.5000
1786347123.174088,1,1,,1718.0000,1711.0000,1737.0000,1690.0000,1320.0000,1559.0000,35.711,37.232,31.895,41.407,30.873,29.483,1655,1578,1593,1644,1318,1566,0,59,54,41,0,25,0,0,0,0,1,0,4.9908,4.9908,4.9908,4.9908,2.9084,7.0640,1674.4269,1707.0783,1702.7622,1667.6197,1318.5872,1570.2728,0,on,1,1.5000
1786347123.205922,1,1,,1711.0000,1705.0000,1731.0000,1689.0000,1317.0000,1501.0000,37.103,38.381,33.072,41.552,31.819,37.642,1655,1595,1612,1660,1318,1566,10,55,52,0,0,31,0,0,0,0,1,0,4.9908,4.9908,4.9908,4.9908,2.9084,7.0640,1681.9702,1707.0783,1710.6651,1667.6197,1318.5872,1570.2728,1,on,1,1.5000
1786347123.242081,1,1,,1672.0000,1696.0000,1713.0000,1679.0000,1297.0000,1367.0000,44.934,40.161,36.661,43.580,38.927,56.656,1656,1614,1629,1660,1318,1567,18,58,63,0,0,31,0,0,0,0,1,0,4.9908,4.9908,4.9908,4.9908,2.9084,7.0640,1681.9702,1707.0783,1710.6651,1667.6197,1318.5872,1512.2763,1,on,1,1.5000
1786347123.274076,1,1,,1623.0000,1654.0000,1640.0000,1686.0000,1308.0000,1248.0000,54.855,48.568,51.461,42.240,35.025,73.417,1661,1626,1641,1660,1318,1568,31,61,63,0,0,30,0,0,0,0,1,1,4.9908,4.9908,4.9908,4.9908,2.9084,7.0640,1681.9702,1707.0783,1710.6651,1667.6197,1318.5872,1417.3242,1,on,1,1.5000
1786347123.306087,1,1,,1579.0000,1647.0000,1609.0000,1703.0000,1313.0000,1186.0000,63.680,50.028,57.584,38.655,33.493,82.217,1666,1645,1660,1660,1318,1569,17,58,75,21,0,0,0,0,0,0,1,1,4.9908,4.9908,4.9908,4.9908,2.9084,7.0640,1662.4827,1696.4095,1690.0901,1667.6197,1318.5872,1327.1032,1,on,1,1.5000
1786347123.342043,1,1,,1586.0000,1651.0000,1612.0000,1711.0000,1317.0000,1196.0000,62.270,49.074,57.045,37.149,32.111,80.759,1670,1662,1682,1666,1318,1569,8,68,0,0,0,120,1,0,0,0,1,1,4.9908,4.9908,4.9908,4.9908,2.9084,7.0640,1648.3622,1696.4095,1675.3881,1677.6017,1318.5872,1279.0745,1,on,1,1.5000
1786347123.374030,1,1,,1599.0000,1665.0000,1608.0000,1713.0000,1310.0000,1179.0000,59.680,46.440,57.691,36.800,34.539,83.286,1671,1682,1683,1666,1318,1535,0,63,0,0,0,124,1,0,1,0,1,1,4.9908,4.9908,4.9908,4.9908,2.9084,7.0640,1640.6468,1687.7875,1663.5453,1677.6017,1318.5872,1248.9962,1,on,1,1.5000
1786347123.406033,1,1,,1623.0000,1666.0000,1610.0000,1706.0000,1304.0000,1171.0000,54.880,46.213,57.448,38.077,36.352,84.405,1671,1686,1683,1667,1318,1494,31,0,19,33,0,98,1,0,1,0,1,1,4.9908,4.9908,4.9908,4.9908,2.9084,7.0640,1640.6468,1687.7875,1654.7071,1677.6017,1318.5872,1228.6904,1,on,1,1.5000
1786347123.442077,1,1,,1626.0000,1680.0000,1616.0000,1710.0000,1304.0000,1152.0000,54.151,43.425,56.160,37.285,36.410,87.101,1665,1686,1683,1670,1318,1456,51,0,25,0,0,80,1,0,1,0,1,1,4.9908,4.9908,4.9908,4.9908,2.9084,7.0640,1640.6468,1687.7875,1654.7071,1685.7633,1318.5872,1209.7530,1,on,1,1.5000
1786347123.474049,1,1,,1624.0000,1682.0000,1619.0000,1719.0000,1303.0000,1121.0000,54.496,43.056,55.656,35.554,36.665,91.376,1658,1686,1673,1673,1318,1428,42,0,39,18,0,92,1,0,1,0,1,1,4.9908,4.9908,4.9908,4.9908,2.9084,7.0640,1640.6468,1687.7875,1645.2641,1685.7633,1318.5872,1189.8024,1,on,1,1.5000
1786347123.506062,1,1,,1628.0000,1683.0000,1617.0000,1720.0000,1304.0000,1117.0000,53.714,42.738,55.923,35.356,36.391,91.997,1655,1686,1667,1680,1318,1409,38,0,0,18,0,83,1,0,1,0,1,1,4.9908,4.9908,4.9908,4.9908,2.9084,7.0640,1640.6468,1687.7875,1645.2641,1685.7633,1318.5872,1174.4446,1,on,1,1.5000
1786347123.541899,1,1,,1631.0000,1685.0000,1619.0000,1724.0000,1309.0000,1108.0000,53.250,42.350,55.643,34.634,34.561,93.333,1653,1686,1665,1686,1318,1378,0,0,17,0,0,76,1,0,1,1,1,1,4.9908,4.9908,4.9908,4.9908,2.9084,7.0640,1640.6468,1687.7875,1645.2641,1695.1117,1318.5872,1160.6620,1,on,1,1.5000
1786347123.573930,1,1,,1636.0000,1687.0000,1618.0000,1720.0000,1307.0000,1110.0000,52.203,42.016,55.688,35.267,35.247,92.999,1650,1686,1662,1686,1318,1354,41,0,18,0,0,82,1,0,1,0,1,1,4.9908,4.9908,4.9908,4.9908,2.9084,7.0640,1640.6468,1687.7875,1645.2641,1695.1117,1318.5872,1160.6620,0,on,1,1.5000
1786347123.606077,1,1,,1630.0000,1684.0000,1613.0000,1718.0000,1305.0000,1116.0000,53.374,42.591,56.723,35.727,35.974,92.201,1648,1686,1661,1687,1318,1330,0,0,17,16,0,103,1,0,1,0,1,1,4.9908,4.9908,4.9908,4.9908,2.9084,7.0640,1640.6468,1687.7875,1636.0820,1695.1117,1318.5872,1146.8320,1,on,1,1.5000
1786347123.642059,1,1,,1633.0000,1686.0000,1614.0000,1722.0000,1306.0000,1114.0000,52.782,42.061,56.531,35.002,35.710,92.442,1647,1686,1659,1691,1318,1303,43,0,13,15,0,88,1,0,1,0,1,1,4.9908,4.9908,4.9908,4.9908,2.9084,7.0640,1640.6468,1687.7875,1636.0820,1695.1117,1314.1936,1146.8320,1,on,1,1.5000
1786347123.679214,1,1,,1629.0000,1693.0000,1613.0000,1731.0000,1307.0000,1106.0000,53.548,40.732,56.702,33.091,35.373,93.517,1642,1686,1654,1695,1318,1278,18,0,34,0,0,85,1,0,1,1,1,1,4.9908,4.9908,4.9908,4.9908,2.9084,7.0640,1640.6468,1687.7875,1636.0820,1703.6105,1314.1936,1146.8320,1,on,1,1.5000
1786347123.706030,1,1,,1628.0000,1691.0000,1611.0000,1729.0000,1310.0000,1104.0000,53.692,41.185,57.254,33.604,34.389,93.812,1642,1686,1650,1695,1318,1262,8,0,21,0,0,103,1,0,1,0,1,1,4.9908,4.9908,4.9908,4.9908,2.9084,7.0640,1640.6468,1687.7875,1636.0820,1703.6105,1314.1936,1134.5961,1,on,1,1.5000
1786347123.742159,1,1,,1631.0000,1697.0000,1615.0000,1734.0000,1312.0000,1098.0000,53.144,39.942,56.358,32.448,33.537,94.659,1642,1686,1648,1699,1318,1234,9,0,46,0,0,87,1,0,1,0,1,1,4.9908,4.9908,4.9908,4.9908,2.9084,7.0640,1640.6468,1687.7875,1636.0820,1703.6105,1314.1936,1134.5961,0,on,1,1.5000
1786347123.774076,1,1,,1632.0000,1704.0000,1614.0000,1738.0000,1310.0000,1100.0000,53.080,38.646,56.678,31.787,34.354,94.405,1642,1686,1642,1701,1318,1211,12,0,14,0,0,105,1,0,1,0,1,1,4.9908,4.9908,4.9908,4.9908,2.9084,7.0640,1640.6468,1687.7875,1636.0820,1703.6105,1314.1936,1134.5961,0,on,1,1.5000
1786347123.805936,1,1,,1637.0000,1712.0000,1619.0000,1741.0000,1308.0000,1104.0000,51.921,36.939,55.576,31.124,35.139,93.902,1642,1686,1641,1702,1318,1185,24,0,13,0,0,104,1,0,1,0,1,1,4.9908,4.9908,4.9908,4.9908,2.9084,7.0640,1640.6468,1687.7875,1628.5214,1713.5361,1314.1936,1134.5961,1,on,1,1.5000
1786347123.842059,1,1,,1637.0000,1707.0000,1611.0000,1734.0000,1311.0000,1107.0000,51.969,38.026,57.275,32.450,33.971,93.388,1641,1686,1640,1702,1318,1154,23,0,0,0,0,97,1,0,1,0,1,1,4.9908,4.9908,4.9908,4.9908,2.9084,7.0640,1640.6468,1687.7875,1628.5214,1713.5361,1314.1936,1123.5170,1,on,1,1.5000
1786347123.874070,1,1,,1643.0000,1708.0000,1613.0000,1739.0000,1310.0000,1112.0000,50.751,37.746,56.757,31.445,34.324,92.669,1641,1686,1640,1702,1318,1148,28,0,52,0,0,39,1,0,1,0,1,1,4.9908,4.9908,4.9908,4.9908,2.9084,7.0640,1640.6468,1687.7875,1628.5214,1713.5361,1314.1936,1123.5170,0,on,1,1.5000
1786347123.906081,1,1,,1649.0000,1712.0000,1618.0000,1739.0000,1310.0000,1120.0000,49.557,36.993,55.806,31.638,34.508,91.609,1640,1686,1631,1702,1318,1141,27,0,11,0,0,74,1,0,1,0,1,1,4.9908,4.9908,4.9908,4.9908,2.9084,7.0640,1640.6468,1687.7875,1628.5214,1713.5361,1314.1936,1123.5170,0,on,1,1.5000
1786347123.941900,1,1,,1644.0000,1710.0000,1613.0000,1730.0000,1307.0000,1126.0000,50.638,37.258,56.833,33.415,35.325,90.707,1640,1686,1631,1702,1318,1135,0,0,0,0,0,46,1,0,1,0,1,1,4.9908,4.9908,4.9908,4.9908,2.9084,7.0640,1640.6468,1687.7875,1628.5214,1713.5361,1314.1936,1123.5170,0,on,1,1.5000
1786347123.974065,1,1,,1635.0000,1713.0000,1615.0000,1734.0000,1309.0000,1125.0000,52.357,36.778,56.450,32.565,34.837,90.836,1640,1686,1631,1702,1318,1128,0,0,0,0,0,44,1,0,1,0,1,1,4.9908,4.9908,4.9908,4.9908,2.9084,7.0640,1640.6468,1687.7875,1628.5214,1713.5361,1314.1936,1123.5170,0,on,1,1.5000
1786347124.005902,1,1,,1624.0000,1710.0000,1611.0000,1732.0000,1308.0000,1118.0000,54.578,37.441,57.216,32.878,34.975,91.816,1640,1686,1631,1702,1318,1127,0,0,0,0,0,24,1,0,1,0,1,1,4.9908,4.9908,4.9908,4.9908,2.9084,7.0640,1640.6468,1695.5388,1628.5214,1713.5361,1314.1936,1123.5170,1,on,1,1.5000
1786347124.042094,1,1,,1619.0000,1702.0000,1605.0000,1723.0000,1306.0000,1128.0000,55.487,39.012,58.327,34.667,35.811,90.423,1640,1685,1631,1703,1318,1126,0,0,0,31,0,22,1,0,1,0,1,1,4.9908,4.9908,4.9908,4.9908,2.9084,7.0640,1640.6468,1695.5388,1628.5214,1721.0403,1314.1936,1123.5170,1,on,1,1.5000
1786347124.074084,1,1,,1625.0000,1701.0000,1606.0000,1725.0000,1307.0000,1133.0000,54.348,39.079,58.194,34.274,35.444,89.682,1640,1686,1631,1705,1318,1126,0,28,0,13,0,26,1,0,1,0,1,1,4.9908,4.9908,4.9908,4.9908,2.9084,7.0640,1640.6468,1695.5388,1628.5214,1721.0403,1314.1936,1123.5170,0,on,1,1.5000
1786347124.106099,1,1,,1619.0000,1705.0000,1609.0000,1735.0000,1305.0000,1138.0000,55.579,38.332,57.688,32.262,35.962,88.998,1640,1692,1631,1711,1318,1126,0,22,0,0,0,28,1,0,1,0,1,1,4.9908,4.9908,4.9908,4.9908,2.9084,7.0640,1640.6468,1695.5388,1628.5214,1721.0403,1314.1936,1123.5170,0,on,1,1.5000
1786347124.141861,1,1,,1625.0000,1713.0000,1615.0000,1721.0000,1303.0000,1144.0000,54.285,36.828,56.333,35.137,36.936,88.181,1640,1695,1631,1715,1318,1126,0,16,0,19,0,29,1,0,1,0,1,1,4.9908,4.9908,4.9908,4.9908,2.9084,7.0640,1640.6468,1695.5388,1628.5214,1721.0403,1314.1936,1123.5170,0,on,1,1.5000
1786347124.174051,1,1,,1615.0000,1720.0000,1637.0000,1698.0000,1300.0000,1120.0000,56.344,35.344,51.888,39.743,37.815,91.603,1640,1695,1631,1716,1318,1126,0,0,0,0,0,32,1,1,1,0,1,1,4.9908,4.9908,4.9908,4.9908,2.9084,7.0640,1632.6230,1695.5388,1628.5214,1721.0403,1314.1936,1123.5170,1,on,1,1.5000
1786347124.206025,1,1,,1634.0000,1706.0000,1637.0000,1660.0000,1315.0000,1089.0000,52.572,38.063,51.922,47.440,32.532,95.984,1640,1695,1631,1717,1318,1126,0,0,8,28,0,38,1,1,1,0,1,1,4.9908,4.9908,4.9908,4.9908,2.9084,7.0640,1632.6230,1695.5388,1628.5214,1721.0403,1314.1936,1123.5170,0,on,1,1.5000
1786347124.242060,1,1,,1655.0000,1718.0000,1651.0000,1632.0000,1311.0000,1091.0000,48.445,35.702,49.213,53.015,33.956,95.690,1640,1695,1630,1721,1318,1125,0,0,24,0,0,38,1,1,1,0,1,1,4.9908,4.9908,4.9908,4.9908,2.9084,7.0640,1632.6230,1695.5388,1628.5214,1701.4480,1314.1936,1123.5170,1,on,1,1.5000
1786347124.273904,1,1,,1708.0000,1732.0000,1697.0000,1563.0000,1309.0000,1106.0000,37.825,32.918,39.994,66.729,34.748,93.497,1640,1695,1630,1722,1318,1124,31,0,23,0,0,36,1,1,1,1,1,1,4.9908,4.9908,4.9908,4.9908,2.9084,7.0640,1641.5932,1695.5388,1628.5214,1670.0899,1314.1936,1123.5170,1,on,1,1.5000
1786347124.306102,1,1,,1699.0000,1730.0000,1691.0000,1531.0000,1320.0000,1109.0000,39.578,33.325,41.244,73.155,31.082,93.116,1636,1695,1628,1723,1318,1124,26,0,19,16,0,37,0,1,1,1,1,1,4.9908,4.9908,4.9908,4.9908,2.9084,7.0640,1649.2792,1704.6345,1641.0925,1633.0006,1314.1936,1123.5170,1,on,1,1.5000
1786347124.342040,1,1,,1709.0000,1729.0000,1688.0000,1514.0000,1322.0000,1110.0000,37.648,33.513,41.825,76.614,30.173,93.051,1636,1695,1627,1715,1318,1124,0,0,0,97,0,0,0,0,0,1,1,1,4.9908,4.9908,4.9908,4.9908,2.9084,7.0640,1658.6048,1704.6345,1641.0925,1599.2428,1314.1936,1123.5170,1,on,1,1.5000
1786347124.374068,1,1,,1719.0000,1743.0000,1689.0000,1502.0000,1319.0000,1113.0000,35.588,30.781,41.518,79.101,31.323,92.539,1637,1697,1628,1692,1318,1124,53,27,50,65,0,0,0,0,0,1,1,1,4.9908,4.9908,4.9908,4.9908,2.9084,7.0640,1667.8382,1704.6345,1653.2212,1574.7720,1314.1936,1123.5170,1,on,1,1.5000
1786347124.406074,1,1,,1718.0000,1744.0000,1696.0000,1489.0000,1317.0000,1110.0000,35.783,30.505,40.176,81.699,32.050,92.982,1648,1703,1636,1666,1318,1124,46,19,24,82,0,0,0,0,0,1,1,1,4.9908,4.9908,4.9908,4.9908,2.9084,7.0640,1667.8382,1713.3689,1653.2212,1554.4327,1314.1936,1123.5170,1,on,1,1.5000
1786347124.441863,1,1,,1730.0000,1724.0000,1700.0000,1469.0000,1313.0000,1102.0000,33.250,34.537,39.348,85.659,33.517,94.058,1655,1706,1640,1642,1318,1124,19,0,13,81,0,0,0,0,0,1,1,1,4.9908,4.9908,4.9908,4.9908,2.9084,7.0640,1684.0138,1713.3689,1664.1340,1533.9477,1314.1936,1123.5170,1,on,1,1.5000
1786347124.473869,1,1,,1737.0000,1720.0000,1697.0000,1457.0000,1315.0000,1100.0000,32.009,35.371,40.053,88.095,32.564,94.410,1658,1706,1642,1627,1318,1124,27,23,18,60,0,0,0,0,0,1,1,1,4.9908,4.9908,4.9908,4.9908,2.9084,7.0640,1691.8142,1713.3689,1664.1340,1517.6571,1314.1936,1123.5170,1,on,1,1.5000
1786347124.506051,1,1,,1733.0000,1722.0000,1696.0000,1462.0000,1317.0000,1104.0000,32.691,34.946,40.156,87.005,31.972,93.830,1661,1710,1653,1608,1318,1124,45,19,40,70,0,0,0,0,0,1,1,1,4.9908,4.9908,4.9908,4.9908,2.9084,7.0640,1691.8142,1713.3689,1664.1340,1507.1761,1314.1936,1123.5170,1,on,1,1.5000
1786347124.542025,1,1,,1727.0000,1732.0000,1691.0000,1467.0000,1311.0000,1109.0000,33.971,32.881,41.097,86.103,34.157,93.083,1673,1712,1659,1586,1318,1124,31,19,12,55,0,0,0,0,0,1,1,1,4.9908,4.9908,4.9908,4.9908,2.9084,7.0640,1701.1285,1713.3689,1672.5950,1507.1761,1314.1936,1123.5170,1,on,1,1.5000
1786347124.574068,1,1,,1728.0000,1726.0000,1693.0000,1466.0000,1310.0000,1123.0000,33.670,34.207,40.777,86.197,34.341,91.189,1678,1714,1661,1569,1318,1124,18,20,8,41,0,0,0,0,0,1,1,1,4.9908,4.9908,4.9908,4.9908,2.9084,7.0640,1701.1285,1713.3689,1672.5950,1495.8901,1314.1936,1123.5170,1,on,1,1.5000
1786347124.605927,1,1,,1726.0000,1735.0000,1691.0000,1477.0000,1305.0000,1113.0000,34.245,32.432,41.143,84.013,35.943,92.563,1681,1714,1663,1552,1318,1124,21,20,20,46,0,0,0,1,0,1,1,1,4.9908,4.9908,4.9908,4.9908,2.9084,7.0640,1701.1285,1713.3689,1672.5950,1495.8901,1314.1936,1123.5170,0,on,1,1.5000
1786347124.643206,1,1,,1728.0000,1714.0000,1682.0000,1464.0000,1306.0000,1121.0000,33.669,36.599,43.049,86.584,35.825,91.437,1685,1715,1671,1534,1318,1124,19,0,9,54,0,0,0,1,0,1,1,1,4.9908,4.9908,4.9908,4.9908,2.9084,7.0640,1701.1285,1713.3689,1672.5950,1495.8901,1314.1936,1123.5170,0,on,1,1.5000
1786347124.674036,1,1,,1721.0000,1724.0000,1691.0000,1474.0000,1308.0000,1126.0000,35.247,34.449,41.187,84.539,35.065,90.678,1686,1715,1672,1523,1318,1124,20,0,0,38,0,0,0,1,1,1,1,1,4.9908,4.9908,4.9908,4.9908,2.9084,7.0640,1708.6390,1713.3689,1672.5950,1495.8901,1314.1936,1123.5170,1,on,1,1.5000
1786347124.706048,1,1,,1733.0000,1713.0000,1686.0000,1466.0000,1308.0000,1138.0000,32.814,36.814,42.153,86.243,35.211,89.055,1687,1715,1672,1508,1318,1124,17,0,0,71,0,0,0,1,1,1,1,1,4.9908,4.9908,4.9908,4.9908,2.9084,7.0640,1708.6390,1713.3689,1672.5950,1487.5947,1314.1936,1123.5170,1,on,1,1.5000
1786347124.742098,1,1,,1727.0000,1727.0000,1694.0000,1469.0000,1310.0000,1127.0000,33.929,33.860,40.582,85.595,34.508,90.632,1692,1715,1672,1501,1318,1124,29,0,0,0,0,0,0,1,1,1,1,1,4.9908,4.9908,4.9908,4.9908,2.9084,7.0640,1708.6390,1713.3689,1672.5950,1487.5947,1314.1936,1123.5170,0,on,1,1.5000
1786347124.774055,1,1,,1728.0000,1731.0000,1691.0000,1462.0000,1312.0000,1123.0000,33.825,33.129,41.248,87.007,33.704,91.200,1695,1715,1672,1501,1318,1124,0,0,0,18,0,0,0,1,1,1,1,1,4.9908,4.9908,4.9908,4.9908,2.9084,7.0640,1708.6390,1713.3689,1672.5950,1487.5947,1314.1936,1123.5170,0,on,1,1.5000
1786347124.806061,1,1,,1734.0000,1725.0000,1684.0000,1462.0000,1305.0000,1125.0000,32.602,34.432,42.467,87.055,36.220,90.833,1697,1715,1672,1500,1318,1124,36,0,0,8,0,0,0,1,1,1,1,1,4.9908,4.9908,4.9908,4.9908,2.9084,7.0640,1708.6390,1713.3689,1672.5950,1487.5947,1314.1936,1123.5170,0,on,1,1.5000
1786347124.841873,1,1,,1729.0000,1724.0000,1679.0000,1461.0000,1312.0000,1128.0000,33.604,34.622,43.476,87.236,33.583,90.401,1704,1715,1672,1498,1318,1124,18,0,0,17,0,0,0,1,1,1,1,1,4.9908,4.9908,4.9908,4.9908,2.9084,7.0640,1708.6390,1713.3689,1672.5950,1487.5947,1314.1936,1123.5170,0,on,1,1.5000
1786347124.874095,1,1,,1726.0000,1720.0000,1681.0000,1469.0000,1311.0000,1136.0000,34.156,35.384,43.246,85.580,34.169,89.290,1704,1715,1672,1497,1318,1124,0,0,0,0,0,0,0,1,1,1,1,1,4.9908,4.9908,4.9908,4.9908,2.9084,7.0640,1708.6390,1713.3689,1672.5950,1487.5947,1314.1936,1123.5170,0,on,1,1.5000
1786347124.906104,1,1,,1723.0000,1719.0000,1688.0000,1467.0000,1312.0000,1142.0000,34.665,35.562,41.741,85.968,33.680,88.464,1704,1715,1672,1497,1318,1124,0,0,0,0,0,0,0,1,1,1,1,1,4.9908,4.9908,4.9908,4.9908,2.9084,7.0640,1708.6390,1713.3689,1672.5950,1479.5823,1314.1936,1123.5170,1,on,1,1.5000
1786347124.942055,1,1,,1724.0000,1709.0000,1682.0000,1472.0000,1312.0000,1139.0000,34.585,37.592,43.023,85.132,33.766,88.821,1704,1715,1672,1497,1318,1124,0,0,0,0,0,0,0,1,1,1,1,1,4.9908,4.9908,4.9908,4.9908,2.9084,7.0640,1716.1919,1713.3689,1672.5950,1479.5823,1314.1936,1123.5170,1,on,1,1.5000
1786347124.973852,1,1,,1722.0000,1717.0000,1682.0000,1472.0000,1309.0000,1134.0000,34.894,36.014,42.863,85.042,34.628,89.520,1704,1715,1672,1491,1318,1124,0,0,0,24,0,0,0,1,1,1,1,1,4.9908,4.9908,4.9908,4.9908,2.9084,7.0640,1716.1919,1713.3689,1672.5950,1479.5823,1314.1936,1123.5170,0,on,1,1.5000
1786347125.006045,1,1,,1726.0000,1711.0000,1685.0000,1469.0000,1311.0000,1139.0000,34.070,37.115,42.328,85.541,34.196,88.866,1704,1715,1672,1488,1318,1124,46,0,0,10,0,0,0,1,1,1,1,1,4.9908,4.9908,4.9908,4.9908,2.9084,7.0640,1716.1919,1713.3689,1672.5950,1479.5823,1314.1936,1123.5170,0,on,1,1.5000
1786347125.041970,1,1,,1724.0000,1706.0000,1675.0000,1466.0000,1305.0000,1139.0000,34.534,38.250,44.351,86.341,35.933,88.921,1710,1715,1672,1483,1318,1124,17,0,0,16,0,0,0,1,1,1,1,1,4.9908,4.9908,4.9908,4.9908,2.9084,7.0640,1716.1919,1713.3689,1672.5950,1479.5823,1314.1936,1123.5170,0,on,1,1.5000
1786347125.073912,1,1,,1721.0000,1714.0000,1677.0000,1466.0000,1309.0000,1138.0000,35.247,36.525,43.932,86.329,34.699,89.033,1710,1715,1672,1482,1318,1124,28,0,0,0,0,0,0,1,1,1,1,1,4.9908,4.9908,4.9908,4.9908,2.9084,7.0640,1716.1919,1713.3689,1672.5950,1479.5823,1314.1936,1123.5170,0,on,1,1.5000
1786347125.106053,1,1,,1714.0000,1720.0000,1675.0000,1470.0000,1305.0000,1137.0000,36.452,35.402,44.288,85.349,36.198,89.119,1712,1715,1672,1482,1318,1124,25,0,0,0,0,0,0,1,1,1,1,1,4.9908,4.9908,4.9908,4.9908,2.9084,7.0640,1716.1919,1713.3689,1672.5950,1479.5823,1314.1936,1123.5170,0,on,1,1.5000
1786347125.142065,1,1,,1720.0000,1711.0000,1675.0000,1469.0000,1308.0000,1147.0000,35.257,37.190,44.271,85.620,34.958,87.690,1715,1715,1672,1482,1318,1124,18,0,0,0,0,0,0,1,1,1,1,1,4.9908,4.9908,4.9908,4.9908,2.9084,7.0640,1716.1919,1713.3689,1672.5950,1479.5823,1314.1936,1123.5170,0,on,1,1.5000
1786347125.174076,1,1,,1712.0000,1713.0000,1677.0000,1472.0000,1305.0000,1146.0000,36.912,36.751,44.039,85.138,36.176,87.845,1718,1715,1672,1482,1318,1124,0,0,0,0,0,0,1,1,1,1,1,1,4.9908,4.9908,4.9908,4.9908,2.9084,7.0640,1716.1919,1713.3689,1672.5950,1479.5823,1314.1936,1123.5170,0,on,1,1.5000
1786347125.206110,1,1,,1703.0000,1727.0000,1674.0000,1484.0000,1299.0000,1162.0000,38.733,34.006,44.547,82.614,38.196,85.632,1718,1715,1672,1482,1318,1124,0,0,0,12,0,0,1,1,1,1,1,1,4.9908,4.9908,4.9908,4.9908,2.9084,7.0640,1716.1919,1713.3689,1672.5950,1479.5823,1314.1936,1123.5170,0,on,1,1.5000
1786347125.242110,1,1,,1712.0000,1713.0000,1670.0000,1482.0000,1303.0000,1168.0000,36.925,36.778,45.448,82.999,36.648,84.724,1718,1715,1672,1479,1318,1124,0,0,0,0,0,0,1,1,1,1,1,1,4.9908,4.9908,4.9908,4.9908,2.9084,7.0640,1716.1919,1713.3689,1672.5950,1479.5823,1314.1936,1134.5912,1,on,1,1.5000
1786347125.273959,1,1,,1705.0000,1716.0000,1663.0000,1482.0000,1310.0000,1176.0000,38.363,36.157,46.768,82.984,34.388,83.641,1718,1715,1672,1479,1318,1124,0,0,0,0,0,0,1,1,1,1,1,0,4.9908,4.9908,4.9908,4.9908,2.9084,7.0640,1716.1919,1713.3689,1672.5950,1479.5823,1314.1936,1134.5912,0,on,1,1.5000
1786347125.306132,1,1,,1689.0000,1717.0000,1663.0000,1487.0000,1305.0000,1180.0000,41.651,35.929,46.689,82.048,36.133,83.145,1718,1715,1672,1479,1318,1124,0,0,0,0,0,16,1,1,1,1,1,0,4.9908,4.9908,4.9908,4.9908,2.9084,7.0640,1716.1919,1713.3689,1672.5950,1479.5823,1314.1936,1134.5912,0,on,1,1.5000
1786347125.342225,1,1,,1701.0000,1707.0000,1663.0000,1484.0000,1308.0000,1187.0000,39.145,37.929,46.786,82.612,35.074,82.028,1718,1715,1672,1479,1318,1124,0,0,0,0,0,33,1,1,1,1,1,0,4.9908,4.9908,4.9908,4.9908,2.9084,7.0640,1716.1919,1713.3689,1672.5950,1479.5823,1314.1936,1149.1158,1,on,1,1.5000
1786347125.373918,1,1,,1696.0000,1703.0000,1661.0000,1495.0000,1301.0000,1209.0000,40.224,38.812,47.149,80.514,37.566,78.992,1718,1715,1672,1479,1318,1124,0,0,0,8,0,25,1,1,1,1,1,0,4.9908,4.9908,4.9908,4.9908,2.9084,7.0640,1716.1919,1713.3689,1672.5950,1479.5823,1314.1936,1149.1158,0,on,1,1.5000
1786347125.406092,1,1,,1709.0000,1709.0000,1673.0000,1519.0000,1308.0000,1221.0000,37.496,37.608,44.760,75.586,35.156,77.329,1718,1715,1672,1479,1318,1128,0,0,0,22,0,0,1,1,1,1,1,0,4.9908,4.9908,4.9908,4.9908,2.9084,7.0640,1716.1919,1713.3689,1672.5950,1479.5823,1314.1936,1167.1845,1,on,1,1.5000
1786347125.441945,1,1,,1712.0000,1702.0000,1670.0000,1532.0000,1309.0000,1207.0000,36.855,38.919,45.358,72.964,34.859,79.239,1718,1715,1672,1478,1318,1135,0,0,0,0,0,32,1,1,1,1,1,0,4.9908,4.9908,4.9908,4.9908,2.9084,7.0640,1716.1919,1713.3689,1672.5950,1487.3779,1314.1936,1167.1845,1,on,1,1.5000
1786347125.474087,1,1,,1706.0000,1705.0000,1679.0000,1520.0000,1313.0000,1222.0000,38.094,38.372,43.472,75.390,33.327,77.189,1718,1715,1672,1477,1318,1141,0,0,0,0,0,30,1,1,1,0,1,0,4.9908,4.9908,4.9908,4.9908,2.9084,7.0640,1716.1919,1713.3689,1672.5950,1487.3779,1314.1936,1179.7294,1,on,1,1.5000
1786347125.506034,1,1,,1706.0000,1701.0000,1672.0000,1500.0000,1302.0000,1227.0000,38.127,39.142,44.972,79.405,37.157,76.382,1718,1715,1672,1477,1318,1150,0,0,0,21,0,14,1,1,1,0,1,0,4.9908,4.9908,4.9908,4.9908,2.9084,7.0640,1716.1919,1713.3689,1672.5950,1487.3779,1309.7765,1179.7294,1,on,1,1.5000
1786347125.542096,1,1,,1708.0000,1702.0000,1677.0000,1501.0000,1305.0000,1244.0000,37.691,38.885,44.002,79.156,36.059,73.995,1718,1715,1672,1479,1318,1158,0,0,0,21,0,26,1,1,1,0,1,0,4.9908,4.9908,4.9908,4.9908,2.9084,7.0640,1716.1919,1713.3689,1672.5950,1487.3779,1309.7765,1195.2191,1,on,1,1.5000
1786347125.573916,1,1,,1719.0000,1713.0000,1677.0000,1493.0000,1298.0000,1263.0000,35.580,36.757,44.004,80.777,38.351,71.375,1718,1715,1672,1482,1318,1166,0,0,0,0,20,31,1,1,1,0,1,0,4.9908,4.9908,4.9908,4.9908,2.9084,7.0640,1716.1919,1713.3689,1672.5950,1487.3779,1309.7765,1206.0375,1,on,1,1.5000
1786347125.611187,1,1,,1710.0000,1710.0000,1678.0000,1484.0000,1298.0000,1287.0000,37.321,37.338,43.798,82.595,38.387,67.907,1718,1715,1672,1482,1317,1175,0,0,0,0,40,43,1,1,1,0,1,0,4.9908,4.9908,4.9908,4.9908,2.9084,7.0640,1716.1919,1713.3689,1672.5950,1487.3779,1309.7765,1221.8937,1,on,1,1.5000
1786347125.642066,1,1,,1728.0000,1717.0000,1677.0000,1468.0000,1307.0000,1298.0000,33.769,36.042,43.951,85.924,35.385,66.313,1718,1714,1672,1482,1314,1180,0,0,0,0,36,27,1,1,1,0,1,0,4.9908,4.9908,4.9908,4.9908,2.9084,7.0640,1716.1919,1713.3689,1672.5950,1487.3779,1309.7765,1235.7361,1,on,1,1.5000
1786347125.674080,1,1,,1736.0000,1722.0000,1672.0000,1464.0000,1296.0000,1295.0000,32.098,34.983,44.934,86.679,39.043,66.751,1718,1715,1672,1482,1313,1190,0,0,0,12,22,66,1,1,1,0,1,0,4.9908,4.9908,4.9908,4.9908,2.9084,7.0640,1716.1919,1713.3689,1672.5950,1487.3779,1309.7765,1235.7361,0,on,1,1.5000
1786347125.706088,1,1,,1742.0000,1721.0000,1664.0000,1454.0000,1303.0000,1286.0000,30.900,35.108,46.553,88.605,36.942,68.112,1718,1715,1672,1484,1313,1210,0,0,0,0,23,56,1,1,1,0,1,0,4.9908,4.9908,4.9908,4.9908,2.9084,7.0640,1716.1919,1713.3689,1672.5950,1487.3779,1309.7765,1252.2822,1,on,1,1.5000
1786347125.741903,1,1,,1727.0000,1721.0000,1671.0000,1449.0000,1303.0000,1264.0000,33.873,35.124,45.236,89.643,36.748,71.207,1718,1715,1672,1484,1312,1220,0,0,0,0,32,0,1,1,1,0,1,0,4.9908,4.9908,4.9908,4.9908,2.9084,7.0640,1716.1919,1713.3689,1672.5950,1487.3779,1309.7765,1252.2822,0,on,1,1.5000
1786347125.774078,1,1,,1713.0000,1717.0000,1663.0000,1459.0000,1295.0000,1256.0000,36.838,36.048,46.848,87.571,39.412,72.355,1718,1715,1672,1484,1311,1227,0,0,0,0,0,25,1,1,1,0,1,0,4.9908,4.9908,4.9908,4.9908,2.9084,7.0640,1716.1919,1713.3689,1672.5950,1487.3779,1309.7765,1252.2822,0,on,1,1.5000
1786347125.806076,1,1,,1719.0000,1713.0000,1668.0000,1448.0000,1301.0000,1247.0000,35.581,36.671,45.787,89.936,37.308,73.587,1718,1714,1672,1484,1311,1230,0,0,0,0,28,15,1,1,1,0,1,0,4.9908,4.9908,4.9908,4.9908,2.9084,7.0640,1716.1919,1713.3689,1672.5950,1477.5508,1309.7765,1252.2822,1,on,1,1.5000
1786347125.842061,1,1,,1710.0000,1709.0000,1669.0000,1458.0000,1298.0000,1251.0000,37.321,37.574,45.647,87.892,38.430,73.064,1717,1715,1672,1484,1310,1235,0,0,0,13,23,0,1,1,1,1,1,0,4.9908,4.9908,4.9908,4.9908,2.9084,7.0640,1716.1919,1713.3689,1672.5950,1477.5508,1309.7765,1252.2822,0,on,1,1.5000
1786347125.874076,1,1,,1706.0000,1708.0000,1675.0000,1465.0000,1298.0000,1254.0000,38.072,37.701,44.309,86.502,38.654,72.659,1718,1715,1672,1484,1309,1240,0,0,0,39,19,35,1,1,1,1,1,0,4.9908,4.9908,4.9908,4.9908,2.9084,7.0640,1716.1919,1713.3689,1672.5950,1477.5508,1309.7765,1252.2822,0,on,1,1.5000
1786347125.905936,1,1,,1701.0000,1713.0000,1678.0000,1479.0000,1291.0000,1259.0000,39.059,36.844,43.810,83.662,40.792,71.866,1717,1715,1672,1479,1309,1245,0,0,0,0,0,19,1,1,1,1,1,0,4.9908,4.9908,4.9908,4.9908,2.9084,7.0640,1716.1919,1713.3689,1672.5950,1477.5508,1309.7765,1252.2822,0,on,1,1.5000
1786347125.942065,1,1,,1680.0000,1684.0000,1667.0000,1510.0000,1290.0000,1271.0000,43.342,42.601,45.902,77.429,41.397,70.220,1718,1715,1672,1479,1309,1248,0,0,0,0,0,0,1,1,1,1,1,0,4.9908,4.9908,4.9908,4.9908,2.9084,7.0640,1716.1919,1713.3689,1672.5950,1477.5508,1305.0574,1252.2822,1,on,1,1.5000
1786347125.974072,1,1,,1649.0000,1663.0000,1640.0000,1535.0000,1286.0000,1248.0000,49.575,46.838,51.467,72.411,42.766,73.476,1718,1715,1672,1479,1309,1248,0,0,0,0,0,0,1,1,1,1,1,0,4.9908,4.9908,4.9908,4.9908,2.9084,7.0640,1705.2814,1713.3689,1672.5950,1477.5508,1305.0574,1252.2822,1,on,1,1.5000
1786347126.006062,1,1,,1634.0000,1653.0000,1634.0000,1547.0000,1295.0000,1232.0000,52.493,48.687,52.631,69.951,39.627,75.754,1718,1715,1672,1479,1309,1248,0,0,0,0,29,0,1,1,1,1,1,0,4.9908,4.9908,4.9908,4.9908,2.9084,7.0640,1694.4844,1701.1139,1672.5950,1491.2733,1305.0574,1252.2822,1,on,1,1.5000
1786347126.042093,1,1,,1613.0000,1645.0000,1632.0000,1565.0000,1300.0000,1198.0000,56.849,50.422,53.033,66.385,37.946,80.508,1718,1715,1672,1479,1307,1248,44,0,0,10,23,0,1,1,1,0,1,0,4.9908,4.9908,4.9908,4.9908,2.9084,7.0640,1679.1108,1692.9150,1665.0884,1503.9266,1305.0574,1252.2822,1,on,1,1.5000
1786347126.074080,1,1,,1591.0000,1632.0000,1626.0000,1565.0000,1292.0000,1183.0000,61.261,53.020,54.209,66.327,40.497,82.665,1711,1715,1672,1479,1306,1248,92,40,0,48,21,0,1,1,1,0,1,0,4.9908,4.9908,4.9908,4.9908,2.9084,7.0640,1661.9267,1683.8878,1665.0884,1513.7616,1305.0574,1239.4867,1,on,1,1.5000
1786347126.106071,1,1,,1572.0000,1626.0000,1621.0000,1569.0000,1291.0000,1185.0000,65.037,54.147,55.119,65.696,40.921,82.307,1706,1708,1672,1480,1305,1248,91,73,0,49,19,0,1,1,1,0,1,1,4.9908,4.9908,4.9908,4.9908,2.9084,7.0640,1643.1046,1674.9752,1656.5818,1522.5123,1305.0574,1239.4867,1,on,1,1.5000
1786347126.142191,1,1,,1580.0000,1636.0000,1628.0000,1575.0000,1283.0000,1200.0000,63.472,52.256,53.874,64.397,43.586,80.276,1690,1689,1672,1495,1305,1248,110,47,0,23,0,16,1,1,1,0,1,1,4.9908,4.9908,4.9908,4.9908,2.9084,7.0640,1630.2268,1674.9752,1656.5818,1531.0869,1305.0574,1227.6741,1,on,1,1.5000
1786347126.174065,1,1,,1584.0000,1644.0000,1642.0000,1576.0000,1281.0000,1201.0000,62.609,50.665,50.993,64.153,44.215,80.084,1667,1681,1671,1509,1305,1248,112,32,49,21,0,30,1,1,1,0,1,1,4.9908,4.9908,4.9908,4.9908,2.9084,7.0640,1622.6944,1666.4907,1656.5818,1531.0869,1300.1805,1227.6741,1,on,1,1.5000
1786347126.205940,1,1,,1584.0000,1644.0000,1628.0000,1568.0000,1284.0000,1209.0000,62.498,50.662,53.840,65.768,43.418,78.924,1653,1676,1666,1514,1305,1246,95,0,26,0,0,74,1,1,1,0,1,1,4.9908,4.9908,4.9908,4.9908,2.9084,7.0640,1622.6944,1666.4907,1656.5818,1541.0835,1300.1805,1227.6741,1,on,1,1.5000
1786347126.242082,1,1,,1584.0000,1643.0000,1627.0000,1576.0000,1288.0000,1221.0000,62.503,50.817,53.888,64.112,41.777,77.328,1633,1676,1663,1521,1305,1233,0,0,24,17,0,25,1,1,1,0,1,1,4.9908,4.9908,4.9908,4.9908,2.9084,7.0640,1612.7421,1666.4907,1648.7573,1541.0835,1300.1805,1227.6741,1,on,1,1.5000
1786347126.274090,1,1,,1582.0000,1645.0000,1633.0000,1578.0000,1291.0000,1202.0000,62.927,50.350,52.873,63.704,41.037,79.926,1632,1675,1659,1525,1305,1233,41,31,18,10,0,27,1,1,1,0,1,1,4.9908,4.9908,4.9908,4.9908,2.9084,7.0640,1612.7421,1666.4907,1648.7573,1548.8179,1300.1805,1227.6741,1,on,1,1.5000
1786347126.306086,1,1,,1570.0000,1631.0000,1630.0000,1584.0000,1287.0000,1198.0000,65.490,53.170,53.443,62.670,42.267,80.565,1628,1670,1657,1528,1305,1233,60,18,32,15,0,30,1,1,1,0,1,1,4.9908,4.9908,4.9908,4.9908,2.9084,7.0640,1604.9096,1658.6858,1648.7573,1548.8179,1300.1805,1227.6741,1,on,1,1.5000
1786347126.342084,1,1,,1581.0000,1637.0000,1624.0000,1580.0000,1287.0000,1193.0000,63.132,51.963,54.559,63.446,42.265,81.237,1619,1669,1652,1537,1305,1231,24,0,22,29,0,30,1,1,1,0,1,1,4.9908,4.9908,4.9908,4.9908,2.9084,7.0640,1604.9096,1658.6858,1648.7573,1548.8179,1300.1805,1227.6741,0,on,1,1.5000
1786347126.374093,1,1,,1574.0000,1632.0000,1623.0000,1577.0000,1285.0000,1195.0000,64.665,53.050,54.769,63.911,43.052,80.994,1616,1668,1649,1544,1305,1231,0,39,15,0,19,29,1,1,1,0,1,1,4.9908,4.9908,4.9908,4.9908,2.9084,7.0640,1604.9096,1658.6858,1648.7573,1557.2637,1300.1805,1216.4295,1,on,1,1.5000
1786347126.405874,1,1,,1577.0000,1633.0000,1624.0000,1579.0000,1287.0000,1188.0000,64.064,52.686,54.530,63.614,42.172,81.966,1615,1662,1648,1545,1304,1231,44,0,0,10,17,59,1,1,1,0,1,1,4.9908,4.9908,4.9908,4.9908,2.9084,7.0640,1604.9096,1658.6858,1648.7573,1557.2637,1300.1805,1216.4295,0,on,1,1.5000
1786347126.442068,1,1,,1576.0000,1626.0000,1622.0000,1578.0000,1282.0000,1183.0000,64.266,54.154,54.927,63.824,43.951,82.643,1613,1657,1648,1549,1304,1226,35,0,0,8,16,55,1,1,1,0,1,1,4.9908,4.9908,4.9908,4.9908,2.9084,7.0640,1595.9989,1650.9335,1640.6173,1557.2637,1295.6581,1216.4295,1,on,1,1.5000
1786347126.474086,1,1,,1573.0000,1625.0000,1620.0000,1576.0000,1287.0000,1186.0000,64.717,54.321,55.396,64.282,42.397,82.207,1609,1657,1648,1550,1304,1217,35,0,0,0,0,34,1,1,1,0,1,1,4.9908,4.9908,4.9908,4.9908,2.9084,7.0640,1595.9989,1650.9335,1640.6173,1557.2637,1295.6581,1216.4295,0,on,1,1.5000
1786347126.506101,1,1,,1571.0000,1627.0000,1617.0000,1575.0000,1280.0000,1188.0000,65.183,53.911,56.036,64.389,44.530,81.934,1603,1657,1648,1551,1303,1215,59,0,0,0,48,0,1,1,1,0,1,1,4.9908,4.9908,4.9908,4.9908,2.9084,7.0640,1595.9989,1650.9335,1640.6173,1557.2637,1295.6581,1216.4295,0,on,1,1.5000
1786347126.542073,1,1,,1577.0000,1635.0000,1610.0000,1576.0000,1288.0000,1199.0000,64.098,52.397,57.408,64.298,41.944,80.418,1597,1657,1648,1554,1301,1215,22,0,26,0,29,0,1,1,1,0,1,1,4.9908,4.9908,4.9908,4.9908,2.9084,7.0640,1595.9989,1650.9335,1640.6173,1557.2637,1295.6581,1216.4295,0,on,1,1.5000
1786347126.574089,1,1,,1581.0000,1634.0000,1610.0000,1568.0000,1293.0000,1181.0000,63.254,52.491,57.412,65.879,40.162,82.912,1597,1655,1644,1555,1299,1215,23,23,15,0,18,0,1,1,1,0,1,1,4.9908,4.9908,4.9908,4.9908,2.9084,7.0640,1595.9989,1650.9335,1640.6173,1557.2637,1295.6581,1205.0855,1,on,1,1.5000
1786347126.605917,1,1,,1576.0000,1623.0000,1604.0000,1578.0000,1295.0000,1188.0000,64.240,54.851,58.677,63.827,39.622,81.979,1597,1654,1642,1555,1299,1215,22,19,0,0,0,0,1,1,1,0,1,1,4.9908,4.9908,4.9908,4.9908,2.9084,7.0640,1595.9989,1650.9335,1630.8891,1557.2637,1295.6581,1205.0855,1,on,1,1.5000
1786347126.642081,1,1,,1565.0000,1612.0000,1604.0000,1582.0000,1287.0000,1179.0000,66.331,57.075,58.537,62.981,42.397,83.251,1597,1652,1642,1555,1298,1216,23,0,0,0,25,40,1,1,1,0,1,1,4.9908,4.9908,4.9908,4.9908,2.9084,7.0640,1588.2314,1641.4567,1630.8891,1564.9603,1295.6581,1205.0855,1,on,1,1.5000
1786347126.674078,1,1,,1579.0000,1625.0000,1613.0000,1587.0000,1288.0000,1199.0000,63.683,54.402,56.799,62.081,41.783,80.430,1597,1652,1640,1554,1297,1212,25,0,33,0,22,37,1,1,1,0,1,1,4.9908,4.9908,4.9908,4.9908,2.9084,7.0640,1588.2314,1641.4567,1630.8891,1564.9603,1295.6581,1205.0855,0,on,1,1.5000
1786347126.705909,1,1,,1569.0000,1619.0000,1609.0000,1599.0000,1283.0000,1201.0000,65.562,55.660,57.621,59.595,43.776,80.171,1595,1651,1636,1555,1296,1210,43,36,21,17,0,0,1,1,1,0,1,1,4.9908,4.9908,4.9908,4.9908,2.9084,7.0640,1588.2314,1641.4567,1630.8891,1564.9603,1295.6581,1205.0855,0,on,1,1.5000
1786347126.742077,1,1,,1597.0000,1632.0000,1625.0000,1613.0000,1281.0000,1208.0000,60.006,52.973,54.426,56.775,44.346,79.075,1592,1644,1633,1561,1296,1210,40,26,17,12,0,0,1,1,1,0,1,1,4.9908,4.9908,4.9908,4.9908,2.9084,7.0640,1588.2314,1641.4567,1630.8891,1573.7243,1295.6581,1205.0855,1,on,1,1.5000
1786347126.774038,1,1,,1594.0000,1625.0000,1644.0000,1605.0000,1277.0000,1254.0000,60.580,54.394,50.600,58.466,45.760,72.567,1588,1641,1632,1562,1296,1210,25,0,0,0,0,26,1,1,1,0,1,1,4.9908,4.9908,4.9908,4.9908,2.9084,7.0640,1588.2314,1641.4567,1630.8891,1573.7243,1295.6581,1205.0855,0,on,1,1.5000
1786347126.806051,1,1,,1627.0000,1657.0000,1651.0000,1599.0000,1286.0000,1306.0000,54.002,48.045,49.191,59.505,42.751,65.203,1587,1640,1632,1564,1296,1210,0,0,0,12,0,30,1,1,1,0,1,1,4.9908,4.9908,4.9908,4.9908,2.9084,7.0640,1588.2314,1641.4567,1630.8891,1573.7243,1295.6581,1221.8001,1,on,1,1.5000
1786347126.841872,1,1,,1657.0000,1662.0000,1668.0000,1607.0000,1278.0000,1376.0000,47.974,46.913,45.797,58.057,45.377,55.382,1587,1640,1632,1569,1296,1208,0,0,0,17,0,27,1,1,1,0,1,0,4.9908,4.9908,4.9908,4.9908,2.9084,7.0640,1598.1170,1641.4567,1630.8891,1581.3825,1295.6581,1261.4734,1,on,1,1.5000
1786347126.873893,1,1,,1683.0000,1672.0000,1678.0000,1606.0000,1289.0000,1419.0000,42.690,44.880,43.860,58.154,41.484,49.188,1587,1640,1632,1572,1296,1207,0,0,0,0,0,43,0,1,1,0,1,0,4.9908,4.9908,4.9908,4.9908,2.9084,7.0640,1611.9943,1641.4567,1630.8891,1581.3825,1295.6581,1306.2181,1,on,1,1.5000
1786347126.905945,1,1,,1710.0000,1671.0000,1695.0000,1645.0000,1290.0000,1455.0000,37.310,45.133,40.455,50.378,41.112,44.204,1587,1640,1632,1572,1296,1214,36,0,0,0,0,105,0,1,1,0,1,0,4.9908,4.9908,4.9908,4.9908,2.9084,7.0640,1631.6087,1641.4567,1643.6931,1591.0281,1291.2656,1351.1730,1,on,1,1.5000
1786347126.942251,1,1,,1707.0000,1677.0000,1699.0000,1676.0000,1284.0000,1402.0000,37.923,43.981,39.595,44.242,43.212,51.585,1591,1640,1632,1576,1296,1247,30,0,0,16,0,86,0,1,0,0,1,0,4.9908,4.9908,4.9908,4.9908,2.9084,7.0640,1647.4794,1641.4567,1652.0686,1606.1370,1291.2656,1364.0148,1,on,1,1.5000
1786347126.974073,1,1,,1670.0000,1663.0000,1675.0000,1680.0000,1292.0000,1316.0000,45.375,46.820,44.312,43.456,40.488,63.773,1597,1640,1632,1581,1296,1268,77,0,42,20,0,85,0,1,0,0,1,0,4.9908,4.9908,4.9908,4.9908,2.9084,7.0640,1647.4794,1641.4567,1652.0686,1619.1011,1291.2656,1364.0148,1,on,1,1.5000
1786347127.006103,1,1,,1637.0000,1651.0000,1624.0000,1690.0000,1294.0000,1239.0000,51.961,49.262,54.555,41.274,39.712,74.748,1616,1640,1640,1592,1296,1298,84,0,53,20,0,83,0,1,0,0,1,0,4.9908,4.9908,4.9908,4.9908,2.9084,7.0640,1647.4794,1641.4567,1652.0686,1632.0065,1291.2656,1345.9195,1,on,1,1.5000
1786347127.041928,1,1,,1574.0000,1635.0000,1620.0000,1711.0000,1305.0000,1177.0000,64.570,52.383,55.467,37.229,36.172,83.464,1634,1640,1650,1605,1296,1328,15,0,12,20,0,82,0,1,0,0,1,0,4.9908,4.9908,4.9908,4.9908,2.9084,7.0640,1647.4794,1641.4567,1652.0686,1648.0010,1291.2656,1303.8264,1,on,1,1.5000
1786347127.074093,1,1,,1554.0000,1630.0000,1589.0000,1702.0000,1311.0000,1185.0000,68.627,53.292,61.679,38.938,34.109,82.344,1636,1640,1652,1614,1296,1333,38,0,0,41,0,37,0,1,1,0,1,1,4.9908,4.9908,4.9908,4.9908,2.9084,7.0640,1630.6138,1641.4567,1652.0686,1657.2397,1291.2656,1273.9302,1,on,1,1.5000
1786347127.106099,1,1,,1556.0000,1625.0000,1581.0000,1706.0000,1306.0000,1170.0000,68.307,54.349,63.245,38.207,35.871,84.463,1641,1641,1652,1623,1296,1337,0,0,0,29,0,0,1,1,1,0,1,1,4.9908,4.9908,4.9908,4.9908,2.9084,7.0640,1617.9687,1641.4567,1636.5824,1664.9073,1291.2656,1247.8257,1,on,1,1.5000
1786347127.142099,1,1,,1568.0000,1633.0000,1587.0000,1694.0000,1295.0000,1171.0000,65.735,52.863,62.043,40.594,39.568,84.420,1641,1640,1652,1635,1295,1337,31,0,0,30,16,87,1,1,1,0,1,1,4.9908,4.9908,4.9908,4.9908,2.9084,7.0640,1609.6254,1641.4567,1636.5824,1664.9073,1291.2656,1229.2857,1,on,1,1.5000
1786347127.173907,1,1,,1581.0000,1637.0000,1580.0000,1697.0000,1279.0000,1176.0000,63.268,52.053,63.392,39.985,45.186,83.664,1637,1641,1652,1647,1295,1322,34,0,0,11,13,131,1,1,1,0,1,1,4.9908,4.9908,4.9908,4.9908,2.9084,7.0640,1609.6254,1641.4567,1622.5118,1664.9073,1291.2656,1229.2857,1,on,1,1.5000
1786347127.206125,1,1,,1595.0000,1641.0000,1581.0000,1702.0000,1276.0000,1197.0000,60.466,51.185,63.198,38.924,46.155,80.609,1630,1640,1652,1653,1295,1281,50,0,0,0,0,135,1,1,1,0,1,1,4.9908,4.9908,4.9908,4.9908,2.9084,7.0640,1609.6254,1641.4567,1622.5118,1675.0444,1291.2656,1215.9741,1,on,1,1.5000
1786347127.241885,1,1,,1582.0000,1640.0000,1583.0000,1706.0000,1270.0000,1190.0000,62.929,51.278,62.898,38.065,48.118,81.658,1622,1640,1650,1660,1295,1248,32,0,63,0,0,74,1,1,1,0,1,1,4.9908,4.9908,4.9908,4.9908,2.9084,7.0640,1609.6254,1641.4567,1612.7488,1675.0444,1291.2656,1215.9741,1,on,1,1.5000
1786347127.274098,1,1,,1584.0000,1636.0000,1581.0000,1702.0000,1278.0000,1193.0000,62.698,52.253,63.173,39.044,45.262,81.239,1620,1640,1638,1660,1294,1229,51,0,35,14,28,0,1,1,1,0,1,1,4.9908,4.9908,4.9908,4.9908,2.9084,7.0640,1601.5799,1641.4567,1612.7488,1675.0444,1291.2656,1215.9741,1,on,1,1.5000
1786347127.306123,1,1,,1574.0000,1638.0000,1580.0000,1700.0000,1273.0000,1193.0000,64.538,51.868,63.305,39.297,47.082,81.294,1618,1640,1630,1662,1292,1226,26,0,46,0,16,41,1,1,1,0,1,1,4.9908,4.9908,4.9908,4.9908,2.9084,7.0640,1601.5799,1641.4567,1612.7488,1675.0444,1291.2656,1215.9741,0,on,1,1.5000
1786347127.342082,1,1,,1582.0000,1643.0000,1585.0000,1696.0000,1269.0000,1191.0000,63.036,50.801,62.492,40.064,48.307,81.553,1616,1640,1624,1662,1292,1224,25,0,0,0,0,27,1,1,1,0,1,1,4.9908,4.9908,4.9908,4.9908,2.9084,7.0640,1601.5799,1641.4567,1604.3576,1682.9518,1291.2656,1215.9741,1,on,1,1.5000
1786347127.374076,1,1,,1582.0000,1637.0000,1578.0000,1701.0000,1274.0000,1198.0000,63.069,51.981,63.780,39.135,46.829,80.560,1615,1641,1622,1662,1292,1223,23,0,28,10,0,45,1,1,1,0,1,1,4.9908,4.9908,4.9908,4.9908,2.9084,7.0640,1601.5799,1641.4567,1604.3576,1682.9518,1291.2656,1215.9741,0,on,1,1.5000
1786347127.406064,1,1,,1582.0000,1633.0000,1577.0000,1708.0000,1278.0000,1203.0000,63.027,52.698,64.049,37.829,45.239,79.821,1614,1641,1616,1667,1292,1220,23,0,45,21,0,0,1,1,1,0,1,1,4.9908,4.9908,4.9908,4.9908,2.9084,7.0640,1601.5799,1641.4567,1604.3576,1682.9518,1286.8473,1215.9741,1,on,1,1.5000
1786347127.442097,1,1,,1583.0000,1640.0000,1586.0000,1707.0000,1280.0000,1189.0000,62.829,51.380,62.169,38.021,44.591,81.791,1614,1640,1606,1670,1292,1220,24,0,22,11,0,0,1,1,1,0,1,1,4.9908,4.9908,4.9908,4.9908,2.9084,7.0640,1601.5799,1641.4567,1604.3576,1682.9518,1286.8473,1215.9741,0,on,1,1.5000
1786347127.473968,1,1,,1573.0000,1632.0000,1576.0000,1711.0000,1281.0000,1194.0000,64.814,52.894,64.185,37.183,44.332,81.076,1613,1641,1604,1673,1292,1220,22,0,14,28,8,23,1,1,1,0,1,1,4.9908,4.9908,4.9908,4.9908,2.9084,7.0640,1593.9731,1641.4567,1604.3576,1682.9518,1286.8473,1215.9741,1,on,1,1.5000
1786347127.505946,1,1,,1567.0000,1635.0000,1581.0000,1714.0000,1282.0000,1185.0000,65.977,52.310,63.139,36.621,43.901,82.383,1611,1640,1603,1680,1292,1220,66,0,0,0,22,33,1,1,1,0,1,1,4.9908,4.9908,4.9908,4.9908,2.9084,7.0640,1593.9731,1641.4567,1596.3071,1690.9722,1286.8473,1204.4977,1,on,1,1.5000
1786347127.542102,1,1,,1575.0000,1641.0000,1583.0000,1706.0000,1284.0000,1186.0000,64.364,51.208,62.737,38.251,43.399,82.169,1603,1640,1603,1680,1291,1219,20,0,0,0,20,37,1,1,1,0,1,1,4.9908,4.9908,4.9908,4.9908,2.9084,7.0640,1593.9731,1641.4567,1596.3071,1690.9722,1286.8473,1204.4977,0,on,1,1.5000
1786347127.574078,1,1,,1576.0000,1631.0000,1579.0000,1712.0000,1281.0000,1190.0000,64.148,53.126,63.559,36.852,44.509,81.628,1600,1641,1603,1680,1290,1216,39,0,26,18,18,67,1,1,1,0,1,1,4.9908,4.9908,4.9908,4.9908,2.9084,7.0640,1593.9731,1641.4567,1596.3071,1690.9722,1286.8473,1204.4977,0,on,1,1.5000
1786347127.606096,1,1,,1571.0000,1634.0000,1582.0000,1706.0000,1285.0000,1182.0000,65.261,52.544,62.922,38.056,43.078,82.810,1595,1640,1600,1687,1290,1204,38,0,22,9,0,10,1,1,1,0,1,1,4.9908,4.9908,4.9908,4.9908,2.9084,7.0640,1593.9731,1641.4567,1596.3071,1690.9722,1286.8473,1204.4977,0,on,1,1.5000
1786347127.642109,1,1,,1576.0000,1640.0000,1588.0000,1690.0000,1283.0000,1191.0000,64.180,51.376,61.698,41.352,43.678,81.565,1593,1640,1596,1689,1290,1204,29,0,18,0,29,0,1,1,1,0,1,1,4.9908,4.9908,4.9908,4.9908,2.9084,7.0640,1593.9731,1641.4567,1596.3071,1690.9722,1286.8473,1204.4977,0,on,1,1.5000
1786347127.674096,1,1,,1576.0000,1635.0000,1581.0000,1693.0000,1284.0000,1198.0000,64.241,52.459,63.180,40.827,43.251,80.563,1592,1640,1595,1689,1288,1204,0,0,0,0,20,0,1,1,1,0,1,1,4.9908,4.9908,4.9908,4.9908,2.9084,7.0640,1593.9731,1641.4567,1596.3071,1690.9722,1286.8473,1204.4977,0,on,1,1.5000
1786347127.706064,1,1,,1566.0000,1634.0000,1583.0000,1700.0000,1280.0000,1189.0000,66.251,52.491,62.735,39.297,44.698,81.764,1592,1640,1595,1689,1287,1204,0,0,0,0,0,0,1,1,1,0,1,1,4.9908,4.9908,4.9908,4.9908,2.9084,7.0640,1586.0934,1641.4567,1596.3071,1690.9722,1286.8473,1204.4977,1,on,1,1.5000
1786347127.742202,1,1,,1567.0000,1640.0000,1587.0000,1702.0000,1284.0000,1196.0000,65.918,51.430,61.956,39.018,43.187,80.773,1592,1641,1595,1689,1287,1204,0,0,0,0,0,0,1,1,1,0,1,1,4.9908,4.9908,4.9908,4.9908,2.9084,7.0640,1586.0934,1641.4567,1596.3071,1690.9722,1286.8473,1204.4977,0,on,1,1.5000
1786347127.773937,1,1,,1560.0000,1633.0000,1587.0000,1709.0000,1282.0000,1195.0000,67.467,52.760,61.933,37.528,43.908,80.900,1592,1640,1595,1689,1287,1204,0,0,0,0,0,0,1,1,1,0,1,1,4.9908,4.9908,4.9908,4.9908,2.9084,7.0640,1586.0934,1641.4567,1596.3071,1690.9722,1286.8473,1204.4977,0,on,1,1.5000
1786347127.806058,1,1,,1546.0000,1630.0000,1583.0000,1708.0000,1283.0000,1184.0000,70.229,53.450,62.736,37.690,43.795,82.511,1592,1640,1595,1689,1287,1204,0,0,0,0,0,0,1,1,1,0,1,1,4.9908,4.9908,4.9908,4.9908,2.9084,7.0640,1586.0934,1641.4567,1596.3071,1690.9722,1286.8473,1204.4977,0,on,1,1.5000
1786347127.842112,1,1,,1548.0000,1633.0000,1589.0000,1703.0000,1292.0000,1184.0000,69.735,52.805,61.617,38.796,40.614,82.571,1592,1640,1595,1689,1287,1204,32,0,0,0,0,0,1,1,1,0,1,1,4.9908,4.9908,4.9908,4.9908,2.9084,7.0640,1576.6311,1641.4567,1596.3071,1690.9722,1286.8473,1204.4977,1,on,1,1.5000
1786347127.874090,1,1,,1545.0000,1629.0000,1589.0000,1698.0000,1288.0000,1185.0000,70.399,53.582,61.637,39.738,41.908,82.431,1590,1641,1595,1690,1287,1204,25,0,0,12,0,0,1,1,1,0,1,1,4.9908,4.9908,4.9908,4.9908,2.9084,7.0640,1576.6311,1641.4567,1596.3071,1690.9722,1286.8473,1204.4977,0,on,1,1.5000
1786347127.906074,1,1,,1555.0000,1630.0000,1593.0000,1696.0000,1289.0000,1174.0000,68.353,53.310,60.732,40.090,41.741,83.924,1590,1641,1595,1690,1287,1204,0,0,0,0,0,0,1,1,1,1,1,1,4.9908,4.9908,4.9908,4.9908,2.9084,7.0640,1576.6311,1641.4567,1596.3071,1690.9722,1286.8473,1204.4977,0,on,1,1.5000
1786347127.942091,1,1,,1544.0000,1627.0000,1587.0000,1692.0000,1289.0000,1181.0000,70.637,54.050,62.030,40.866,41.631,83.002,1590,1641,1595,1690,1287,1204,10,0,0,0,0,0,1,1,1,1,1,1,4.9908,4.9908,4.9908,4.9908,2.9084,7.0640,1576.6311,1641.4567,1596.3071,1690.9722,1286.8473,1204.4977,0,on,1,1.5000
1786347127.974084,1,1,,1554.0000,1630.0000,1581.0000,1697.0000,1288.0000,1187.0000,68.615,53.326,63.282,39.986,42.056,82.130,1590,1640,1595,1690,1287,1204,24,0,0,0,0,0,1,1,1,1,1,1,4.9908,4.9908,4.9908,4.9908,2.9084,7.0640,1568.5285,1641.4567,1596.3071,1690.9722,1286.8473,1204.4977,1,on,1,1.5000
1786347128.006088,1,1,,1561.0000,1634.0000,1582.0000,1706.0000,1283.0000,1189.0000,67.206,52.581,62.989,38.193,43.522,81.827,1588,1640,1595,1690,1287,1204,20,0,0,0,0,0,1,1,1,1,1,1,4.9908,4.9908,4.9908,4.9908,2.9084,7.0640,1568.5285,1641.4567,1596.3071,1690.9722,1286.8473,1204.4977,0,on,1,1.5000
1786347128.042057,1,1,,1565.0000,1628.0000,1578.0000,1715.0000,1289.0000,1192.0000,66.316,53.837,63.749,36.412,41.501,81.394,1584,1640,1595,1690,1287,1204,42,0,0,0,0,0,1,1,1,1,1,1,4.9908,4.9908,4.9908,4.9908,2.9084,7.0640,1568.5285,1641.4567,1596.3071,1690.9722,1286.8473,1204.4977,0,on,1,1.5000
1786347128.074128,1,1,,1545.0000,1621.0000,1574.0000,1706.0000,1285.0000,1176.0000,70.350,55.274,64.681,38.141,42.887,83.684,1579,1640,1595,1690,1287,1204,0,0,0,0,0,0,1,1,1,1,1,1,4.9908,4.9908,4.9908,4.9908,2.9084,7.0640,1568.5285,1641.4567,1596.3071,1690.9722,1286.8473,1193.8433,1,on,1,1.5000
1786347128.106126,1,1,,1541.0000,1622.0000,1579.0000,1715.0000,1297.0000,1176.0000,71.130,54.935,63.683,36.420,38.838,83.623,1579,1641,1595,1690,1287,1204,38,0,0,0,0,0,1,1,1,1,1,1,4.9908,4.9908,4.9908,4.9908,2.9084,7.0640,1568.5285,1641.4567,1596.3071,1690.9722,1286.8473,1193.8433,0,on,1,1.5000
1786347128.141919,1,1,,1556.0000,1625.0000,1608.0000,1718.0000,1284.0000,1191.0000,68.193,54.450,57.817,35.717,43.247,81.456,1574,1641,1595,1690,1287,1204,22,0,0,0,0,50,1,1,1,1,1,1,4.9908,4.9908,4.9908,4.9908,2.9084,7.0640,1568.5285,1641.4567,1596.3071,1699.3875,1286.8473,1193.8433,1,on,1,1.5000
1786347128.173890,1,1,,1550.0000,1653.0000,1649.0000,1727.0000,1261.0000,1292.0000,69.348,48.839,49.495,33.872,51.251,67.269,1574,1640,1595,1690,1287,1198,35,0,0,0,0,38,1,1,1,0,1,1,4.9908,4.9908,4.9908,4.9908,2.9084,7.0640,1568.5285,1641.4567,1596.3071,1699.3875,1286.8473,1204.5631,1,on,1,1.5000
1786347128.205906,1,1,,1659.0000,1700.0000,1679.0000,1711.0000,1295.0000,1444.0000,47.540,39.446,43.550,37.094,39.471,45.715,1570,1641,1595,1690,1287,1198,31,0,0,21,22,24,1,1,1,0,1,0,4.9908,4.9908,4.9908,4.9908,2.9084,7.0640,1568.5285,1641.4567,1607.3813,1699.3875,1286.8473,1274.7084,1,on,1,1.5000
1786347128.242078,1,1,,1691.0000,1712.0000,1706.0000,1676.0000,1312.0000,1492.0000,41.070,36.919,38.083,44.246,33.657,38.938,1569,1640,1595,1698,1286,1198,19,0,0,0,0,0,1,1,0,0,1,0,4.9908,4.9908,4.9908,4.9908,2.9084,7.0640,1597.3069,1652.2525,1627.5444,1699.3875,1286.8473,1354.0966,1,on,1,1.5000
1786347128.274042,1,1,,1734.0000,1690.0000,1694.0000,1648.0000,1315.0000,1531.0000,32.583,41.321,40.598,49.745,32.653,33.411,1569,1641,1595,1698,1286,1198,18,0,47,0,0,89,0,0,0,0,1,0,4.9908,4.9908,4.9908,4.9908,2.9084,7.0640,1630.3429,1652.2525,1639.6803,1699.3875,1286.8473,1415.6897,1,on,1,1.5000
1786347128.306124,1,1,,1763.0000,1648.0000,1651.0000,1622.0000,1310.0000,1506.0000,26.801,49.846,49.243,54.982,34.499,36.930,1569,1640,1601,1698,1286,1213,40,44,71,0,0,100,0,0,0,0,1,0,4.9908,4.9908,4.9908,4.9908,2.9084,7.0640,1666.0016,1652.2525,1639.6803,1686.6848,1286.8473,1442.7552,1,on,1,1.5000
1786347128.342143,1,1,,1742.0000,1648.0000,1657.0000,1640.0000,1310.0000,1544.0000,30.862,49.729,48.044,51.290,34.391,31.516,1579,1643,1621,1698,1286,1251,89,14,0,0,0,93,0,0,0,1,1,0,4.9908,4.9908,4.9908,4.9908,2.9084,7.0640,1685.0914,1652.2525,1639.6803,1686.6848,1291.2936,1472.1280,1,on,1,1.5000
1786347128.374079,1,1,,1731.0000,1641.0000,1655.0000,1651.0000,1308.0000,1579.0000,33.107,51.182,48.296,49.268,35.175,26.597,1594,1646,1628,1698,1286,1284,107,14,20,37,19,78,0,0,0,1,0,0,4.9908,4.9908,4.9908,4.9908,2.9084,7.0640,1693.7872,1652.2525,1639.6803,1676.6552,1291.2936,1500.1263,1,on,1,1.5000
1786347128.406107,1,1,,1745.0000,1642.0000,1657.0000,1650.0000,1309.0000,1595.0000,30.244,50.968,47.919,49.288,34.692,24.374,1620,1648,1636,1695,1286,1313,94,13,11,0,0,86,0,0,0,1,0,0,4.9908,4.9908,4.9908,4.9908,2.9084,7.0640,1702.5378,1652.2525,1639.6803,1676.6552,1291.2936,1523.9148,1,on,1,1.5000
1786347128.442126,1,1,,1737.0000,1641.0000,1658.0000,1657.0000,1308.0000,1591.0000,32.025,51.107,47.779,48.048,35.057,24.952,1647,1649,1638,1690,1286,1339,84,0,11,14,0,101,0,0,1,1,0,0,4.9908,4.9908,4.9908,4.9908,2.9084,7.0640,1702.5378,1652.2525,1639.6803,1676.6552,1291.2936,1539.5163,1,on,1,1.5000
1786347128.474082,1,1,,1741.0000,1642.0000,1657.0000,1652.0000,1312.0000,1576.0000,31.102,51.069,48.031,48.909,33.680,27.021,1668,1649,1638,1689,1286,1369,83,0,0,20,0,75,0,0,1,1,0,0,4.9908,4.9908,4.9908,4.9908,2.9084,7.0640,1711.8081,1652.2525,1639.6803,1676.6552,1291.2936,1539.5163,1,on,1,1.5000
1786347128.506118,1,1,,1732.0000,1650.0000,1662.0000,1658.0000,1310.0000,1552.0000,32.977,49.458,46.942,47.801,34.406,30.475,1691,1649,1638,1683,1286,1395,82,0,0,18,0,81,0,0,1,1,0,0,4.9908,4.9908,4.9908,4.9908,2.9084,7.0640,1711.8081,1652.2525,1639.6803,1676.6552,1296.0999,1539.5163,1,on,1,1.5000
1786347128.542221,1,1,,1741.0000,1643.0000,1655.0000,1650.0000,1314.0000,1550.0000,31.108,50.779,48.352,49.353,33.078,30.708,1701,1649,1638,1681,1286,1420,0,0,0,0,0,87,0,0,1,1,0,0,4.9908,4.9908,4.9908,4.9908,2.9084,7.0640,1711.8081,1652.2525,1639.6803,1668.6889,1296.0999,1539.5163,1,on,1,1.5000
1786347128.574090,1,1,,1748.0000,1634.0000,1649.0000,1645.0000,1314.0000,1543.0000,29.702,52.527,49.581,50.455,32.961,31.744,1703,1649,1638,1681,1286,1436,25,0,0,0,0,87,0,0,1,1,0,0,4.9908,4.9908,4.9908,4.9908,2.9084,7.0640,1719.4572,1652.2525,1647.1905,1668.6889,1296.0999,1539.5163,1,on,1,1.5000
1786347128.606096,1,1,,1752.0000,1641.0000,1655.0000,1643.0000,1317.0000,1536.0000,28.888,51.186,48.421,50.804,31.995,32.723,1706,1649,1638,1680,1286,1461,0,0,0,53,34,80,0,0,0,1,0,0,4.9908,4.9908,4.9908,4.9908,2.9084,7.0640,1719.4572,1652.2525,1647.1905,1668.6889,1296.0999,1539.5163,0,on,1,1.5000
1786347128.641871,1,1,,1756.0000,1654.0000,1658.0000,1646.0000,1318.0000,1520.0000,28.224,48.563,47.823,50.240,31.655,34.924,1709,1649,1640,1670,1289,1490,50,0,20,0,24,74,0,0,0,1,0,0,4.9908,4.9908,4.9908,4.9908,2.9084,7.0640,1719.4572,1652.2525,1647.1905,1668.6889,1300.5711,1539.5163,1,on,1,1.5000
1786347128.674124,1,1,,1761.0000,1649.0000,1657.0000,1642.0000,1316.0000,1504.0000,27.124,49.475,47.931,51.004,32.235,37.189,1713,1649,1645,1670,1291,1513,23,18,9,0,15,90,0,0,0,1,0,0,4.9908,4.9908,4.9908,4.9908,2.9084,7.0640,1729.6600,1652.2525,1647.1905,1668.6889,1300.5711,1539.5163,1,on,1,1.5000
1786347128.706095,1,1,,1766.0000,1641.0000,1653.0000,1634.0000,1316.0000,1493.0000,26.176,51.182,48.728,52.541,32.169,38.755,1716,1651,1647,1670,1293,1527,19,13,0,0,20,0,0,0,1,1,0,0,4.9908,4.9908,4.9908,4.9908,2.9084,7.0640,1729.6600,1652.2525,1647.1905,1660.0683,1300.5711,1539.5163,1,on,1,1.5000
1786347128.742079,1,1,,1768.0000,1638.0000,1650.0000,1631.0000,1318.0000,1478.0000,25.747,51.681,49.367,53.210,31.727,40.854,1719,1651,1647,1670,1295,1531,40,0,0,0,17,30,0,1,1,1,0,0,4.9908,4.9908,4.9908,4.9908,2.9084,7.0640,1737.3363,1652.2525,1647.1905,1660.0683,1300.5711,1528.3659,1,on,1,1.5000
1786347128.774086,1,1,,1772.0000,1644.0000,1652.0000,1635.0000,1319.0000,1469.0000,24.922,50.531,49.025,52.424,31.203,42.136,1724,1652,1647,1670,1296,1533,19,0,0,14,0,26,0,1,1,1,0,1,4.9908,4.9908,4.9908,4.9908,2.9084,7.0640,1737.3363,1652.2525,1647.1905,1660.0683,1300.5711,1528.3659,0,on,1,1.5000
1786347128.805971,1,1,,1766.0000,1653.0000,1656.0000,1634.0000,1322.0000,1460.0000,26.051,48.831,48.153,52.547,30.130,43.403,1725,1652,1647,1669,1296,1534,39,0,0,29,21,0,0,1,1,1,0,1,4.9908,4.9908,4.9908,4.9908,2.9084,7.0640,1737.3363,1652.2525,1647.1905,1660.0683,1305.1158,1510.6272,1,on,1,1.5000
1786347128.841908,1,1,,1766.0000,1654.0000,1654.0000,1631.0000,1323.0000,1455.0000,26.034,48.665,48.657,53.116,30.013,44.206,1730,1652,1647,1667,1298,1534,0,0,0,0,17,14,0,1,1,1,0,1,4.9908,4.9908,4.9908,4.9908,2.9084,7.0640,1745.3376,1652.2525,1647.1905,1652.1823,1305.1158,1510.6272,1,on,1,1.5000
1786347128.873911,1,1,,1772.0000,1655.0000,1652.0000,1628.0000,1323.0000,1451.0000,24.863,48.443,48.940,53.754,29.974,44.701,1731,1652,1647,1666,1299,1534,30,0,0,27,19,25,0,1,1,1,0,1,4.9908,4.9908,4.9908,4.9908,2.9084,7.0640,1745.3376,1652.2525,1647.1905,1652.1823,1305.1158,1494.1181,1,on,1,1.5000
1786347128.911250,1,1,,1767.0000,1652.0000,1651.0000,1634.0000,1320.0000,1462.0000,25.860,49.053,49.258,52.667,30.827,43.127,1738,1652,1647,1659,1301,1531,46,0,0,37,0,69,0,1,1,1,0,1,4.9908,4.9908,4.9908,4.9908,2.9084,7.0640,1745.3376,1652.2525,1647.1905,1652.1823,1305.1158,1494.1181,0,on,1,1.5000
1786347128.942121,1,1,,1752.0000,1656.0000,1652.0000,1642.0000,1311.0000,1471.0000,28.914,48.151,48.934,50.946,33.900,41.923,1743,1652,1647,1653,1301,1513,49,0,0,0,23,35,0,1,1,1,0,1,4.9908,4.9908,4.9908,4.9908,2.9084,7.0640,1745.3376,1652.2525,1647.1905,1652.1823,1305.1158,1494.1181,0,on,1,1.5000
1786347128.973922,1,1,,1745.0000,1662.0000,1666.0000,1657.0000,1307.0000,1524.0000,30.405,46.913,46.255,48.009,35.506,34.449,1745,1652,1647,1653,1303,1509,33,0,0,0,16,38,0,1,1,1,0,1,4.9908,4.9908,4.9908,4.9908,2.9084,7.0640,1745.3376,1652.2525,1647.1905,1652.1823,1305.1158,1494.1181,0,on,1,1.5000
1786347129.006061,1,1,,1715.0000,1678.0000,1689.0000,1663.0000,1306.0000,1540.0000,36.357,43.679,41.607,46.686,35.878,32.123,1745,1652,1647,1653,1304,1502,38,0,0,0,15,19,0,1,1,1,0,1,4.9908,4.9908,4.9908,4.9908,2.9084,7.0640,1745.3376,1652.2525,1647.1905,1652.1823,1305.1158,1494.1181,0,on,1,1.5000
1786347129.041745,1,1,,1711.0000,1703.0000,1726.0000,1668.0000,1315.0000,1539.0000,37.222,38.706,34.060,45.698,32.498,32.321,1745,1652,1647,1653,1305,1499,44,0,0,0,0,17,0,1,1,1,1,1,4.9908,4.9908,4.9908,4.9908,2.9084,7.0640,1745.3376,1652.2525,1662.8445,1652.1823,1305.1158,1494.1181,1,on,1,1.5000
1786347129.074129,1,1,,1657.0000,1690.0000,1708.0000,1652.0000,1269.0000,1408.0000,47.895,41.300,37.836,49.003,48.621,50.731,1745,1652,1647,1653,1305,1499,44,0,0,0,0,15,0,1,0,1,1,1,4.9908,4.9908,4.9908,4.9908,2.9084,7.0640,1731.7751,1661.0786,1662.8445,1652.1823,1305.1158,1494.1181,1,on,1,1.5000
1786347129.106101,1,1,,1592.0000,1646.0000,1635.0000,1651.0000,1297.0000,1234.0000,61.033,50.108,52.343,49.210,38.847,75.368,1746,1652,1647,1653,1305,1498,22,0,0,0,0,0,1,0,0,1,1,1,4.9908,4.9908,4.9908,4.9908,2.9084,7.0640,1699.9863,1661.0786,1662.8445,1652.1823,1305.1158,1416.3066,1,on,1,1.5000
1786347129.142005,1,1,,1543.0000,1629.0000,1602.0000,1713.0000,1309.0000,1149.0000,70.717,53.504,58.938,36.848,34.575,87.522,1744,1654,1647,1653,1305,1498,69,30,0,0,0,0,1,0,0,1,1,1,4.9908,4.9908,4.9908,4.9908,2.9084,7.0640,1654.0965,1661.0786,1662.8445,1652.1823,1305.1158,1311.5428,1,on,1,1.5000
1786347129.174120,1,1,,1571.0000,1643.0000,1593.0000,1701.0000,1308.0000,1185.0000,65.122,50.823,60.881,39.199,34.903,82.300,1739,1657,1647,1653,1305,1496,93,19,0,0,0,74,1,0,0,1,1,1,4.9908,4.9908,4.9908,4.9908,2.9084,7.0640,1633.6879,1661.0786,1653.1308,1661.3759,1305.1158,1269.3006,1,on,1,1.5000
1786347129.210922,1,1,,1577.0000,1636.0000,1580.0000,1695.0000,1299.0000,1186.0000,63.992,52.146,63.358,40.334,38.043,82.189,1718,1662,1647,1653,1305,1469,116,0,12,0,0,91,1,1,0,0,1,1,4.9908,4.9908,4.9908,4.9908,2.9084,7.0640,1621.1173,1661.0786,1640.7781,1661.3759,1305.1158,1244.2683,1,on,1,1.5000
1786347129.242063,1,1,,1589.0000,1637.0000,1584.0000,1690.0000,1296.0000,1185.0000,61.591,51.983,62.568,41.312,39.074,82.421,1707,1662,1647,1653,1305,1450,133,0,11,28,0,100,1,1,1,0,1,1,4.9908,4.9908,4.9908,4.9908,2.9084,7.0640,1621.1173,1661.0786,1632.1546,1661.3759,1305.1158,1230.9459,1,on,1,1.5000
1786347129.274134,1,1,,1604.0000,1650.0000,1588.0000,1697.0000,1282.0000,1188.0000,58.613,49.283,61.856,39.918,44.026,81.921,1680,1662,1647,1656,1305,1420,96,0,29,0,0,109,1,1,1,0,1,1,4.9908,4.9908,4.9908,4.9908,2.9084,7.0640,1621.1173,1661.0786,1632.1546,1670.2235,1305.1158,1230.9459,1,on,1,1.5000
1786347129.305962,1,1,,1610.0000,1657.0000,1595.0000,1691.0000,1281.0000,1187.0000,57.440,48.026,60.360,41.254,44.444,82.122,1662,1662,1643,1657,1305,1400,111,0,26,0,0,91,1,1,1,0,1,1,4.9908,4.9908,4.9908,4.9908,2.9084,7.0640,1621.1173,1661.0786,1621.9975,1670.2235,1305.1158,1217.3983,1,on,1,1.5000
1786347129.347430,1,1,,1609.0000,1651.0000,1594.0000,1701.0000,1280.0000,1182.0000,57.667,49.151,60.694,39.206,44.688,82.832,1632,1662,1637,1660,1305,1358,0,0,35,0,0,92,1,1,1,0,1,1,4.9908,4.9908,4.9908,4.9908,2.9084,7.0640,1621.1173,1661.0786,1621.9975,1670.2235,1305.1158,1217.3983,0,on,1,1.5000
1786347129.374072,1,1,,1608.0000,1658.0000,1593.0000,1694.0000,1277.0000,1178.0000,57.843,47.702,60.710,40.472,45.742,83.400,1631,1662,1629,1661,1305,1337,32,0,51,25,0,89,1,1,1,0,1,1,4.9908,4.9908,4.9908,4.9908,2.9084,7.0640,1621.1173,1661.0786,1621.9975,1670.2235,1299.3966,1217.3983,1,on,1,1.5000
1786347129.406065,1,1,,1615.0000,1661.0000,1595.0000,1697.0000,1274.0000,1179.0000,56.435,47.110,60.365,40.041,46.908,83.256,1628,1662,1620,1668,1305,1311,31,0,0,0,0,91,1,1,1,0,1,1,4.9908,4.9908,4.9908,4.9908,2.9084,7.0640,1621.1173,1661.0786,1621.9975,1670.2235,1299.3966,1205.2881,1,on,1,1.5000
1786347129.442076,1,1,,1620.0000,1661.0000,1585.0000,1714.0000,1276.0000,1180.0000,55.464,47.217,62.374,36.611,45.970,83.047,1627,1662,1620,1668,1305,1285,0,0,0,0,0,90,1,1,1,0,1,1,4.9908,4.9908,4.9908,4.9908,2.9084,7.0640,1621.1173,1661.0786,1611.7683,1681.1678,1299.3966,1205.2881,1,on,1,1.5000
1786347129.474106,1,1,,1622.0000,1667.0000,1595.0000,1699.0000,1272.0000,1179.0000,54.928,45.908,60.336,39.648,47.481,83.155,1626,1662,1620,1668,1305,1260,0,0,0,0,14,105,1,1,1,0,1,1,4.9908,4.9908,4.9908,4.9908,2.9084,7.0640,1621.1173,1661.0786,1611.7683,1681.1678,1293.9399,1205.2881,1,on,1,1.5000
1786347129.505936,1,1,,1622.0000,1669.0000,1591.0000,1692.0000,1269.0000,1175.0000,55.010,45.501,61.287,40.990,48.609,83.817,1627,1662,1620,1668,1305,1242,27,0,30,0,32,83,1,1,1,0,1,1,4.9908,4.9908,4.9908,4.9908,2.9084,7.0640,1621.1173,1661.0786,1611.7683,1681.1678,1293.9399,1205.2881,0,on,1,1.5000
1786347129.542107,1,1,,1624.0000,1672.0000,1592.0000,1707.0000,1267.0000,1160.0000,54.606,44.920,60.942,37.892,49.144,85.948,1624,1662,1614,1668,1303,1218,26,0,17,0,49,0,1,1,1,0,1,1,4.9908,4.9908,4.9908,4.9908,2.9084,7.0640,1621.1173,1661.0786,1611.7683,1681.1678,1293.9399,1194.3999,1,on,1,1.5000
1786347129.574083,1,1,,1626.0000,1668.0000,1590.0000,1699.0000,1271.0000,1158.0000,54.280,45.780,61.456,39.645,47.912,86.130,1622,1662,1611,1668,1299,1218,26,0,18,0,41,47,1,1,1,0,1,1,4.9908,4.9908,4.9908,4.9908,2.9084,7.0640,1621.1173,1661.0786,1611.7683,1681.1678,1288.5502,1194.3999,1,on,1,1.5000
1786347129.606041,1,1,,1630.0000,1670.0000,1596.0000,1704.0000,1271.0000,1152.0000,53.294,45.274,60.249,38.477,47.806,87.050,1621,1662,1610,1668,1297,1214,26,0,0,10,0,76,1,1,1,0,1,1,4.9908,4.9908,4.9908,4.9908,2.9084,7.0640,1621.1173,1661.0786,1611.7683,1681.1678,1288.5502,1194.3999,0,on,1,1.5000
1786347129.641929,1,1,,1626.0000,1674.0000,1596.0000,1711.0000,1274.0000,1150.0000,54.103,44.591,60.118,37.209,46.814,87.330,1620,1662,1610,1669,1296,1201,0,0,0,0,29,19,1,1,1,0,1,1,4.9908,4.9908,4.9908,4.9908,2.9084,7.0640,1621.1173,1661.0786,1611.7683,1681.1678,1288.5502,1182.2679,1,on,1,1.5000
1786347129.674080,1,1,,1620.0000,1676.0000,1600.0000,1714.0000,1277.0000,1135.0000,55.316,44.099,59.322,36.601,45.640,89.381,1620,1662,1610,1669,1294,1199,0,0,0,0,27,21,1,1,1,0,1,1,4.9908,4.9908,4.9908,4.9908,2.9084,7.0640,1621.1173,1661.0786,1611.7683,1690.4551,1288.5502,1182.2679,1,on,1,1.5000
1786347129.706102,1,1,,1621.0000,1677.0000,1598.0000,1713.0000,1276.0000,1144.0000,55.225,43.965,59.833,36.769,45.960,88.210,1620,1662,1610,1669,1293,1198,0,0,0,68,17,28,1,1,1,0,1,1,4.9908,4.9908,4.9908,4.9908,2.9084,7.0640,1621.1173,1661.0786,1611.7683,1690.4551,1288.5502,1182.2679,0,on,1,1.5000
1786347129.742058,1,1,,1617.0000,1676.0000,1600.0000,1710.0000,1277.0000,1127.0000,56.078,44.234,59.331,37.359,45.576,90.566,1621,1662,1610,1681,1292,1198,0,0,0,0,0,56,1,1,1,0,1,1,4.9908,4.9908,4.9908,4.9908,2.9084,7.0640,1621.1173,1661.0786,1611.7683,1690.4551,1288.5502,1167.0601,1,on,1,1.5000
1786347129.774047,1,1,,1626.0000,1676.0000,1603.0000,1716.0000,1276.0000,1129.0000,54.248,44.262,58.713,36.189,46.126,90.354,1621,1662,1610,1689,1291,1193,0,0,0,0,33,0,1,1,1,0,1,1,4.9908,4.9908,4.9908,4.9908,2.9084,7.0640,1621.1173,1661.0786,1611.7683,1690.4551,1288.5502,1167.0601,0,on,1,1.5000
1786347129.806060,1,1,,1631.0000,1673.0000,1604.0000,1712.0000,1283.0000,1115.0000,53.109,44.800,58.511,37.037,43.806,92.231,1620,1662,1610,1689,1290,1190,0,0,0,0,24,35,1,1,1,0,1,1,4.9908,4.9908,4.9908,4.9908,2.9084,7.0640,1621.1173,1661.0786,1611.7683,1690.4551,1288.5502,1167.0601,0,on,1,1.5000
1786347129.842071,1,1,,1626.0000,1673.0000,1605.0000,1712.0000,1283.0000,1112.0000,54.208,44.777,58.448,36.925,43.580,92.654,1620,1662,1610,1689,1289,1187,0,0,0,0,18,37,1,1,1,0,1,1,4.9908,4.9908,4.9908,4.9908,2.9084,7.0640,1621.1173,1661.0786,1611.7683,1690.4551,1288.5502,1150.6149,1,on,1,1.5000
1786347129.874092,1,1,,1625.0000,1679.0000,1600.0000,1712.0000,1287.0000,1123.0000,54.384,43.528,59.395,36.918,42.183,91.110,1621,1662,1610,1689,1288,1185,0,0,0,0,0,32,1,1,1,0,1,1,4.9908,4.9908,4.9908,4.9908,2.9084,7.0640,1621.1173,1661.0786,1611.7683,1698.0084,1288.5502,1150.6149,1,on,1,1.5000
1786347129.906091,1,1,,1611.0000,1668.0000,1596.0000,1713.0000,1301.0000,1144.0000,57.280,45.840,60.221,36.703,37.381,88.196,1621,1662,1610,1689,1289,1182,0,0,0,0,0,71,1,1,1,0,1,1,4.9908,4.9908,4.9908,4.9908,2.9084,7.0640,1621.1173,1661.0786,1611.7683,1698.0084,1288.5502,1150.6149,0,on,1,1.5000
1786347129.942085,1,1,,1594.0000,1652.0000,1609.0000,1714.0000,1300.0000,1177.0000,60.651,48.880,57.562,36.573,37.712,83.560,1620,1662,1610,1689,1289,1168,0,0,0,23,0,0,1,1,1,0,1,1,4.9908,4.9908,4.9908,4.9908,2.9084,7.0640,1621.1173,1661.0786,1611.7683,1698.0084,1288.5502,1150.6149,0,on,1,1.5000
1786347129.974090,1,1,,1592.0000,1643.0000,1633.0000,1713.0000,1282.0000,1195.0000,60.941,50.802,52.775,36.738,43.919,80.911,1620,1662,1610,1692,1289,1162,0,0,0,0,0,43,1,1,1,0,1,1,4.9908,4.9908,4.9908,4.9908,2.9084,7.0640,1621.1173,1661.0786,1611.7683,1698.0084,1288.5502,1150.6149,0,on,1,1.5000
1786347130.005974,1,1,,1616.0000,1673.0000,1687.0000,1713.0000,1284.0000,1313.0000,56.090,44.679,41.908,36.760,43.303,64.275,1620,1662,1610,1692,1289,1158,0,0,0,28,0,0,1,1,1,0,1,1,4.9908,4.9908,4.9908,4.9908,2.9084,7.0640,1621.1173,1661.0786,1611.7683,1698.0084,1288.5502,1186.0636,1,on,1,1.5000
1786347130.042116,1,1,,1683.0000,1712.0000,1689.0000,1691.0000,1304.0000,1477.0000,42.854,36.859,41.551,41.073,36.276,41.025,1620,1662,1610,1699,1289,1158,0,0,0,0,0,31,1,1,1,1,1,0,4.9908,4.9908,4.9908,4.9908,2.9084,7.0640,1621.1173,1661.0786,1628.3220,1698.0084,1288.5502,1295.5217,1,on,1,1.5000
1786347130.074123,1,1,,1687.0000,1710.0000,1703.0000,1655.0000,1318.0000,1495.0000,42.000,37.258,38.847,48.306,31.550,38.467,1620,1662,1610,1699,1289,1158,0,0,0,0,0,15,1,1,0,1,1,0,4.9908,4.9908,4.9908,4.9908,2.9084,7.0640,1629.5867,1671.2726,1641.1368,1698.0084,1288.5502,1368.7389,1,on,1,1.5000
1786347130.106104,1,1,,1721.0000,1704.0000,1702.0000,1647.0000,1312.0000,1576.0000,35.148,38.513,38.913,50.006,33.702,27.014,1621,1662,1610,1699,1289,1158,0,0,29,0,0,81,0,0,0,1,1,0,4.9908,4.9908,4.9908,4.9908,2.9084,7.0640,1645.5779,1671.2726,1651.4669,1698.0084,1288.5502,1447.7312,1,on,1,1.5000
1786347130.142061,1,1,,1735.0000,1697.0000,1690.0000,1628.0000,1316.0000,1606.0000,32.400,39.981,41.368,53.790,32.211,22.756,1620,1664,1610,1698,1289,1180,24,17,67,0,0,95,0,0,0,0,1,0,4.9908,4.9908,4.9908,4.9908,2.9084,7.0640,1664.2517,1671.2726,1651.4669,1683.2899,1288.5502,1507.3976,1,on,1,1.5000
1786347130.179239,1,1,,1723.0000,1685.0000,1678.0000,1627.0000,1314.0000,1607.0000,34.671,42.450,43.753,53.886,33.029,22.574,1621,1668,1636,1699,1289,1230,36,19,22,0,0,100,0,0,0,1,1,0,4.9908,4.9908,4.9908,4.9908,2.9084,7.0640,1675.4641,1671.2726,1659.8875,1674.6437,1294.0052,1539.7113,1,on,1,1.5000
1786347130.206109,1,1,,1747.0000,1666.0000,1669.0000,1617.0000,1315.0000,1614.0000,30.013,46.234,45.568,56.052,32.630,21.662,1629,1669,1638,1699,1289,1256,68,20,15,12,0,80,0,0,0,1,0,0,4.9908,4.9908,4.9908,4.9908,2.9084,7.0640,1687.1751,1671.2726,1659.8875,1666.9212,1294.0052,1557.0588,1,on,1,1.5000
1786347130.242108,1,1,,1739.0000,1660.0000,1658.0000,1621.0000,1312.0000,1602.0000,31.495,47.288,47.803,55.218,33.684,23.381,1648,1671,1641,1696,1289,1285,76,13,15,27,0,79,0,1,0,1,0,0,4.9908,4.9908,4.9908,4.9908,2.9084,7.0640,1696.5342,1671.2726,1659.8875,1666.9212,1294.0052,1557.0588,1,on,1,1.5000
1786347130.274089,1,1,,1747.0000,1645.0000,1648.0000,1618.0000,1315.0000,1591.0000,30.013,50.286,49.700,55.839,32.724,24.958,1670,1672,1645,1683,1289,1314,45,0,20,29,0,94,0,1,0,1,0,0,4.9908,4.9908,4.9908,4.9908,2.9084,7.0640,1704.3650,1671.2726,1659.8875,1654.2765,1294.0052,1570.7089,1,on,1,1.5000
1786347130.305979,1,1,,1749.0000,1633.0000,1637.0000,1614.0000,1311.0000,1582.0000,29.521,52.794,51.936,56.591,34.094,26.229,1680,1672,1647,1677,1289,1332,74,0,30,8,13,86,0,1,0,1,0,0,4.9908,4.9908,4.9908,4.9908,2.9084,7.0640,1704.3650,1671.2726,1659.8875,1654.2765,1298.4687,1570.7089,1,on,1,1.5000
1786347130.342113,1,1,,1746.0000,1636.0000,1642.0000,1629.0000,1316.0000,1586.0000,30.146,52.083,50.986,53.660,32.169,25.615,1693,1672,1654,1674,1289,1358,0,0,14,13,23,83,0,1,0,1,0,0,4.9908,4.9908,4.9908,4.9908,2.9084,7.0640,1715.6068,1671.2726,1659.8875,1654.2765,1298.4687,1570.7089,1,on,1,1.5000
1786347130.374067,1,1,,1733.0000,1643.0000,1647.0000,1627.0000,1317.0000,1565.0000,32.711,50.823,49.917,53.999,32.027,28.638,1696,1672,1655,1670,1291,1385,29,0,0,19,32,78,0,1,0,1,0,0,4.9908,4.9908,4.9908,4.9908,2.9084,7.0640,1715.6068,1671.2726,1659.8875,1645.2851,1298.4687,1570.7089,1,on,1,1.5000
1786347130.405893,1,1,,1742.0000,1642.0000,1646.0000,1622.0000,1318.0000,1557.0000,30.912,51.049,50.101,55.016,31.775,29.674,1699,1672,1656,1667,1294,1412,55,0,0,29,18,83,0,1,0,1,0,0,4.9908,4.9908,4.9908,4.9908,2.9084,7.0640,1715.6068,1663.3076,1659.8875,1645.2851,1298.4687,1570.7089,1,on,1,1.5000
1786347130.442084,1,1,,1754.0000,1636.0000,1641.0000,1613.0000,1316.0000,1539.0000,28.573,52.255,51.105,56.738,32.450,32.207,1708,1672,1656,1659,1294,1433,44,0,0,20,0,92,0,1,0,1,0,0,4.9908,4.9908,4.9908,4.9908,2.9084,7.0640,1715.6068,1663.3076,1659.8875,1645.2851,1298.4687,1570.7089,0,on,1,1.5000
1786347130.473974,1,1,,1756.0000,1636.0000,1637.0000,1613.0000,1317.0000,1523.0000,28.133,52.082,51.978,56.783,31.813,34.514,1711,1672,1656,1655,1295,1460,24,0,0,23,20,91,0,1,0,1,0,0,4.9908,4.9908,4.9908,4.9908,2.9084,7.0640,1726.2326,1663.3076,1659.8875,1645.2851,1303.2754,1570.7089,1,on,1,1.5000
1786347130.506069,1,1,,1766.0000,1633.0000,1635.0000,1610.0000,1317.0000,1508.0000,26.089,52.777,52.417,57.333,31.804,36.693,1712,1672,1656,1653,1297,1477,29,24,0,0,24,78,0,1,0,1,0,0,4.9908,4.9908,4.9908,4.9908,2.9084,7.0640,1726.2326,1663.3076,1659.8875,1635.7261,1303.2754,1558.8574,1,on,1,1.5000
1786347130.542089,1,1,,1776.0000,1626.0000,1634.0000,1605.0000,1317.0000,1476.0000,24.199,54.231,52.592,58.467,32.095,41.197,1714,1672,1656,1653,1298,1505,41,19,0,21,12,86,0,1,0,1,0,0,4.9908,4.9908,4.9908,4.9908,2.9084,7.0640,1736.2139,1653.8107,1659.8875,1635.7261,1303.2754,1544.2847,1,on,1,1.5000
1786347130.574095,1,1,,1774.0000,1630.0000,1631.0000,1601.0000,1317.0000,1460.0000,24.560,53.332,53.096,59.219,32.106,43.374,1719,1670,1656,1648,1299,1532,25,22,0,15,0,77,0,1,0,1,0,0,4.9908,4.9908,4.9908,4.9908,2.9084,7.0640,1736.2139,1653.8107,1651.2381,1635.7261,1303.2754,1528.6573,1,on,1,1.5000
1786347130.605937,1,1,,1771.0000,1635.0000,1639.0000,1609.0000,1321.0000,1463.0000,25.110,52.332,51.664,57.548,30.641,43.058,1719,1666,1655,1647,1299,1541,13,66,0,0,23,22,0,1,1,1,0,1,4.9908,4.9908,4.9908,4.9908,2.9084,7.0640,1743.7255,1653.8107,1651.2381,1628.0807,1303.2754,1516.7326,1,on,1,1.5000
1786347130.642077,1,1,,1772.0000,1636.0000,1638.0000,1607.0000,1321.0000,1454.0000,25.023,52.250,51.806,57.994,30.579,44.300,1722,1656,1656,1647,1301,1541,18,13,0,0,17,16,0,1,1,1,0,1,4.9908,4.9908,4.9908,4.9908,2.9084,7.0640,1743.7255,1653.8107,1651.2381,1628.0807,1303.2754,1504.9524,1,on,1,1.5000
1786347130.674103,1,1,,1774.0000,1635.0000,1637.0000,1604.0000,1320.0000,1446.0000,24.504,52.406,51.922,58.610,30.988,45.451,1726,1655,1655,1644,1303,1536,31,0,13,28,0,22,0,1,1,1,1,1,4.9908,4.9908,4.9908,4.9908,2.9084,7.0640,1743.7255,1653.8107,1651.2381,1628.0807,1303.2754,1504.9524,0,on,1,1.5000
1786347130.706088,1,1,,1773.0000,1637.0000,1635.0000,1599.0000,1321.0000,1440.0000,24.795,52.033,52.412,59.544,30.761,46.300,1730,1655,1655,1638,1303,1529,23,0,15,22,0,28,0,1,1,1,1,1,4.9908,4.9908,4.9908,4.9908,2.9084,7.0640,1751.2343,1653.8107,1651.2381,1628.0807,1308.2414,1486.2006,1,on,1,1.5000
1786347130.742078,1,1,,1766.0000,1636.0000,1633.0000,1604.0000,1317.0000,1455.0000,26.078,52.216,52.681,58.620,31.863,44.172,1731,1655,1655,1634,1303,1519,13,0,21,0,0,42,0,1,1,1,0,1,4.9908,4.9908,4.9908,4.9908,2.9084,7.0640,1751.2343,1653.8107,1651.2381,1628.0807,1308.2414,1486.2006,0,on,1,1.5000
1786347130.774110,1,1,,1749.0000,1642.0000,1637.0000,1613.0000,1312.0000,1495.0000,29.631,50.915,51.985,56.728,33.671,38.554,1731,1655,1653,1633,1303,1513,27,0,16,0,0,34,0,1,1,1,0,1,4.9908,4.9908,4.9908,4.9908,2.9084,7.0640,1751.2343,1653.8107,1651.2381,1628.0807,1308.2414,1486.2006,0,on,1,1.5000
1786347130.811309,1,1,,1733.0000,1673.0000,1667.0000,1635.0000,1310.0000,1527.0000,32.651,44.845,45.954,52.465,34.482,33.884,1734,1655,1650,1633,1303,1505,27,0,0,0,0,15,0,1,1,1,0,1,4.9908,4.9908,4.9908,4.9908,2.9084,7.0640,1751.2343,1653.8107,1651.2381,1628.0807,1308.2414,1486.2006,0,on,1,1.5000
1786347130.841902,1,1,,1726.0000,1715.0000,1716.0000,1657.0000,1313.0000,1535.0000,34.132,36.343,36.101,47.979,33.354,32.879,1736,1655,1650,1633,1303,1502,22,0,0,0,0,20,0,1,1,1,0,1,4.9908,4.9908,4.9908,4.9908,2.9084,7.0640,1751.2343,1653.8107,1651.2381,1628.0807,1308.2414,1486.2006,0,on,1,1.5000
1786347130.874078,1,1,,1676.0000,1687.0000,1711.0000,1671.0000,1281.0000,1377.0000,44.262,41.871,37.219,45.092,44.314,55.231,1736,1655,1650,1632,1303,1496,26,0,0,13,14,18,0,1,1,1,0,1,4.9908,4.9908,4.9908,4.9908,2.9084,7.0640,1741.5172,1653.8107,1661.3272,1628.0807,1308.2414,1486.2006,1,on,1,1.5000
1786347130.906116,1,1,,1608.0000,1649.0000,1625.0000,1675.0000,1300.0000,1242.0000,57.694,49.658,54.283,44.349,37.666,74.367,1737,1655,1650,1630,1303,1494,15,0,0,0,11,22,0,1,0,1,0,1,4.9908,4.9908,4.9908,4.9908,2.9084,7.0640,1713.3080,1653.8107,1661.3272,1628.0807,1308.2414,1409.9810,1,on,1,1.5000
1786347130.942236,1,1,,1560.0000,1629.0000,1594.0000,1717.0000,1306.0000,1171.0000,67.503,53.610,60.673,35.997,35.791,84.341,1737,1655,1650,1629,1304,1488,29,25,44,0,24,20,1,1,0,1,0,1,4.9908,4.9908,4.9908,4.9908,2.9084,7.0640,1670.0654,1653.8107,1661.3272,1647.3291,1308.2414,1320.5084,1,on,1,1.5000
1786347130.974082,1,1,,1551.0000,1632.0000,1584.0000,1705.0000,1307.0000,1195.0000,69.236,52.902,62.629,38.354,35.238,80.943,1735,1655,1657,1629,1305,1481,32,19,10,0,26,63,1,1,0,0,0,1,4.9908,4.9908,4.9908,4.9908,2.9084,7.0640,1638.3472,1653.8107,1645.1836,1656.3913,1308.2414,1280.2180,1,on,1,1.5000
1786347131.005989,1,1,,1568.0000,1631.0000,1576.0000,1701.0000,1296.0000,1199.0000,65.797,53.134,64.105,39.123,39.037,80.323,1730,1653,1658,1629,1306,1462,89,0,0,0,17,103,1,1,1,0,0,1,4.9908,4.9908,4.9908,4.9908,2.9084,7.0640,1621.9171,1653.8107,1634.4132,1656.3913,1308.2414,1257.8151,1,on,1,1.5000
1786347131.047217,1,1,,1588.0000,1643.0000,1580.0000,1709.0000,1290.0000,1199.0000,61.751,50.758,63.339,37.545,41.239,80.328,1713,1653,1657,1630,1307,1432,133,0,27,34,0,102,1,1,1,0,0,1,4.9908,4.9908,4.9908,4.9908,2.9084,7.0640,1621.9171,1653.8107,1624.9476,1670.2024,1308.2414,1242.8154,1,on,1,1.5000
1786347131.073935,1,1,,1614.0000,1651.0000,1590.0000,1703.0000,1286.0000,1184.0000,56.561,49.120,61.414,38.690,42.496,82.525,1694,1653,1652,1639,1307,1403,115,0,30,11,0,96,1,1,1,0,0,1,4.9908,4.9908,4.9908,4.9908,2.9084,7.0640,1621.9171,1653.8107,1624.9476,1670.2024,1308.2414,1242.8154,0,on,1,1.5000
1786347131.105961,1,1,,1618.0000,1665.0000,1603.0000,1710.0000,1284.0000,1188.0000,55.782,46.435,58.874,37.279,43.482,81.963,1674,1653,1645,1647,1307,1378,99,0,33,19,0,91,1,1,1,0,0,1,4.9908,4.9908,4.9908,4.9908,2.9084,7.0640,1621.9171,1653.8107,1624.9476,1677.9448,1308.2414,1224.9574,1,on,1,1.5000
1786347131.142075,1,1,,1622.0000,1673.0000,1594.0000,1707.0000,1273.0000,1171.0000,55.054,44.833,60.570,37.876,46.998,84.325,1648,1653,1636,1658,1307,1349,90,0,0,35,0,90,1,1,1,0,0,1,4.9908,4.9908,4.9908,4.9908,2.9084,7.0640,1621.9171,1653.8107,1616.5845,1677.9448,1301.3233,1224.9574,1,on,1,1.5000
1786347131.174078,1,1,,1607.0000,1666.0000,1591.0000,1709.0000,1281.0000,1164.0000,58.019,46.107,61.174,37.484,44.180,85.337,1631,1653,1634,1667,1307,1322,0,0,37,0,0,92,1,1,1,0,1,1,4.9908,4.9908,4.9908,4.9908,2.9084,7.0640,1621.9171,1653.8107,1616.5845,1677.9448,1301.3233,1207.8130,1,on,1,1.5000
1786347131.206080,1,1,,1602.0000,1665.0000,1592.0000,1715.0000,1285.0000,1165.0000,58.973,46.460,60.907,36.298,43.136,85.213,1630,1653,1628,1669,1307,1294,35,0,58,27,0,82,1,1,1,0,1,1,4.9908,4.9908,4.9908,4.9908,2.9084,7.0640,1621.9171,1653.8107,1616.5845,1686.9045,1301.3233,1207.8130,1,on,1,1.5000
1786347131.241968,1,1,,1603.0000,1666.0000,1592.0000,1722.0000,1277.0000,1161.0000,58.821,46.232,61.045,35.045,45.559,85.776,1627,1653,1619,1671,1307,1270,23,0,13,0,0,95,1,1,1,0,1,1,4.9908,4.9908,4.9908,4.9908,2.9084,7.0640,1614.0609,1653.8107,1616.5845,1686.9045,1301.3233,1196.0848,1,on,1,1.5000
1786347131.274123,1,1,,1595.0000,1658.0000,1589.0000,1719.0000,1281.0000,1161.0000,60.334,47.840,61.635,35.613,44.451,85.833,1626,1653,1617,1673,1307,1243,0,0,0,0,13,94,1,1,1,0,1,1,4.9908,4.9908,4.9908,4.9908,2.9084,7.0640,1614.0609,1653.8107,1616.5845,1686.9045,1296.3000,1196.0848,1,on,1,1.5000
1786347131.306147,1,1,,1606.0000,1665.0000,1586.0000,1723.0000,1280.0000,1165.0000,58.154,46.446,62.206,34.789,44.656,85.161,1624,1653,1617,1673,1307,1226,46,0,0,0,34,96,1,1,1,0,1,1,4.9908,4.9908,4.9908,4.9908,2.9084,7.0640,1614.0609,1653.8107,1607.5489,1696.1309,1296.3000,1196.0848,1,on,1,1.5000
1786347131.342099,1,1,,1610.0000,1664.0000,1589.0000,1722.0000,1279.0000,1157.0000,57.309,46.505,61.602,35.030,45.134,86.264,1620,1653,1617,1673,1305,1209,30,0,24,58,52,20,1,1,1,0,1,1,4.9908,4.9908,4.9908,4.9908,2.9084,7.0640,1614.0609,1653.8107,1607.5489,1696.1309,1296.3000,1196.0848,0,on,1,1.5000
1786347131.374111,1,1,,1609.0000,1665.0000,1584.0000,1715.0000,1280.0000,1156.0000,57.516,46.309,62.667,36.372,44.831,86.459,1619,1653,1613,1681,1302,1205,29,0,24,19,39,30,1,1,1,0,1,1,4.9908,4.9908,4.9908,4.9908,2.9084,7.0640,1614.0609,1653.8107,1607.5489,1696.1309,1296.3000,1182.7892,1,on,1,1.5000
1786347131.406122,1,1,,1616.0000,1674.0000,1592.0000,1725.0000,1279.0000,1147.0000,56.228,44.499,61.004,34.325,44.959,87.701,1616,1653,1609,1687,1300,1204,26,0,18,27,0,31,1,1,1,0,1,1,4.9908,4.9908,4.9908,4.9908,2.9084,7.0640,1614.0609,1653.8107,1607.5489,1696.1309,1296.3000,1182.7892,0,on,1,1.5000
1786347131.442115,1,1,,1613.0000,1669.0000,1590.0000,1726.0000,1282.0000,1149.0000,56.814,45.556,61.474,34.182,44.094,87.468,1614,1653,1606,1692,1299,1202,21,0,0,0,29,24,1,1,1,0,1,1,4.9908,4.9908,4.9908,4.9908,2.9084,7.0640,1614.0609,1653.8107,1607.5489,1703.7633,1296.3000,1182.7892,1,on,1,1.5000
1786347131.474101,1,1,,1613.0000,1672.0000,1593.0000,1723.0000,1284.0000,1142.0000,56.728,44.907,60.800,34.762,43.432,88.390,1614,1653,1606,1692,1298,1202,20,0,0,0,23,31,1,1,1,0,1,1,4.9908,4.9908,4.9908,4.9908,2.9084,7.0640,1614.0609,1653.8107,1607.5489,1703.7633,1291.8357,1182.7892,1,on,1,1.5000
1786347131.506127,1,1,,1619.0000,1679.0000,1598.0000,1717.0000,1285.0000,1131.0000,55.617,43.519,59.719,35.858,43.144,89.958,1613,1653,1606,1694,1297,1201,0,0,0,19,25,26,1,1,1,0,1,1,4.9908,4.9908,4.9908,4.9908,2.9084,7.0640,1614.0609,1653.8107,1607.5489,1703.7633,1291.8357,1168.0338,1,on,1,1.5000
1786347131.542094,1,1,,1616.0000,1677.0000,1597.0000,1714.0000,1287.0000,1132.0000,56.176,43.989,59.928,36.542,42.313,89.843,1613,1653,1606,1701,1296,1199,0,0,0,0,16,68,1,1,1,0,1,1,4.9908,4.9908,4.9908,4.9908,2.9084,7.0640,1614.0609,1653.8107,1607.5489,1703.7633,1291.8357,1168.0338,0,on,1,1.5000
1786347131.573986,1,1,,1610.0000,1671.0000,1597.0000,1711.0000,1285.0000,1138.0000,57.453,45.250,59.996,37.094,42.978,89.047,1613,1653,1606,1701,1295,1190,0,0,0,0,13,44,1,1,1,0,1,1,4.9908,4.9908,4.9908,4.9908,2.9084,7.0640,1614.0609,1661.3161,1607.5489,1703.7633,1291.8357,1168.0338,1,on,1,1.5000
1786347131.606084,1,1,,1612.0000,1672.0000,1600.0000,1716.0000,1285.0000,1158.0000,56.932,44.917,59.455,36.170,42.877,86.198,1613,1653,1606,1701,1295,1185,0,0,0,0,13,38,1,0,1,0,1,1,4.9908,4.9908,4.9908,4.9908,2.9084,7.0640,1614.0609,1661.3161,1607.5489,1703.7633,1291.8357,1168.0338,0,on,1,1.5000
1786347131.642075,1,1,,1600.0000,1662.0000,1598.0000,1703.0000,1290.0000,1201.0000,59.475,46.976,59.844,38.734,41.378,80.104,1613,1653,1606,1701,1295,1182,0,16,0,0,0,50,1,0,1,0,1,1,4.9908,4.9908,4.9908,4.9908,2.9084,7.0640,1614.0609,1661.3161,1607.5489,1703.7633,1291.8357,1168.0338,0,on,1,1.5000
1786347131.673974,1,1,,1592.0000,1660.0000,1604.0000,1700.0000,1277.0000,1214.0000,60.996,47.274,58.510,39.430,45.682,78.245,1613,1653,1606,1701,1295,1179,0,30,0,0,0,30,1,0,1,0,1,1,4.9908,4.9908,4.9908,4.9908,2.9084,7.0640,1614.0609,1661.3161,1607.5489,1703.7633,1291.8357,1168.0338,0,on,1,1.5000
1786347131.705971,1,1,,1594.0000,1657.0000,1609.0000,1709.0000,1267.0000,1234.0000,60.652,48.032,57.627,37.602,49.228,75.411,1613,1659,1606,1701,1295,1175,0,12,0,8,0,43,1,0,1,0,1,1,4.9908,4.9908,4.9908,4.9908,2.9084,7.0640,1614.0609,1661.3161,1607.5489,1703.7633,1291.8357,1168.0338,0,on,1,1.5000
1786347131.748264,1,1,,1593.0000,1657.0000,1607.0000,1713.0000,1253.0000,1235.0000,60.892,47.986,57.898,36.831,54.128,75.280,1613,1661,1606,1703,1295,1173,0,0,0,13,0,19,1,1,1,0,1,1,4.9908,4.9908,4.9908,4.9908,2.9084,7.0640,1614.0609,1661.3161,1607.5489,1703.7633,1285.8911,1185.6183,1,on,1,1.5000
1786347131.774099,1,1,,1608.0000,1673.0000,1617.0000,1697.0000,1233.0000,1218.0000,57.808,44.799,56.011,39.986,61.009,77.680,1613,1661,1606,1703,1295,1173,0,0,0,0,0,21,1,1,1,0,1,0,4.9908,4.9908,4.9908,4.9908,2.9084,7.0640,1614.0609,1661.3161,1607.5489,1703.7633,1280.7980,1185.6183,1,on,1,1.5000
1786347131.806102,1,1,,1610.0000,1663.0000,1610.0000,1698.0000,1226.0000,1217.0000,57.365,46.840,57.349,39.770,63.107,77.799,1613,1661,1606,1703,1294,1173,0,0,0,0,31,16,1,1,1,0,1,0,4.9908,4.9908,4.9908,4.9908,2.9084,7.0640,1614.0609,1661.3161,1607.5489,1703.7633,1273.4697,1185.6183,1,on,1,1.5000
1786347131.841956,1,1,,1606.0000,1660.0000,1606.0000,1698.0000,1227.0000,1217.0000,58.162,47.422,58.288,39.769,62.889,77.769,1613,1661,1606,1703,1291,1173,0,0,0,0,40,43,1,1,1,0,1,0,4.9908,4.9908,4.9908,4.9908,2.9084,7.0640,1614.0609,1661.3161,1607.5489,1703.7633,1266.8706,1185.6183,1,on,1,1.5000
1786347131.873993,1,1,,1611.0000,1663.0000,1606.0000,1695.0000,1224.0000,1211.0000,57.254,46.765,58.155,40.394,63.902,78.749,1613,1661,1606,1703,1288,1177,0,0,0,0,48,21,1,1,1,0,1,0,4.9908,4.9908,4.9908,4.9908,2.9084,7.0640,1614.0609,1661.3161,1607.5489,1703.7633,1261.3929,1185.6183,1,on,1,1.5000
1786347131.906094,1,1,,1606.0000,1657.0000,1600.0000,1689.0000,1221.0000,1196.0000,58.187,47.887,59.407,41.585,65.071,80.880,1613,1661,1606,1704,1286,1180,0,0,0,0,47,14,1,1,1,1,1,0,4.9908,4.9908,4.9908,4.9908,2.9084,7.0640,1614.0609,1661.3161,1607.5489,1703.7633,1256.3578,1185.6183,1,on,1,1.5000
1786347131.942114,1,1,,1614.0000,1659.0000,1599.0000,1699.0000,1220.0000,1185.0000,56.518,47.595,59.551,39.532,65.395,82.325,1613,1661,1606,1703,1282,1183,0,0,0,0,53,0,1,1,1,0,1,0,4.9908,4.9908,4.9908,4.9908,2.9084,7.0640,1614.0609,1661.3161,1607.5489,1703.7633,1251.7948,1185.6183,1,on,1,1.5000
1786347131.974093,1,1,,1619.0000,1662.0000,1603.0000,1694.0000,1222.0000,1163.0000,55.633,46.877,58.695,40.626,64.614,85.454,1613,1661,1606,1704,1278,1184,0,0,0,0,48,0,1,1,1,1,1,1,4.9908,4.9908,4.9908,4.9908,2.9084,7.0640,1614.0609,1661.3161,1607.5489,1703.7633,1251.7948,1185.6183,0,on,1,1.5000
1786347132.006099,1,1,,1615.0000,1669.0000,1602.0000,1701.0000,1218.0000,1154.0000,56.376,45.565,58.896,39.216,66.136,86.826,1613,1661,1606,1703,1275,1184,0,0,0,0,53,0,1,1,1,0,1,1,4.9908,4.9908,4.9908,4.9908,2.9084,7.0640,1614.0609,1661.3161,1607.5489,1703.7633,1245.5820,1185.6183,1,on,1,1.5000
1786347132.041916,1,1,,1613.0000,1678.0000,1606.0000,1704.0000,1218.0000,1135.0000,56.831,43.811,58.100,38.454,66.023,89.383,1613,1661,1606,1703,1271,1184,0,0,0,0,40,0,1,1,1,0,1,1,4.9908,4.9908,4.9908,4.9908,2.9084,7.0640,1614.0609,1661.3161,1607.5489,1703.7633,1245.5820,1185.6183,0,on,1,1.5000
1786347132.074095,1,1,,1626.0000,1679.0000,1601.0000,1707.0000,1198.0000,1147.0000,54.131,43.616,59.131,37.908,72.858,87.703,1613,1661,1606,1704,1268,1184,0,0,0,0,37,0,1,1,1,1,1,1,4.9908,4.9908,4.9908,4.9908,2.9084,7.0640,1614.0609,1661.3161,1607.5489,1703.7633,1237.8759,1185.6183,1,on,1,1.5000
1786347132.106088,1,1,,1632.0000,1685.0000,1602.0000,1713.0000,1191.0000,1143.0000,53.046,42.403,58.941,36.812,75.289,88.305,1613,1661,1606,1703,1266,1184,0,0,0,0,43,0,1,1,1,0,1,1,4.9908,4.9908,4.9908,4.9908,2.9084,7.0640,1614.0609,1661.3161,1607.5489,1703.7633,1232.1888,1185.6183,1,on,1,1.5000
1786347132.142076,1,1,,1630.0000,1685.0000,1600.0000,1725.0000,1202.0000,1140.0000,53.389,42.441,59.383,34.366,71.593,88.678,1613,1661,1606,1704,1263,1184,0,0,0,0,46,0,1,1,1,1,1,1,4.9908,4.9908,4.9908,4.9908,2.9084,7.0640,1614.0609,1661.3161,1607.5489,1703.7633,1232.1888,1171.4910,1,on,1,1.5000
1786347132.174077,1,1,,1643.0000,1688.0000,1603.0000,1723.0000,1191.0000,1133.0000,50.820,41.749,58.748,34.792,75.336,89.695,1613,1661,1606,1704,1260,1184,0,0,0,0,44,0,1,1,1,1,1,1,4.9908,4.9908,4.9908,4.9908,2.9084,7.0640,1614.0609,1661.3161,1607.5489,1703.7633,1224.5653,1171.4910,1,on,1,1.5000
1786347132.206055,1,1,,1645.0000,1693.0000,1601.0000,1721.0000,1189.0000,1139.0000,50.464,40.712,59.180,35.118,76.128,88.945,1613,1661,1606,1703,1256,1184,0,0,0,0,41,37,1,1,1,0,1,1,4.9908,4.9908,4.9908,4.9908,2.9084,7.0640,1614.0609,1669.2335,1607.5489,1703.7633,1224.5653,1171.4910,1,on,1,1.5000
1786347132.242082,1,1,,1640.0000,1692.0000,1606.0000,1719.0000,1192.0000,1142.0000,51.282,41.044,58.233,35.450,75.030,88.444,1613,1661,1606,1703,1253,1184,0,0,0,0,45,26,1,0,1,0,1,1,4.9908,4.9908,4.9908,4.9908,2.9084,7.0640,1614.0609,1669.2335,1607.5489,1703.7633,1217.6152,1171.4910,1,on,1,1.5000
1786347132.274082,1,1,,1648.0000,1700.0000,1613.0000,1717.0000,1172.0000,1149.0000,49.817,39.258,56.876,35.994,81.791,87.450,1613,1662,1606,1704,1249,1180,0,23,0,0,38,65,1,0,1,1,1,1,4.9908,4.9908,4.9908,4.9908,2.9084,7.0640,1621.7225,1669.2335,1607.5489,1703.7633,1212.4530,1171.4910,1,on,1,1.5000
1786347132.306139,1,1,,1651.0000,1701.0000,1616.0000,1714.0000,1164.0000,1143.0000,49.125,39.216,56.197,36.482,84.597,88.306,1613,1666,1606,1704,1247,1176,0,12,0,0,38,34,0,0,1,1,1,1,4.9908,4.9908,4.9908,4.9908,2.9084,7.0640,1621.7225,1669.2335,1607.5489,1703.7633,1206.3833,1160.1034,1,on,1,1.5000
1786347132.341937,1,1,,1649.0000,1700.0000,1613.0000,1715.0000,1169.0000,1143.0000,49.577,39.294,56.687,36.289,82.774,88.334,1613,1667,1606,1704,1245,1176,18,0,0,0,42,45,0,0,1,1,1,1,4.9908,4.9908,4.9908,4.9908,2.9084,7.0640,1621.7225,1677.8191,1607.5489,1703.7633,1201.6454,1160.1034,1,on,1,1.5000
1786347132.374118,1,1,,1648.0000,1698.0000,1618.0000,1723.0000,1184.0000,1129.0000,49.675,39.715,55.834,34.647,77.592,90.267,1613,1667,1606,1704,1242,1176,27,0,0,0,50,0,0,0,1,1,1,1,4.9908,4.9908,4.9908,4.9908,2.9084,7.0640,1621.7225,1677.8191,1607.5489,1703.7633,1201.6454,1160.1034,0,on,1,1.5000
1786347132.406121,1,1,,1648.0000,1696.0000,1612.0000,1712.0000,1172.0000,1143.0000,49.845,40.159,57.076,37.047,81.808,88.371,1618,1668,1606,1703,1238,1171,14,34,0,0,46,45,0,0,1,0,1,1,4.9908,4.9908,4.9908,4.9908,2.9084,7.0640,1629.5915,1677.8191,1607.5489,1703.7633,1201.6454,1160.1034,1,on,1,1.5000
1786347132.442104,1,1,,1650.0000,1696.0000,1610.0000,1708.0000,1172.0000,1147.0000,49.346,40.145,57.388,37.828,81.989,87.695,1619,1675,1606,1703,1235,1169,0,21,0,0,40,8,0,0,1,0,1,1,4.9908,4.9908,4.9908,4.9908,2.9084,7.0640,1629.5915,1677.8191,1607.5489,1703.7633,1195.1187,1160.1034,1,on,1,1.5000
1786347132.479244,1,1,,1636.0000,1690.0000,1613.0000,1706.0000,1186.0000,1146.0000,52.133,41.375,56.881,38.110,77.170,87.933,1620,1678,1606,1703,1232,1168,31,0,0,0,47,41,0,1,1,0,1,1,4.9908,4.9908,4.9908,4.9908,2.9084,7.0640,1629.5915,1677.8191,1607.5489,1703.7633,1195.1187,1160.1034,0,on,1,1.5000
1786347132.506258,1,1,,1618.0000,1671.0000,1604.0000,1695.0000,1203.0000,1171.0000,55.701,45.217,58.532,40.434,71.119,84.352,1623,1678,1606,1704,1229,1162,19,0,0,0,38,19,0,1,1,1,1,1,4.9908,4.9908,4.9908,4.9908,2.9084,7.0640,1629.5915,1677.8191,1607.5489,1703.7633,1195.1187,1160.1034,0,on,1,1.5000
1786347132.542095,1,1,,1617.0000,1669.0000,1604.0000,1694.0000,1211.0000,1183.0000,55.989,45.471,58.541,40.572,68.371,82.612,1628,1678,1606,1704,1226,1162,0,0,0,0,42,20,1,1,1,1,1,1,4.9908,4.9908,4.9908,4.9908,2.9084,7.0640,1629.5915,1677.8191,1607.5489,1703.7633,1195.1187,1160.1034,0,on,1,1.5000
1786347132.574097,1,1,,1611.0000,1671.0000,1604.0000,1686.0000,1215.0000,1208.0000,57.264,45.161,58.514,42.133,66.989,79.166,1628,1678,1606,1704,1224,1162,0,0,0,0,50,22,1,1,1,1,1,1,4.9908,4.9908,4.9908,4.9908,2.9084,7.0640,1629.5915,1677.8191,1607.5489,1703.7633,1195.1187,1160.1034,0,on,1,1.5000
1786347132.605973,1,1,,1624.0000,1673.0000,1607.0000,1672.0000,1205.0000,1226.0000,54.673,44.749,57.894,44.911,70.344,76.537,1628,1678,1606,1703,1220,1162,0,0,0,0,41,25,1,1,1,0,1,1,4.9908,4.9908,4.9908,4.9908,2.9084,7.0640,1629.5915,1677.8191,1607.5489,1703.7633,1195.1187,1160.1034,0,on,1,1.5000
1786347132.647253,1,1,,1620.0000,1670.0000,1604.0000,1668.0000,1202.0000,1235.0000,55.433,45.382,58.556,45.819,71.660,75.303,1628,1678,1606,1704,1217,1162,0,0,0,0,36,31,1,1,1,1,1,1,4.9908,4.9908,4.9908,4.9908,2.9084,7.0640,1629.5915,1677.8191,1607.5489,1703.7633,1195.1187,1181.0737,1,on,1,1.5000
1786347132.674089,1,1,,1612.0000,1673.0000,1607.0000,1661.0000,1177.0000,1240.0000,57.004,44.687,57.980,47.099,79.959,74.643,1628,1678,1606,1703,1214,1162,0,0,0,0,41,36,1,1,1,1,1,0,4.9908,4.9908,4.9908,4.9908,2.9084,7.0640,1629.5915,1677.8191,1607.5489,1703.7633,1195.1187,1181.0737,0,on,1,1.5000
1786347132.706132,1,1,,1622.0000,1665.0000,1611.0000,1650.0000,1169.0000,1273.0000,54.938,46.341,57.138,49.371,82.881,69.896,1628,1678,1606,1704,1212,1162,0,0,0,0,47,15,1,1,1,1,1,0,4.9908,4.9908,4.9908,4.9908,2.9084,7.0640,1629.5915,1677.8191,1607.5489,1691.1965,1195.1187,1204.6468,1,on,1,1.5000
1786347132.742093,1,1,,1624.0000,1665.0000,1615.0000,1645.0000,1175.0000,1286.0000,54.589,46.416,56.351,50.445,80.852,68.054,1628,1678,1606,1703,1208,1162,0,0,0,0,33,0,1,1,1,1,1,0,4.9908,4.9908,4.9908,4.9908,2.9084,7.0640,1629.5915,1677.8191,1607.5489,1691.1965,1195.1187,1221.4566,1,on,1,1.5000
1786347132.774087,1,1,,1623.0000,1667.0000,1613.0000,1634.0000,1169.0000,1308.0000,54.729,45.979,56.847,52.544,82.991,65.000,1628,1678,1606,1703,1207,1162,0,0,0,38,51,50,1,1,1,1,1,0,4.9908,4.9908,4.9908,4.9908,2.9084,7.0640,1629.5915,1677.8191,1607.5489,1678.2907,1195.1187,1238.9914,1,on,1,1.5000
1786347132.806099,1,1,,1622.0000,1668.0000,1618.0000,1618.0000,1168.0000,1313.0000,54.934,45.736,55.731,55.835,83.246,64.181,1628,1678,1606,1698,1203,1171,0,0,0,20,51,88,1,1,1,1,1,0,4.9908,4.9908,4.9908,4.9908,2.9084,7.0640,1629.5915,1677.8191,1607.5489,1669.3895,1190.0338,1253.7474,1,on,1,1.5000
1786347132.841967,1,1,,1604.0000,1661.0000,1622.0000,1589.0000,1147.0000,1349.0000,58.647,47.080,55.013,61.558,90.255,59.106,1628,1678,1606,1691,1200,1206,0,0,0,18,52,53,1,1,1,1,1,0,4.9908,4.9908,4.9908,4.9908,2.9084,7.0640,1629.5915,1677.8191,1607.5489,1654.5099,1185.5853,1275.3863,1,on,1,1.5000
1786347132.874105,1,1,,1614.0000,1666.0000,1616.0000,1558.0000,1159.0000,1372.0000,56.670,46.178,56.151,67.780,86.239,55.881,1628,1678,1606,1687,1196,1224,0,0,0,21,45,46,1,1,1,1,1,0,4.9908,4.9908,4.9908,4.9908,2.9084,7.0640,1629.5915,1677.8191,1607.5489,1635.0495,1185.5853,1296.8631,1,on,1,1.5000
1786347132.906120,1,1,,1625.0000,1671.0000,1621.0000,1525.0000,1142.0000,1366.0000,54.426,45.190,55.235,74.355,92.237,56.702,1628,1678,1606,1675,1194,1248,0,0,0,51,44,71,1,1,1,1,1,0,4.9908,4.9908,4.9908,4.9908,2.9084,7.0640,1629.5915,1677.8191,1607.5489,1609.7807,1178.8826,1311.0904,1,on,1,1.5000
1786347132.942062,1,1,,1613.0000,1652.0000,1602.0000,1492.0000,1161.0000,1391.0000,56.732,48.917,58.926,80.975,85.658,53.229,1628,1678,1606,1660,1191,1273,0,0,0,70,43,80,1,1,1,1,1,0,4.9908,4.9908,4.9908,4.9908,2.9084,7.0640,1629.5915,1677.8191,1607.5489,1578.8091,1178.8826,1328.4406,1,on,1,1.5000
1786347132.974106,1,1,,1614.0000,1654.0000,1618.0000,1461.0000,1182.0000,1400.0000,56.630,48.597,55.743,87.305,78.546,51.877,1628,1678,1606,1639,1188,1296,0,0,0,72,45,0,1,1,1,1,1,0,4.9908,4.9908,4.9908,4.9908,2.9084,7.0640,1629.5915,1677.8191,1607.5489,1548.5393,1178.8826,1342.3717,1,on,1,1.5000
1786347133.006132,1,1,,1617.0000,1658.0000,1620.0000,1464.0000,1191.0000,1386.0000,55.896,47.856,55.452,86.703,75.313,53.845,1628,1678,1606,1615,1185,1300,0,0,0,36,44,58,1,1,1,1,1,0,4.9908,4.9908,4.9908,4.9908,2.9084,7.0640,1629.5915,1677.8191,1607.5489,1528.3181,1178.8826,1342.3717,1,on,1,1.5000
1786347133.042111,1,1,,1596.0000,1640.0000,1604.0000,1451.0000,1196.0000,1391.0000,60.283,51.293,58.518,89.288,73.546,53.181,1628,1678,1606,1598,1181,1316,0,0,0,59,46,41,1,1,1,1,1,0,4.9908,4.9908,4.9908,4.9908,2.9084,7.0640,1629.5915,1669.8454,1607.5489,1510.1933,1178.8826,1356.0791,1,on,1,1.5000
1786347133.074086,1,1,,1580.0000,1643.0000,1602.0000,1471.0000,1186.0000,1409.0000,63.429,50.812,58.908,85.238,77.083,50.632,1628,1678,1606,1583,1181,1324,0,0,0,61,0,19,1,1,1,1,1,0,4.9908,4.9908,4.9908,4.9908,2.9084,7.0640,1618.8253,1669.8454,1607.5489,1510.1933,1178.8826,1356.0791,1,on,1,1.5000
1786347133.105946,1,1,,1589.0000,1639.0000,1602.0000,1445.0000,1191.0000,1415.0000,61.591,51.549,59.053,90.352,75.163,49.822,1628,1678,1606,1564,1181,1328,0,0,0,52,30,37,1,1,1,1,1,0,4.9908,4.9908,4.9908,4.9908,2.9084,7.0640,1618.8253,1669.8454,1607.5489,1493.5603,1178.8826,1371.1946,1,on,1,1.5000
1786347133.147273,1,1,,1586.0000,1637.0000,1596.0000,1448.0000,1201.0000,1419.0000,62.274,51.957,60.247,89.843,71.895,49.235,1628,1678,1606,1540,1179,1336,43,23,0,52,26,59,1,1,1,1,1,0,4.9908,4.9908,4.9908,4.9908,2.9084,7.0640,1618.8253,1669.8454,1607.5489,1485.7069,1178.8826,1371.1946,1,on,1,1.5000
1786347133.173957,1,1,,1557.0000,1633.0000,1602.0000,1444.0000,1202.0000,1420.0000,67.938,52.729,58.894,90.559,71.372,49.150,1623,1678,1606,1530,1179,1345,18,23,0,57,22,45,1,1,1,1,1,0,4.9908,4.9908,4.9908,4.9908,2.9084,7.0640,1606.9071,1660.1882,1607.5489,1485.7069,1178.8826,1383.5730,1,on,1,1.5000
1786347133.211222,1,1,,1562.0000,1626.0000,1605.0000,1433.0000,1207.0000,1423.0000,66.947,54.099,58.469,92.951,69.843,48.696,1622,1677,1606,1513,1179,1356,42,47,0,62,0,53,1,1,1,1,1,0,4.9908,4.9908,4.9908,4.9908,2.9084,7.0640,1606.9071,1660.1882,1607.5489,1473.5418,1183.5700,1383.5730,1,on,1,1.5000
1786347133.241944,1,1,,1567.0000,1625.0000,1609.0000,1424.0000,1203.0000,1436.0000,66.026,54.419,57.630,94.680,71.167,46.847,1620,1667,1606,1496,1179,1367,34,17,0,70,0,24,1,1,1,1,0,0,4.9908,4.9908,4.9908,4.9908,2.9084,7.0640,1596.9597,1660.1882,1607.5489,1473.5418,1183.5700,1394.8349,1,on,1,1.5000
1786347133.279224,1,1,,1575.0000,1625.0000,1605.0000,1410.0000,1208.0000,1438.0000,64.440,54.454,58.330,97.551,69.339,46.615,1618,1665,1606,1480,1179,1371,0,17,0,0,28,42,1,1,1,1,0,0,4.9908,4.9908,4.9908,4.9908,2.9084,7.0640,1596.9597,1650.7444,1607.5489,1457.8868,1183.5700,1394.8349,1,on,1,1.5000
1786347133.306215,1,1,,1574.0000,1627.0000,1615.0000,1426.0000,1211.0000,1433.0000,64.545,53.893,56.391,94.249,68.278,47.248,1617,1663,1606,1480,1179,1375,34,14,0,19,40,68,1,1,1,1,0,0,4.9908,4.9908,4.9908,4.9908,2.9084,7.0640,1596.9597,1650.7444,1607.5489,1457.8868,1188.2748,1394.8349,1,on,1,1.5000
1786347133.342100,1,1,,1577.0000,1616.0000,1608.0000,1399.0000,1197.0000,1445.0000,63.910,56.124,57.771,99.692,73.129,45.518,1614,1659,1606,1472,1181,1389,30,29,0,22,12,17,1,1,1,1,0,0,4.9908,4.9908,4.9908,4.9908,2.9084,7.0640,1596.9597,1650.7444,1607.5489,1446.0780,1188.2748,1409.2884,1,on,1,1.5000
1786347133.374148,1,1,,1576.0000,1618.0000,1616.0000,1397.0000,1200.0000,1438.0000,64.116,55.870,56.147,100.061,72.256,46.600,1611,1655,1606,1468,1183,1389,27,20,0,18,22,19,1,1,1,1,0,0,4.9908,4.9908,4.9908,4.9908,2.9084,7.0640,1596.9597,1643.1389,1607.5489,1446.0780,1188.2748,1409.2884,1,on,1,1.5000
1786347133.406122,1,1,,1582.0000,1619.0000,1614.0000,1399.0000,1206.0000,1440.0000,63.036,55.595,56.675,99.662,70.202,46.201,1609,1654,1606,1463,1184,1392,22,21,0,52,23,25,1,1,1,1,0,0,4.9908,4.9908,4.9908,4.9908,2.9084,7.0640,1596.9597,1643.1389,1607.5489,1434.0674,1188.2748,1409.2884,1,on,1,1.5000
1786347133.441963,1,1,,1578.0000,1612.0000,1601.0000,1392.0000,1205.0000,1448.0000,63.818,56.947,59.131,101.133,70.308,45.096,1608,1650,1606,1456,1185,1397,0,39,0,16,13,36,1,1,1,1,0,0,4.9908,4.9908,4.9908,4.9908,2.9084,7.0640,1596.9597,1643.1389,1607.5489,1434.0674,1188.2748,1409.2884,0,on,1,1.5000
1786347133.474092,1,1,,1578.0000,1616.0000,1603.0000,1403.0000,1209.0000,1438.0000,63.849,56.229,58.837,98.850,69.091,46.500,1606,1645,1606,1451,1185,1403,40,21,0,31,15,24,1,1,1,1,0,0,4.9908,4.9908,4.9908,4.9908,2.9084,7.0640,1589.1650,1643.1389,1607.5489,1425.7173,1188.2748,1420.0954,1,on,1,1.5000
1786347133.506113,1,1,,1571.0000,1613.0000,1598.0000,1392.0000,1207.0000,1442.0000,65.131,56.741,59.888,101.010,69.819,46.044,1602,1642,1606,1443,1186,1404,23,0,0,0,15,24,1,1,1,1,0,0,4.9908,4.9908,4.9908,4.9908,2.9084,7.0640,1589.1650,1634.7109,1607.5489,1425.7173,1192.9749,1420.0954,1,on,1,1.5000
1786347133.542131,1,1,,1566.0000,1604.0000,1587.0000,1386.0000,1204.0000,1447.0000,66.206,58.639,62.028,102.222,70.933,45.215,1600,1642,1606,1441,1187,1407,45,0,0,22,11,44,1,1,1,1,0,0,4.9908,4.9908,4.9908,4.9908,2.9084,7.0640,1589.1650,1634.7109,1607.5489,1418.0807,1192.9749,1420.0954,1,on,1,1.5000
1786347133.574103,1,1,,1565.0000,1608.0000,1591.0000,1389.0000,1211.0000,1453.0000,66.482,57.701,61.195,101.577,68.580,44.391,1596,1642,1606,1437,1187,1412,0,0,0,21,0,27,1,1,1,1,0,0,4.9908,4.9908,4.9908,4.9908,2.9084,7.0640,1589.1650,1634.7109,1607.5489,1418.0807,1192.9749,1420.0954,0,on,1,1.5000
1786347133.605990,1,1,,1560.0000,1607.0000,1582.0000,1396.0000,1202.0000,1453.0000,67.424,58.025,62.956,100.365,71.583,44.391,1594,1641,1606,1431,1188,1413,37,26,0,25,25,16,1,1,1,1,0,0,4.9908,4.9908,4.9908,4.9908,2.9084,7.0640,1589.1650,1634.7109,1607.5489,1418.0807,1192.9749,1420.0954,0,on,1,1.5000
1786347133.647265,1,1,,1562.0000,1613.0000,1588.0000,1375.0000,1210.0000,1439.0000,66.920,56.806,61.762,104.566,68.875,46.453,1591,1636,1606,1429,1189,1414,21,17,0,0,17,27,1,1,1,1,0,0,4.9908,4.9908,4.9908,4.9908,2.9084,7.0640,1581.6414,1626.9554,1607.5489,1409.2941,1192.9749,1420.0954,1,on,1,1.5000
1786347133.674074,1,1,,1546.0000,1602.0000,1575.0000,1384.0000,1199.0000,1450.0000,70.221,58.946,64.482,102.635,72.389,44.892,1591,1636,1606,1428,1190,1416,21,0,0,54,0,26,1,1,1,1,0,0,4.9908,4.9908,4.9908,4.9908,2.9084,7.0640,1581.6414,1626.9554,1607.5489,1409.2941,1192.9749,1420.0954,0,on,1,1.5000
1786347133.705988,1,1,,1538.0000,1603.0000,1573.0000,1388.0000,1196.0000,1447.0000,71.815,58.821,64.706,101.920,73.722,45.320,1590,1635,1606,1422,1191,1418,45,28,0,56,0,23,1,1,1,1,0,0,4.9908,4.9908,4.9908,4.9908,2.9084,7.0640,1581.6414,1626.9554,1599.0637,1409.2941,1192.9749,1431.6378,1,on,1,1.5000
1786347133.747264,1,1,,1546.0000,1606.0000,1573.0000,1413.0000,1197.0000,1450.0000,70.206,58.126,64.727,96.890,73.163,44.785,1581,1629,1606,1412,1191,1419,25,28,0,0,0,33,1,1,1,1,0,0,4.9908,4.9908,4.9908,4.9908,2.9084,7.0640,1571.3920,1626.9554,1599.0637,1409.2941,1192.9749,1431.6378,1,on,1,1.5000
1786347133.774094,1,1,,1540.0000,1603.0000,1578.0000,1422.0000,1197.0000,1447.0000,71.483,58.745,63.773,95.147,73.079,45.287,1579,1627,1606,1412,1191,1423,0,21,26,0,0,35,1,1,1,1,0,0,4.9908,4.9908,4.9908,4.9908,2.9084,7.0640,1571.3920,1626.9554,1599.0637,1409.2941,1192.9749,1431.6378,0,on,1,1.5000
1786347133.806088,1,1,,1516.0000,1593.0000,1571.0000,1438.0000,1191.0000,1461.0000,76.225,60.838,65.284,91.810,75.130,43.298,1579,1626,1603,1413,1191,1427,34,0,26,0,0,27,1,1,1,1,0,0,4.9908,4.9908,4.9908,4.9908,2.9084,7.0640,1562.2913,1618.9893,1599.0637,1409.2941,1192.9749,1431.6378,1,on,1,1.5000
1786347133.842119,1,1,,1514.0000,1591.0000,1569.0000,1450.0000,1187.0000,1478.0000,76.662,61.231,65.505,89.504,76.663,40.850,1575,1626,1599,1412,1191,1430,36,0,17,0,0,21,1,1,1,1,0,1,4.9908,4.9908,4.9908,4.9908,2.9084,7.0640,1562.2913,1618.9893,1591.4806,1409.2941,1192.9749,1431.6378,1,on,1,1.5000
1786347133.874111,1,1,,1519.0000,1582.0000,1584.0000,1476.0000,1201.0000,1475.0000,75.598,63.065,62.530,84.158,71.865,41.264,1572,1626,1598,1413,1191,1431,59,27,0,0,0,0,1,1,1,1,0,1,4.9908,4.9908,4.9908,4.9908,2.9084,7.0640,1551.2958,1618.9893,1591.4806,1420.0499,1192.9749,1443.4304,1,on,1,1.5000
1786347133.906097,1,1,,1529.0000,1585.0000,1596.0000,1476.0000,1218.0000,1470.0000,73.668,62.414,60.217,84.163,65.933,42.094,1564,1623,1598,1412,1191,1431,21,31,31,10,0,0,1,1,1,0,0,0,4.9908,4.9908,4.9908,4.9908,2.9084,7.0640,1551.2958,1610.7830,1591.4806,1427.8868,1192.9749,1443.4304,1,on,1,1.5000
1786347133.942124,1,1,,1494.0000,1583.0000,1603.0000,1493.0000,1218.0000,1468.0000,80.567,62.800,58.877,80.867,65.969,42.307,1562,1619,1594,1412,1191,1432,44,31,18,49,0,52,1,1,1,0,0,0,4.9908,4.9908,4.9908,4.9908,2.9084,7.0640,1541.7836,1610.7830,1591.4806,1438.6878,1197.7614,1443.4304,1,on,1,1.5000
1786347133.974092,1,1,,1517.0000,1597.0000,1615.0000,1499.0000,1226.0000,1453.0000,76.086,59.899,56.333,79.592,63.240,44.429,1557,1616,1590,1423,1190,1438,25,34,15,20,0,17,1,1,1,0,0,0,4.9908,4.9908,4.9908,4.9908,2.9084,7.0640,1541.7836,1610.7830,1591.4806,1448.1780,1197.7614,1443.4304,1,on,1,1.5000
1786347134.006005,1,1,,1515.0000,1597.0000,1615.0000,1503.0000,1221.0000,1444.0000,76.344,59.897,56.394,78.912,65.090,45.739,1555,1610,1590,1429,1190,1439,21,22,0,36,0,19,1,1,1,0,0,0,4.9908,4.9908,4.9908,4.9908,2.9084,7.0640,1541.7836,1610.7830,1591.4806,1456.7195,1197.7614,1443.4304,1,on,1,1.5000
1786347134.042128,1,1,,1529.0000,1607.0000,1622.0000,1507.0000,1244.0000,1448.0000,73.584,57.990,55.013,78.038,57.161,45.076,1555,1609,1590,1439,1191,1439,25,0,0,19,0,25,1,1,1,0,0,0,4.9908,4.9908,4.9908,4.9908,2.9084,7.0640,1541.7836,1610.7830,1591.4806,1464.7499,1205.5978,1443.4304,1,on,1,1.5000
1786347134.074192,1,1,,1521.0000,1598.0000,1610.0000,1501.0000,1248.0000,1473.0000,75.205,59.809,57.344,79.305,55.725,41.577,1552,1609,1590,1441,1191,1439,19,0,0,9,18,28,1,1,1,0,0,0,4.9908,4.9908,4.9908,4.9908,2.9084,7.0640,1541.7836,1610.7830,1591.4806,1464.7499,1210.1426,1443.4304,1,on,1,1.5000
1786347134.107003,1,1,,1543.0000,1609.0000,1609.0000,1493.0000,1249.0000,1494.0000,70.907,57.598,57.613,80.929,55.470,38.576,1551,1609,1590,1448,1193,1441,23,0,0,16,30,23,1,1,1,0,0,0,4.9908,4.9908,4.9908,4.9908,2.9084,7.0640,1541.7836,1610.7830,1591.4806,1464.7499,1214.5262,1443.4304,1,on,1,1.5000
1786347134.142154,1,1,,1545.0000,1621.0000,1608.0000,1496.0000,1244.0000,1497.0000,70.383,55.159,57.859,80.186,57.195,38.194,1548,1609,1590,1453,1195,1442,0,0,0,8,43,24,1,1,1,0,0,0,4.9908,4.9908,4.9908,4.9908,2.9084,7.0640,1541.7836,1610.7830,1591.4806,1474.3683,1214.5262,1458.0848,1,on,1,1.5000
1786347134.174207,1,1,,1568.0000,1638.0000,1616.0000,1503.0000,1245.0000,1495.0000,65.838,51.851,56.195,78.808,56.815,38.540,1548,1609,1590,1457,1199,1442,33,0,0,17,35,25,1,1,1,0,0,0,4.9908,4.9908,4.9908,4.9908,2.9084,7.0640,1541.7836,1610.7830,1598.9810,1474.3683,1220.2735,1458.0848,1,on,1,1.5000
1786347134.206171,1,1,,1564.0000,1623.0000,1621.0000,1505.0000,1229.0000,1469.0000,66.629,54.763,55.254,78.382,62.352,42.169,1543,1609,1590,1459,1202,1447,29,0,0,0,39,63,1,1,0,0,0,0,4.9908,4.9908,4.9908,4.9908,2.9084,7.0640,1541.7836,1610.7830,1598.9810,1474.3683,1220.2735,1458.0848,0,on,1,1.5000
1786347134.247247,1,1,,1551.0000,1607.0000,1609.0000,1484.0000,1208.0000,1486.0000,69.279,57.945,57.636,82.582,69.539,39.706,1542,1609,1590,1461,1206,1457,20,0,0,0,46,0,1,1,0,0,0,0,4.9908,4.9908,4.9908,4.9908,2.9084,7.0640,1541.7836,1610.7830,1598.9810,1474.3683,1220.2735,1458.0848,0,on,1,1.5000
1786347134.274053,1,1,,1555.0000,1603.0000,1612.0000,1489.0000,1196.0000,1482.0000,68.437,58.695,56.974,81.669,73.569,40.276,1541,1609,1590,1461,1209,1459,18,0,16,0,40,0,1,1,0,0,0,1,4.9908,4.9908,4.9908,4.9908,2.9084,7.0640,1541.7836,1610.7830,1598.9810,1474.3683,1220.2735,1458.0848,0,on,1,1.5000
1786347134.306691,1,1,,1602.0000,1638.0000,1617.0000,1482.0000,1200.0000,1495.0000,58.997,51.824,55.897,83.134,72.240,38.440,1541,1609,1590,1461,1213,1458,18,0,24,0,32,0,1,1,0,0,0,1,4.9908,4.9908,4.9908,4.9908,2.9084,7.0640,1541.7836,1610.7830,1598.9810,1474.3683,1220.2735,1458.0848,0,on,1,1.5000
1786347134.341953,1,1,,1613.0000,1648.0000,1618.0000,1474.0000,1216.0000,1457.0000,56.834,49.689,55.885,84.692,66.864,43.924,1541,1609,1591,1461,1215,1458,8,0,9,0,0,0,1,1,0,0,0,1,4.9908,4.9908,4.9908,4.9908,2.9084,7.0640,1557.2554,1610.7830,1598.9810,1474.3683,1220.2735,1458.0848,1,on,1,1.5000
1786347134.374098,1,1,,1625.0000,1650.0000,1613.0000,1476.0000,1228.0000,1425.0000,54.299,49.333,56.876,84.237,62.536,48.447,1541,1609,1594,1462,1216,1458,9,0,0,0,0,0,0,1,0,0,0,1,4.9908,4.9908,4.9908,4.9908,2.9084,7.0640,1567.9236,1610.7830,1598.9810,1474.3683,1220.2735,1458.0848,1,on,1,1.5000
1786347134.406083,1,1,,1622.0000,1638.0000,1619.0000,1484.0000,1232.0000,1418.0000,54.894,51.781,55.633,82.612,61.252,49.401,1541,1609,1594,1467,1217,1458,0,0,0,15,21,0,0,1,0,0,0,1,4.9908,4.9908,4.9908,4.9908,2.9084,7.0640,1576.2996,1618.8546,1598.9810,1474.3683,1220.2735,1458.0848,1,on,1,1.5000
1786347134.441926,1,1,,1606.0000,1632.0000,1631.0000,1517.0000,1243.0000,1389.0000,58.229,52.976,53.259,76.096,57.329,53.432,1541,1609,1594,1469,1219,1458,26,0,0,0,21,0,0,0,0,0,0,1,4.9908,4.9908,4.9908,4.9908,2.9084,7.0640,1576.2996,1618.8546,1598.9810,1482.5262,1220.2735,1458.0848,1,on,1,1.5000
1786347134.476454,1,1,,1563.0000,1620.0000,1608.0000,1541.0000,1245.0000,1354.0000,66.721,55.376,57.837,71.164,56.682,58.399,1548,1609,1594,1469,1220,1458,42,17,0,0,0,0,0,0,0,0,1,1,4.9908,4.9908,4.9908,4.9908,2.9084,7.0640,1576.2996,1618.8546,1598.9810,1482.5262,1220.2735,1432.0738,1,on,1,1.5000
1786347134.506081,1,1,,1551.0000,1608.0000,1573.0000,1553.0000,1261.0000,1283.0000,69.203,57.810,64.828,68.774,51.085,68.513,1555,1609,1594,1469,1220,1458,30,30,0,0,0,0,0,0,0,0,1,1,4.9908,4.9908,4.9908,4.9908,2.9084,7.0640,1576.2996,1618.8546,1598.9810,1497.4684,1225.2506,1396.0020,1,on,1,1.5000
1786347134.541934,1,1,,1582.0000,1641.0000,1543.0000,1573.0000,1237.0000,1169.0000,62.999,51.250,70.758,64.833,59.472,84.682,1562,1614,1594,1469,1220,1458,0,0,0,31,0,53,0,0,0,0,0,1,4.9908,4.9908,4.9908,4.9908,2.9084,7.0640,1576.2996,1618.8546,1598.9810,1510.7963,1225.2506,1315.7787,1,on,1,1.5000
1786347134.574089,1,1,,1608.0000,1663.0000,1542.0000,1604.0000,1220.0000,1088.0000,57.874,46.678,70.975,58.535,65.256,96.073,1564,1615,1595,1476,1220,1457,38,0,12,27,0,125,0,0,0,0,0,1,4.9908,4.9908,4.9908,4.9908,2.9084,7.0640,1576.2996,1618.8546,1591.3236,1528.9364,1225.2506,1230.7676,1,on,1,1.5000
1786347134.606059,1,1,,1602.0000,1668.0000,1543.0000,1625.0000,1218.0000,1060.0000,59.003,45.859,70.746,54.416,65.851,100.074,1570,1615,1596,1488,1220,1422,19,0,0,43,0,120,0,0,1,0,0,1,4.9908,4.9908,4.9908,4.9908,2.9084,7.0640,1576.2996,1628.4201,1591.3236,1549.4875,1225.2506,1168.6480,1,on,1,1.5000
1786347134.642134,1,1,,1598.0000,1672.0000,1539.0000,1626.0000,1222.0000,1049.0000,59.726,44.968,71.699,54.258,64.602,101.628,1571,1615,1596,1502,1220,1383,13,0,16,75,0,84,0,0,1,0,0,1,4.9908,4.9908,4.9908,4.9908,2.9084,7.0640,1576.2996,1628.4201,1578.5097,1566.2600,1225.2506,1127.5863,1,on,1,1.5000
1786347134.673908,1,1,,1590.0000,1674.0000,1543.0000,1635.0000,1230.0000,1039.0000,61.453,44.545,70.790,52.428,61.887,102.972,1572,1618,1596,1522,1220,1353,0,32,34,55,0,89,0,0,1,0,0,1,4.9908,4.9908,4.9908,4.9908,2.9084,7.0640,1576.2996,1638.2678,1578.5097,1579.4661,1225.2506,1103.0135,1,on,1,1.5000
1786347134.708458,1,1,,1624.0000,1688.0000,1552.0000,1634.0000,1210.0000,1037.0000,54.486,41.779,68.970,52.582,68.633,103.310,1572,1624,1590,1544,1220,1325,0,9,21,44,0,100,0,0,1,0,0,1,4.9908,4.9908,4.9908,4.9908,2.9084,7.0640,1586.3123,1638.2678,1578.5097,1589.4124,1225.2506,1086.8273,1,on,1,1.5000
1786347134.741929,1,1,,1645.0000,1694.0000,1558.0000,1614.0000,1211.0000,1033.0000,50.289,40.554,67.797,56.675,68.264,103.823,1572,1624,1589,1556,1220,1307,0,0,50,56,18,80,0,0,1,0,0,1,4.9908,4.9908,4.9908,4.9908,2.9084,7.0640,1586.3123,1651.4507,1570.8930,1589.4124,1225.2506,1075.9593,1,on,1,1.5000
1786347134.773934,1,1,,1657.0000,1702.0000,1568.0000,1617.0000,1206.0000,1032.0000,48.060,38.919,65.800,55.962,70.047,104.029,1573,1624,1584,1575,1220,1280,44,0,18,55,14,97,0,0,1,0,0,1,4.9908,4.9908,4.9908,4.9908,2.9084,7.0640,1602.5075,1651.4507,1570.8930,1589.4124,1225.2506,1075.9593,1,on,1,1.5000
1786347134.806051,1,1,,1668.0000,1703.0000,1584.0000,1585.0000,1205.0000,1033.0000,45.794,38.763,62.687,62.334,70.570,103.849,1579,1627,1581,1581,1221,1253,18,43,0,0,0,88,0,0,1,0,0,1,4.9908,4.9908,4.9908,4.9908,2.9084,7.0640,1612.9148,1664.3193,1570.8930,1589.4124,1225.2506,1063.5668,1,on,1,1.5000
1786347134.842133,1,1,,1679.0000,1709.0000,1578.0000,1555.0000,1194.0000,1046.0000,43.559,37.534,63.738,68.410,74.271,101.988,1583,1635,1577,1582,1222,1227,28,26,32,9,22,98,0,0,1,0,0,1,4.9908,4.9908,4.9908,4.9908,2.9084,7.0640,1624.6286,1664.3193,1570.8930,1589.4124,1220.5148,1063.5668,1,on,1,1.5000
1786347134.874104,1,1,,1686.0000,1711.0000,1580.0000,1531.0000,1188.0000,1045.0000,42.252,37.159,63.390,73.212,76.390,102.249,1592,1647,1575,1587,1224,1201,38,37,21,0,17,94,0,0,1,0,1,1,4.9908,4.9908,4.9908,4.9908,2.9084,7.0640,1634.6956,1675.5934,1570.8930,1589.4124,1220.5148,1063.5668,1,on,1,1.5000
1786347134.906230,1,1,,1705.0000,1705.0000,1584.0000,1526.0000,1188.0000,1059.0000,38.435,38.447,62.689,74.201,76.283,100.235,1602,1652,1572,1588,1224,1179,72,27,15,0,39,115,0,0,1,1,1,1,4.9908,4.9908,4.9908,4.9908,2.9084,7.0640,1647.0057,1675.5934,1570.8930,1578.8364,1215.1621,1063.5668,1,on,1,1.5000
1786347134.942883,1,1,,1683.0000,1708.0000,1581.0000,1519.0000,1198.0000,1059.0000,42.686,37.740,63.120,75.630,72.876,100.209,1617,1656,1572,1588,1223,1149,48,23,0,0,19,94,0,0,1,1,1,1,4.9908,4.9908,4.9908,4.9908,2.9084,7.0640,1647.0057,1675.5934,1570.8930,1569.4416,1215.1621,1063.5668,1,on,1,1.5000
1786347134.974087,1,1,,1680.0000,1702.0000,1587.0000,1498.0000,1204.0000,1067.0000,43.327,38.903,61.961,79.782,70.925,99.132,1627,1658,1572,1588,1222,1134,76,20,0,33,36,111,0,0,1,1,1,1,4.9908,4.9908,4.9908,4.9908,2.9084,7.0640,1655.8081,1683.7034,1570.8930,1557.9429,1215.1621,1063.5668,1,on,1,1.5000
1786347135.006104,1,1,,1657.0000,1690.0000,1574.0000,1512.0000,1210.0000,1083.0000,48.047,41.337,64.518,77.046,68.845,96.865,1635,1662,1572,1584,1220,1107,0,13,0,26,28,103,0,0,1,1,1,1,4.9908,4.9908,4.9908,4.9908,2.9084,7.0640,1655.8081,1683.7034,1570.8930,1557.9429,1215.1621,1063.5668,0,on,1,1.5000
1786347135.042087,1,1,,1658.0000,1684.0000,1584.0000,1516.0000,1218.0000,1091.0000,47.799,42.515,62.617,76.293,65.868,95.681,1636,1667,1572,1574,1218,1080,20,24,0,45,0,89,0,0,1,1,1,1,4.9908,4.9908,4.9908,4.9908,2.9084,7.0640,1655.8081,1683.7034,1570.8930,1546.1087,1215.1621,1063.5668,1,on,1,1.5000
1786347135.074083,1,1,,1639.0000,1670.0000,1573.0000,1524.0000,1215.0000,1103.0000,51.490,45.390,64.866,74.673,67.133,94.015,1638,1670,1572,1566,1218,1076,18,0,0,0,28,39,0,0,1,1,1,1,4.9908,4.9908,4.9908,4.9908,2.9084,7.0640,1655.8081,1683.7034,1570.8930,1546.1087,1215.1621,1063.5668,0,on,1,1.5000
1786347135.106089,1,1,,1629.0000,1668.0000,1580.0000,1535.0000,1202.0000,1132.0000,53.485,45.814,63.431,72.323,71.608,89.858,1640,1671,1572,1564,1217,1073,0,36,0,24,26,0,0,0,1,1,1,1,4.9908,4.9908,4.9908,4.9908,2.9084,7.0640,1655.8081,1683.7034,1570.8930,1546.1087,1215.1621,1075.1077,1,on,1,1.5000
1786347135.142059,1,1,,1625.0000,1671.0000,1593.0000,1542.0000,1213.0000,1152.0000,54.361,45.186,60.799,71.017,67.748,87.101,1640,1678,1572,1558,1216,1072,10,18,0,8,17,31,0,0,1,1,1,0,4.9908,4.9908,4.9908,4.9908,2.9084,7.0640,1655.8081,1683.7034,1570.8930,1546.1087,1215.1621,1088.3666,1,on,1,1.5000
1786347135.174058,1,1,,1641.0000,1670.0000,1597.0000,1509.0000,1218.0000,1166.0000,51.175,45.338,59.990,77.680,66.113,85.126,1640,1681,1572,1556,1216,1072,12,0,0,12,0,0,0,0,1,1,1,0,4.9908,4.9908,4.9908,4.9908,2.9084,7.0640,1655.8081,1683.7034,1570.8930,1546.1087,1215.1621,1102.1532,1,on,1,1.5000
1786347135.206113,1,1,,1628.0000,1657.0000,1585.0000,1488.0000,1220.0000,1191.0000,53.858,48.033,62.486,81.896,65.475,81.512,1640,1681,1571,1552,1216,1072,25,0,0,23,0,34,0,0,1,1,1,0,4.9908,4.9908,4.9908,4.9908,2.9084,7.0640,1655.8081,1683.7034,1570.8930,1534.8668,1215.1621,1119.8558,1,on,1,1.5000
1786347135.242099,1,1,,1636.0000,1676.0000,1592.0000,1478.0000,1223.0000,1214.0000,52.270,44.094,61.037,83.785,64.142,78.237,1641,1680,1572,1549,1216,1072,18,0,0,0,0,87,0,0,1,1,1,0,4.9908,4.9908,4.9908,4.9908,2.9084,7.0640,1655.8081,1683.7034,1570.8930,1526.9284,1215.1621,1141.1619,1,on,1,1.5000
1786347135.274101,1,1,,1646.0000,1667.0000,1573.0000,1425.0000,1219.0000,1165.0000,50.104,46.050,64.855,94.445,65.689,85.134,1644,1681,1571,1547,1216,1090,37,0,22,21,0,40,0,0,1,1,1,0,4.9908,4.9908,4.9908,4.9908,2.9084,7.0640,1655.8081,1683.7034,1570.8930,1508.0585,1215.1621,1141.1619,1,on,1,1.5000
1786347135.311317,1,1,,1652.0000,1675.0000,1604.0000,1381.0000,1211.0000,1177.0000,48.974,44.337,58.530,103.202,68.350,83.488,1648,1681,1570,1536,1216,1109,0,0,0,39,0,67,0,0,1,1,1,0,4.9908,4.9908,4.9908,4.9908,2.9084,7.0640,1655.8081,1683.7034,1578.5239,1476.1691,1215.1621,1141.1619,1,on,1,1.5000
1786347135.342108,1,1,,1626.0000,1648.0000,1581.0000,1412.0000,1220.0000,1205.0000,54.265,49.710,63.174,97.051,65.237,79.510,1648,1681,1570,1530,1216,1124,26,0,0,30,0,24,0,0,0,1,1,0,4.9908,4.9908,4.9908,4.9908,2.9084,7.0640,1648.1706,1683.7034,1578.5239,1463.3987,1215.1621,1156.9081,1,on,1,1.5000
1786347135.374081,1,1,,1621.0000,1668.0000,1577.0000,1426.0000,1207.0000,1231.0000,55.174,45.845,64.015,94.178,69.896,75.829,1651,1680,1570,1514,1216,1129,21,0,14,67,0,23,1,0,0,1,1,0,4.9908,4.9908,4.9908,4.9908,2.9084,7.0640,1648.1706,1683.7034,1578.5239,1463.3987,1215.1621,1169.1806,1,on,1,1.5000
1786347135.406086,1,1,,1590.0000,1637.0000,1545.0000,1457.0000,1208.0000,1236.0000,61.403,52.044,70.423,88.073,69.352,75.154,1653,1680,1570,1497,1216,1138,0,0,24,71,0,61,1,0,0,1,1,0,4.9908,4.9908,4.9908,4.9908,2.9084,7.0640,1640.2240,1673.7928,1578.5239,1463.3987,1215.1621,1180.6947,1,on,1,1.5000
1786347135.442119,1,1,,1550.0000,1612.0000,1543.0000,1469.0000,1205.0000,1254.0000,69.457,56.899,70.856,85.615,70.599,72.546,1653,1681,1575,1478,1216,1161,0,0,18,77,0,31,1,1,0,1,1,0,4.9908,4.9908,4.9908,4.9908,2.9084,7.0640,1624.4113,1665.6319,1578.5239,1463.3987,1215.1621,1194.7791,1,on,1,1.5000
1786347135.474095,1,1,,1568.0000,1602.0000,1532.0000,1463.0000,1211.0000,1258.0000,65.893,58.952,72.980,86.919,68.405,71.998,1650,1680,1577,1471,1216,1173,52,18,0,10,0,15,1,1,1,1,1,0,4.9908,4.9908,4.9908,4.9908,2.9084,7.0640,1615.4845,1656.4600,1570.2724,1463.3987,1215.1621,1205.7508,1,on,1,1.5000
1786347135.506081,1,1,,1541.0000,1594.0000,1536.0000,1461.0000,1207.0000,1312.0000,71.176,60.573,72.150,87.148,69.932,64.330,1646,1680,1577,1468,1216,1179,74,92,0,0,0,23,1,1,1,1,1,0,4.9908,4.9908,4.9908,4.9908,2.9084,7.0640,1602.4050,1646.6949,1570.2724,1463.3987,1215.1621,1228.3175,1,on,1,1.5000
1786347135.542107,1,1,,1539.0000,1584.0000,1549.0000,1480.0000,1220.0000,1309.0000,71.516,62.550,69.652,83.457,65.384,64.849,1632,1665,1577,1467,1216,1180,41,13,34,0,0,52,1,1,1,1,1,0,4.9908,4.9908,4.9908,4.9908,2.9084,7.0640,1590.7193,1635.8777,1570.2724,1463.3987,1215.1621,1246.2234,1,on,1,1.5000
1786347135.574104,1,1,,1515.0000,1570.0000,1555.0000,1488.0000,1247.0000,1318.0000,76.373,65.487,68.317,81.848,55.884,63.537,1621,1658,1575,1467,1216,1190,80,23,36,11,0,76,1,1,1,1,1,0,4.9908,4.9908,4.9908,4.9908,2.9084,7.0640,1576.9769,1624.9268,1570.2724,1463.3987,1215.1621,1260.3666,1,on,1,1.5000
1786347135.605948,1,1,,1499.0000,1569.0000,1568.0000,1486.0000,1213.0000,1369.0000,79.567,65.532,65.730,82.321,67.889,56.378,1609,1652,1572,1462,1216,1215,81,74,0,13,0,71,1,1,1,1,1,0,4.9908,4.9908,4.9908,4.9908,2.9084,7.0640,1562.0920,1615.8882,1570.2724,1463.3987,1215.1621,1284.9068,1,on,1,1.5000
1786347135.647185,1,1,,1532.0000,1592.0000,1591.0000,1522.0000,1255.0000,1439.0000,73.073,60.901,61.215,75.054,53.392,46.344,1593,1634,1572,1462,1216,1241,86,42,0,0,0,64,1,1,1,1,1,0,4.9908,4.9908,4.9908,4.9908,2.9084,7.0640,1562.0920,1615.8882,1570.2724,1463.3987,1215.1621,1331.8823,1,on,1,1.5000
1786347135.674022,1,1,,1559.0000,1593.0000,1593.0000,1488.0000,1276.0000,1453.0000,67.698,60.732,60.887,81.735,45.981,44.410,1575,1626,1572,1462,1216,1261,70,0,0,0,0,64,1,1,1,1,1,0,4.9908,4.9908,4.9908,4.9908,2.9084,7.0640,1562.0920,1615.8882,1570.2724,1471.6080,1224.1271,1361.7355,1,on,1,1.5000
1786347135.706054,1,1,,1584.0000,1615.0000,1612.0000,1493.0000,1295.0000,1466.0000,62.652,56.437,56.914,80.900,39.538,42.606,1572,1626,1572,1462,1216,1276,41,31,0,0,0,78,1,1,1,0,0,0,4.9908,4.9908,4.9908,4.9908,2.9084,7.0640,1562.0920,1615.8882,1570.2724,1471.6080,1234.8362,1389.7203,1,on,1,1.5000
1786347135.742086,1,1,,1611.0000,1611.0000,1609.0000,1457.0000,1288.0000,1446.0000,57.134,57.276,57.493,88.060,41.902,45.433,1568,1621,1572,1462,1216,1304,21,22,0,27,23,82,1,1,1,0,0,0,4.9908,4.9908,4.9908,4.9908,2.9084,7.0640,1562.0920,1615.8882,1570.2724,1471.6080,1243.3180,1402.9059,1,on,1,1.5000
1786347135.774098,1,1,,1610.0000,1627.0000,1621.0000,1447.0000,1286.0000,1418.0000,57.441,53.968,55.178,89.969,42.588,49.317,1566,1618,1572,1466,1216,1330,21,21,0,0,48,85,1,1,1,0,0,0,4.9908,4.9908,4.9908,4.9908,2.9084,7.0640,1562.0920,1615.8882,1580.5452,1471.6080,1249.1329,1402.9059,1,on,1,1.5000
1786347135.805965,1,1,,1653.0000,1610.0000,1607.0000,1467.0000,1297.0000,1418.0000,48.786,57.411,58.054,85.959,38.867,49.439,1565,1617,1572,1467,1221,1359,22,21,20,0,53,88,1,1,0,0,0,0,4.9908,4.9908,4.9908,4.9908,2.9084,7.0640,1580.4000,1615.8882,1580.5452,1471.6080,1255.6823,1402.9059,1,on,1,1.5000
1786347135.842093,1,1,,1658.0000,1624.0000,1637.0000,1437.0000,1297.0000,1398.0000,47.790,54.650,52.042,92.004,38.956,52.199,1565,1616,1571,1467,1225,1387,0,17,19,0,53,0,0,1,0,0,0,0,4.9908,4.9908,4.9908,4.9908,2.9084,7.0640,1595.0663,1615.8882,1590.3420,1471.6080,1261.4230,1402.9059,1,on,1,1.5000
1786347135.874076,1,1,,1669.0000,1630.0000,1641.0000,1439.0000,1304.0000,1407.0000,45.606,53.408,51.168,91.638,36.468,50.918,1564,1616,1574,1467,1231,1389,0,0,21,0,39,42,0,1,0,0,0,0,4.9908,4.9908,4.9908,4.9908,2.9084,7.0640,1608.5152,1615.8882,1590.3420,1471.6080,1266.7587,1402.9059,1,on,1,1.5000
1786347135.905923,1,1,,1651.0000,1632.0000,1645.0000,1441.0000,1296.0000,1425.0000,49.270,52.977,50.448,91.348,39.270,48.433,1565,1616,1581,1467,1233,1396,64,0,17,0,44,23,0,1,0,0,0,0,4.9908,4.9908,4.9908,4.9908,2.9084,7.0640,1608.5152,1615.8882,1603.3963,1471.6080,1266.7587,1402.9059,1,on,1,1.5000
1786347135.941918,1,1,,1674.0000,1625.0000,1639.0000,1441.0000,1305.0000,1414.0000,44.596,54.322,51.523,91.305,36.058,49.935,1579,1616,1590,1467,1238,1399,62,0,0,0,35,17,0,1,0,0,0,0,4.9908,4.9908,4.9908,4.9908,2.9084,7.0640,1625.1611,1615.8882,1603.3963,1462.8872,1274.0648,1402.9059,1,on,1,1.5000
1786347135.974101,1,1,,1650.0000,1620.0000,1628.0000,1443.0000,1296.0000,1448.0000,49.365,55.425,53.707,90.773,39.031,45.156,1590,1616,1590,1467,1241,1400,39,0,37,0,32,0,0,1,0,1,0,0,4.9908,4.9908,4.9908,4.9908,2.9084,7.0640,1625.1611,1615.8882,1603.3963,1462.8872,1274.0648,1402.9059,0,on,1,1.5000
1786347136.006079,1,1,,1669.0000,1616.0000,1633.0000,1425.0000,1293.0000,1440.0000,45.634,56.236,52.799,94.489,40.102,46.302,1598,1616,1596,1467,1243,1400,58,0,21,8,34,0,0,1,0,1,0,0,4.9908,4.9908,4.9908,4.9908,2.9084,7.0640,1633.1869,1615.8882,1611.9822,1462.8872,1274.0648,1402.9059,1,on,1,1.5000
1786347136.042101,1,1,,1663.0000,1630.0000,1638.0000,1440.0000,1284.0000,1451.0000,46.777,53.305,51.695,91.537,43.402,44.768,1612,1616,1600,1467,1246,1400,12,0,12,30,36,0,0,1,0,1,0,0,4.9908,4.9908,4.9908,4.9908,2.9084,7.0640,1633.1869,1615.8882,1611.9822,1462.8872,1274.0648,1416.9496,1,on,1,1.5000
1786347136.074102,1,1,,1666.0000,1644.0000,1645.0000,1438.0000,1284.0000,1450.0000,46.213,50.519,50.292,91.841,43.400,44.863,1614,1616,1604,1462,1250,1400,16,0,15,0,24,0,0,1,0,1,0,0,4.9908,4.9908,4.9908,4.9908,2.9084,7.0640,1633.1869,1615.8882,1611.9822,1455.3497,1274.0648,1416.9496,1,on,1,1.5000
1786347136.106093,1,1,,1670.0000,1649.0000,1654.0000,1441.0000,1297.0000,1437.0000,45.358,49.529,48.529,91.199,38.712,46.673,1616,1616,1605,1462,1253,1400,18,0,12,19,29,42,0,1,0,1,0,0,4.9908,4.9908,4.9908,4.9908,2.9084,7.0640,1642.5551,1615.8882,1620.7284,1455.3497,1279.0451,1416.9496,1,on,1,1.5000
1786347136.142078,1,1,,1664.0000,1650.0000,1652.0000,1444.0000,1285.0000,1447.0000,46.533,49.442,48.929,90.636,42.978,45.287,1617,1616,1609,1459,1256,1405,15,0,18,21,30,29,0,1,0,1,0,0,4.9908,4.9908,4.9908,4.9908,2.9084,7.0640,1642.5551,1615.8882,1620.7284,1455.3497,1279.0451,1416.9496,0,on,1,1.5000
1786347136.174072,1,1,,1662.0000,1648.0000,1644.0000,1447.0000,1286.0000,1448.0000,46.968,49.683,50.617,90.004,42.578,45.132,1620,1616,1610,1456,1258,1408,30,0,0,16,32,39,0,1,0,1,0,0,4.9908,4.9908,4.9908,4.9908,2.9084,7.0640,1642.5551,1624.4613,1620.7284,1455.3497,1279.0451,1416.9496,1,on,1,1.5000
1786347136.206058,1,1,,1667.0000,1653.0000,1665.0000,1459.0000,1300.0000,1430.0000,45.948,48.782,46.436,87.729,37.824,47.689,1627,1616,1610,1454,1261,1413,20,0,0,0,30,17,0,0,0,1,0,0,4.9908,4.9908,4.9908,4.9908,2.9084,7.0640,1642.5551,1624.4613,1629.5391,1455.3497,1279.0451,1416.9496,1,on,1,1.5000
1786347136.242115,1,1,,1648.0000,1660.0000,1659.0000,1458.0000,1296.0000,1445.0000,49.845,47.468,47.483,87.862,39.192,45.614,1629,1616,1613,1454,1264,1413,44,19,20,0,31,19,0,0,0,1,0,0,4.9908,4.9908,4.9908,4.9908,2.9084,7.0640,1642.5551,1624.4613,1629.5391,1455.3497,1279.0451,1416.9496,0,on,1,1.5000
1786347136.273941,1,1,,1656.0000,1658.0000,1658.0000,1453.0000,1301.0000,1436.0000,48.088,47.803,47.712,88.750,37.300,46.779,1634,1616,1623,1454,1267,1413,26,38,21,0,33,22,0,0,0,1,0,0,4.9908,4.9908,4.9908,4.9908,2.9084,7.0640,1642.5551,1632.6976,1629.5391,1455.3497,1279.0451,1416.9496,1,on,1,1.5000
1786347136.306733,1,1,,1666.0000,1665.0000,1662.0000,1453.0000,1308.0000,1429.0000,46.176,46.310,46.941,88.856,35.218,47.818,1635,1624,1627,1454,1271,1413,0,21,14,0,29,24,0,0,0,1,0,0,4.9908,4.9908,4.9908,4.9908,2.9084,7.0640,1642.5551,1632.6976,1637.2018,1455.3497,1284.3747,1427.5936,1,on,1,1.5000
1786347136.342114,1,1,,1658.0000,1647.0000,1655.0000,1459.0000,1310.0000,1419.0000,47.738,49.965,48.288,87.694,34.442,49.181,1636,1629,1628,1454,1274,1415,23,10,0,0,26,20,0,0,0,1,0,0,4.9908,4.9908,4.9908,4.9908,2.9084,7.0640,1642.5551,1632.6976,1637.2018,1455.3497,1284.3747,1427.5936,0,on,1,1.5000
1786347136.374081,1,1,,1666.0000,1644.0000,1655.0000,1451.0000,1305.0000,1430.0000,46.080,50.572,48.389,89.179,36.189,47.629,1638,1629,1628,1454,1276,1416,17,0,16,0,25,40,0,0,0,1,0,0,4.9908,4.9908,4.9908,4.9908,2.9084,7.0640,1642.5551,1632.6976,1637.2018,1455.3497,1284.3747,1427.5936,0,on,1,1.5000
1786347136.405973,1,1,,1659.0000,1653.0000,1663.0000,1454.0000,1302.0000,1435.0000,47.561,48.692,46.676,88.670,37.133,46.952,1640,1630,1633,1454,1279,1423,17,0,12,0,27,30,0,0,0,1,0,0,4.9908,4.9908,4.9908,4.9908,2.9084,7.0640,1650.3648,1632.6976,1637.2018,1455.3497,1284.3747,1427.5936,1,on,1,1.5000
1786347136.441945,1,1,,1651.0000,1647.0000,1656.0000,1452.0000,1299.0000,1448.0000,49.144,49.985,48.246,89.078,38.280,45.175,1641,1630,1636,1454,1280,1427,9,0,0,0,0,0,0,0,0,1,0,1,4.9908,4.9908,4.9908,4.9908,2.9084,7.0640,1650.3648,1632.6976,1637.2018,1455.3497,1289.1462,1427.5936,1,on,1,1.5000
1786347136.474122,1,1,,1667.0000,1633.0000,1650.0000,1449.0000,1299.0000,1422.0000,45.956,52.759,49.431,89.616,38.129,48.872,1643,1630,1636,1454,1281,1427,30,0,0,0,20,0,0,0,0,1,0,1,4.9908,4.9908,4.9908,4.9908,2.9084,7.0640,1650.3648,1632.6976,1637.2018,1455.3497,1289.1462,1427.5936,0,on,1,1.5000
1786347136.506096,1,1,,1647.0000,1634.0000,1651.0000,1455.0000,1298.0000,1444.0000,50.056,52.668,49.079,88.383,38.345,45.743,1647,1630,1636,1454,1282,1427,19,0,0,0,23,0,0,0,0,1,0,1,4.9908,4.9908,4.9908,4.9908,2.9084,7.0640,1650.3648,1632.6976,1637.2018,1455.3497,1289.1462,1427.5936,0,on,1,1.5000
1786347136.543287,1,1,,1663.0000,1633.0000,1638.0000,1442.0000,1301.0000,1432.0000,46.798,52.779,51.827,91.125,37.620,47.460,1648,1630,1636,1454,1285,1427,18,0,0,0,13,0,0,0,0,1,0,1,4.9908,4.9908,4.9908,4.9908,2.9084,7.0640,1650.3648,1632.6976,1637.2018,1455.3497,1289.1462,1427.5936,0,on,1,1.5000
1786347136.573983,1,1,,1650.0000,1638.0000,1659.0000,1448.0000,1296.0000,1445.0000,49.458,51.873,47.505,89.878,39.214,45.619,1649,1630,1636,1454,1285,1427,14,0,14,0,0,0,1,0,0,1,0,1,4.9908,4.9908,4.9908,4.9908,2.9084,7.0640,1650.3648,1632.6976,1637.2018,1455.3497,1289.1462,1427.5936,0,on,1,1.5000
1786347136.606078,1,1,,1651.0000,1628.0000,1645.0000,1457.0000,1299.0000,1447.0000,49.177,53.844,50.462,88.039,38.179,45.232,1650,1630,1637,1454,1286,1427,0,0,0,0,24,0,1,0,1,1,0,1,4.9908,4.9908,4.9908,4.9908,2.9084,7.0640,1650.3648,1632.6976,1637.2018,1455.3497,1289.1462,1427.5936,0,on,1,1.5000
1786347136.642106,1,1,,1649.0000,1632.0000,1657.0000,1453.0000,1301.0000,1437.0000,49.480,52.941,48.056,88.934,37.303,46.704,1650,1630,1637,1454,1288,1427,0,0,0,0,16,0,1,0,1,1,0,1,4.9908,4.9908,4.9908,4.9908,2.9084,7.0640,1650.3648,1632.6976,1637.2018,1455.3497,1289.1462,1427.5936,0,on,1,1.5000
1786347136.674130,1,1,,1661.0000,1635.0000,1647.0000,1456.0000,1297.0000,1460.0000,47.252,52.404,50.049,88.343,38.780,43.495,1650,1630,1637,1454,1289,1427,0,0,0,0,0,0,1,0,1,1,1,1,4.9908,4.9908,4.9908,4.9908,2.9084,7.0640,1650.3648,1632.6976,1637.2018,1455.3497,1289.1462,1427.5936,0,on,1,1.5000
1786347136.706125,1,1,,1653.0000,1625.0000,1657.0000,1454.0000,1304.0000,1452.0000,48.735,54.376,47.992,88.688,36.413,44.639,1650,1630,1637,1454,1289,1427,0,0,0,0,0,0,1,0,1,1,1,1,4.9908,4.9908,4.9908,4.9908,2.9084,7.0640,1650.3648,1632.6976,1637.2018,1455.3497,1289.1462,1427.5936,0,on,1,1.5000
1786347136.742074,1,1,,1657.0000,1638.0000,1652.0000,1455.0000,1300.0000,1461.0000,47.930,51.721,48.915,88.434,37.979,43.349,1650,1630,1637,1454,1289,1427,0,0,0,0,0,0,1,0,1,1,1,1,4.9908,4.9908,4.9908,4.9908,2.9084,7.0640,1650.3648,1632.6976,1644.9524,1455.3497,1289.1462,1427.5936,1,on,1,1.5000
1786347136.774100,1,1,,1656.0000,1632.0000,1650.0000,1445.0000,1297.0000,1464.0000,48.088,53.057,49.365,90.486,38.984,42.874,1650,1630,1637,1454,1289,1427,0,0,0,0,0,0,1,0,0,1,1,1,4.9908,4.9908,4.9908,4.9908,2.9084,7.0640,1650.3648,1632.6976,1644.9524,1455.3497,1289.1462,1438.3544,1,on,1,1.5000
1786347136.806073,1,1,,1654.0000,1634.0000,1655.0000,1450.0000,1303.0000,1445.0000,48.590,52.489,48.322,89.488,36.928,45.565,1650,1630,1637,1454,1289,1427,0,0,0,0,0,0,1,0,0,1,1,0,4.9908,4.9908,4.9908,4.9908,2.9084,7.0640,1650.3648,1632.6976,1644.9524,1455.3497,1289.1462,1438.3544,0,on,1,1.5000
1786347136.842116,1,1,,1652.0000,1624.0000,1653.0000,1443.0000,1293.0000,1441.0000,48.978,54.630,48.764,90.885,40.336,46.172,1650,1630,1637,1454,1289,1427,0,0,0,0,0,39,1,0,0,1,1,0,4.9908,4.9908,4.9908,4.9908,2.9084,7.0640,1650.3648,1632.6976,1644.9524,1455.3497,1289.1462,1438.3544,0,on,1,1.5000
1786347136.873941,1,1,,1652.0000,1615.0000,1644.0000,1439.0000,1292.0000,1448.0000,48.923,56.446,50.591,91.623,40.533,45.067,1650,1630,1638,1454,1289,1433,0,0,18,0,0,34,1,0,0,1,1,0,4.9908,4.9908,4.9908,4.9908,2.9084,7.0640,1650.3648,1632.6976,1644.9524,1455.3497,1289.1462,1438.3544,0,on,1,1.5000
1786347136.906102,1,1,,1666.0000,1635.0000,1656.0000,1436.0000,1284.0000,1446.0000,46.238,52.370,48.158,92.179,43.180,45.466,1650,1630,1641,1454,1289,1435,0,19,17,0,0,0,1,0,0,1,1,0,4.9908,4.9908,4.9908,4.9908,2.9084,7.0640,1650.3648,1632.6976,1644.9524,1455.3497,1289.1462,1438.3544,0,on,1,1.5000
1786347136.941959,1,1,,1656.0000,1615.0000,1639.0000,1446.0000,1292.0000,1441.0000,48.130,56.410,51.666,90.166,40.550,46.075,1650,1631,1644,1454,1289,1435,0,0,0,0,0,0,1,1,1,1,1,0,4.9908,4.9908,4.9908,4.9908,2.9084,7.0640,1650.3648,1632.6976,1644.9524,1455.3497,1289.1462,1438.3544,0,on,1,1.5000
1786347136.979250,1,1,,1641.0000,1619.0000,1646.0000,1453.0000,1299.0000,1440.0000,51.102,55.535,50.241,88.883,38.211,46.340,1650,1631,1644,1454,1289,1435,0,0,0,0,0,0,1,1,1,1,1,0,4.9908,4.9908,4.9908,4.9908,2.9084,7.0640,1650.3648,1632.6976,1644.9524,1455.3497,1289.1462,1438.3544,0,on,1,1.5000
1786347137.006049,1,1,,1664.0000,1627.0000,1663.0000,1443.0000,1301.0000,1459.0000,46.577,53.900,46.843,90.795,37.393,43.633,1650,1631,1644,1454,1289,1435,0,0,0,0,0,0,1,1,1,1,1,0,4.9908,4.9908,4.9908,4.9908,2.9084,7.0640,1650.3648,1632.6976,1644.9524,1455.3497,1289.1462,1438.3544,0,on,1,1.5000
1786347137.042083,1,1,,1616.0000,1623.0000,1646.0000,1488.0000,1314.0000,1460.0000,56.135,54.718,50.136,81.840,33.013,43.483,1650,1631,1644,1454,1289,1435,0,0,0,0,0,0,1,1,1,1,1,0,4.9908,4.9908,4.9908,4.9908,2.9084,7.0640,1650.3648,1632.6976,1644.9524,1455.3497,1293.9688,1438.3544,1,on,1,1.5000
1786347137.074059,1,1,,1624.0000,1636.0000,1661.0000,1522.0000,1323.0000,1460.0000,54.593,52.229,47.131,75.110,29.941,43.423,1650,1631,1644,1454,1289,1435,0,0,0,0,0,22,1,1,1,1,0,0,4.9908,4.9908,4.9908,4.9908,2.9084,7.0640,1650.3648,1632.6976,1644.9524,1455.3497,1293.9688,1438.3544,0,on,1,1.5000
1786347137.111252,1,1,,1708.0000,1681.0000,1642.0000,1470.0000,1327.0000,1536.0000,37.787,43.183,51.031,85.482,28.468,32.732,1650,1631,1644,1454,1289,1435,0,0,0,0,22,27,1,1,1,1,0,0,4.9908,4.9908,4.9908,4.9908,2.9084,7.0640,1650.3648,1632.6976,1644.9524,1455.3497,1298.5965,1456.9653,1,on,1,1.5000
1786347137.141964,1,1,,1734.0000,1638.0000,1610.0000,1462.0000,1334.0000,1563.0000,32.595,51.826,57.325,87.035,26.235,28.890,1650,1631,1644,1454,1291,1436,0,0,0,0,19,25,1,1,1,1,0,0,4.9908,4.9908,4.9908,4.9908,2.9084,7.0640,1662.8179,1632.6976,1644.9524,1455.3497,1298.5965,1477.1559,1,on,1,1.5000
1786347137.174096,1,1,,1728.0000,1616.0000,1591.0000,1477.0000,1318.0000,1541.0000,33.763,56.098,61.286,83.996,31.787,31.959,1650,1631,1644,1454,1293,1439,0,0,0,0,16,23,0,1,1,1,0,0,4.9908,4.9908,4.9908,4.9908,2.9084,7.0640,1672.7983,1632.6976,1644.9524,1455.3497,1302.9850,1489.1051,1,on,1,1.5000
1786347137.206113,1,1,,1732.0000,1637.0000,1605.0000,1503.0000,1319.0000,1540.0000,32.898,51.947,58.365,78.819,31.275,32.056,1651,1631,1644,1454,1294,1444,54,0,0,0,0,81,0,1,1,1,0,0,4.9908,4.9908,4.9908,4.9908,2.9084,7.0640,1682.1351,1632.6976,1635.8913,1465.8638,1302.9850,1489.1051,1,on,1,1.5000
1786347137.242110,1,1,,1744.0000,1649.0000,1611.0000,1505.0000,1317.0000,1531.0000,30.523,49.591,57.122,78.388,32.121,33.337,1661,1631,1644,1454,1295,1466,68,0,0,26,17,48,0,1,1,0,0,0,4.9908,4.9908,4.9908,4.9908,2.9084,7.0640,1692.7961,1632.6976,1635.8913,1465.8638,1302.9850,1502.6476,1,on,1,1.5000
1786347137.274110,1,1,,1727.0000,1626.0000,1604.0000,1502.0000,1308.0000,1519.0000,34.021,54.242,58.675,79.023,35.018,35.156,1677,1631,1644,1454,1297,1475,47,0,21,43,13,0,0,1,1,0,0,0,4.9908,4.9908,4.9908,4.9908,2.9084,7.0640,1692.7961,1632.6976,1635.8913,1465.8638,1302.9850,1502.6476,0,on,1,1.5000
1786347137.306241,1,1,,1727.0000,1617.0000,1598.0000,1524.0000,1311.0000,1546.0000,34.040,55.991,59.715,74.686,33.959,31.285,1680,1631,1640,1459,1297,1483,27,0,31,15,10,67,0,1,1,0,0,0,4.9908,4.9908,4.9908,4.9908,2.9084,7.0640,1700.8424,1632.6976,1627.6056,1479.1692,1302.9850,1502.6476,1,on,1,1.5000
1786347137.342087,1,1,,1712.0000,1631.0000,1619.0000,1552.0000,1314.0000,1566.0000,36.878,53.148,55.563,69.024,33.155,28.372,1686,1631,1638,1464,1298,1493,22,0,14,0,0,18,0,1,1,0,0,0,4.9908,4.9908,4.9908,4.9908,2.9084,7.0640,1700.8424,1632.6976,1627.6056,1490.9696,1302.9850,1517.0252,1,on,1,1.5000
1786347137.374070,1,1,,1720.0000,1611.0000,1605.0000,1550.0000,1304.0000,1556.0000,35.335,57.092,58.475,69.311,36.545,29.869,1688,1631,1634,1468,1300,1495,42,0,42,14,19,29,0,1,1,0,0,0,4.9908,4.9908,4.9908,4.9908,2.9084,7.0640,1700.8424,1632.6976,1627.6056,1500.0908,1302.9850,1517.0252,1,on,1,1.5000
1786347137.405977,1,1,,1706.0000,1615.0000,1608.0000,1560.0000,1305.0000,1566.0000,38.145,56.363,57.712,67.374,36.077,28.380,1692,1631,1628,1469,1301,1498,19,0,20,45,0,28,0,1,1,0,0,0,4.9908,4.9908,4.9908,4.9908,2.9084,7.0640,1700.8424,1632.6976,1627.6056,1509.6310,1302.9850,1517.0252,1,on,1,1.5000
1786347137.442070,1,1,,1696.0000,1651.0000,1638.0000,1614.0000,1303.0000,1597.0000,40.128,49.271,51.686,56.622,36.817,23.990,1696,1631,1627,1482,1301,1502,16,0,0,31,0,21,0,1,1,0,0,0,4.9908,4.9908,4.9908,4.9908,2.9084,7.0640,1700.8424,1632.6976,1627.6056,1532.0580,1302.9850,1538.7275,1,on,1,1.5000
1786347137.474094,1,1,,1663.0000,1674.0000,1651.0000,1644.0000,1292.0000,1593.0000,46.761,44.514,49.249,50.626,40.470,24.599,1696,1631,1626,1494,1301,1505,0,0,0,17,0,41,0,1,0,0,0,0,4.9908,4.9908,4.9908,4.9908,2.9084,7.0640,1700.8424,1632.6976,1627.6056,1557.6157,1302.9850,1538.7275,1,on,1,1.5000
1786347137.506134,1,1,,1661.0000,1684.0000,1665.0000,1660.0000,1290.0000,1606.0000,47.217,42.573,46.345,47.308,41.256,22.738,1696,1631,1626,1501,1301,1510,0,0,0,48,0,62,0,1,0,0,0,0,4.9908,4.9908,4.9908,4.9908,2.9084,7.0640,1700.8424,1640.3983,1627.6056,1581.9593,1302.9850,1556.0958,1,on,1,1.5000
1786347137.542109,1,1,,1652.0000,1683.0000,1669.0000,1674.0000,1290.0000,1609.0000,48.966,42.824,45.523,44.658,41.256,22.373,1696,1631,1626,1516,1301,1517,0,0,0,59,0,32,0,0,0,0,0,0,4.9908,4.9908,4.9908,4.9908,2.9084,7.0640,1692.3168,1640.3983,1627.6056,1604.6193,1302.9850,1556.0958,1,on,1,1.5000
1786347137.574095,1,1,,1635.0000,1698.0000,1679.0000,1676.0000,1299.0000,1614.0000,52.386,39.822,43.629,44.263,38.271,21.665,1696,1631,1626,1535,1301,1533,0,23,0,62,0,52,1,0,0,0,0,0,4.9908,4.9908,4.9908,4.9908,2.9084,7.0640,1692.3168,1652.0010,1637.8844,1619.5900,1302.9850,1571.7965,1,on,1,1.5000
1786347137.606093,1,1,,1638.0000,1703.0000,1682.0000,1688.0000,1299.0000,1610.0000,51.714,38.669,43.057,41.830,38.038,22.262,1696,1633,1626,1549,1301,1539,0,23,16,59,0,63,1,0,0,0,0,0,4.9908,4.9908,4.9908,4.9908,2.9084,7.0640,1678.7305,1652.0010,1637.8844,1633.1593,1302.9850,1571.7965,1,on,1,1.5000
1786347137.642090,1,1,,1634.0000,1705.0000,1686.0000,1687.0000,1311.0000,1618.0000,52.518,38.315,42.197,41.994,34.093,21.015,1696,1636,1626,1567,1301,1551,0,16,40,55,0,0,1,0,0,0,0,0,4.9908,4.9908,4.9908,4.9908,2.9084,7.0640,1678.7305,1665.4358,1648.7275,1643.2930,1302.9850,1582.3935,1,on,1,1.5000
1786347137.673953,1,1,,1624.0000,1716.0000,1692.0000,1689.0000,1310.0000,1599.0000,54.536,36.193,41.054,41.491,34.234,23.736,1696,1640,1633,1588,1301,1558,19,35,0,39,0,32,1,0,0,0,0,0,4.9908,4.9908,4.9908,4.9908,2.9084,7.0640,1666.1010,1665.4358,1648.7275,1643.2930,1302.9850,1582.3935,1,on,1,1.5000
1786347137.706090,1,1,,1630.0000,1711.0000,1689.0000,1684.0000,1311.0000,1609.0000,53.303,37.230,41.631,42.483,33.876,22.304,1696,1650,1636,1608,1301,1567,27,68,26,48,0,63,1,0,0,0,0,0,4.9908,4.9908,4.9908,4.9908,2.9084,7.0640,1666.1010,1677.2274,1658.0390,1654.8177,1302.9850,1582.3935,1,on,1,1.5000
1786347137.742107,1,1,,1636.0000,1708.0000,1691.0000,1672.0000,1310.0000,1603.0000,52.261,37.791,41.254,44.871,34.484,23.222,1687,1659,1641,1626,1301,1574,44,16,15,37,0,23,1,0,0,0,0,0,4.9908,4.9908,4.9908,4.9908,2.9084,7.0640,1666.1010,1677.2274,1658.0390,1654.8177,1302.9850,1582.3935,0,on,1,1.5000
1786347137.774106,1,1,,1632.0000,1715.0000,1694.0000,1669.0000,1315.0000,1608.0000,52.888,36.405,40.520,45.608,32.645,22.444,1680,1666,1647,1644,1301,1576,0,11,16,10,0,34,1,0,0,0,0,0,4.9908,4.9908,4.9908,4.9908,2.9084,7.0640,1656.2724,1677.2274,1658.0390,1654.8177,1302.9850,1582.3935,1,on,1,1.5000
1786347137.806068,1,1,,1636.0000,1713.0000,1699.0000,1668.0000,1317.0000,1621.0000,52.238,36.811,39.506,45.670,32.103,20.597,1678,1667,1650,1646,1301,1580,70,32,19,10,0,22,1,0,0,0,0,0,4.9908,4.9908,4.9908,4.9908,2.9084,7.0640,1656.2724,1687.4173,1668.6581,1654.8177,1302.9850,1582.3935,1,on,1,1.5000
1786347137.842118,1,1,,1641.0000,1710.0000,1704.0000,1668.0000,1318.0000,1620.0000,51.202,37.362,38.652,45.818,31.661,20.742,1668,1671,1654,1650,1301,1581,22,22,12,0,0,22,1,0,0,0,0,0,4.9908,4.9908,4.9908,4.9908,2.9084,7.0640,1656.2724,1687.4173,1668.6581,1654.8177,1302.9850,1594.3117,1,on,1,1.5000
1786347137.874089,1,1,,1644.0000,1711.0000,1704.0000,1664.0000,1314.0000,1626.0000,50.571,37.157,38.625,46.536,33.113,19.985,1665,1675,1656,1652,1301,1581,38,9,22,0,0,25,1,0,0,0,0,0,4.9908,4.9908,4.9908,4.9908,2.9084,7.0640,1656.2724,1687.4173,1668.6581,1654.8177,1302.9850,1594.3117,0,on,1,1.5000
1786347137.906133,1,1,,1644.0000,1720.0000,1709.0000,1665.0000,1316.0000,1627.0000,50.632,35.359,37.621,46.409,32.341,19.733,1662,1680,1662,1652,1301,1584,36,25,20,0,0,53,1,0,0,0,0,0,4.9908,4.9908,4.9908,4.9908,2.9084,7.0640,1656.2724,1687.4173,1679.1042,1654.8177,1302.9850,1594.3117,1,on,1,1.5000
1786347137.942073,1,1,,1646.0000,1714.0000,1709.0000,1666.0000,1321.0000,1627.0000,50.208,36.456,37.571,46.138,30.728,19.735,1660,1683,1666,1652,1301,1592,32,20,0,0,0,35,1,0,0,0,0,0,4.9908,4.9908,4.9908,4.9908,2.9084,7.0640,1656.2724,1695.3646,1679.1042,1654.8177,1302.9850,1594.3117,1,on,1,1.5000
1786347137.974099,1,1,,1642.0000,1710.0000,1703.0000,1656.0000,1322.0000,1637.0000,50.902,37.312,38.705,48.097,30.313,18.420,1657,1684,1672,1652,1301,1596,25,16,19,0,0,0,1,0,0,0,0,1,4.9908,4.9908,4.9908,4.9908,2.9084,7.0640,1656.2724,1695.3646,1679.1042,1654.8177,1307.7054,1605.7655,1,on,1,1.5000
1786347138.005992,1,1,,1635.0000,1714.0000,1703.0000,1660.0000,1322.0000,1621.0000,52.349,36.514,38.677,47.391,30.249,20.598,1656,1686,1675,1652,1301,1596,0,35,15,0,0,0,1,0,0,0,0,0,4.9908,4.9908,4.9908,4.9908,2.9084,7.0640,1656.2724,1695.3646,1679.1042,1654.8177,1307.7054,1605.7655,0,on,1,1.5000
1786347138.042113,1,1,,1637.0000,1714.0000,1704.0000,1660.0000,1319.0000,1622.0000,52.032,36.477,38.529,47.319,31.381,20.445,1656,1692,1677,1652,1301,1596,0,23,0,0,0,37,1,0,0,0,0,0,4.9908,4.9908,4.9908,4.9908,2.9084,7.0640,1656.2724,1695.3646,1686.7864,1654.8177,1307.7054,1605.7655,1,on,1,1.5000
1786347138.073992,1,1,,1655.0000,1713.0000,1705.0000,1651.0000,1319.0000,1633.0000,48.404,36.661,38.410,49.091,31.411,18.943,1656,1694,1677,1652,1301,1600,0,18,0,0,14,35,1,0,0,0,0,0,4.9908,4.9908,4.9908,4.9908,2.9084,7.0640,1656.2724,1695.3646,1686.7864,1654.8177,1307.7054,1605.7655,0,on,1,1.5000
1786347138.106222,1,1,,1639.0000,1714.0000,1703.0000,1656.0000,1320.0000,1612.0000,51.644,36.455,38.678,48.115,31.100,21.889,1657,1695,1678,1652,1302,1602,0,18,18,0,8,20,1,0,0,0,0,0,4.9908,4.9908,4.9908,4.9908,2.9084,7.0640,1656.2724,1695.3646,1686.7864,1654.8177,1307.7054,1605.7655,0,on,1,1.5000
1786347138.142083,1,1,,1642.0000,1719.0000,1707.0000,1657.0000,1318.0000,1610.0000,50.894,35.596,38.012,48.070,31.561,22.166,1657,1695,1682,1652,1303,1602,0,16,13,0,20,24,1,1,0,0,0,0,4.9908,4.9908,4.9908,4.9908,2.9084,7.0640,1656.2724,1695.3646,1686.7864,1654.8177,1307.7054,1605.7655,0,on,1,1.5000
1786347138.173998,1,1,,1631.0000,1714.0000,1699.0000,1660.0000,1311.0000,1604.0000,53.140,36.460,39.505,47.430,34.100,23.075,1657,1696,1684,1652,1304,1602,0,0,10,0,22,31,1,1,0,0,0,0,4.9908,4.9908,4.9908,4.9908,2.9084,7.0640,1656.2724,1695.3646,1686.7864,1654.8177,1307.7054,1605.7655,0,on,1,1.5000
1786347138.205979,1,1,,1655.0000,1727.0000,1716.0000,1673.0000,1300.0000,1550.0000,48.460,34.029,36.068,44.779,37.864,30.656,1656,1696,1685,1652,1306,1603,0,0,0,0,16,28,1,1,0,0,0,0,4.9908,4.9908,4.9908,4.9908,2.9084,7.0640,1656.2724,1703.6389,1686.7864,1654.8177,1307.7054,1605.7655,1,on,1,1.5000
1786347138.247283,1,1,,1669.0000,1745.0000,1761.0000,1654.0000,1291.0000,1496.0000,45.657,30.383,27.054,48.610,40.760,38.393,1657,1695,1685,1652,1307,1604,0,0,0,0,0,25,1,0,0,0,1,0,4.9908,4.9908,4.9908,4.9908,2.9084,7.0640,1656.2724,1703.6389,1701.6699,1654.8177,1307.7054,1583.8274,1,on,1,1.5000
1786347138.274130,1,1,,1677.0000,1671.0000,1772.0000,1559.0000,1264.0000,1370.0000,44.040,45.135,24.996,67.653,50.295,56.138,1657,1696,1685,1652,1307,1604,0,0,0,0,0,27,1,0,0,0,1,1,4.9908,4.9908,4.9908,4.9908,2.9084,7.0640,1656.2724,1703.6389,1711.0902,1654.8177,1307.7054,1526.4465,1,on,1,1.5000
1786347138.306122,1,1,,1642.0000,1678.0000,1682.0000,1500.0000,1293.0000,1296.0000,51.004,43.709,43.057,79.470,40.063,66.696,1657,1696,1686,1652,1307,1605,0,22,14,16,0,0,1,0,0,0,1,1,4.9908,4.9908,4.9908,4.9908,2.9084,7.0640,1656.2724,1703.6389,1711.0902,1613.4674,1307.7054,1442.8347,1,on,1,1.5000
1786347138.342098,1,1,,1666.0000,1688.0000,1688.0000,1462.0000,1292.0000,1313.0000,46.120,41.818,41.748,87.017,40.548,64.207,1657,1699,1694,1653,1307,1605,0,22,25,0,0,73,1,0,0,1,1,1,4.9908,4.9908,4.9908,4.9908,2.9084,7.0640,1656.2724,1703.6389,1711.0902,1569.5436,1307.7054,1397.5653,1,on,1,1.5000
1786347138.374089,1,1,,1682.0000,1684.0000,1696.0000,1444.0000,1297.0000,1342.0000,42.921,42.581,40.126,90.672,38.720,60.113,1657,1702,1700,1653,1307,1589,0,15,12,53,0,129,1,0,0,1,1,1,4.9908,4.9908,4.9908,4.9908,2.9084,7.0640,1656.2724,1703.6389,1711.0902,1534.8697,1307.7054,1383.2773,1,on,1,1.5000
1786347138.406113,1,1,,1669.0000,1674.0000,1707.0000,1446.0000,1296.0000,1336.0000,45.534,44.584,37.859,90.276,39.323,60.930,1657,1703,1706,1640,1307,1546,0,0,17,48,0,95,1,0,0,1,1,1,4.9908,4.9908,4.9908,4.9908,2.9084,7.0640,1656.2724,1703.6389,1711.0902,1512.2895,1307.7054,1383.2773,1,on,1,1.5000
1786347138.442095,1,1,,1663.0000,1686.0000,1703.0000,1460.0000,1297.0000,1322.0000,46.802,42.147,38.812,87.448,38.932,62.979,1657,1703,1710,1612,1307,1510,0,0,0,85,0,100,1,0,0,1,1,1,4.9908,4.9908,4.9908,4.9908,2.9084,7.0640,1656.2724,1703.6389,1711.0902,1500.7126,1303.2659,1363.5816,1,on,1,1.5000
1786347138.473948,1,1,,1661.0000,1683.0000,1696.0000,1451.0000,1297.0000,1313.0000,47.235,42.664,40.148,89.344,38.878,64.317,1657,1703,1710,1598,1307,1486,0,0,0,42,0,77,1,0,0,1,1,1,4.9908,4.9908,4.9908,4.9908,2.9084,7.0640,1656.2724,1703.6389,1711.0902,1491.9598,1303.2659,1363.5816,1,on,1,1.5000
1786347138.506088,1,1,,1654.0000,1683.0000,1682.0000,1459.0000,1292.0000,1325.0000,48.596,42.846,42.953,87.626,40.541,62.491,1656,1703,1710,1574,1307,1456,0,0,0,79,20,77,1,0,0,1,1,1,4.9908,4.9908,4.9908,4.9908,2.9084,7.0640,1656.2724,1703.6389,1711.0902,1491.9598,1303.2659,1351.3772,1,on,1,1.5000
1786347138.542108,1,1,,1648.0000,1681.0000,1684.0000,1458.0000,1292.0000,1325.0000,49.861,43.156,42.553,87.916,40.605,62.533,1656,1703,1710,1553,1306,1430,0,0,0,56,39,81,1,0,0,1,1,1,4.9908,4.9908,4.9908,4.9908,2.9084,7.0640,1656.2724,1703.6389,1711.0902,1483.3881,1303.2659,1351.3772,1,on,1,1.5000
1786347138.574071,1,1,,1638.0000,1679.0000,1681.0000,1462.0000,1291.0000,1342.0000,51.869,43.608,43.240,86.965,40.870,60.130,1657,1703,1710,1534,1305,1404,0,0,0,64,18,80,1,0,0,1,1,1,4.9908,4.9908,4.9908,4.9908,2.9084,7.0640,1656.2724,1695.9768,1703.3341,1483.3881,1303.2659,1351.3772,1,on,1,1.5000
1786347138.606100,1,1,,1651.0000,1680.0000,1680.0000,1450.0000,1293.0000,1326.0000,49.102,43.404,43.343,89.418,40.136,62.433,1657,1703,1710,1516,1304,1374,0,0,0,58,15,74,1,1,1,1,1,1,4.9908,4.9908,4.9908,4.9908,2.9084,7.0640,1656.2724,1695.9768,1703.3341,1483.3881,1303.2659,1351.3772,0,on,1,1.5000
1786347138.642082,1,1,,1657.0000,1679.0000,1687.0000,1437.0000,1289.0000,1330.0000,48.022,43.475,41.876,92.059,41.488,61.778,1657,1703,1710,1499,1304,1364,0,19,13,57,14,0,1,1,1,1,1,1,4.9908,4.9908,4.9908,4.9908,2.9084,7.0640,1656.2724,1695.9768,1703.3341,1473.4843,1303.2659,1351.3772,1,on,1,1.5000
1786347138.674089,1,1,,1641.0000,1680.0000,1686.0000,1452.0000,1294.0000,1339.0000,51.096,43.435,42.247,89.009,39.785,60.601,1657,1703,1710,1491,1304,1362,0,36,19,17,0,31,1,1,1,1,1,1,4.9908,4.9908,4.9908,4.9908,2.9084,7.0640,1656.2724,1695.9768,1703.3341,1473.4843,1303.2659,1351.3772,0,on,1,1.5000
1786347138.706070,1,1,,1651.0000,1681.0000,1674.0000,1445.0000,1296.0000,1323.0000,49.249,43.193,44.467,90.405,39.155,62.780,1657,1697,1707,1488,1304,1358,0,22,19,21,0,22,1,1,1,1,1,1,4.9908,4.9908,4.9908,4.9908,2.9084,7.0640,1656.2724,1695.9768,1703.3341,1473.4843,1303.2659,1351.3772,0,on,1,1.5000
1786347138.742063,1,1,,1652.0000,1678.0000,1676.0000,1451.0000,1297.0000,1310.0000,49.018,43.772,44.074,89.334,38.949,64.726,1656,1696,1704,1484,1304,1356,0,0,0,0,0,20,1,1,1,1,1,1,4.9908,4.9908,4.9908,4.9908,2.9084,7.0640,1656.2724,1695.9768,1703.3341,1473.4843,1303.2659,1340.6175,1,on,1,1.5000
1786347138.774011,1,1,,1670.0000,1674.0000,1686.0000,1433.0000,1298.0000,1320.0000,45.424,44.505,42.225,92.944,38.561,63.235,1657,1696,1704,1484,1304,1354,0,0,0,0,0,15,1,1,1,1,1,1,4.9908,4.9908,4.9908,4.9908,2.9084,7.0640,1656.2724,1695.9768,1695.7449,1464.6420,1303.2659,1340.6175,1,on,1,1.5000
1786347138.805979,1,1,,1665.0000,1669.0000,1682.0000,1441.0000,1300.0000,1327.0000,46.345,45.499,43.030,91.276,37.685,62.234,1657,1696,1704,1484,1304,1353,0,0,0,57,0,42,1,1,1,1,1,1,4.9908,4.9908,4.9908,4.9908,2.9084,7.0640,1656.2724,1695.9768,1695.7449,1464.6420,1303.2659,1340.6175,0,on,1,1.5000
1786347138.842111,1,1,,1661.0000,1678.0000,1687.0000,1439.0000,1297.0000,1311.0000,47.243,43.674,42.022,91.749,38.745,64.568,1657,1696,1704,1474,1304,1342,0,0,0,13,0,23,1,1,1,1,1,1,4.9908,4.9908,4.9908,4.9908,2.9084,7.0640,1656.2724,1695.9768,1695.7449,1464.6420,1303.2659,1340.6175,0,on,1,1.5000
1786347138.874085,1,1,,1674.0000,1676.0000,1691.0000,1434.0000,1299.0000,1324.0000,44.539,44.152,41.161,92.601,38.181,62.749,1657,1696,1704,1473,1304,1339,0,0,22,48,0,0,1,1,1,1,1,1,4.9908,4.9908,4.9908,4.9908,2.9084,7.0640,1656.2724,1688.1726,1695.7449,1464.6420,1303.2659,1340.6175,1,on,1,1.5000
1786347138.906108,1,1,,1672.0000,1687.0000,1692.0000,1445.0000,1298.0000,1318.0000,45.006,41.887,40.909,90.349,38.670,63.572,1656,1696,1701,1468,1304,1339,0,0,18,20,0,0,1,1,1,1,1,1,4.9908,4.9908,4.9908,4.9908,2.9084,7.0640,1656.2724,1688.1726,1695.7449,1464.6420,1303.2659,1340.6175,0,on,1,1.5000
1786347138.942143,1,1,,1675.0000,1684.0000,1687.0000,1443.0000,1300.0000,1325.0000,44.394,42.658,42.002,90.756,37.906,62.610,1657,1696,1699,1467,1304,1339,0,0,11,0,0,0,1,1,1,1,1,1,4.9908,4.9908,4.9908,4.9908,2.9084,7.0640,1656.2724,1688.1726,1695.7449,1456.5938,1303.2659,1340.6175,1,on,1,1.5000
1786347138.973991,1,1,,1669.0000,1683.0000,1692.0000,1449.0000,1298.0000,1315.0000,45.556,42.738,40.956,89.621,38.484,63.979,1656,1696,1698,1467,1304,1339,0,0,0,0,12,0,1,1,1,1,1,1,4.9908,4.9908,4.9908,4.9908,2.9084,7.0640,1656.2724,1688.1726,1695.7449,1456.5938,1303.2659,1340.6175,0,on,1,1.5000
1786347139.006117,1,1,,1683.0000,1691.0000,1689.0000,1432.0000,1298.0000,1327.0000,42.844,41.189,41.587,92.967,38.349,62.255,1656,1696,1698,1464,1303,1339,0,27,0,31,18,0,1,1,1,1,1,1,4.9908,4.9908,4.9908,4.9908,2.9084,7.0640,1656.2724,1688.1726,1695.7449,1456.5938,1303.2659,1340.6175,0,on,1,1.5000
1786347139.042132,1,1,,1669.0000,1681.0000,1690.0000,1447.0000,1298.0000,1341.0000,45.606,43.069,41.425,90.109,38.428,60.294,1657,1694,1698,1459,1303,1339,0,24,0,0,0,0,1,1,1,1,1,1,4.9908,4.9908,4.9908,4.9908,2.9084,7.0640,1656.2724,1688.1726,1695.7449,1456.5938,1303.2659,1340.6175,0,on,1,1.5000
1786347139.073934,1,1,,1669.0000,1679.0000,1686.0000,1451.0000,1297.0000,1359.0000,45.645,43.521,42.199,89.320,38.871,57.712,1657,1692,1698,1459,1303,1339,0,19,0,0,0,0,1,1,1,1,1,1,4.9908,4.9908,4.9908,4.9908,2.9084,7.0640,1656.2724,1688.1726,1695.7449,1456.5938,1303.2659,1340.6175,0,on,1,1.5000
1786347139.106096,1,1,,1670.0000,1686.0000,1693.0000,1449.0000,1295.0000,1371.0000,45.306,42.257,40.768,89.664,39.426,55.986,1656,1691,1698,1459,1303,1339,0,17,0,13,0,0,1,1,1,1,1,1,4.9908,4.9908,4.9908,4.9908,2.9084,7.0640,1656.2724,1688.1726,1695.7449,1456.5938,1303.2659,1340.6175,0,on,1,1.5000
1786347139.142045,1,1,,1679.0000,1686.0000,1694.0000,1443.0000,1295.0000,1371.0000,43.472,42.110,40.477,90.810,39.629,56.098,1657,1691,1698,1458,1303,1339,0,0,0,0,0,0,1,1,1,1,1,1,4.9908,4.9908,4.9908,4.9908,2.9084,7.0640,1656.2724,1688.1726,1695.7449,1456.5938,1303.2659,1340.6175,0,on,1,1.5000
1786347139.174069,1,1,,1664.0000,1679.0000,1690.0000,1447.0000,1295.0000,1371.0000,46.516,43.517,41.406,90.129,39.671,55.968,1656,1691,1698,1458,1303,1340,0,0,0,8,0,0,1,1,1,1,1,1,4.9908,4.9908,4.9908,4.9908,2.9084,7.0640,1656.2724,1688.1726,1695.7449,1456.5938,1303.2659,1340.6175,0,on,1,1.5000
1786347139.205943,1,1,,1669.0000,1677.0000,1688.0000,1453.0000,1297.0000,1383.0000,45.565,43.995,41.666,88.845,38.929,54.351,1657,1691,1698,1458,1303,1339,0,0,0,10,0,0,1,1,1,1,1,1,4.9908,4.9908,4.9908,4.9908,2.9084,7.0640,1656.2724,1688.1726,1695.7449,1456.5938,1303.2659,1340.6175,0,on,1,1.5000
1786347139.242046,1,1,,1668.0000,1676.0000,1696.0000,1451.0000,1292.0000,1397.0000,45.787,44.124,40.166,89.151,40.536,52.415,1656,1691,1698,1457,1303,1339,0,0,0,0,0,0,1,1,1,1,1,1,4.9908,4.9908,4.9908,4.9908,2.9084,7.0640,1656.2724,1688.1726,1695.7449,1456.5938,1303.2659,1353.3564,1,on,1,1.5000
1786347139.274075,1,1,,1674.0000,1684.0000,1686.0000,1439.0000,1290.0000,1399.0000,44.506,42.585,42.171,91.712,41.240,52.060,1657,1691,1698,1456,1303,1340,0,0,0,0,0,0,1,1,1,1,1,0,4.9908,4.9908,4.9908,4.9908,2.9084,7.0640,1656.2724,1688.1726,1695.7449,1456.5938,1303.2659,1353.3564,0,on,1,1.5000
1786347139.306096,1,1,,1659.0000,1674.0000,1683.0000,1444.0000,1295.0000,1397.0000,47.530,44.645,42.762,90.572,39.471,52.423,1657,1691,1698,1456,1303,1339,0,0,0,0,0,36,1,1,1,1,1,0,4.9908,4.9908,4.9908,4.9908,2.9084,7.0640,1656.2724,1688.1726,1695.7449,1456.5938,1303.2659,1353.3564,0,on,1,1.5000
1786347139.342189,1,1,,1664.0000,1674.0000,1681.0000,1445.0000,1295.0000,1398.0000,46.624,44.562,43.172,90.376,39.643,52.271,1657,1691,1698,1456,1303,1339,0,0,0,0,0,23,1,1,1,1,1,0,4.9908,4.9908,4.9908,4.9908,2.9084,7.0640,1656.2724,1688.1726,1695.7449,1456.5938,1303.2659,1367.7307,1,on,1,1.5000
1786347139.374062,1,1,,1657.0000,1673.0000,1686.0000,1442.0000,1293.0000,1391.0000,47.935,44.858,42.081,91.114,40.222,53.246,1657,1691,1698,1456,1303,1349,0,0,0,0,0,34,1,1,1,1,1,0,4.9908,4.9908,4.9908,4.9908,2.9084,7.0640,1656.2724,1688.1726,1695.7449,1456.5938,1298.7515,1367.7307,1,on,1,1.5000
1786347139.406096,1,1,,1666.0000,1677.0000,1680.0000,1440.0000,1289.0000,1407.0000,46.178,43.897,43.266,91.488,41.574,50.875,1656,1691,1698,1456,1303,1358,0,0,0,0,0,34,1,1,1,1,1,0,4.9908,4.9908,4.9908,4.9908,2.9084,7.0640,1656.2724,1688.1726,1695.7449,1456.5938,1298.7515,1367.7307,0,on,1,1.5000
1786347139.442085,1,1,,1669.0000,1664.0000,1675.0000,1445.0000,1294.0000,1395.0000,45.600,46.511,44.388,90.421,39.729,52.618,1657,1691,1698,1456,1303,1367,0,0,0,0,0,0,1,1,1,1,1,1,4.9908,4.9908,4.9908,4.9908,2.9084,7.0640,1656.2724,1688.1726,1695.7449,1456.5938,1298.7515,1367.7307,0,on,1,1.5000
1786347139.474068,1,1,,1662.0000,1677.0000,1686.0000,1444.0000,1291.0000,1410.0000,46.882,44.035,42.121,90.660,41.014,50.525,1656,1691,1698,1456,1303,1367,0,0,0,0,0,0,1,1,1,1,1,1,4.9908,4.9908,4.9908,4.9908,2.9084,7.0640,1656.2724,1688.1726,1695.7449,1456.5938,1298.7515,1378.9771,1,on,1,1.5000
1786347139.506101,1,1,,1663.0000,1667.0000,1680.0000,1444.0000,1294.0000,1393.0000,46.715,45.903,43.428,90.703,39.836,52.931,1657,1691,1698,1456,1303,1367,0,0,0,0,0,0,1,1,1,1,1,0,4.9908,4.9908,4.9908,4.9908,2.9084,7.0640,1656.2724,1688.1726,1695.7449,1456.5938,1298.7515,1378.9771,0,on,1,1.5000
1786347139.542104,1,1,,1659.0000,1669.0000,1678.0000,1443.0000,1294.0000,1411.0000,47.471,45.643,43.707,90.823,39.912,50.355,1656,1691,1698,1456,1303,1367,0,0,0,0,0,34,1,1,1,1,1,0,4.9908,4.9908,4.9908,4.9908,2.9084,7.0640,1656.2724,1688.1726,1695.7449,1456.5938,1298.7515,1378.9771,0,on,1,1.5000
1786347139.574116,1,1,,1660.0000,1671.0000,1681.0000,1445.0000,1293.0000,1401.0000,47.308,45.180,43.104,90.509,40.302,51.861,1657,1691,1698,1456,1303,1373,0,0,0,0,0,28,1,1,1,1,1,0,4.9908,4.9908,4.9908,4.9908,2.9084,7.0640,1656.2724,1688.1726,1695.7449,1456.5938,1298.7515,1378.9771,0,on,1,1.5000
1786347139.606093,1,1,,1663.0000,1664.0000,1675.0000,1446.0000,1292.0000,1394.0000,46.781,46.551,44.316,90.320,40.594,52.836,1656,1691,1698,1456,1303,1376,0,0,8,0,0,16,1,1,1,1,1,0,4.9908,4.9908,4.9908,4.9908,2.9084,7.0640,1656.2724,1680.3152,1695.7449,1456.5938,1298.7515,1378.9771,1,on,1,1.5000
1786347139.642104,1,1,,1659.0000,1671.0000,1678.0000,1442.0000,1295.0000,1388.0000,47.666,45.151,43.779,91.096,39.488,53.604,1656,1691,1696,1456,1303,1378,0,0,0,0,20,16,1,1,1,1,1,1,4.9908,4.9908,4.9908,4.9908,2.9084,7.0640,1656.2724,1680.3152,1695.7449,1456.5938,1298.7515,1378.9771,0,on,1,1.5000
1786347139.674056,1,1,,1663.0000,1672.0000,1681.0000,1425.0000,1286.0000,1393.0000,46.797,45.011,43.160,94.420,42.738,52.991,1656,1691,1696,1456,1302,1378,0,38,0,0,19,16,1,1,1,1,1,1,4.9908,4.9908,4.9908,4.9908,2.9084,7.0640,1656.2724,1680.3152,1688.0400,1448.5741,1298.7515,1378.9771,1,on,1,1.5000
1786347139.706220,1,1,,1650.0000,1660.0000,1675.0000,1455.0000,1299.0000,1380.0000,49.322,47.406,44.356,88.478,38.045,54.779,1656,1684,1696,1456,1302,1378,0,23,0,0,19,0,1,1,1,1,1,1,4.9908,4.9908,4.9908,4.9908,2.9084,7.0640,1656.2724,1680.3152,1688.0400,1448.5741,1298.7515,1378.9771,0,on,1,1.5000
1786347139.742167,1,1,,1653.0000,1660.0000,1679.0000,1440.0000,1292.0000,1398.0000,48.725,47.307,43.469,91.488,40.622,52.257,1657,1681,1696,1455,1302,1378,0,20,0,42,17,0,1,1,1,1,1,1,4.9908,4.9908,4.9908,4.9908,2.9084,7.0640,1656.2724,1680.3152,1688.0400,1448.5741,1298.7515,1378.9771,0,on,1,1.5000
1786347139.774230,1,1,,1653.0000,1654.0000,1673.0000,1444.0000,1294.0000,1413.0000,48.843,48.545,44.834,90.623,39.916,50.086,1657,1681,1696,1448,1302,1378,0,0,0,0,25,0,1,1,1,1,1,1,4.9908,4.9908,4.9908,4.9908,2.9084,7.0640,1656.2724,1680.3152,1688.0400,1448.5741,1298.7515,1378.9771,0,on,1,1.5000
1786347139.806243,1,1,,1651.0000,1656.0000,1674.0000,1451.0000,1294.0000,1416.0000,49.185,48.267,44.612,89.347,39.967,49.612,1656,1681,1694,1448,1300,1378,0,0,19,0,20,0,1,1,1,1,1,1,4.9908,4.9908,4.9908,4.9908,2.9084,7.0640,1656.2724,1680.3152,1688.0400,1448.5741,1298.7515,1378.9771,0,on,1,1.5000
1786347139.842093,1,1,,1654.0000,1661.0000,1683.0000,1432.0000,1291.0000,1403.0000,48.515,47.216,42.843,92.973,40.838,51.482,1656,1681,1694,1448,1300,1378,0,0,17,0,15,0,1,1,1,1,1,1,4.9908,4.9908,4.9908,4.9908,2.9084,7.0640,1656.2724,1680.3152,1688.0400,1448.5741,1298.7515,1390.1457,1,on,1,1.5000
1786347139.873994,1,1,,1667.0000,1666.0000,1675.0000,1426.0000,1286.0000,1414.0000,45.890,46.183,44.319,94.186,42.595,49.950,1656,1681,1691,1448,1299,1378,0,0,14,0,0,0,1,1,1,1,1,0,4.9908,4.9908,4.9908,4.9908,2.9084,7.0640,1656.2724,1680.3152,1688.0400,1448.5741,1298.7515,1390.1457,0,on,1,1.5000
1786347139.906110,1,1,,1661.0000,1662.0000,1677.0000,1441.0000,1288.0000,1425.0000,47.204,46.965,44.050,91.344,41.939,48.369,1656,1681,1690,1448,1299,1378,0,0,0,0,0,29,1,1,1,1,1,0,4.9908,4.9908,4.9908,4.9908,2.9084,7.0640,1656.2724,1680.3152,1688.0400,1448.5741,1298.7515,1390.1457,0,on,1,1.5000
1786347139.942080,1,1,,1657.0000,1663.0000,1680.0000,1437.0000,1289.0000,1410.0000,47.917,46.797,43.455,92.145,41.493,50.449,1657,1681,1690,1448,1299,1386,0,0,0,0,0,26,1,1,1,1,1,0,4.9908,4.9908,4.9908,4.9908,2.9084,7.0640,1656.2724,1672.3938,1688.0400,1448.5741,1298.7515,1390.1457,1,on,1,1.5000
1786347139.973927,1,1,,1667.0000,1655.0000,1672.0000,1438.0000,1297.0000,1392.0000,45.930,48.443,44.981,91.939,38.893,53.111,1657,1681,1690,1448,1299,1389,0,0,0,0,0,19,1,1,1,1,1,0,4.9908,4.9908,4.9908,4.9908,2.9084,7.0640,1656.2724,1672.3938,1688.0400,1448.5741,1298.7515,1390.1457,0,on,1,1.5000
1786347140.005926,1,1,,1663.0000,1660.0000,1674.0000,1435.0000,1285.0000,1424.0000,46.827,47.329,44.475,92.373,42.944,48.584,1656,1681,1690,1448,1299,1389,0,0,0,0,0,0,1,1,1,1,1,1,4.9908,4.9908,4.9908,4.9908,2.9084,7.0640,1656.2724,1672.3938,1688.0400,1448.5741,1298.7515,1390.1457,0,on,1,1.5000
1786347140.042094,1,1,,1661.0000,1658.0000,1674.0000,1443.0000,1294.0000,1391.0000,47.085,47.693,44.663,90.820,39.866,53.194,1656,1681,1690,1448,1299,1389,0,31,0,8,0,0,1,1,1,1,1,1,4.9908,4.9908,4.9908,4.9908,2.9084,7.0640,1656.2724,1672.3938,1688.0400,1448.5741,1298.7515,1390.1457,0,on,1,1.5000
1786347140.073970,1,1,,1647.0000,1663.0000,1686.0000,1453.0000,1290.0000,1409.0000,49.924,46.701,42.182,88.919,41.110,50.593,1656,1678,1690,1448,1299,1389,0,24,0,20,0,0,1,1,1,1,1,1,4.9908,4.9908,4.9908,4.9908,2.9084,7.0640,1656.2724,1672.3938,1688.0400,1448.5741,1298.7515,1390.1457,0,on,1,1.5000
1786347140.105992,1,1,,1655.0000,1663.0000,1678.0000,1440.0000,1286.0000,1399.0000,48.329,46.685,43.708,91.458,42.772,52.097,1656,1675,1690,1448,1299,1389,0,15,0,0,0,0,1,1,1,1,1,1,4.9908,4.9908,4.9908,4.9908,2.9084,7.0640,1656.2724,1672.3938,1688.0400,1448.5741,1298.7515,1390.1457,0,on,1,1.5000
1786347140.142092,1,1,,1644.0000,1667.0000,1682.0000,1447.0000,1285.0000,1390.0000,50.624,45.931,42.910,89.998,42.979,53.369,1656,1675,1690,1448,1299,1389,0,0,0,0,0,0,1,1,1,1,1,1,4.9908,4.9908,4.9908,4.9908,2.9084,7.0640,1656.2724,1672.3938,1688.0400,1448.5741,1298.7515,1390.1457,0,on,1,1.5000
1786347140.173934,1,1,,1628.0000,1668.0000,1680.0000,1465.0000,1288.0000,1417.0000,53.842,45.678,43.400,86.479,42.040,49.520,1656,1675,1690,1448,1299,1389,0,0,0,0,0,0,1,1,1,1,1,1,4.9908,4.9908,4.9908,4.9908,2.9084,7.0640,1656.2724,1672.3938,1688.0400,1448.5741,1298.7515,1390.1457,0,on,1,1.5000
1786347140.206703,1,1,,1649.0000,1681.0000,1692.0000,1459.0000,1287.0000,1424.0000,49.476,43.156,40.976,87.675,42.229,48.515,1656,1675,1690,1448,1299,1389,0,0,0,0,0,0,1,1,1,1,1,1,4.9908,4.9908,4.9908,4.9908,2.9084,7.0640,1656.2724,1672.3938,1688.0400,1448.5741,1294.3050,1390.1457,1,on,1,1.5000
1786347140.241976,1,1,,1651.0000,1677.0000,1693.0000,1480.0000,1298.0000,1420.0000,49.270,44.054,40.699,83.478,38.444,49.145,1657,1675,1690,1448,1299,1389,0,0,0,0,0,0,1,1,1,1,1,1,4.9908,4.9908,4.9908,4.9908,2.9084,7.0640,1656.2724,1672.3938,1688.0400,1448.5741,1294.3050,1401.0663,1,on,1,1.5000
1786347140.273955,1,1,,1658.0000,1679.0000,1712.0000,1476.0000,1289.0000,1441.0000,47.779,43.561,37.020,84.199,41.510,46.195,1656,1675,1690,1448,1299,1389,0,0,0,0,0,0,1,1,1,1,1,0,4.9908,4.9908,4.9908,4.9908,2.9084,7.0640,1656.2724,1672.3938,1688.0400,1448.5741,1294.3050,1401.0663,0,on,1,1.5000
1786347140.306088,1,1,,1669.0000,1669.0000,1717.0000,1451.0000,1284.0000,1440.0000,45.579,45.499,35.990,89.212,43.261,46.316,1657,1675,1690,1448,1299,1389,0,0,0,0,15,27,1,1,1,1,1,0,4.9908,4.9908,4.9908,4.9908,2.9084,7.0640,1656.2724,1672.3938,1688.0400,1448.5741,1294.3050,1401.0663,0,on,1,1.5000
1786347140.341998,1,1,,1701.0000,1663.0000,1724.0000,1430.0000,1291.0000,1454.0000,39.251,46.694,34.501,93.377,41.003,44.321,1656,1675,1690,1448,1298,1397,0,0,0,0,13,25,1,1,1,1,1,0,4.9908,4.9908,4.9908,4.9908,2.9084,7.0640,1656.2724,1672.3938,1688.0400,1448.5741,1294.3050,1413.5429,1,on,1,1.5000
1786347140.373966,1,1,,1691.0000,1677.0000,1727.0000,1406.0000,1284.0000,1431.0000,41.236,43.889,33.888,98.203,43.367,47.499,1656,1675,1690,1448,1298,1401,0,0,0,0,12,0,1,1,1,1,1,0,4.9908,4.9908,4.9908,4.9908,2.9084,7.0640,1656.2724,1672.3938,1688.0400,1448.5741,1294.3050,1413.5429,0,on,1,1.5000
1786347140.406094,1,1,,1707.0000,1732.0000,1722.0000,1363.0000,1275.0000,1457.0000,37.900,32.914,34.889,106.851,46.430,43.878,1657,1675,1690,1448,1298,1401,0,0,0,0,12,41,1,1,1,1,1,0,4.9908,4.9908,4.9908,4.9908,2.9084,7.0640,1667.4788,1672.3938,1697.2615,1435.4735,1294.3050,1413.5429,1,on,1,1.5000
1786347140.441998,1,1,,1711.0000,1759.0000,1736.0000,1372.0000,1295.0000,1441.0000,37.091,27.453,32.057,105.083,39.384,46.187,1656,1675,1690,1448,1298,1408,0,0,0,0,26,17,0,1,0,1,1,0,4.9908,4.9908,4.9908,4.9908,2.9084,7.0640,1667.4788,1689.0865,1697.2615,1425.0202,1294.3050,1413.5429,1,on,1,1.5000
1786347140.479231,1,1,,1731.0000,1777.0000,1720.0000,1366.0000,1289.0000,1434.0000,33.218,23.926,35.439,106.294,41.657,47.170,1657,1675,1690,1448,1296,1408,39,0,20,0,23,21,0,0,0,1,1,0,4.9908,4.9908,4.9908,4.9908,2.9084,7.0640,1681.1169,1706.1018,1697.2615,1415.1464,1294.3050,1413.5429,1,on,1,1.5000
1786347140.506175,1,1,,1760.0000,1760.0000,1731.0000,1382.0000,1297.0000,1473.0000,27.312,27.410,33.183,103.017,38.707,41.644,1661,1675,1691,1446,1295,1409,14,0,27,58,17,19,0,0,0,1,1,0,4.9908,4.9908,4.9908,4.9908,2.9084,7.0640,1692.9171,1714.1425,1705.2919,1415.1464,1294.3050,1427.1808,1,on,1,1.5000
1786347140.542114,1,1,,1726.0000,1760.0000,1717.0000,1383.0000,1307.0000,1460.0000,34.046,27.283,36.020,102.878,35.280,43.400,1665,1675,1698,1431,1295,1409,28,49,0,23,0,22,0,0,0,1,1,0,4.9908,4.9908,4.9908,4.9908,2.9084,7.0640,1692.9171,1721.6772,1705.2919,1415.1464,1294.3050,1427.1808,1,on,1,1.5000
1786347140.573997,1,1,,1725.0000,1739.0000,1710.0000,1401.0000,1306.0000,1456.0000,34.276,31.480,37.333,99.252,35.665,44.022,1676,1689,1698,1425,1295,1411,34,46,18,0,0,21,0,0,0,1,1,0,4.9908,4.9908,4.9908,4.9908,2.9084,7.0640,1701.0300,1721.6772,1705.2919,1407.2807,1294.3050,1427.1808,1,on,1,1.5000
1786347140.606098,1,1,,1712.0000,1721.0000,1712.0000,1416.0000,1325.0000,1422.0000,36.905,35.219,36.944,96.261,29.312,48.831,1680,1700,1700,1424,1295,1411,19,31,15,61,0,46,0,0,0,1,1,0,4.9908,4.9908,4.9908,4.9908,2.9084,7.0640,1701.0300,1721.6772,1705.2919,1407.2807,1294.3050,1427.1808,0,on,1,1.5000
1786347140.641984,1,1,,1707.0000,1711.0000,1719.0000,1428.0000,1339.0000,1412.0000,38.012,37.190,35.485,93.885,24.389,50.212,1683,1710,1703,1412,1295,1419,17,35,10,11,0,0,0,0,0,1,1,0,4.9908,4.9908,4.9908,4.9908,2.9084,7.0640,1701.0300,1721.6772,1705.2919,1407.2807,1299.9923,1427.1808,1,on,1,1.5000
1786347140.677063,1,1,,1722.0000,1718.0000,1720.0000,1433.0000,1342.0000,1427.0000,35.040,35.673,35.421,92.947,23.511,48.139,1685,1713,1706,1411,1295,1420,18,29,0,0,0,15,0,0,1,1,0,0,4.9908,4.9908,4.9908,4.9908,2.9084,7.0640,1701.0300,1721.6772,1705.2919,1407.2807,1304.6461,1427.1808,1,on,1,1.5000
1786347140.706048,1,1,,1720.0000,1734.0000,1729.0000,1440.0000,1335.0000,1450.0000,35.386,32.637,33.554,91.536,25.739,44.899,1686,1714,1706,1411,1295,1420,18,8,0,9,18,26,0,0,1,1,0,0,4.9908,4.9908,4.9908,4.9908,2.9084,7.0640,1701.0300,1721.6772,1705.2919,1407.2807,1304.6461,1427.1808,0,on,1,1.5000
1786347140.742073,1,1,,1723.0000,1729.0000,1721.0000,1428.0000,1342.0000,1458.0000,34.691,33.552,35.128,93.796,23.280,43.772,1687,1718,1706,1411,1297,1422,0,23,0,13,31,27,0,0,1,1,0,0,4.9908,4.9908,4.9908,4.9908,2.9084,7.0640,1701.0300,1721.6772,1705.2919,1407.2807,1311.3143,1427.1808,1,on,1,1.5000
1786347140.774098,1,1,,1710.0000,1728.0000,1724.0000,1428.0000,1335.0000,1490.0000,37.319,33.807,34.505,93.845,25.819,39.233,1687,1721,1706,1407,1300,1425,0,16,0,17,0,24,0,0,1,1,0,0,4.9908,4.9908,4.9908,4.9908,2.9084,7.0640,1701.0300,1721.6772,1705.2919,1407.2807,1311.3143,1439.7216,1,on,1,1.5000
1786347140.806113,1,1,,1709.0000,1746.0000,1731.0000,1436.0000,1346.0000,1481.0000,37.593,30.192,33.093,92.242,21.916,40.526,1687,1722,1706,1407,1300,1426,8,17,0,0,22,41,0,0,1,1,0,0,4.9908,4.9908,4.9908,4.9908,2.9084,7.0640,1701.0300,1721.6772,1705.2919,1415.0019,1316.5380,1439.7216,1,on,1,1.5000
1786347140.842107,1,1,,1715.0000,1738.0000,1727.0000,1430.0000,1345.0000,1491.0000,36.361,31.685,33.936,93.536,22.473,38.994,1687,1722,1706,1407,1302,1431,9,16,0,0,30,41,0,1,1,0,0,0,4.9908,4.9908,4.9908,4.9908,2.9084,7.0640,1701.0300,1721.6772,1705.2919,1415.0019,1316.5380,1450.3450,1,on,1,1.5000
1786347140.873971,1,1,,1714.0000,1733.0000,1712.0000,1422.0000,1349.0000,1498.0000,36.583,32.650,36.898,94.990,20.964,38.120,1687,1722,1706,1407,1304,1437,10,0,0,22,42,30,0,1,1,0,0,0,4.9908,4.9908,4.9908,4.9908,2.9084,7.0640,1701.0300,1721.6772,1705.2919,1415.0019,1322.0442,1450.3450,1,on,1,1.5000
1786347140.906064,1,1,,1722.0000,1734.0000,1718.0000,1426.0000,1333.0000,1482.0000,34.886,32.457,35.803,94.234,26.632,40.298,1687,1723,1706,1409,1309,1442,13,0,0,0,36,35,0,1,1,0,0,0,4.9908,4.9908,4.9908,4.9908,2.9084,7.0640,1701.0300,1721.6772,1705.2919,1415.0019,1322.0442,1450.3450,0,on,1,1.5000
1786347140.941931,1,1,,1711.0000,1736.0000,1719.0000,1422.0000,1336.0000,1473.0000,37.061,32.151,35.450,95.111,25.357,41.564,1687,1722,1706,1410,1313,1446,21,0,0,0,41,24,0,1,1,0,0,0,4.9908,4.9908,4.9908,4.9908,2.9084,7.0640,1701.0300,1721.6772,1712.8284,1415.0019,1322.0442,1450.3450,1,on,1,1.5000
1786347140.979068,1,1,,1703.0000,1731.0000,1718.0000,1424.0000,1339.0000,1463.0000,38.850,33.201,35.739,94.559,24.529,43.076,1691,1723,1706,1411,1317,1448,36,0,0,0,32,20,0,1,0,0,0,0,4.9908,4.9908,4.9908,4.9908,2.9084,7.0640,1701.0300,1721.6772,1712.8284,1415.0019,1322.0442,1450.3450,0,on,1,1.5000
1786347141.005954,1,1,,1707.0000,1728.0000,1724.0000,1423.0000,1332.0000,1452.0000,37.891,33.801,34.464,94.921,26.895,44.595,1695,1722,1706,1412,1318,1448,21,0,18,0,0,19,0,1,0,0,0,0,4.9908,4.9908,4.9908,4.9908,2.9084,7.0640,1701.0300,1721.6772,1712.8284,1415.0019,1322.0442,1450.3450,0,on,1,1.5000
1786347141.042043,1,1,,1719.0000,1738.0000,1712.0000,1424.0000,1324.0000,1457.0000,35.578,31.678,36.978,94.722,29.579,43.830,1697,1722,1710,1413,1318,1448,20,0,11,0,23,19,0,1,0,0,0,0,4.9908,4.9908,4.9908,4.9908,2.9084,7.0640,1701.0300,1721.6772,1712.8284,1415.0019,1322.0442,1450.3450,0,on,1,1.5000
1786347141.074006,1,1,,1736.0000,1734.0000,1714.0000,1416.0000,1322.0000,1443.0000,32.221,32.455,36.646,96.165,30.242,45.835,1698,1722,1711,1413,1320,1448,18,0,9,0,20,19,0,1,0,0,0,0,4.9908,4.9908,4.9908,4.9908,2.9084,7.0640,1709.2330,1721.6772,1712.8284,1415.0019,1322.0442,1450.3450,1,on,1,1.5000
1786347141.106148,1,1,,1732.0000,1726.0000,1708.0000,1412.0000,1316.0000,1433.0000,32.890,34.100,37.771,97.018,32.225,47.205,1699,1722,1711,1414,1321,1448,14,0,0,0,0,20,0,1,0,0,0,0,4.9908,4.9908,4.9908,4.9908,2.9084,7.0640,1709.2330,1721.6772,1712.8284,1415.0019,1322.0442,1450.3450,0,on,1,1.5000
1786347141.141970,1,1,,1745.0000,1753.0000,1679.0000,1404.0000,1320.0000,1418.0000,30.257,28.777,43.593,98.598,30.985,49.416,1703,1722,1711,1415,1321,1448,24,0,0,0,0,22,0,1,0,1,0,0,4.9908,4.9908,4.9908,4.9908,2.9084,7.0640,1709.2330,1721.6772,1712.8284,1415.0019,1322.0442,1450.3450,0,on,1,1.5000
1786347141.174003,1,1,,1755.0000,1752.0000,1666.0000,1396.0000,1301.0000,1420.0000,28.376,29.021,46.135,100.262,37.470,49.144,1706,1722,1711,1415,1321,1448,23,0,0,0,0,25,0,1,0,1,0,0,4.9908,4.9908,4.9908,4.9908,2.9084,7.0640,1717.8477,1729.9807,1712.8284,1415.0019,1322.0442,1450.3450,1,on,1,1.5000
1786347141.206061,1,1,,1781.0000,1750.0000,1641.0000,1371.0000,1305.0000,1392.0000,23.147,29.329,51.225,105.271,36.096,53.051,1707,1722,1712,1415,1321,1448,34,0,14,0,0,30,0,0,0,1,0,0,4.9908,4.9908,4.9908,4.9908,2.9084,7.0640,1726.2849,1729.9807,1698.3507,1415.0019,1322.0442,1450.3450,1,on,1,1.5000
1786347141.242118,1,1,,1791.0000,1731.0000,1632.0000,1383.0000,1312.0000,1374.0000,21.036,33.188,52.933,102.778,33.684,55.680,1712,1723,1714,1415,1321,1449,41,28,0,0,0,27,0,0,1,1,0,0,4.9908,4.9908,4.9908,4.9908,2.9084,7.0640,1736.7554,1729.9807,1687.5550,1415.0019,1322.0442,1432.4352,1,on,1,1.5000
1786347141.279331,1,1,,1799.0000,1723.0000,1634.0000,1391.0000,1306.0000,1361.0000,19.598,34.801,52.675,101.319,35.633,57.503,1725,1726,1714,1415,1321,1450,35,26,52,0,0,28,0,0,1,1,0,1,4.9908,4.9908,4.9908,4.9908,2.9084,7.0640,1747.2628,1729.9807,1678.9818,1415.0019,1322.0442,1419.6452,1,on,1,1.5000
1786347141.306231,1,1,,1814.0000,1717.0000,1633.0000,1393.0000,1312.0000,1369.0000,16.595,36.039,52.870,100.783,33.541,56.392,1731,1729,1702,1415,1321,1450,43,20,61,0,0,21,0,0,1,1,0,1,4.9908,4.9908,4.9908,4.9908,2.9084,7.0640,1757.2300,1729.9807,1678.9818,1406.9550,1322.0442,1419.6452,1,on,1,1.5000
1786347141.342008,1,1,,1793.0000,1731.0000,1641.0000,1402.0000,1311.0000,1343.0000,20.662,33.177,51.113,99.050,34.085,59.933,1736,1731,1683,1415,1321,1450,25,0,44,0,0,0,0,1,1,1,0,1,4.9908,4.9908,4.9908,4.9908,2.9084,7.0640,1757.2300,1729.9807,1668.9021,1406.9550,1322.0442,1399.9521,1,on,1,1.5000
1786347141.377669,1,1,,1791.0000,1732.0000,1651.0000,1407.0000,1321.0000,1336.0000,21.180,33.036,49.209,98.060,30.684,60.958,1738,1731,1678,1415,1321,1450,29,0,0,39,0,21,0,1,1,1,0,1,4.9908,4.9908,4.9908,4.9908,2.9084,7.0640,1766.2548,1729.9807,1668.9021,1406.9550,1322.0442,1388.5502,1,on,1,1.5000
1786347141.406093,1,1,,1795.0000,1728.0000,1649.0000,1405.0000,1312.0000,1373.0000,20.227,33.742,49.578,98.376,33.722,55.804,1739,1731,1678,1411,1321,1450,78,0,27,9,0,130,0,1,1,1,0,1,4.9908,4.9908,4.9908,4.9908,2.9084,7.0640,1766.2548,1729.9807,1668.9021,1406.9550,1322.0442,1388.5502,0,on,1,1.5000
1786347141.441928,1,1,,1792.0000,1738.0000,1665.0000,1411.0000,1319.0000,1387.0000,21.021,31.673,46.406,97.218,31.392,53.728,1747,1731,1673,1410,1321,1416,57,0,26,31,0,52,0,1,1,1,0,1,4.9908,4.9908,4.9908,4.9908,2.9084,7.0640,1766.2548,1729.9807,1668.9021,1406.9550,1322.0442,1388.5502,0,on,1,1.5000
1786347141.474077,1,1,,1777.0000,1716.0000,1653.0000,1412.0000,1334.0000,1467.0000,23.985,36.186,48.744,97.105,26.178,42.391,1750,1731,1671,1408,1321,1404,55,0,19,0,0,0,0,1,1,1,0,1,4.9908,4.9908,4.9908,4.9908,2.9084,7.0640,1766.2548,1729.9807,1668.9021,1406.9550,1322.0442,1388.5502,0,on,1,1.5000
1786347141.506055,1,1,,1783.0000,1700.0000,1670.0000,1424.0000,1340.0000,1480.0000,22.710,39.453,45.300,94.610,24.215,40.662,1751,1731,1668,1407,1321,1400,59,0,17,0,0,36,0,1,1,1,0,1,4.9908,4.9908,4.9908,4.9908,2.9084,7.0640,1766.2548,1729.9807,1668.9021,1406.9550,1322.0442,1405.8939,1,on,1,1.5000
1786347141.542126,1,1,,1768.0000,1643.0000,1647.0000,1458.0000,1325.0000,1525.0000,25.696,50.876,49.915,87.862,29.147,34.305,1753,1731,1668,1407,1321,1394,50,0,0,0,0,0,0,1,1,1,0,0,4.9908,4.9908,4.9908,4.9908,2.9084,7.0640,1766.2548,1716.2394,1668.9021,1406.9550,1322.0442,1432.3490,1,on,1,1.5000
1786347141.574094,1,1,,1741.0000,1683.0000,1700.0000,1571.0000,1311.0000,1551.0000,31.110,42.693,39.283,65.240,34.067,30.508,1754,1732,1668,1407,1321,1394,64,0,0,0,0,32,0,1,1,1,0,0,4.9908,4.9908,4.9908,4.9908,2.9084,7.0640,1766.2548,1716.2394,1668.9021,1446.6662,1322.0442,1460.4860,1,on,1,1.5000
1786347141.605991,1,1,,1713.0000,1712.0000,1735.0000,1661.0000,1314.0000,1537.0000,36.766,36.875,32.280,47.132,32.989,32.532,1756,1731,1668,1407,1321,1394,50,39,0,0,0,95,0,1,1,0,0,0,4.9908,4.9908,4.9908,4.9908,2.9084,7.0640,1766.2548,1716.2394,1668.9021,1513.9691,1322.0442,1477.3898,1,on,1,1.5000
1786347141.642000,1,1,,1696.0000,1718.0000,1724.0000,1717.0000,1312.0000,1560.0000,40.077,35.727,34.627,36.045,33.682,29.330,1759,1726,1668,1408,1321,1431,27,16,0,83,0,76,0,1,1,0,0,0,4.9908,4.9908,4.9908,4.9908,2.9084,7.0640,1754.9670,1716.2394,1680.2211,1588.4711,1322.0442,1496.2925,1,on,1,1.5000
1786347141.673932,1,1,,1668.0000,1703.0000,1722.0000,1700.0000,1289.0000,1569.0000,45.708,38.835,35.019,39.416,41.730,28.027,1759,1725,1668,1422,1321,1450,65,26,0,64,0,61,1,1,0,0,0,0,4.9908,4.9908,4.9908,4.9908,2.9084,7.0640,1739.7907,1716.2394,1680.2211,1622.8511,1322.0442,1510.9332,1,on,1,1.5000
1786347141.706067,1,1,,1646.0000,1710.0000,1726.0000,1690.0000,1285.0000,1546.0000,50.187,37.334,34.086,41.285,42.995,31.245,1760,1723,1668,1442,1321,1471,0,19,41,56,0,97,1,1,0,0,0,0,4.9908,4.9908,4.9908,4.9908,2.9084,7.0640,1720.8024,1716.2394,1690.2802,1640.1440,1316.1056,1510.9332,1,on,1,1.5000
1786347141.741980,1,1,,1656.0000,1702.0000,1724.0000,1645.0000,1273.0000,1551.0000,48.104,38.868,34.620,50.441,46.944,30.493,1760,1721,1675,1465,1321,1496,56,15,9,57,0,21,1,1,0,0,1,0,4.9908,4.9908,4.9908,4.9908,2.9084,7.0640,1707.7988,1716.2394,1690.2802,1640.1440,1311.4476,1521.6415,1,on,1,1.5000
1786347141.773962,1,1,,1646.0000,1693.0000,1717.0000,1655.0000,1260.0000,1541.0000,50.164,40.720,35.985,48.417,51.527,32.024,1754,1720,1678,1487,1321,1499,138,0,0,36,0,40,1,1,0,0,1,0,4.9908,4.9908,4.9908,4.9908,2.9084,7.0640,1696.8660,1716.2394,1690.2802,1640.1440,1305.2758,1521.6415,1,on,1,1.5000
1786347141.806097,1,1,,1658.0000,1676.0000,1715.0000,1657.0000,1268.0000,1562.0000,47.688,44.195,36.418,48.012,48.668,29.067,1733,1721,1682,1506,1321,1505,108,0,24,25,36,67,1,1,0,0,1,0,4.9908,4.9908,4.9908,4.9908,2.9084,7.0640,1696.8660,1708.2393,1697.9839,1640.1440,1300.9117,1521.6415,1,on,1,1.5000
1786347141.842061,1,1,,1648.0000,1690.0000,1714.0000,1686.0000,1270.0000,1537.0000,49.789,41.436,36.590,42.221,48.229,32.534,1713,1720,1688,1524,1318,1515,67,0,13,49,54,20,1,1,0,0,1,0,4.9908,4.9908,4.9908,4.9908,2.9084,7.0640,1684.5955,1708.2393,1697.9839,1648.5944,1300.9117,1521.6415,1,on,1,1.5000
1786347141.873971,1,1,,1638.0000,1677.0000,1699.0000,1679.0000,1292.0000,1539.0000,51.829,43.893,39.548,43.523,40.732,32.283,1710,1718,1690,1534,1315,1517,50,25,12,47,67,20,1,1,0,0,1,0,4.9908,4.9908,4.9908,4.9908,2.9084,7.0640,1684.5955,1708.2393,1697.9839,1648.5944,1300.9117,1521.6415,0,on,1,1.5000
1786347141.905975,1,1,,1619.0000,1672.0000,1699.0000,1707.0000,1293.0000,1535.0000,55.628,44.935,39.632,37.957,40.225,32.892,1706,1714,1692,1553,1311,1517,100,24,11,46,64,20,1,1,0,0,1,0,4.9908,4.9908,4.9908,4.9908,2.9084,7.0640,1669.5328,1708.2393,1697.9839,1658.4908,1300.9117,1521.6415,1,on,1,1.5000
1786347141.942043,1,1,,1604.0000,1682.0000,1692.0000,1710.0000,1293.0000,1523.0000,58.624,43.008,40.933,37.278,40.213,34.452,1696,1712,1693,1570,1306,1517,43,20,10,51,46,23,1,1,0,0,1,0,4.9908,4.9908,4.9908,4.9908,2.9084,7.0640,1658.3332,1699.9727,1697.9839,1658.4908,1300.9117,1521.6415,1,on,1,1.5000
1786347141.974089,1,1,,1613.0000,1687.0000,1700.0000,1725.0000,1302.0000,1529.0000,56.729,41.997,39.260,34.327,37.205,33.639,1685,1712,1694,1588,1304,1517,33,21,8,46,0,24,1,1,0,0,1,0,4.9908,4.9908,4.9908,4.9908,2.9084,7.0640,1658.3332,1699.9727,1697.9839,1674.4144,1300.9117,1521.6415,1,on,1,1.5000
1786347142.006084,1,1,,1605.0000,1702.0000,1700.0000,1724.0000,1303.0000,1525.0000,58.472,38.868,39.438,34.488,36.630,34.200,1682,1710,1695,1608,1303,1518,36,38,0,47,18,24,1,1,0,0,1,0,4.9908,4.9908,4.9908,4.9908,2.9084,7.0640,1645.1839,1699.9727,1697.9839,1674.4144,1300.9117,1521.6415,1,on,1,1.5000
1786347142.042084,1,1,,1615.0000,1714.0000,1702.0000,1726.0000,1304.0000,1524.0000,56.438,36.626,38.950,34.149,36.308,34.424,1677,1703,1695,1626,1302,1519,26,20,0,42,25,22,1,1,0,0,1,0,4.9908,4.9908,4.9908,4.9908,2.9084,7.0640,1645.1839,1699.9727,1697.9839,1688.0192,1300.9117,1521.6415,1,on,1,1.5000
1786347142.074110,1,1,,1634.0000,1718.0000,1704.0000,1722.0000,1303.0000,1544.0000,52.537,35.707,38.553,34.989,36.900,31.583,1668,1702,1695,1644,1301,1519,59,18,0,46,19,23,1,1,0,0,1,0,4.9908,4.9908,4.9908,4.9908,2.9084,7.0640,1645.1839,1699.9727,1697.9839,1688.0192,1300.9117,1521.6415,0,on,1,1.5000
1786347142.106115,1,1,,1629.0000,1712.0000,1710.0000,1719.0000,1298.0000,1565.0000,53.681,36.868,37.356,35.599,38.670,28.583,1662,1701,1695,1655,1301,1520,42,0,0,47,0,21,1,1,0,0,1,0,4.9908,4.9908,4.9908,4.9908,2.9084,7.0640,1645.1839,1699.9727,1697.9839,1688.0192,1300.9117,1521.6415,0,on,1,1.5000
1786347142.142102,1,1,,1629.0000,1708.0000,1709.0000,1721.0000,1301.0000,1566.0000,53.513,37.800,37.487,35.059,37.584,28.434,1659,1701,1695,1672,1301,1521,0,0,0,61,0,20,1,1,0,0,1,1,4.9908,4.9908,4.9908,4.9908,2.9084,7.0640,1645.1839,1699.9727,1697.9839,1697.5884,1300.9117,1534.8442,1,on,1,1.5000
1786347142.174139,1,1,,1639.0000,1708.0000,1708.0000,1729.0000,1308.0000,1546.0000,51.625,37.765,37.804,33.626,35.080,31.325,1657,1701,1696,1680,1301,1521,47,0,12,0,0,0,1,1,0,0,1,0,4.9908,4.9908,4.9908,4.9908,2.9084,7.0640,1645.1839,1699.9727,1697.9839,1697.5884,1300.9117,1534.8442,0,on,1,1.5000
1786347142.205992,1,1,,1641.0000,1718.0000,1701.0000,1726.0000,1324.0000,1539.0000,51.150,35.777,39.149,34.192,29.469,32.247,1654,1701,1697,1687,1301,1521,11,0,0,30,0,47,1,1,0,0,1,0,4.9908,4.9908,4.9908,4.9908,2.9084,7.0640,1645.1839,1699.9727,1697.9839,1697.5884,1300.9117,1534.8442,0,on,1,1.5000
1786347142.242061,1,1,,1663.0000,1718.0000,1714.0000,1722.0000,1313.0000,1545.0000,46.771,35.798,36.483,34.938,33.218,31.439,1651,1701,1697,1692,1301,1531,33,0,0,0,0,28,1,1,0,0,1,0,4.9908,4.9908,4.9908,4.9908,2.9084,7.0640,1645.1839,1699.9727,1697.9839,1697.5884,1300.9117,1534.8442,0,on,1,1.5000
1786347142.274008,1,1,,1669.0000,1716.0000,1721.0000,1711.0000,1312.0000,1549.0000,45.649,36.138,35.150,37.061,33.861,30.880,1648,1701,1697,1692,1301,1532,32,0,0,10,0,17,1,1,0,0,1,0,4.9908,4.9908,4.9908,4.9908,2.9084,7.0640,1645.1839,1699.9727,1697.9839,1697.5884,1300.9117,1534.8442,0,on,1,1.5000
1786347142.306736,1,1,,1655.0000,1714.0000,1717.0000,1720.0000,1315.0000,1549.0000,48.282,36.489,35.922,35.391,32.755,30.800,1647,1701,1697,1695,1301,1532,28,0,0,8,0,17,1,1,0,0,1,0,4.9908,4.9908,4.9908,4.9908,2.9084,7.0640,1645.1839,1699.9727,1697.9839,1705.6585,1300.9117,1534.8442,1,on,1,1.5000
1786347142.342175,1,1,,1647.0000,1694.0000,1715.0000,1706.0000,1287.0000,1540.0000,50.050,40.516,36.306,38.213,42.255,32.180,1645,1701,1697,1698,1301,1532,19,0,0,0,0,19,1,1,0,0,1,0,4.9908,4.9908,4.9908,4.9908,2.9084,7.0640,1645.1839,1699.9727,1697.9839,1705.6585,1300.9117,1534.8442,0,on,1,1.5000
1786347142.374022,1,1,,1672.0000,1711.0000,1732.0000,1690.0000,1281.0000,1521.0000,44.962,37.216,32.870,41.335,44.456,34.774,1645,1701,1697,1698,1301,1532,0,0,0,10,0,23,1,1,0,0,1,0,4.9908,4.9908,4.9908,4.9908,2.9084,7.0640,1645.1839,1699.9727,1697.9839,1705.6585,1300.9117,1534.8442,0,on,1,1.5000
1786347142.406035,1,1,,1715.0000,1714.0000,1739.0000,1573.0000,1281.0000,1477.0000,36.408,36.526,31.626,64.901,44.281,41.045,1645,1701,1697,1703,1301,1532,0,0,0,15,0,28,1,1,0,0,1,0,4.9908,4.9908,4.9908,4.9908,2.9084,7.0640,1653.4064,1699.9727,1708.0164,1683.3555,1300.9117,1534.8442,1,on,1,1.5000
1786347142.442099,1,1,,1762.0000,1725.0000,1756.0000,1500.0000,1326.0000,1373.0000,26.952,34.346,28.217,79.381,28.735,55.729,1645,1701,1697,1705,1301,1533,0,0,0,0,0,23,0,1,0,1,1,0,4.9908,4.9908,4.9908,4.9908,2.9084,7.0640,1675.1743,1699.9727,1708.0164,1631.2213,1300.9117,1494.8714,1,on,1,1.5000
1786347142.474091,1,1,,1769.0000,1755.0000,1759.0000,1446.0000,1328.0000,1263.0000,25.590,28.430,27.461,90.275,28.147,71.290,1645,1701,1698,1705,1301,1534,0,0,28,0,0,0,0,1,0,1,1,1,4.9908,4.9908,4.9908,4.9908,2.9084,7.0640,1694.4839,1709.8908,1718.9164,1572.9346,1300.9117,1419.9618,1,on,1,1.5000
1786347142.506062,1,1,,1784.0000,1768.0000,1751.0000,1435.0000,1324.0000,1210.0000,22.454,25.776,29.205,92.367,29.678,78.867,1645,1701,1707,1705,1301,1535,61,0,17,72,0,48,0,0,0,1,1,1,4.9908,4.9908,4.9908,4.9908,2.9084,7.0640,1713.7005,1709.8908,1718.9164,1529.9980,1300.9117,1344.3501,1,on,1,1.5000
1786347142.547348,1,1,,1782.0000,1786.0000,1747.0000,1430.0000,1327.0000,1191.0000,23.002,22.104,30.031,93.498,28.659,81.560,1668,1701,1714,1677,1301,1513,77,27,19,56,0,109,0,0,0,1,1,1,4.9908,4.9908,4.9908,4.9908,2.9084,7.0640,1729.0182,1728.9111,1718.9164,1498.8205,1300.9117,1286.3307,1,on,1,1.5000
1786347142.574087,1,1,,1774.0000,1777.0000,1757.0000,1436.0000,1322.0000,1194.0000,24.523,23.965,27.998,92.197,30.085,81.124,1685,1703,1718,1661,1301,1486,95,36,12,77,0,92,0,0,0,1,1,1,4.9908,4.9908,4.9908,4.9908,2.9084,7.0640,1729.0182,1728.9111,1727.8093,1485.9299,1305.8392,1262.1055,1,on,1,1.5000
1786347142.606066,1,1,,1768.0000,1764.0000,1755.0000,1450.0000,1319.0000,1209.0000,25.775,26.598,28.317,89.505,31.231,78.936,1706,1711,1719,1632,1301,1451,84,31,16,49,0,85,0,0,0,1,0,1,4.9908,4.9908,4.9908,4.9908,2.9084,7.0640,1740.1851,1738.5512,1727.8093,1485.9299,1305.8392,1249.3946,1,on,1,1.5000
1786347142.642106,1,1,,1755.0000,1762.0000,1769.0000,1447.0000,1318.0000,1219.0000,28.307,26.929,25.621,90.134,31.701,77.618,1718,1715,1721,1612,1301,1422,16,18,22,60,28,98,0,0,0,1,0,1,4.9908,4.9908,4.9908,4.9908,2.9084,7.0640,1740.1851,1738.5512,1727.8093,1474.2123,1305.8392,1249.3946,1,on,1,1.5000
1786347142.674116,1,1,,1759.0000,1764.0000,1769.0000,1439.0000,1315.0000,1236.0000,27.594,26.623,25.549,91.654,32.599,75.159,1720,1720,1726,1591,1302,1388,24,17,12,60,15,69,0,0,0,1,0,1,4.9908,4.9908,4.9908,4.9908,2.9084,7.0640,1740.1851,1738.5512,1738.1329,1474.2123,1305.8392,1249.3946,1,on,1,1.5000
1786347142.706122,1,1,,1756.0000,1770.0000,1764.0000,1455.0000,1320.0000,1222.0000,28.207,25.398,26.518,88.510,31.104,77.175,1723,1722,1728,1576,1303,1371,19,14,0,53,14,89,0,0,0,1,0,1,4.9908,4.9908,4.9908,4.9908,2.9084,7.0640,1740.1851,1738.5512,1738.1329,1474.2123,1305.8392,1249.3946,0,on,1,1.5000
1786347142.741971,1,1,,1782.0000,1775.0000,1742.0000,1446.0000,1317.0000,1241.0000,22.969,24.324,30.886,90.255,32.086,74.381,1725,1723,1728,1561,1304,1345,19,15,28,61,0,80,0,0,0,1,0,1,4.9908,4.9908,4.9908,4.9908,2.9084,7.0640,1747.6768,1748.3329,1738.1329,1466.2685,1305.8392,1249.3946,1,on,1,1.5000
1786347142.774126,1,1,,1777.0000,1775.0000,1735.0000,1451.0000,1315.0000,1239.0000,23.949,24.387,32.361,89.159,32.553,74.701,1726,1723,1733,1542,1304,1321,22,15,19,39,24,82,0,0,0,1,0,1,4.9908,4.9908,4.9908,4.9908,2.9084,7.0640,1747.6768,1748.3329,1738.1329,1466.2685,1305.8392,1249.3946,0,on,1,1.5000
1786347142.806118,1,1,,1756.0000,1788.0000,1737.0000,1453.0000,1309.0000,1225.0000,28.113,21.738,31.972,88.769,34.718,76.665,1729,1726,1736,1527,1305,1292,36,42,14,62,0,82,0,0,0,1,1,1,4.9908,4.9908,4.9908,4.9908,2.9084,7.0640,1747.6768,1748.3329,1738.1329,1466.2685,1305.8392,1249.3946,0,on,1,1.5000
1786347142.842041,1,1,,1749.0000,1776.0000,1738.0000,1462.0000,1311.0000,1230.0000,29.594,24.178,31.780,87.023,34.061,75.962,1734,1733,1737,1509,1305,1270,24,25,0,61,0,100,0,0,0,1,1,1,4.9908,4.9908,4.9908,4.9908,2.9084,7.0640,1747.6768,1756.3108,1738.1329,1466.2685,1305.8392,1249.3946,1,on,1,1.5000
1786347142.874247,1,1,,1756.0000,1767.0000,1741.0000,1453.0000,1313.0000,1241.0000,28.040,26.018,31.139,88.911,33.282,74.423,1735,1735,1737,1491,1305,1262,46,25,0,49,0,28,0,0,0,1,1,1,4.9908,4.9908,4.9908,4.9908,2.9084,7.0640,1747.6768,1756.3108,1738.1329,1466.2685,1305.8392,1249.3946,0,on,1,1.5000
1786347142.906131,1,1,,1758.0000,1762.0000,1741.0000,1461.0000,1319.0000,1228.0000,27.703,26.875,31.195,87.309,31.210,76.285,1740,1741,1737,1480,1305,1261,0,57,0,0,0,25,0,0,0,1,1,1,4.9908,4.9908,4.9908,4.9908,2.9084,7.0640,1747.6768,1756.3108,1738.1329,1466.2685,1305.8392,1249.3946,0,on,1,1.5000
1786347142.942138,1,1,,1751.0000,1759.0000,1745.0000,1456.0000,1314.0000,1218.0000,29.219,27.452,30.326,88.158,33.079,77.658,1740,1746,1737,1473,1305,1258,42,42,0,20,0,25,0,0,0,1,1,1,4.9908,4.9908,4.9908,4.9908,2.9084,7.0640,1747.6768,1756.3108,1738.1329,1466.2685,1305.8392,1237.9614,1,on,1,1.5000
1786347142.974124,1,1,,1746.0000,1765.0000,1740.0000,1450.0000,1308.0000,1222.0000,30.199,26.411,31.378,89.380,34.896,77.163,1742,1754,1737,1471,1305,1256,48,36,0,19,0,37,0,0,0,1,1,1,4.9908,4.9908,4.9908,4.9908,2.9084,7.0640,1747.6768,1756.3108,1738.1329,1466.2685,1305.8392,1237.9614,0,on,1,1.5000
1786347143.006009,1,1,,1750.0000,1761.0000,1729.0000,1454.0000,1304.0000,1198.0000,29.348,27.125,33.644,88.594,36.555,80.503,1745,1759,1737,1469,1305,1248,22,0,0,0,0,64,0,1,0,1,1,1,4.9908,4.9908,4.9908,4.9908,2.9084,7.0640,1747.6768,1756.3108,1738.1329,1466.2685,1305.8392,1237.9614,0,on,1,1.5000
1786347143.042143,1,1,,1757.0000,1768.0000,1731.0000,1441.0000,1302.0000,1203.0000,28.018,25.661,33.135,91.260,37.166,79.837,1745,1759,1737,1469,1305,1242,29,0,0,0,0,24,0,1,0,1,1,1,4.9908,4.9908,4.9908,4.9908,2.9084,7.0640,1747.6768,1756.3108,1738.1329,1466.2685,1305.8392,1237.9614,0,on,1,1.5000
1786347143.074110,1,1,,1762.0000,1778.0000,1726.0000,1447.0000,1299.0000,1220.0000,27.004,23.639,34.236,90.056,38.056,77.366,1745,1759,1737,1469,1305,1242,36,0,0,0,0,28,0,1,0,1,1,1,4.9908,4.9908,4.9908,4.9908,2.9084,7.0640,1747.6768,1756.3108,1738.1329,1466.2685,1305.8392,1237.9614,0,on,1,1.5000
1786347143.146122,1,1,,1770.0000,1779.0000,1728.0000,1437.0000,1300.0000,1211.0000,25.339,23.588,33.831,92.085,37.803,78.721,1746,1759,1737,1467,1305,1240,40,0,0,0,0,26,0,1,0,1,1,1,4.9908,4.9908,4.9908,4.9908,2.9084,7.0640,1747.6768,1756.3108,1738.1329,1458.4554,1305.8392,1237.9614,1,on,1,1.5000
1786347143.170035,1,1,,1764.0000,1760.0000,1726.0000,1445.0000,1306.0000,1229.0000,26.534,27.275,34.052,90.436,35.867,76.111,1747,1759,1737,1467,1305,1239,40,0,0,8,0,29,0,1,0,1,1,1,4.9908,4.9908,4.9908,4.9908,2.9084,7.0640,1747.6768,1756.3108,1738.1329,1458.4554,1305.8392,1237.9614,0,on,1,1.5000
1786347143.198036,1,1,,1769.0000,1773.0000,1713.0000,1441.0000,1298.0000,1244.0000,25.447,24.728,36.652,91.195,38.650,74.046,1748,1759,1737,1465,1305,1239,37,0,0,27,0,25,0,1,0,1,1,1,4.9908,4.9908,4.9908,4.9908,2.9084,7.0640,1747.6768,1756.3108,1738.1329,1458.4554,1305.8392,1237.9614,0,on,1,1.5000
1786347143.226097,1,1,,1757.0000,1764.0000,1719.0000,1449.0000,1297.0000,1249.0000,27.934,26.448,35.562,89.566,38.765,73.275,1748,1759,1737,1461,1305,1238,0,0,0,14,0,21,1,1,0,1,1,1,4.9908,4.9908,4.9908,4.9908,2.9084,7.0640,1747.6768,1756.3108,1738.1329,1458.4554,1305.8392,1237.9614,0,on,1,1.5000
1786347143.254120,1,1,,1739.0000,1755.0000,1714.0000,1452.0000,1297.0000,1240.0000,31.510,28.431,36.535,89.056,39.000,74.537,1749,1759,1737,1458,1305,1237,0,0,0,14,0,23,1,1,0,1,1,1,4.9908,4.9908,4.9908,4.9908,2.9084,7.0640,1747.6768,1756.3108,1738.1329,1458.4554,1305.8392,1237.9614,0,on,1,1.5000
1786347143.282964,1,1,,1739.0000,1744.0000,1712.0000,1455.0000,1304.0000,1233.0000,31.635,30.594,36.937,88.518,36.458,75.541,1749,1759,1737,1458,1305,1237,0,0,0,0,0,22,1,1,0,1,1,1,4.9908,4.9908,4.9908,4.9908,2.9084,7.0640,1747.6768,1756.3108,1738.1329,1458.4554,1305.8392,1237.9614,0,on,1,1.5000
1786347143.306004,1,1,,1754.0000,1740.0000,1716.0000,1448.0000,1308.0000,1246.0000,28.591,31.255,36.202,89.778,35.227,73.672,1749,1759,1737,1458,1305,1237,0,0,0,0,0,24,1,1,0,1,1,1,4.9908,4.9908,4.9908,4.9908,2.9084,7.0640,1747.6768,1756.3108,1738.1329,1458.4554,1305.8392,1237.9614,0,on,1,1.5000
1786347143.341960,1,1,,1751.0000,1726.0000,1717.0000,1456.0000,1315.0000,1252.0000,29.186,34.104,35.893,88.147,32.656,72.907,1749,1759,1736,1458,1305,1237,0,0,0,0,0,25,1,1,0,1,1,1,4.9908,4.9908,4.9908,4.9908,2.9084,7.0640,1747.6768,1756.3108,1738.1329,1458.4554,1305.8392,1237.9614,0,on,1,1.5000
1786347143.374021,1,1,,1731.0000,1725.0000,1718.0000,1459.0000,1312.0000,1253.0000,33.195,34.376,35.690,87.596,33.565,72.756,1749,1759,1737,1458,1305,1237,0,0,0,0,0,25,1,1,0,1,1,1,4.9908,4.9908,4.9908,4.9908,2.9084,7.0640,1747.6768,1756.3108,1730.1449,1458.4554,1305.8392,1237.9614,1,on,1,1.5000
1786347143.445983,1,1,,1702.0000,1728.0000,1729.0000,1467.0000,1308.0000,1259.0000,38.927,33.812,33.453,85.976,35.029,71.944,1749,1759,1738,1458,1305,1237,0,0,15,9,0,0,1,1,1,1,1,1,4.9908,4.9908,4.9908,4.9908,2.9084,7.0640,1747.6768,1756.3108,1730.1449,1458.4554,1305.8392,1237.9614,0,on,1,1.5000
1786347143.475385,1,1,,1711.0000,1740.0000,1677.0000,1440.0000,1304.0000,1305.0000,37.084,31.392,43.942,91.503,36.401,65.379,1749,1759,1738,1458,1305,1237,0,0,20,0,0,0,1,1,1,1,1,1,4.9908,4.9908,4.9908,4.9908,2.9084,7.0640,1747.6768,1756.3108,1730.1449,1458.4554,1305.8392,1237.9614,0,on,1,1.5000
1786347143.497940,1,1,,1769.0000,1624.0000,1534.0000,1374.0000,1327.0000,1400.0000,25.603,54.507,72.550,104.592,28.382,51.876,1749,1759,1736,1458,1305,1237,0,0,30,0,0,0,1,1,1,1,1,1,4.9908,4.9908,4.9908,4.9908,2.9084,7.0640,1747.6768,1731.8948,1685.5419,1448.1542,1305.8392,1274.0885,1,on,1,1.5000
1786347143.526025,1,1,,1707.0000,1500.0000,1424.0000,1327.0000,1346.0000,1481.0000,38.034,79.340,94.585,114.111,21.890,40.434,1749,1759,1735,1458,1305,1237,0,0,24,0,0,0,1,1,1,1,1,0,4.9908,4.9908,4.9908,4.9908,2.9084,7.0640,1747.6768,1662.0314,1594.1735,1424.6345,1310.4925,1338.2232,1,on,1,1.5000
1786347143.553968,1,1,,1708.0000,1423.0000,1369.0000,1337.0000,1352.0000,1581.0000,37.825,94.806,105.772,112.046,19.881,26.307,1749,1759,1731,1458,1305,1237,0,25,82,38,0,56,1,1,1,1,0,0,4.9908,4.9908,4.9908,4.9908,2.9084,7.0640,1738.6297,1575.6932,1508.9221,1406.6618,1310.4925,1427.4238,1,on,1,1.5000
1786347143.579919,1,1,,1521.0000,1351.0000,1300.0000,1295.0000,1340.0000,1614.0000,75.129,109.190,119.467,120.497,24.007,21.681,1749,1754,1715,1450,1305,1242,0,88,92,38,0,112,1,1,1,1,0,0,4.9908,4.9908,4.9908,4.9908,2.9084,7.0640,1685.8879,1491.4593,1430.1867,1381.7803,1316.4435,1494.4828,1,on,1,1.5000
1786347143.606083,1,1,,1486.0000,1339.0000,1259.0000,1273.0000,1345.0000,1643.0000,82.252,111.664,127.762,124.913,22.345,17.499,1749,1741,1699,1443,1305,1267,28,100,79,72,0,94,1,1,1,1,0,0,4.9908,4.9908,4.9908,4.9908,2.9084,7.0640,1624.1455,1436.8534,1367.0403,1355.8342,1316.4435,1545.9067,1,on,1,1.5000
1786347143.642017,1,1,,1410.0000,1269.0000,1219.0000,1231.0000,1335.0000,1682.0000,97.399,125.765,135.817,133.244,25.920,12.012,1743,1714,1676,1427,1306,1306,126,94,83,69,38,86,1,1,1,1,0,0,4.9908,4.9908,4.9908,4.9908,2.9084,7.0640,1540.0099,1370.2195,1308.8385,1319.0660,1316.4435,1596.4317,1,on,1,1.5000
1786347143.674170,1,1,,1313.0000,1207.0000,1169.0000,1182.0000,1349.0000,1689.0000,116.970,138.151,145.740,143.092,21.009,11.018,1719,1690,1653,1407,1310,1336,118,98,87,75,20,88,1,1,1,1,0,0,4.9908,4.9908,4.9908,4.9908,2.9084,7.0640,1451.1244,1311.6631,1260.9102,1279.6543,1322.7815,1624.1171,1,on,1,1.5000
1786347143.706053,1,1,,1283.0000,1158.0000,1153.0000,1125.0000,1353.0000,1583.0000,122.879,147.870,149.015,154.638,19.626,26.043,1706,1674,1638,1397,1312,1358,135,101,83,90,16,76,1,1,1,1,0,0,4.9908,4.9908,4.9908,4.9908,2.9084,7.0640,1388.4959,1258.6186,1227.8170,1232.1938,1322.7815,1624.1171,1,on,1,1.5000
1786347143.742080,1,1,,1196.0000,1101.0000,1120.0000,1104.0000,1339.0000,1529.0000,140.259,159.285,155.493,158.846,24.449,33.606,1678,1652,1618,1375,1314,1388,104,84,79,58,29,78,1,1,1,1,0,0,4.9908,4.9908,4.9908,4.9908,2.9084,7.0640,1313.0326,1202.4722,1195.4681,1191.8448,1322.7815,1624.1171,1,on,1,1.5000
1786347143.774087,1,1,,1135.0000,1048.0000,1075.0000,1105.0000,1318.0000,1455.0000,152.614,170.036,164.643,158.670,31.530,44.191,1654,1630,1599,1359,1317,1413,110,83,75,79,30,85,1,1,1,1,0,0,4.9908,4.9908,4.9908,4.9908,2.9084,7.0640,1248.3035,1151.4471,1162.0281,1169.2222,1322.7815,1582.5638,1,on,1,1.5000
1786347143.806106,1,1,,1119.0000,1034.0000,1058.0000,1105.0000,1306.0000,1437.0000,155.867,173.615,167.922,158.483,35.631,46.712,1629,1609,1580,1344,1318,1436,87,77,74,94,0,98,1,1,1,1,0,0,4.9908,4.9908,4.9908,4.9908,2.9084,7.0640,1205.0705,1115.4232,1134.3114,1154.7957,1322.7815,1545.1506,1,on,1,1.5000
1786347143.842115,1,1,,1112.0000,1034.0000,1057.0000,1111.0000,1308.0000,1481.0000,157.202,176.415,168.211,157.356,34.911,40.513,1611,1593,1563,1325,1319,1465,87,83,71,70,21,82,1,1,1,1,0,0,4.9908,4.9908,4.9908,4.9908,2.9084,7.0640,1176.5963,1092.6589,1114.9036,1146.2689,1322.7815,1530.1449,1,on,1,1.5000
1786347143.874104,1,1,,1090.0000,1034.0000,1042.0000,1071.0000,1314.0000,1361.0000,161.666,177.085,171.197,165.466,32.949,57.435,1593,1575,1545,1307,1320,1492,83,81,72,58,15,71,1,1,1,1,0,0,4.9908,4.9908,4.9908,4.9908,2.9084,7.0640,1154.4895,1079.9092,1099.3318,1132.2479,1322.7815,1482.5416,1,on,1,1.5000
1786347143.906058,1,1,,1090.0000,1034.0000,1061.0000,1090.0000,1291.0000,1435.0000,161.548,175.095,167.488,161.586,41.055,47.019,1579,1561,1535,1296,1321,1509,76,71,88,70,0,81,1,1,1,1,0,1,4.9908,4.9908,4.9908,4.9908,2.9084,7.0640,1140.2013,1071.5515,1099.3318,1132.2479,1322.7815,1471.9119,1,on,1,1.5000
1786347143.942034,1,1,,1085.0000,1034.0000,1053.0000,1076.0000,1298.0000,1442.0000,162.653,175.159,169.083,164.311,38.654,46.008,1563,1545,1516,1280,1321,1519,74,83,77,77,23,12,1,1,1,1,0,1,4.9908,4.9908,4.9908,4.9908,2.9084,7.0640,1128.9503,1071.5515,1086.4332,1117.5266,1322.7815,1471.9119,1,on,1,1.5000
1786347143.974058,1,1,,1083.0000,1034.0000,1055.0000,1066.0000,1304.0000,1386.0000,162.902,173.918,168.582,166.326,36.442,53.870,1545,1528,1500,1264,1323,1519,84,80,78,74,30,55,1,1,1,1,0,1,4.9908,4.9908,4.9908,4.9908,2.9084,7.0640,1121.4483,1061.5208,1086.4332,1109.9925,1322.7815,1451.6759,1,on,1,1.5000
1786347144.006102,1,1,,1091.0000,1035.0000,1066.0000,1078.0000,1305.0000,1402.0000,161.448,172.684,166.467,164.069,36.023,51.595,1529,1510,1482,1246,1326,1505,94,72,76,70,42,61,1,1,1,1,0,1,4.9908,4.9908,4.9908,4.9908,2.9084,7.0640,1121.4483,1061.5208,1086.4332,1109.9925,1318.3534,1451.6759,1,on,1,1.5000
1786347144.042106,1,1,,1104.0000,1036.0000,1060.0000,1059.0000,1322.0000,1408.0000,158.689,172.410,167.583,167.721,30.148,50.735,1511,1493,1464,1229,1330,1487,82,72,69,78,41,24,1,1,1,1,0,1,4.9908,4.9908,4.9908,4.9908,2.9084,7.0640,1121.4483,1061.5208,1086.4332,1099.4637,1318.3534,1438.1242,1,on,1,1.5000
1786347144.073993,1,1,,1118.0000,1044.0000,1071.0000,1076.0000,1329.0000,1444.0000,156.003,170.886,165.405,164.466,27.935,45.769,1499,1483,1454,1219,1334,1483,93,76,77,74,32,36,1,1,1,1,0,1,4.9908,4.9908,4.9908,4.9908,2.9084,7.0640,1121.4483,1061.5208,1078.5797,1099.4637,1318.3534,1438.1242,1,on,1,1.5000
1786347144.106141,1,1,,1130.0000,1045.0000,1073.0000,1076.0000,1324.0000,1485.0000,153.601,170.543,164.898,164.480,29.660,39.834,1483,1464,1439,1203,1337,1476,79,57,79,101,35,30,1,1,1,1,0,1,4.9908,4.9908,4.9908,4.9908,2.9084,7.0640,1121.4483,1061.5208,1078.5797,1099.4637,1318.3534,1438.1242,0,on,1,1.5000
1786347144.142138,1,1,,1133.0000,1042.0000,1065.0000,1060.0000,1328.0000,1507.0000,152.894,171.258,166.679,167.498,28.324,36.792,1466,1449,1421,1183,1341,1472,74,93,76,75,35,19,1,1,1,1,0,1,4.9908,4.9908,4.9908,4.9908,2.9084,7.0640,1121.4483,1061.5208,1078.5797,1091.4828,1318.3534,1438.1242,1,on,1,1.5000
1786347144.174003,1,1,,1116.0000,1034.0000,1067.0000,1058.0000,1321.0000,1506.0000,156.327,172.995,166.274,167.936,30.561,36.927,1451,1432,1405,1164,1344,1471,90,84,77,64,43,15,1,1,1,1,0,1,4.9908,4.9908,4.9908,4.9908,2.9084,7.0640,1121.4483,1052.9745,1078.5797,1091.4828,1318.3534,1455.1137,1,on,1,1.5000
1786347144.205962,1,1,,1094.0000,1034.0000,1068.0000,1046.0000,1321.0000,1504.0000,160.687,174.054,166.020,170.482,30.748,37.145,1434,1416,1389,1148,1347,1471,102,78,86,75,43,16,1,1,1,1,0,1,4.9908,4.9908,4.9908,4.9908,2.9084,7.0640,1121.4483,1052.9745,1078.5797,1083.5661,1318.3534,1455.1137,1,on,1,1.5000
1786347144.242118,1,1,,1074.0000,1034.0000,1063.0000,1057.0000,1306.0000,1566.0000,164.794,173.934,167.054,168.173,35.875,28.471,1417,1399,1372,1129,1352,1471,88,92,72,85,36,0,1,1,1,1,0,1,4.9908,4.9908,4.9908,4.9908,2.9084,7.0640,1112.5230,1052.9745,1078.5797,1083.5661,1318.3534,1482.7654,1,on,1,1.5000
1786347144.274122,1,1,,1066.0000,1034.0000,1047.0000,1067.0000,1318.0000,1493.0000,166.323,179.274,170.270,166.250,31.700,38.780,1407,1389,1363,1116,1353,1471,86,85,71,92,35,0,1,1,1,1,0,0,4.9908,4.9908,4.9908,4.9908,2.9084,7.0640,1112.5230,1052.9745,1078.5797,1083.5661,1318.3534,1482.7654,0,on,1,1.5000
1786347144.306085,1,1,,1075.0000,1034.0000,1050.0000,1062.0000,1317.0000,1489.0000,164.681,173.966,169.609,167.104,31.958,39.395,1392,1372,1346,1099,1356,1471,97,86,81,69,39,22,1,1,1,1,0,0,4.9908,4.9908,4.9908,4.9908,2.9084,7.0640,1104.4294,1052.9745,1078.5797,1083.5661,1318.3534,1482.7654,1,on,1,1.5000
1786347144.347311,1,1,,1064.0000,1034.0000,1043.0000,1075.0000,1322.0000,1387.0000,166.857,174.408,170.920,164.509,30.356,53.758,1369,1350,1324,1093,1361,1471,86,78,80,24,36,31,1,1,1,1,0,0,4.9908,4.9908,4.9908,4.9908,2.9084,7.0640,1104.4294,1052.9745,1069.7260,1083.5661,1318.3534,1482.7654,1,on,1,1.5000
1786347144.374132,1,1,,1034.0000,1034.0000,1034.0000,1063.0000,1352.0000,1294.0000,174.427,178.631,173.551,167.010,19.996,66.995,1359,1339,1314,1092,1363,1475,90,84,87,0,44,35,1,1,1,1,0,0,4.9908,4.9908,4.9908,4.9908,2.9084,7.0640,1091.2574,1052.9745,1069.7260,1083.5661,1318.3534,1435.1009,1,on,1,1.5000
1786347144.406092,1,1,,1034.0000,1034.0000,1034.0000,1065.0000,1360.0000,1298.0000,180.566,177.859,174.838,166.597,17.280,66.351,1341,1323,1296,1092,1366,1480,86,82,87,51,0,22,1,1,1,1,0,1,4.9908,4.9908,4.9908,4.9908,2.9084,7.0640,1082.5963,1052.9745,1069.7260,1083.5661,1323.7475,1397.3895,1,on,1,1.5000
1786347144.442085,1,1,,1034.0000,1034.0000,1034.0000,1048.0000,1370.0000,1286.0000,181.266,177.645,175.028,169.941,13.690,68.067,1326,1307,1279,1090,1366,1480,93,80,77,28,25,43,1,1,1,1,0,1,4.9908,4.9908,4.9908,4.9908,2.9084,7.0640,1075.0698,1052.9745,1060.5711,1074.8510,1329.0582,1365.7960,1,on,1,1.5000
1786347144.474148,1,1,,1034.0000,1034.0000,1034.0000,1058.0000,1366.0000,1238.0000,181.011,177.146,172.859,167.996,15.288,74.855,1316,1296,1268,1090,1367,1478,93,85,89,31,25,45,1,1,1,1,0,1,4.9908,4.9908,4.9908,4.9908,2.9084,7.0640,1075.0698,1045.2741,1060.5711,1074.8510,1329.0582,1330.6755,1,on,1,1.5000
1786347144.506047,1,0,edge-on,1034.0000,1034.0000,1037.0000,1046.0000,1359.0000,1174.0000,176.645,175.990,172.275,170.356,17.657,83.922,1299,1280,1252,1083,1368,1469,101,91,79,72,0,32,1,1,1,1,0,1,4.9908,4.9908,4.9908,4.9908,2.9084,7.0640,1065.3018,1045.2741,1060.5711,1074.8510,1329.0582,1330.6755,1,on,1,1.5000
1786347144.542011,1,1,,1034.0000,1034.0000,1045.0000,1042.0000,1361.0000,1277.0000,178.904,176.610,170.594,171.150,17.002,69.344,1281,1261,1235,1076,1368,1466,85,84,78,10,0,0,1,1,1,1,0,1,4.9908,4.9908,4.9908,4.9908,2.9084,7.0640,1065.3018,1045.2741,1060.5711,1074.8510,1335.9757,1318.0148,1,on,1,1.5000
1786347144.573951,1,1,,1034.0000,1034.0000,1045.0000,1040.0000,1365.0000,1191.0000,177.826,178.135,170.552,171.559,15.554,81.570,1265,1245,1217,1076,1368,1466,110,90,72,8,21,0,1,1,1,1,0,1,4.9908,4.9908,4.9908,4.9908,2.9084,7.0640,1065.3018,1045.2741,1060.5711,1066.6027,1335.9757,1286.1972,1,on,1,1.5000
1786347144.606151,1,1,,1041.0000,1034.0000,1065.0000,1064.0000,1351.0000,1310.0000,171.460,173.749,166.541,166.874,20.154,64.635,1248,1230,1202,1076,1368,1466,103,97,97,0,16,0,1,1,1,1,0,1,4.9908,4.9908,4.9908,4.9908,2.9084,7.0640,1057.4024,1045.2741,1060.5711,1066.6027,1335.9757,1286.1972,1,on,1,1.5000
1786347144.642113,1,1,,1079.0000,1034.0000,1075.0000,1078.0000,1372.0000,1687.0000,163.828,174.990,164.662,163.926,13.123,11.351,1232,1213,1184,1075,1369,1466,113,94,86,29,15,0,1,1,1,1,0,1,4.9908,4.9908,4.9908,4.9908,2.9084,7.0640,1057.4024,1045.2741,1060.5711,1066.6027,1342.5467,1425.0802,1,on,1,1.5000
1786347144.674065,1,1,,1125.0000,1036.0000,1092.0000,1107.0000,1371.0000,1559.0000,154.553,172.499,161.164,158.229,13.357,29.399,1219,1198,1173,1075,1369,1466,114,103,88,24,13,0,1,1,1,1,0,1,4.9908,4.9908,4.9908,4.9908,2.9084,7.0640,1057.4024,1045.2741,1060.5711,1066.6027,1342.5467,1466.4542,1,on,1,1.5000
1786347144.706011,1,1,,1124.0000,1035.0000,1084.0000,1127.0000,1350.0000,1598.0000,154.822,172.523,162.773,154.191,20.773,23.874,1204,1183,1153,1073,1369,1466,123,108,86,31,0,0,1,1,1,1,0,1,4.9908,4.9908,4.9908,4.9908,2.9084,7.0640,1071.3392,1045.2741,1060.5711,1075.1867,1342.5467,1506.4218,1,on,1,1.5000
1786347144.742003,1,1,,1135.0000,1049.0000,1104.0000,1126.0000,1357.0000,1609.0000,152.587,169.854,158.830,154.317,18.328,22.320,1187,1166,1136,1072,1369,1466,125,108,105,32,0,0,1,1,1,0,1,0,4.9908,4.9908,4.9908,4.9908,2.9084,7.0640,1081.2522,1045.2741,1060.5711,1075.1867,1342.5467,1536.5883,1,on,1,1.5000
1786347144.773990,1,1,,1135.0000,1056.0000,1108.0000,1135.0000,1353.0000,1597.0000,152.578,168.305,157.922,152.574,19.735,24.005,1166,1146,1118,1071,1369,1466,103,105,107,0,0,62,1,1,1,0,1,0,4.9908,4.9908,4.9908,4.9908,2.9084,7.0640,1089.0850,1045.2741,1069.6039,1088.9496,1342.5467,1550.3249,1,on,1,1.5000
1786347144.806141,1,1,,1132.0000,1052.0000,1096.0000,1128.0000,1347.0000,1606.0000,153.246,169.198,160.411,154.018,21.783,22.772,1151,1127,1099,1071,1369,1480,122,99,111,23,51,113,1,1,1,0,1,0,4.9908,4.9908,4.9908,4.9908,2.9084,7.0640,1089.0850,1045.2741,1069.6039,1088.9496,1342.5467,1561.3273,1,on,1,1.5000
1786347144.842107,1,1,,1151.0000,1063.0000,1109.0000,1138.0000,1331.0000,1598.0000,149.441,166.889,157.788,151.925,27.012,23.840,1134,1112,1081,1077,1365,1515,133,123,0,12,67,105,1,1,1,0,1,0,4.9908,4.9908,4.9908,4.9908,2.9084,7.0640,1103.6428,1045.2741,1069.6039,1099.8455,1342.5467,1561.3273,1,on,1,1.5000
1786347144.874135,1,1,,1159.0000,1066.0000,1093.0000,1126.0000,1345.0000,1590.0000,147.809,166.473,161.059,154.320,22.375,25.033,1120,1098,1081,1077,1363,1537,130,124,51,18,79,59,1,1,1,0,1,0,4.9908,4.9908,4.9908,4.9908,2.9084,7.0640,1111.7739,1045.2741,1077.6708,1099.8455,1342.5467,1561.3273,1,on,1,1.5000
1786347144.905966,1,1,,1155.0000,1063.0000,1085.0000,1113.0000,1345.0000,1670.0000,148.479,166.970,162.551,156.931,22.281,13.641,1112,1077,1077,1089,1358,1547,0,106,24,38,74,29,1,1,1,0,1,0,4.9908,4.9908,4.9908,4.9908,2.9084,7.0640,1111.7739,1045.2741,1077.6708,1099.8455,1342.5467,1588.2032,1,on,1,1.5000
1786347144.941984,1,1,,1163.0000,1078.0000,1114.0000,1139.0000,1350.0000,1581.0000,146.947,163.912,156.682,151.843,20.516,26.330,1112,1058,1077,1098,1352,1552,0,123,0,18,67,0,1,1,1,0,1,0,4.9908,4.9908,4.9908,4.9908,2.9084,7.0640,1124.2393,1045.2741,1077.6708,1099.8455,1342.5467,1588.2032,1,on,1,1.5000
1786347144.974153,1,1,,1158.0000,1067.0000,1097.0000,1120.0000,1355.0000,1688.0000,148.003,166.150,160.228,155.541,18.840,11.161,1112,1057,1077,1101,1347,1560,0,62,0,0,59,53,0,1,1,1,1,0,4.9908,4.9908,4.9908,4.9908,2.9084,7.0640,1124.2393,1045.2741,1077.6708,1107.8308,1342.5467,1604.6887,1,on,1,1.5000
1786347145.006041,1,1,,1166.0000,1085.0000,1094.0000,1120.0000,1359.0000,1600.0000,146.434,162.678,160.715,155.603,17.467,23.648,1113,1055,1077,1100,1346,1569,58,36,0,0,0,79,0,1,1,0,1,0,4.9908,4.9908,4.9908,4.9908,2.9084,7.0640,1132.6356,1053.3192,1077.6708,1107.8308,1342.5467,1604.6887,1,on,1,1.5000
1786347145.041981,1,1,,1163.0000,1087.0000,1099.0000,1125.0000,1350.0000,1584.0000,146.936,162.181,159.836,154.550,20.689,25.864,1119,1052,1077,1101,1346,1588,11,65,0,0,35,36,0,1,1,0,1,0,4.9908,4.9908,4.9908,4.9908,2.9084,7.0640,1132.6356,1053.3192,1077.6708,1107.8308,1342.5467,1604.6887,0,on,1,1.5000
1786347145.074098,1,1,,1165.0000,1075.0000,1083.0000,1123.0000,1356.0000,1608.0000,146.605,164.604,163.019,155.016,18.522,22.493,1122,1052,1077,1102,1344,1590,21,0,0,14,0,46,0,1,1,0,1,0,4.9908,4.9908,4.9908,4.9908,2.9084,7.0640,1132.6356,1053.3192,1077.6708,1107.8308,1347.0235,1604.6887,1,on,1,1.5000
1786347145.106095,1,1,,1158.0000,1082.0000,1090.0000,1124.0000,1359.0000,1556.0000,147.999,163.120,161.562,154.697,17.418,29.858,1126,1051,1077,1105,1344,1594,21,0,0,16,0,0,0,0,1,0,0,0,4.9908,4.9908,4.9908,4.9908,2.9084,7.0640,1140.5173,1053.3192,1077.6708,1107.8308,1347.0235,1604.6887,1,on,1,1.5000
1786347145.142086,1,1,,1168.0000,1090.0000,1083.0000,1117.0000,1355.0000,1584.0000,145.998,161.600,163.068,156.244,18.856,25.916,1131,1052,1077,1105,1344,1596,0,0,0,0,0,37,0,1,1,0,0,0,4.9908,4.9908,4.9908,4.9908,2.9084,7.0640,1140.5173,1062.7236,1077.6708,1107.8308,1347.0235,1604.6887,1,on,1,1.5000
1786347145.174074,1,1,,1154.0000,1084.0000,1083.0000,1114.0000,1360.0000,1581.0000,148.668,162.807,163.052,156.760,17.142,26.329,1132,1052,1077,1105,1344,1601,0,0,0,0,16,34,0,0,1,0,0,0,4.9908,4.9908,4.9908,4.9908,2.9084,7.0640,1140.5173,1062.7236,1077.6708,1107.8308,1347.0235,1604.6887,0,on,1,1.5000
1786347145.206054,1,1,,1156.0000,1085.0000,1076.0000,1109.0000,1365.0000,1600.0000,148.408,162.518,164.345,157.782,15.559,23.585,1135,1051,1077,1105,1344,1603,21,23,0,0,23,21,0,0,1,0,0,0,4.9908,4.9908,4.9908,4.9908,2.9084,7.0640,1140.5173,1062.7236,1077.6708,1107.8308,1347.0235,1604.6887,0,on,1,1.5000
1786347145.247435,1,1,,1166.0000,1075.0000,1071.0000,1107.0000,1360.0000,1645.0000,146.305,164.543,165.314,158.111,17.054,17.180,1139,1056,1077,1105,1346,1603,0,14,0,0,15,27,0,0,1,0,0,0,4.9908,4.9908,4.9908,4.9908,2.9084,7.0640,1140.5173,1062.7236,1077.6708,1107.8308,1347.0235,1604.6887,0,on,1,1.5000
1786347145.274217,1,1,,1163.0000,1079.0000,1070.0000,1109.0000,1351.0000,1634.0000,147.035,163.877,165.513,157.784,20.131,18.754,1139,1062,1077,1105,1346,1602,0,0,0,0,12,29,0,1,1,0,1,0,4.9908,4.9908,4.9908,4.9908,2.9084,7.0640,1140.5173,1062.7236,1077.6708,1107.8308,1347.0235,1604.6887,0,on,1,1.5000
1786347145.306092,1,1,,1158.0000,1073.0000,1073.0000,1105.0000,1353.0000,1653.0000,148.021,164.902,165.048,158.554,19.428,16.138,1139,1062,1077,1105,1347,1603,0,0,0,0,0,32,0,1,1,0,1,0,4.9908,4.9908,4.9908,4.9908,2.9084,7.0640,1140.5173,1062.7236,1077.6708,1107.8308,1347.0235,1604.6887,0,on,1,1.5000
1786347145.341953,1,1,,1148.0000,1071.0000,1069.0000,1101.0000,1354.0000,1611.0000,149.914,165.463,165.825,159.474,19.335,22.023,1139,1062,1077,1105,1347,1604,0,0,0,0,0,26,0,1,1,0,1,1,4.9908,4.9908,4.9908,4.9908,2.9084,7.0640,1140.5173,1062.7236,1077.6708,1107.8308,1347.0235,1604.6887,0,on,1,1.5000
1786347145.374149,1,1,,1144.0000,1070.0000,1070.0000,1102.0000,1357.0000,1632.0000,150.687,165.537,165.493,159.112,18.340,19.039,1139,1062,1077,1105,1347,1604,0,0,0,0,0,0,0,1,1,0,1,1,4.9908,4.9908,4.9908,4.9908,2.9084,7.0640,1140.5173,1062.7236,1077.6708,1107.8308,1347.0235,1604.6887,0,on,1,1.5000
1786347145.406084,1,1,,1137.0000,1071.0000,1066.0000,1100.0000,1340.0000,1631.0000,152.196,165.437,166.434,159.639,24.177,19.283,1139,1061,1077,1105,1347,1605,0,0,0,8,0,0,0,1,1,0,1,1,4.9908,4.9908,4.9908,4.9908,2.9084,7.0640,1140.5173,1062.7236,1077.6708,1107.8308,1347.0235,1604.6887,0,on,1,1.5000
1786347145.442021,1,1,,1156.0000,1076.0000,1084.0000,1120.0000,1342.0000,1632.0000,148.300,164.285,162.752,155.526,23.283,19.137,1139,1062,1077,1109,1347,1605,0,0,0,0,0,0,0,1,1,1,1,1,4.9908,4.9908,4.9908,4.9908,2.9084,7.0640,1140.5173,1062.7236,1077.6708,1107.8308,1347.0235,1604.6887,0,on,1,1.5000
1786347145.474126,1,1,,1153.0000,1073.0000,1073.0000,1110.0000,1355.0000,1628.0000,148.956,164.976,164.931,157.474,18.851,19.612,1139,1062,1077,1109,1347,1605,0,0,0,0,0,0,0,1,1,1,1,1,4.9908,4.9908,4.9908,4.9908,2.9084,7.0640,1140.5173,1062.7236,1077.6708,1107.8308,1347.0235,1604.6887,0,on,1,1.5000
1786347145.506135,1,1,,1169.0000,1088.0000,1089.0000,1122.0000,1358.0000,1579.0000,145.838,161.961,161.847,155.123,17.960,26.552,1139,1062,1077,1109,1347,1605,0,0,0,0,0,0,0,1,1,1,1,1,4.9908,4.9908,4.9908,4.9908,2.9084,7.0640,1148.4820,1062.7236,1077.6708,1107.8308,1347.0235,1604.6887,1,on,1,1.5000
1786347145.542032,1,1,,1171.0000,1088.0000,1091.0000,1115.0000,1353.0000,1592.0000,145.437,161.938,161.286,156.668,19.559,24.795,1139,1061,1077,1109,1347,1605,21,0,0,0,0,0,0,1,1,1,1,1,4.9908,4.9908,4.9908,4.9908,2.9084,7.0640,1148.4820,1062.7236,1077.6708,1107.8308,1347.0235,1604.6887,0,on,1,1.5000
1786347145.579395,1,1,,1152.0000,1072.0000,1062.0000,1090.0000,1361.0000,1614.0000,149.193,165.113,167.276,161.599,16.961,21.672,1146,1061,1077,1109,1347,1605,23,0,0,0,0,0,0,1,1,1,1,1,4.9908,4.9908,4.9908,4.9908,2.9084,7.0640,1148.4820,1062.7236,1077.6708,1107.8308,1347.0235,1604.6887,0,on,1,1.5000
1786347145.606087,1,1,,1140.0000,1061.0000,1066.0000,1075.0000,1367.0000,1694.0000,151.488,167.317,166.379,164.613,14.872,10.370,1147,1062,1077,1109,1347,1605,18,0,0,0,0,0,0,1,1,1,1,1,4.9908,4.9908,4.9908,4.9908,2.9084,7.0640,1148.4820,1062.7236,1077.6708,1107.8308,1347.0235,1619.9659,1,on,1,1.5000
1786347145.642015,1,1,,1119.0000,1042.0000,1049.0000,1054.0000,1359.0000,1705.0000,155.859,171.228,169.760,168.869,17.634,8.822,1150,1062,1077,1109,1347,1605,0,0,0,0,0,0,1,1,1,1,1,0,4.9908,4.9908,4.9908,4.9908,2.9084,7.0640,1148.4820,1062.7236,1077.6708,1107.8308,1347.0235,1634.4039,1,on,1,1.5000
1786347145.674033,1,1,,1127.0000,1042.0000,1074.0000,1075.0000,1375.0000,1586.0000,154.199,171.141,164.819,164.603,11.008,25.556,1150,1062,1077,1109,1347,1609,0,0,0,0,0,48,1,1,1,1,1,0,4.9908,4.9908,4.9908,4.9908,2.9084,7.0640,1148.4820,1062.7236,1077.6708,1099.1690,1352.6998,1634.4039,1,on,1,1.5000
1786347145.706103,1,1,,1136.0000,1054.0000,1077.0000,1100.0000,1348.0000,1603.0000,152.436,168.863,164.121,159.540,21.140,23.198,1150,1062,1077,1109,1347,1616,0,0,0,8,0,101,1,1,1,1,0,0,4.9908,4.9908,4.9908,4.9908,2.9084,7.0640,1148.4820,1062.7236,1077.6708,1099.1690,1352.6998,1634.4039,0,on,1,1.5000
1786347145.742112,1,1,,1149.0000,1073.0000,1086.0000,1135.0000,1333.0000,1561.0000,149.724,165.082,162.314,152.487,26.370,29.101,1151,1062,1077,1109,1347,1630,0,0,0,25,0,16,1,1,1,1,0,0,4.9908,4.9908,4.9908,4.9908,2.9084,7.0640,1148.4820,1062.7236,1077.6708,1099.1690,1352.6998,1623.3649,1,on,1,1.5000
1786347145.774009,1,1,,1146.0000,1071.0000,1089.0000,1131.0000,1325.0000,1559.0000,150.320,165.303,161.725,153.312,29.364,29.455,1151,1062,1077,1106,1347,1630,0,0,0,14,0,17,1,1,1,1,0,1,4.9908,4.9908,4.9908,4.9908,2.9084,7.0640,1148.4820,1062.7236,1077.6708,1099.1690,1352.6998,1623.3649,0,on,1,1.5000
1786347145.806184,1,1,,1142.0000,1067.0000,1098.0000,1139.0000,1330.0000,1579.0000,151.090,166.101,159.896,151.663,27.407,26.635,1151,1062,1077,1105,1347,1630,0,0,0,39,0,0,1,1,1,1,0,1,4.9908,4.9908,4.9908,4.9908,2.9084,7.0640,1148.4820,1062.7236,1077.6708,1099.1690,1352.6998,1610.0634,1,on,1,1.5000
1786347145.842123,1,1,,1109.0000,1056.0000,1081.0000,1111.0000,1341.0000,1549.0000,157.806,168.377,163.335,157.368,23.861,30.910,1151,1061,1077,1104,1347,1630,0,0,0,47,0,16,1,1,1,1,0,1,4.9908,4.9908,4.9908,4.9908,2.9084,7.0640,1148.4820,1062.7236,1077.6708,1099.1690,1352.6998,1610.0634,0,on,1,1.5000
1786347145.874121,1,1,,1193.0000,1170.0000,1181.0000,1224.0000,1362.0000,1483.0000,140.971,145.559,143.346,134.784,16.669,40.219,1151,1061,1077,1100,1347,1629,0,0,0,0,0,73,1,1,1,1,0,1,4.9908,4.9908,4.9908,4.9908,2.9084,7.0640,1148.4820,1079.5305,1093.3562,1125.6989,1352.6998,1576.5514,1,on,1,1.5000
1786347145.906156,1,0,handedness unsure,1288.0000,1249.0000,1222.0000,1283.0000,1367.0000,1347.0000,121.990,129.748,135.050,122.998,14.885,59.476,1151,1061,1077,1099,1347,1620,0,0,0,0,0,18,1,0,0,0,0,1,4.9908,4.9908,4.9908,4.9908,2.9084,7.0640,1172.5749,1120.9747,1121.2253,1165.4185,1352.6998,1576.5514,1,on,1,1.5000
1786347145.942092,1,0,handedness unsure,1294.0000,1267.0000,1280.0000,1358.0000,1344.0000,1315.0000,120.749,126.165,123.522,107.803,22.744,63.923,1151,1062,1077,1103,1347,1612,0,33,31,65,9,59,0,0,0,0,0,1,4.9908,4.9908,4.9908,4.9908,2.9084,7.0640,1202.1422,1163.7198,1166.9995,1228.8883,1352.6998,1576.5514,1,on,1,1.5000
1786347145.974055,1,0,hand looks flipped,1071.0000,1034.0000,1034.0000,1040.0000,1306.0000,1591.0000,165.446,178.309,177.859,171.608,35.924,24.906,1153,1062,1084,1119,1347,1593,23,82,55,50,19,0,0,0,0,0,0,1,4.9908,4.9908,4.9908,4.9908,2.9084,7.0640,1202.1422,1163.7198,1166.9995,1228.8883,1352.6998,1576.5514,0,on,1,1.5000
1786347146.006114,1,1,,1726.0000,1584.0000,1569.0000,1641.0000,1271.0000,1612.0000,34.227,62.665,65.532,51.201,47.840,21.953,1161,1088,1101,1141,1347,1589,56,71,81,52,16,32,0,0,0,0,0,1,4.9908,4.9908,4.9908,4.9908,2.9084,7.0640,1421.0769,1321.3981,1313.2979,1376.1991,1340.6142,1576.5514,1,on,1,1.5000
1786347146.042049,1,1,,1428.0000,1518.0000,1565.0000,1596.0000,1375.0000,1406.0000,93.900,75.821,66.479,60.097,11.878,51.056,1179,1110,1125,1162,1348,1582,59,75,67,47,0,14,0,0,0,0,1,1,4.9908,4.9908,4.9908,4.9908,2.9084,7.0640,1421.0769,1399.5500,1418.9211,1464.8456,1340.6142,1537.3895,1,on,1,1.5000
1786347146.074268,1,1,,1477.0000,1557.0000,1600.0000,1631.0000,1371.0000,1471.0000,83.992,67.917,59.337,53.224,13.528,41.891,1197,1133,1147,1182,1348,1581,61,51,63,45,0,0,0,0,0,0,1,1,4.9908,4.9908,4.9908,4.9908,2.9084,7.0640,1435.7031,1455.5972,1488.0347,1525.3665,1340.6142,1523.7965,1,on,1,1.5000
1786347146.106069,1,1,,1483.0000,1578.0000,1607.0000,1629.0000,1353.0000,1500.0000,82.771,63.793,58.066,53.498,19.639,37.751,1210,1148,1161,1196,1348,1581,77,62,55,36,19,64,0,0,0,0,1,1,4.9908,4.9908,4.9908,4.9908,2.9084,7.0640,1444.7419,1495.2094,1528.1670,1558.1811,1340.6142,1523.7965,1,on,1,1.5000
1786347146.142059,1,1,,1507.0000,1605.0000,1625.0000,1642.0000,1328.0000,1531.0000,78.101,58.362,54.429,51.015,28.182,33.326,1233,1170,1183,1215,1348,1563,67,57,59,50,40,55,0,0,0,0,1,1,4.9908,4.9908,4.9908,4.9908,2.9084,7.0640,1456.7374,1529.4648,1558.3273,1582.3753,1340.6142,1523.7965,1,on,1,1.5000
1786347146.174106,1,1,,1510.0000,1611.0000,1623.0000,1655.0000,1326.0000,1536.0000,77.376,57.184,54.838,48.455,29.047,32.711,1250,1188,1200,1231,1346,1543,81,52,56,41,35,35,0,0,0,0,1,1,4.9908,4.9908,4.9908,4.9908,2.9084,7.0640,1465.4976,1550.2631,1573.9401,1599.4088,1340.6142,1523.7965,1,on,1,1.5000
1786347146.206116,1,1,,1498.0000,1612.0000,1607.0000,1648.0000,1339.0000,1523.0000,79.745,57.087,57.949,49.769,24.423,34.500,1270,1205,1218,1248,1345,1537,66,56,65,48,29,32,0,0,0,0,1,1,4.9908,4.9908,4.9908,4.9908,2.9084,7.0640,1465.4976,1563.7868,1573.9401,1608.8812,1340.6142,1523.7965,1,on,1,1.5000
1786347146.242088,1,1,,1499.0000,1627.0000,1614.0000,1662.0000,1352.0000,1491.0000,79.675,53.986,56.587,47.004,19.924,39.039,1288,1222,1236,1264,1344,1531,51,59,63,57,27,20,0,0,0,0,1,1,4.9908,4.9908,4.9908,4.9908,2.9084,7.0640,1473.5785,1577.0373,1585.4733,1618.7265,1340.6142,1523.7965,1,on,1,1.5000
1786347146.274006,1,1,,1500.0000,1623.0000,1619.0000,1645.0000,1368.0000,1481.0000,79.349,54.774,55.683,50.379,14.574,40.525,1303,1238,1254,1281,1344,1528,56,60,51,46,0,16,0,0,0,0,1,1,4.9908,4.9908,4.9908,4.9908,2.9084,7.0640,1473.5785,1584.6758,1585.4733,1618.7265,1340.6142,1523.7965,1,on,1,1.5000
1786347146.306157,1,1,,1528.0000,1639.0000,1652.0000,1652.0000,1375.0000,1442.0000,73.779,51.567,49.017,48.940,8.857,46.021,1316,1251,1264,1293,1344,1527,79,64,57,45,40,0,0,0,0,0,1,1,4.9908,4.9908,4.9908,4.9908,2.9084,7.0640,1482.5628,1593.4194,1598.8866,1618.7265,1345.7723,1506.3684,1,on,1,1.5000
1786347146.342116,1,1,,1565.0000,1666.0000,1671.0000,1655.0000,1375.0000,1449.0000,66.465,46.111,45.206,48.326,9.925,44.934,1329,1267,1279,1311,1343,1527,66,46,53,53,20,0,0,0,0,0,0,1,4.9908,4.9908,4.9908,4.9908,2.9084,7.0640,1496.8803,1606.8136,1611.6158,1628.9741,1345.7723,1506.3684,1,on,1,1.5000
1786347146.374097,1,1,,1579.0000,1683.0000,1699.0000,1646.0000,1375.0000,1451.0000,63.581,42.751,39.575,50.158,10.977,44.726,1348,1285,1295,1330,1343,1527,56,62,60,24,0,0,0,0,0,0,0,1,4.9908,4.9908,4.9908,4.9908,2.9084,7.0640,1511.8577,1620.6907,1628.0999,1628.9741,1350.4194,1491.0170,1,on,1,1.5000
1786347146.406140,1,1,,1588.0000,1690.0000,1684.0000,1667.0000,1355.0000,1450.0000,61.870,41.396,42.466,45.939,18.940,44.917,1363,1301,1313,1343,1343,1527,60,54,60,50,0,0,0,0,0,0,0,1,4.9908,4.9908,4.9908,4.9908,2.9084,7.0640,1526.3463,1633.4315,1637.8726,1628.9741,1350.4194,1491.0170,1,on,1,1.5000
1786347146.442075,1,1,,1566.0000,1699.0000,1689.0000,1674.0000,1351.0000,1434.0000,66.282,39.469,41.502,44.627,20.112,47.063,1378,1316,1330,1360,1343,1517,69,68,54,41,32,39,0,0,0,0,0,1,4.9908,4.9908,4.9908,4.9908,2.9084,7.0640,1526.3463,1645.9437,1646.6208,1638.4413,1350.4194,1478.0837,1,on,1,1.5000
1786347146.474130,1,1,,1546.0000,1685.0000,1693.0000,1703.0000,1329.0000,1428.0000,70.285,42.308,40.693,38.808,27.774,47.954,1395,1333,1348,1376,1344,1509,70,60,49,54,27,21,0,0,0,0,0,1,4.9908,4.9908,4.9908,4.9908,2.9084,7.0640,1534.4555,1645.9437,1646.6208,1647.2524,1350.4194,1478.0837,1,on,1,1.5000
1786347146.506097,1,1,,1612.0000,1669.0000,1682.0000,1670.0000,1299.0000,1494.0000,56.985,45.601,42.973,45.340,38.088,38.644,1407,1345,1357,1386,1346,1501,65,66,55,38,0,33,0,0,0,0,0,1,4.9908,4.9908,4.9908,4.9908,2.9084,7.0640,1546.3389,1653.7050,1656.9057,1647.2524,1345.9074,1478.0837,1,on,1,1.5000
1786347146.542124,1,1,,1623.0000,1653.0000,1652.0000,1648.0000,1281.0000,1455.0000,54.754,48.722,49.038,49.750,44.467,44.124,1427,1366,1380,1406,1346,1494,64,60,46,43,32,40,0,0,0,0,1,1,4.9908,4.9908,4.9908,4.9908,2.9084,7.0640,1560.5147,1653.7050,1656.9057,1647.2524,1337.1629,1478.0837,1,on,1,1.5000
1786347146.574126,1,1,,1574.0000,1646.0000,1661.0000,1671.0000,1302.0000,1364.0000,64.587,50.079,47.261,45.259,37.190,56.968,1438,1376,1389,1420,1346,1486,79,64,53,24,18,22,0,0,0,0,1,1,4.9908,4.9908,4.9908,4.9908,2.9084,7.0640,1560.5147,1653.7050,1656.9057,1647.2524,1337.1629,1454.3987,1,on,1,1.5000
1786347146.606154,1,1,,1585.0000,1657.0000,1668.0000,1653.0000,1313.0000,1320.0000,62.462,48.012,45.814,48.734,33.372,63.322,1454,1392,1405,1433,1347,1483,68,70,60,54,0,0,0,0,0,0,1,1,4.9908,4.9908,4.9908,4.9908,2.9084,7.0640,1560.5147,1653.7050,1656.9057,1647.2524,1331.1974,1423.6173,1,on,1,1.5000
1786347146.642007,1,1,,1571.0000,1665.0000,1660.0000,1662.0000,1304.0000,1288.0000,65.126,46.394,47.437,47.044,36.522,67.790,1472,1408,1420,1451,1347,1478,67,66,60,42,18,30,0,0,0,0,1,1,4.9908,4.9908,4.9908,4.9908,2.9084,7.0640,1560.5147,1653.7050,1656.9057,1647.2524,1331.1974,1386.1168,1,on,1,1.5000
1786347146.674100,1,1,,1570.0000,1652.0000,1658.0000,1615.0000,1308.0000,1242.0000,65.362,48.890,47.855,56.419,35.000,74.309,1487,1425,1438,1467,1346,1466,71,71,52,44,67,90,0,0,0,0,1,1,4.9908,4.9908,4.9908,4.9908,2.9084,7.0640,1560.5147,1653.7050,1656.9057,1647.2524,1331.1974,1345.2339,1,on,1,1.5000
1786347146.706116,1,1,,1597.0000,1647.0000,1630.0000,1635.0000,1320.0000,1235.0000,59.903,49.899,53.322,52.423,30.997,75.235,1505,1443,1454,1485,1343,1440,60,61,59,44,94,83,0,0,0,0,1,1,4.9908,4.9908,4.9908,4.9908,2.9084,7.0640,1560.5147,1653.7050,1656.9057,1647.2524,1326.5110,1315.0066,1,on,1,1.5000
1786347146.742114,1,1,,1615.0000,1651.0000,1656.0000,1647.0000,1324.0000,1206.0000,56.336,49.205,48.160,49.878,29.548,79.418,1523,1457,1471,1500,1337,1412,64,80,64,54,60,94,0,0,0,0,1,1,4.9908,4.9908,4.9908,4.9908,2.9084,7.0640,1572.6267,1653.7050,1656.9057,1647.2524,1326.5110,1284.3625,1,on,1,1.5000
1786347146.774033,1,1,,1604.0000,1660.0000,1656.0000,1640.0000,1333.0000,1197.0000,58.509,47.423,48.184,51.292,26.356,80.602,1532,1471,1483,1512,1335,1388,66,80,54,50,55,87,0,0,0,0,1,1,4.9908,4.9908,4.9908,4.9908,2.9084,7.0640,1572.6267,1653.7050,1656.9057,1647.2524,1326.5110,1263.2319,1,on,1,1.5000
1786347146.806132,1,1,,1536.0000,1636.0000,1632.0000,1655.0000,1298.0000,1234.0000,72.147,52.268,53.020,48.378,38.463,75.459,1550,1486,1498,1529,1329,1360,65,63,59,47,0,80,0,0,0,0,1,1,4.9908,4.9908,4.9908,4.9908,2.9084,7.0640,1572.6267,1653.7050,1656.9057,1647.2524,1326.5110,1263.2319,0,on,1,1.5000
1786347146.842100,1,1,,1495.0000,1624.0000,1618.0000,1630.0000,1276.0000,1259.0000,80.396,54.586,55.788,53.294,46.116,71.902,1560,1502,1515,1548,1329,1333,0,73,55,33,0,98,0,0,0,0,1,1,4.9908,4.9908,4.9908,4.9908,2.9084,7.0640,1572.6267,1653.7050,1656.9057,1647.2524,1320.1640,1263.2319,1,on,1,1.5000
1786347146.874240,1,1,,1508.0000,1651.0000,1631.0000,1635.0000,1283.0000,1261.0000,77.895,49.256,53.163,52.315,43.732,71.639,1563,1520,1533,1562,1329,1306,24,67,54,55,27,86,0,0,0,0,1,1,4.9908,4.9908,4.9908,4.9908,2.9084,7.0640,1558.3387,1653.7050,1656.9057,1647.2524,1320.1640,1263.2319,1,on,1,1.5000
1786347146.906126,1,1,,1496.0000,1640.0000,1645.0000,1597.0000,1235.0000,1285.0000,80.192,51.409,50.316,60.004,60.095,68.238,1567,1538,1551,1580,1328,1279,21,56,50,56,24,0,1,0,0,0,1,1,4.9908,4.9908,4.9908,4.9908,2.9084,7.0640,1549.0693,1653.7050,1656.9057,1647.2524,1304.0426,1263.2319,1,on,1,1.5000
1786347146.941999,1,1,,1500.0000,1642.0000,1645.0000,1602.0000,1245.0000,1277.0000,79.413,50.923,50.386,59.068,56.829,69.405,1565,1555,1567,1601,1326,1276,56,56,64,44,30,40,1,0,0,0,1,1,4.9908,4.9908,4.9908,4.9908,2.9084,7.0640,1541.5218,1653.7050,1656.9057,1638.5433,1294.2212,1263.2319,1,on,1,1.5000
1786347146.974150,1,1,,1470.0000,1619.0000,1639.0000,1615.0000,1225.0000,1279.0000,85.528,55.552,51.532,56.364,63.555,69.113,1562,1566,1579,1611,1324,1273,65,51,46,60,43,30,1,0,0,0,1,1,4.9908,4.9908,4.9908,4.9908,2.9084,7.0640,1529.8491,1653.7050,1656.9057,1638.5433,1282.6550,1263.2319,1,on,1,1.5000
1786347147.006132,1,1,,1499.0000,1643.0000,1618.0000,1639.0000,1237.0000,1226.0000,79.551,50.721,55.782,51.641,59.336,76.534,1550,1584,1597,1628,1321,1271,85,69,64,12,49,0,1,0,0,0,1,1,4.9908,4.9908,4.9908,4.9908,2.9084,7.0640,1529.8491,1653.7050,1647.4482,1638.5433,1275.7226,1263.2319,1,on,1,1.5000
1786347147.042054,1,1,,1488.0000,1627.0000,1585.0000,1649.0000,1244.0000,1227.0000,81.899,53.959,62.318,49.596,57.220,76.474,1533,1602,1615,1630,1317,1270,56,65,70,19,50,32,1,0,0,0,1,1,4.9908,4.9908,4.9908,4.9908,2.9084,7.0640,1520.6958,1653.7050,1639.7259,1638.5433,1275.7226,1263.2319,1,on,1,1.5000
1786347147.074126,1,1,,1514.0000,1625.0000,1589.0000,1672.0000,1297.0000,1250.0000,76.583,54.441,61.660,45.000,38.958,73.171,1527,1621,1636,1635,1313,1267,0,66,0,0,50,30,1,0,0,0,1,1,4.9908,4.9908,4.9908,4.9908,2.9084,7.0640,1520.6958,1645.5057,1639.7259,1638.5433,1275.7226,1263.2319,1,on,1,1.5000
1786347147.106105,1,1,,1513.0000,1631.0000,1597.0000,1671.0000,1306.0000,1295.0000,76.725,53.204,60.004,45.255,35.658,66.848,1527,1636,1636,1635,1310,1266,0,0,0,0,53,19,1,0,0,0,1,1,4.9908,4.9908,4.9908,4.9908,2.9084,7.0640,1520.6958,1645.5057,1628.9534,1638.5433,1275.7226,1263.2319,1,on,1,1.5000
1786347147.142028,1,1,,1514.0000,1609.0000,1598.0000,1675.0000,1303.0000,1298.0000,76.570,57.682,59.826,44.360,36.654,66.328,1527,1636,1636,1635,1306,1266,31,0,0,0,46,21,1,0,1,0,1,1,4.9908,4.9908,4.9908,4.9908,2.9084,7.0640,1520.6958,1645.5057,1628.9534,1638.5433,1275.7226,1263.2319,0,on,1,1.5000
1786347147.174118,1,1,,1558.0000,1624.0000,1611.0000,1662.0000,1313.0000,1315.0000,67.832,54.483,57.114,46.994,33.400,63.936,1524,1636,1636,1635,1304,1266,23,25,25,0,52,24,1,0,1,0,1,1,4.9908,4.9908,4.9908,4.9908,2.9084,7.0640,1520.6958,1645.5057,1628.9534,1638.5433,1275.7226,1263.2319,0,on,1,1.5000
1786347147.206168,1,1,,1533.0000,1622.0000,1601.0000,1676.0000,1294.0000,1303.0000,72.801,55.021,59.235,44.136,39.968,65.613,1523,1640,1633,1635,1300,1265,23,18,29,0,40,26,1,0,1,0,1,1,4.9908,4.9908,4.9908,4.9908,2.9084,7.0640,1520.6958,1645.5057,1628.9534,1648.1031,1275.7226,1263.2319,1,on,1,1.5000
1786347147.242059,1,1,,1551.0000,1609.0000,1603.0000,1673.0000,1293.0000,1315.0000,69.173,57.608,58.835,44.751,40.392,63.937,1522,1643,1627,1635,1297,1265,21,0,0,0,40,26,1,0,1,0,1,1,4.9908,4.9908,4.9908,4.9908,2.9084,7.0640,1520.6958,1636.5145,1620.8103,1648.1031,1280.7276,1276.7093,1,on,1,1.5000
1786347147.274171,1,1,,1542.0000,1607.0000,1621.0000,1663.0000,1279.0000,1306.0000,70.988,58.026,55.167,46.839,44.888,65.212,1521,1643,1627,1635,1293,1264,0,0,0,0,38,28,1,1,1,0,1,0,4.9908,4.9908,4.9908,4.9908,2.9084,7.0640,1520.6958,1636.5145,1620.8103,1648.1031,1280.7276,1276.7093,0,on,1,1.5000
1786347147.306173,1,1,,1622.0000,1631.0000,1631.0000,1605.0000,1264.0000,1310.0000,55.068,53.212,53.176,58.352,50.032,64.730,1521,1643,1627,1635,1290,1264,0,18,0,0,37,25,1,1,1,0,1,0,4.9908,4.9908,4.9908,4.9908,2.9084,7.0640,1539.5186,1636.5145,1620.8103,1648.1031,1280.7276,1276.7093,1,on,1,1.5000
1786347147.342091,1,1,,1656.0000,1690.0000,1667.0000,1536.0000,1258.0000,1296.0000,48.173,41.269,45.974,72.246,52.374,66.661,1521,1643,1627,1635,1287,1264,0,27,24,0,35,44,0,1,1,0,1,0,4.9908,4.9908,4.9908,4.9908,2.9084,7.0640,1565.2818,1636.5145,1620.8103,1630.5096,1280.7276,1276.7093,1,on,1,1.5000
1786347147.374133,1,1,,1684.0000,1688.0000,1636.0000,1521.0000,1300.0000,1227.0000,42.581,41.710,52.128,75.240,37.654,76.477,1521,1640,1625,1635,1285,1267,0,22,18,0,38,25,0,1,1,1,1,0,4.9908,4.9908,4.9908,4.9908,2.9084,7.0640,1593.4583,1636.5145,1620.8103,1608.1795,1280.7276,1276.7093,1,on,1,1.5000
1786347147.406093,1,1,,1693.0000,1690.0000,1657.0000,1494.0000,1313.0000,1208.0000,40.732,41.365,47.915,80.642,33.499,79.092,1521,1636,1623,1635,1283,1274,54,0,14,0,0,15,0,1,1,1,1,0,4.9908,4.9908,4.9908,4.9908,2.9084,7.0640,1617.3552,1647.7981,1620.8103,1581.4310,1280.7276,1276.7093,1,on,1,1.5000
1786347147.441997,1,1,,1693.0000,1688.0000,1674.0000,1481.0000,1313.0000,1193.0000,40.761,41.818,44.583,83.301,33.402,81.266,1533,1636,1622,1635,1283,1276,87,0,0,48,30,0,0,0,1,1,1,1,4.9908,4.9908,4.9908,4.9908,2.9084,7.0640,1635.0179,1647.7981,1632.4499,1556.1914,1280.7276,1259.0266,1,on,1,1.5000
1786347147.474124,1,1,,1690.0000,1685.0000,1671.0000,1478.0000,1311.0000,1179.0000,41.401,42.381,45.166,83.803,33.864,83.150,1556,1636,1621,1625,1282,1276,87,28,0,103,24,0,0,0,0,1,1,1,4.9908,4.9908,4.9908,4.9908,2.9084,7.0640,1645.3893,1656.2720,1632.4499,1539.0665,1286.3361,1244.7301,1,on,1,1.5000
1786347147.506069,1,1,,1701.0000,1703.0000,1680.0000,1488.0000,1312.0000,1167.0000,39.114,38.737,43.376,81.848,33.834,84.931,1579,1640,1622,1600,1281,1276,90,17,24,81,21,25,0,0,0,1,0,1,4.9908,4.9908,4.9908,4.9908,2.9084,7.0640,1655.0594,1656.2720,1641.6066,1529.4981,1286.3361,1230.0326,1,on,1,1.5000
1786347147.542132,1,1,,1689.0000,1704.0000,1673.0000,1489.0000,1312.0000,1177.0000,41.647,38.619,44.688,81.537,33.617,83.449,1602,1643,1626,1574,1281,1276,73,0,26,85,0,48,0,0,0,1,0,1,4.9908,4.9908,4.9908,4.9908,2.9084,7.0640,1655.0594,1667.3345,1641.6066,1529.4981,1286.3361,1230.0326,1,on,1,1.5000
1786347147.574018,1,1,,1696.0000,1707.0000,1682.0000,1484.0000,1310.0000,1168.0000,40.106,37.906,42.997,82.695,34.296,84.789,1616,1645,1630,1561,1281,1270,86,27,19,67,0,76,0,0,0,1,0,1,4.9908,4.9908,4.9908,4.9908,2.9084,7.0640,1664.7300,1667.3345,1649.1487,1517.4066,1291.8143,1212.1249,1,on,1,1.5000
1786347147.606117,1,1,,1693.0000,1692.0000,1672.0000,1482.0000,1313.0000,1161.0000,40.735,40.901,44.978,83.134,33.312,85.721,1638,1651,1640,1539,1281,1249,76,50,15,32,0,44,0,0,0,1,0,1,4.9908,4.9908,4.9908,4.9908,2.9084,7.0640,1664.7300,1667.3345,1649.1487,1517.4066,1291.8143,1212.1249,0,on,1,1.5000
1786347147.642040,1,1,,1680.0000,1696.0000,1658.0000,1489.0000,1309.0000,1159.0000,43.303,40.134,47.869,81.617,34.627,86.048,1655,1664,1645,1524,1281,1233,0,20,10,0,26,62,0,0,0,1,0,1,4.9908,4.9908,4.9908,4.9908,2.9084,7.0640,1664.7300,1675.9453,1649.1487,1517.4066,1291.8143,1197.4330,1,on,1,1.5000
1786347147.674135,1,1,,1692.0000,1702.0000,1661.0000,1487.0000,1302.0000,1162.0000,40.943,39.001,47.105,81.934,37.218,85.576,1655,1667,1647,1523,1282,1227,24,0,0,8,43,59,0,0,0,1,0,1,4.9908,4.9908,4.9908,4.9908,2.9084,7.0640,1664.7300,1675.9453,1649.1487,1508.2381,1291.8143,1197.4330,1,on,1,1.5000
1786347147.706167,1,1,,1688.0000,1707.0000,1665.0000,1478.0000,1303.0000,1165.0000,41.790,37.938,46.432,83.737,36.933,85.251,1659,1667,1647,1519,1286,1223,20,0,0,51,19,49,0,0,0,1,0,1,4.9908,4.9908,4.9908,4.9908,2.9084,7.0640,1664.7300,1675.9453,1649.1487,1508.2381,1291.8143,1197.4330,0,on,1,1.5000
1786347147.742130,1,1,,1700.0000,1709.0000,1667.0000,1488.0000,1304.0000,1163.0000,39.272,37.555,46.014,81.840,36.322,85.495,1661,1669,1647,1512,1287,1217,15,25,0,11,0,37,0,0,0,1,0,1,4.9908,4.9908,4.9908,4.9908,2.9084,7.0640,1674.2853,1675.9453,1649.1487,1508.2381,1291.8143,1197.4330,1,on,1,1.5000
1786347147.774086,1,1,,1703.0000,1704.0000,1672.0000,1487.0000,1305.0000,1164.0000,38.683,38.504,44.897,82.046,36.240,85.286,1661,1672,1647,1511,1287,1215,0,16,0,0,17,29,0,0,0,1,0,1,4.9908,4.9908,4.9908,4.9908,2.9084,7.0640,1674.2853,1684.9149,1649.1487,1508.2381,1291.8143,1185.1037,1,on,1,1.5000
1786347147.806140,1,1,,1699.0000,1705.0000,1661.0000,1493.0000,1303.0000,1167.0000,39.547,38.415,47.080,80.920,36.615,84.985,1661,1675,1647,1511,1289,1213,38,0,0,10,15,0,0,0,0,1,0,1,4.9908,4.9908,4.9908,4.9908,2.9084,7.0640,1674.2853,1684.9149,1649.1487,1508.2381,1291.8143,1185.1037,0,on,1,1.5000
1786347147.842136,1,1,,1691.0000,1701.0000,1663.0000,1487.0000,1300.0000,1162.0000,41.061,39.141,46.687,81.934,37.968,85.587,1667,1676,1647,1509,1291,1211,19,24,0,16,16,38,0,0,0,1,1,1,4.9908,4.9908,4.9908,4.9908,2.9084,7.0640,1674.2853,1684.9149,1649.1487,1508.2381,1296.2583,1185.1037,1,on,1,1.5000
1786347147.874079,1,1,,1684.0000,1697.0000,1672.0000,1479.0000,1301.0000,1161.0000,42.466,39.942,45.052,83.548,37.567,85.821,1670,1681,1647,1508,1291,1205,14,20,0,0,0,27,0,0,0,1,0,1,4.9908,4.9908,4.9908,4.9908,2.9084,7.0640,1674.2853,1684.9149,1649.1487,1499.9788,1296.2583,1185.1037,1,on,1,1.5000
1786347147.906156,1,1,,1687.0000,1702.0000,1661.0000,1479.0000,1296.0000,1165.0000,41.951,39.026,47.218,83.681,39.274,85.257,1670,1683,1647,1508,1291,1204,0,14,0,25,0,30,0,0,0,1,0,1,4.9908,4.9908,4.9908,4.9908,2.9084,7.0640,1674.2853,1684.9149,1649.1487,1499.9788,1296.2583,1185.1037,0,on,1,1.5000
1786347147.942026,1,1,,1685.0000,1699.0000,1675.0000,1480.0000,1295.0000,1166.0000,42.437,39.506,44.352,83.440,39.570,85.009,1670,1684,1647,1500,1291,1203,0,14,0,18,0,29,0,1,0,1,0,1,4.9908,4.9908,4.9908,4.9908,2.9084,7.0640,1674.2853,1684.9149,1657.2607,1499.9788,1296.2583,1185.1037,1,on,1,1.5000
1786347147.979296,1,1,,1683.0000,1699.0000,1668.0000,1477.0000,1297.0000,1171.0000,42.842,39.500,45.812,84.047,38.970,84.284,1670,1685,1647,1497,1291,1202,0,0,0,13,0,31,0,1,0,1,0,1,4.9908,4.9908,4.9908,4.9908,2.9084,7.0640,1674.2853,1684.9149,1657.2607,1499.9788,1296.2583,1185.1037,0,on,1,1.5000
1786347148.005998,1,1,,1692.0000,1703.0000,1672.0000,1481.0000,1290.0000,1163.0000,40.912,38.739,45.050,83.275,41.335,85.440,1670,1685,1648,1497,1291,1202,0,0,23,0,0,30,0,1,0,1,0,1,4.9908,4.9908,4.9908,4.9908,2.9084,7.0640,1674.2853,1684.9149,1657.2607,1499.9788,1296.2583,1185.1037,0,on,1,1.5000
1786347148.042051,1,1,,1692.0000,1695.0000,1666.0000,1481.0000,1297.0000,1171.0000,40.892,40.425,46.139,83.281,38.714,84.316,1670,1685,1654,1497,1291,1201,0,0,13,0,0,28,0,1,0,1,0,1,4.9908,4.9908,4.9908,4.9908,2.9084,7.0640,1674.2853,1684.9149,1657.2607,1499.9788,1296.2583,1185.1037,0,on,1,1.5000
1786347148.074131,1,1,,1692.0000,1691.0000,1660.0000,1484.0000,1291.0000,1184.0000,40.967,41.070,47.324,82.660,40.915,82.466,1670,1685,1657,1497,1291,1198,0,0,0,0,0,50,0,1,1,1,0,1,4.9908,4.9908,4.9908,4.9908,2.9084,7.0640,1674.2853,1684.9149,1657.2607,1499.9788,1296.2583,1185.1037,0,on,1,1.5000
1786347148.106114,1,1,,1682.0000,1679.0000,1654.0000,1485.0000,1296.0000,1186.0000,42.867,43.564,48.482,82.373,39.186,82.220,1670,1685,1657,1497,1291,1196,9,0,0,0,14,28,0,1,1,1,0,1,4.9908,4.9908,4.9908,4.9908,2.9084,7.0640,1674.2853,1684.9149,1657.2607,1499.9788,1296.2583,1185.1037,0,on,1,1.5000
1786347148.142094,1,1,,1696.0000,1680.0000,1682.0000,1479.0000,1296.0000,1188.0000,40.108,43.418,43.039,83.648,39.143,81.887,1671,1685,1657,1497,1292,1191,17,0,0,0,0,43,0,1,1,1,0,1,4.9908,4.9908,4.9908,4.9908,2.9084,7.0640,1682.0217,1684.9149,1657.2607,1499.9788,1296.2583,1185.1037,1,on,1,1.5000
1786347148.174034,1,1,,1711.0000,1682.0000,1674.0000,1474.0000,1304.0000,1174.0000,37.183,42.877,44.541,84.546,36.435,83.988,1673,1685,1657,1497,1292,1189,15,0,0,0,22,21,0,1,1,1,0,1,4.9908,4.9908,4.9908,4.9908,2.9084,7.0640,1682.0217,1684.9149,1657.2607,1491.6176,1296.2583,1185.1037,1,on,1,1.5000
1786347148.206125,1,1,,1707.0000,1679.0000,1672.0000,1474.0000,1298.0000,1189.0000,37.926,43.544,44.909,84.540,38.578,81.789,1676,1685,1657,1497,1294,1189,19,0,0,0,16,24,0,1,1,1,0,1,4.9908,4.9908,4.9908,4.9908,2.9084,7.0640,1682.0217,1684.9149,1657.2607,1491.6176,1296.2583,1185.1037,0,on,1,1.5000
1786347148.242208,1,1,,1700.0000,1667.0000,1676.0000,1470.0000,1298.0000,1199.0000,39.303,45.892,44.217,85.527,38.596,80.380,1677,1685,1657,1497,1295,1189,18,0,0,33,0,35,0,1,1,1,0,1,4.9908,4.9908,4.9908,4.9908,2.9084,7.0640,1682.0217,1684.9149,1657.2607,1491.6176,1296.2583,1185.1037,0,on,1,1.5000
1786347148.274198,1,1,,1711.0000,1685.0000,1672.0000,1474.0000,1293.0000,1199.0000,37.198,42.262,45.029,84.723,40.094,80.363,1680,1685,1657,1491,1295,1189,16,0,0,8,0,42,0,1,1,1,0,1,4.9908,4.9908,4.9908,4.9908,2.9084,7.0640,1682.0217,1684.9149,1657.2607,1491.6176,1296.2583,1185.1037,0,on,1,1.5000
1786347148.306201,1,1,,1705.0000,1673.0000,1674.0000,1474.0000,1298.0000,1207.0000,38.305,44.766,44.645,84.676,38.390,79.322,1682,1685,1657,1491,1295,1189,0,0,0,0,0,52,0,1,1,1,0,1,4.9908,4.9908,4.9908,4.9908,2.9084,7.0640,1682.0217,1684.9149,1657.2607,1491.6176,1296.2583,1185.1037,0,on,1,1.5000
1786347148.342130,1,1,,1719.0000,1664.0000,1690.0000,1481.0000,1294.0000,1237.0000,35.505,46.522,41.274,83.156,39.905,75.003,1682,1685,1657,1491,1295,1186,0,0,0,0,0,40,0,1,1,1,0,1,4.9908,4.9908,4.9908,4.9908,2.9084,7.0640,1691.6541,1684.9149,1657.2607,1491.6176,1296.2583,1185.1037,1,on,1,1.5000
1786347148.374103,1,1,,1706.0000,1675.0000,1706.0000,1497.0000,1292.0000,1243.0000,38.221,44.278,38.136,80.077,40.433,74.157,1682,1685,1657,1491,1295,1185,0,0,0,0,0,0,0,1,1,1,0,1,4.9908,4.9908,4.9908,4.9908,2.9084,7.0640,1691.6541,1684.9149,1668.3221,1491.6176,1296.2583,1185.1037,1,on,1,1.5000
1786347148.406143,1,1,,1694.0000,1675.0000,1689.0000,1511.0000,1302.0000,1229.0000,40.552,44.431,41.612,77.197,37.096,76.106,1683,1685,1657,1491,1295,1185,24,0,0,8,0,0,0,1,0,1,0,1,4.9908,4.9908,4.9908,4.9908,2.9084,7.0640,1691.6541,1684.9149,1668.3221,1491.6176,1296.2583,1199.3339,1,on,1,1.5000
1786347148.442133,1,1,,1714.0000,1695.0000,1709.0000,1499.0000,1301.0000,1252.0000,36.480,40.396,37.532,79.572,37.367,72.949,1688,1685,1659,1491,1295,1185,16,0,21,0,0,20,0,1,0,1,0,0,4.9908,4.9908,4.9908,4.9908,2.9084,7.0640,1691.6541,1684.9149,1668.3221,1491.6176,1296.2583,1199.3339,0,on,1,1.5000
1786347148.474269,1,1,,1713.0000,1683.0000,1710.0000,1506.0000,1307.0000,1247.0000,36.830,42.825,37.428,78.280,35.497,73.620,1690,1685,1667,1491,1295,1185,15,0,11,0,0,40,0,1,0,1,0,0,4.9908,4.9908,4.9908,4.9908,2.9084,7.0640,1691.6541,1684.9149,1677.6653,1491.6176,1296.2583,1211.6611,1,on,1,1.5000
1786347148.506052,1,1,,1702.0000,1704.0000,1721.0000,1499.0000,1316.0000,1247.0000,38.870,38.610,35.197,79.708,32.414,73.635,1691,1685,1669,1491,1295,1184,0,0,0,8,0,48,0,1,0,1,0,0,4.9908,4.9908,4.9908,4.9908,2.9084,7.0640,1691.6541,1684.9149,1677.6653,1491.6176,1296.2583,1211.6611,0,on,1,1.5000
1786347148.542028,1,1,,1706.0000,1710.0000,1707.0000,1503.0000,1321.0000,1271.0000,38.172,37.444,37.927,78.845,30.654,70.139,1691,1685,1672,1489,1295,1195,0,0,13,0,0,20,0,1,0,1,0,0,4.9908,4.9908,4.9908,4.9908,2.9084,7.0640,1691.6541,1684.9149,1677.6653,1491.6176,1296.2583,1223.6202,1,on,1,1.5000
1786347148.574024,1,1,,1672.0000,1699.0000,1699.0000,1506.0000,1318.0000,1307.0000,44.980,39.598,39.586,78.157,31.766,65.145,1691,1685,1675,1489,1295,1201,0,0,11,0,0,25,0,1,0,1,0,0,4.9908,4.9908,4.9908,4.9908,2.9084,7.0640,1691.6541,1684.9149,1686.1463,1491.6176,1296.2583,1237.6890,1,on,1,1.5000
1786347148.606056,1,1,,1667.0000,1708.0000,1685.0000,1518.0000,1321.0000,1377.0000,45.900,37.792,42.410,75.782,30.548,55.220,1691,1685,1675,1489,1295,1206,8,0,17,0,0,36,0,1,0,1,0,0,4.9908,4.9908,4.9908,4.9908,2.9084,7.0640,1691.6541,1684.9149,1686.1463,1491.6176,1301.6035,1270.8392,1,on,1,1.5000
1786347148.642073,1,1,,1689.0000,1701.0000,1667.0000,1531.0000,1325.0000,1362.0000,41.626,39.055,46.009,73.199,29.178,57.311,1691,1685,1680,1489,1295,1217,10,0,14,0,0,48,0,1,0,1,0,0,4.9908,4.9908,4.9908,4.9908,2.9084,7.0640,1691.6541,1684.9149,1686.1463,1491.6176,1301.6035,1293.2376,1,on,1,1.5000
1786347148.674120,1,1,,1675.0000,1684.0000,1657.0000,1581.0000,1335.0000,1410.0000,44.279,42.529,48.044,63.264,25.706,50.556,1691,1685,1683,1489,1295,1229,13,0,10,0,0,86,0,1,0,1,0,0,4.9908,4.9908,4.9908,4.9908,2.9084,7.0640,1691.6541,1684.9149,1686.1463,1509.1661,1301.6035,1322.1204,1,on,1,1.5000
1786347148.706086,1,1,,1656.0000,1682.0000,1653.0000,1629.0000,1364.0000,1422.0000,48.072,42.908,48.856,53.496,15.809,48.858,1691,1685,1686,1489,1295,1256,0,0,0,0,0,84,0,1,0,0,0,0,4.9908,4.9908,4.9908,4.9908,2.9084,7.0640,1691.6541,1684.9149,1686.1463,1534.5090,1312.8453,1346.6789,1,on,1,1.5000
1786347148.742111,1,1,,1588.0000,1685.0000,1680.0000,1715.0000,1375.0000,1367.0000,61.700,42.379,43.289,36.282,10.792,56.631,1691,1685,1686,1489,1295,1284,0,0,0,22,15,82,0,1,0,0,0,0,4.9908,4.9908,4.9908,4.9908,2.9084,7.0640,1672.2423,1684.9149,1686.1463,1589.0865,1322.2347,1346.6789,1,on,1,1.5000
1786347148.774062,1,1,,1603.0000,1650.0000,1641.0000,1689.0000,1375.0000,1356.0000,58.783,49.304,51.117,41.654,7.486,58.217,1691,1685,1686,1500,1297,1313,0,0,0,61,33,92,1,1,0,0,0,0,4.9908,4.9908,4.9908,4.9908,2.9084,7.0640,1660.5333,1684.9149,1678.6146,1615.3979,1329.7402,1346.6789,1,on,1,1.5000
1786347148.806162,1,1,,1601.0000,1596.0000,1633.0000,1709.0000,1355.0000,1423.0000,59.263,60.168,52.715,37.495,18.918,48.622,1691,1685,1686,1512,1300,1330,31,0,0,62,33,27,1,1,1,0,0,0,4.9908,4.9908,4.9908,4.9908,2.9084,7.0640,1650.5623,1673.4896,1678.6146,1638.8644,1329.7402,1361.7711,1,on,1,1.5000
1786347148.842117,1,1,,1505.0000,1498.0000,1598.0000,1727.0000,1362.0000,1392.0000,78.364,79.850,59.858,33.979,16.640,53.055,1690,1685,1686,1533,1303,1334,76,0,17,50,38,78,1,1,1,0,0,0,4.9908,4.9908,4.9908,4.9908,2.9084,7.0640,1613.5625,1626.3918,1661.8299,1660.9151,1335.9878,1361.7711,1,on,1,1.5000
1786347148.874113,1,1,,1476.0000,1453.0000,1593.0000,1720.0000,1337.0000,1371.0000,84.310,88.788,60.809,35.316,25.237,56.026,1674,1685,1686,1554,1306,1348,66,36,25,54,42,46,1,1,1,0,0,0,4.9908,4.9908,4.9908,4.9908,2.9084,7.0640,1576.7630,1574.4051,1650.6737,1672.7998,1335.9878,1361.7711,1,on,1,1.5000
1786347148.906114,1,1,,1419.0000,1383.0000,1518.0000,1686.0000,1316.0000,1299.0000,95.607,102.970,75.902,42.124,32.414,66.282,1661,1676,1680,1575,1311,1353,96,77,31,53,33,19,1,1,1,0,0,0,4.9908,4.9908,4.9908,4.9908,2.9084,7.0640,1529.4896,1509.7676,1620.2531,1672.7998,1335.9878,1361.7711,1,on,1,1.5000
1786347148.942130,1,1,,1354.0000,1273.0000,1374.0000,1650.0000,1333.0000,1320.0000,108.722,124.840,104.580,49.406,26.523,63.256,1642,1654,1666,1596,1315,1356,99,86,30,53,35,20,1,1,1,0,0,0,4.9908,4.9908,4.9908,4.9908,2.9084,7.0640,1469.4482,1415.6311,1533.0073,1672.7998,1335.9878,1361.7711,1,on,1,1.5000
1786347148.974133,1,1,,1276.0000,1182.0000,1244.0000,1601.0000,1363.0000,1296.0000,124.352,143.087,130.625,59.101,16.311,66.681,1621,1632,1655,1611,1318,1356,100,87,82,56,32,18,1,1,1,0,0,0,4.9908,4.9908,4.9908,4.9908,2.9084,7.0640,1402.3115,1323.0219,1416.0859,1672.7998,1335.9878,1350.4985,1,on,1,1.5000
1786347149.006086,1,1,,1252.0000,1154.0000,1236.0000,1584.0000,1375.0000,1273.0000,129.187,148.700,132.330,62.659,11.557,69.859,1608,1618,1642,1627,1320,1358,88,89,89,65,27,0,1,1,1,0,0,1,4.9908,4.9908,4.9908,4.9908,2.9084,7.0640,1351.6028,1259.3353,1346.3009,1655.4771,1335.9878,1338.0002,1,on,1,1.5000
1786347149.042035,1,1,,1253.0000,1149.0000,1246.0000,1578.0000,1373.0000,1316.0000,128.952,149.796,130.261,63.755,12.668,63.842,1588,1595,1622,1646,1324,1358,89,94,76,0,29,44,1,1,1,0,0,1,4.9908,4.9908,4.9908,4.9908,2.9084,7.0640,1320.8475,1221.2449,1311.6047,1641.4869,1343.0402,1338.0002,1,on,1,1.5000
1786347149.074037,1,1,,1224.0000,1130.0000,1221.0000,1590.0000,1366.0000,1377.0000,134.726,153.465,135.403,61.308,15.278,55.153,1567,1577,1600,1648,1327,1358,86,82,82,0,28,64,1,1,1,1,0,1,4.9908,4.9908,4.9908,4.9908,2.9084,7.0640,1295.0147,1195.5306,1286.0751,1633.4374,1343.0402,1338.0002,1,on,1,1.5000
1786347149.106021,1,1,,1210.0000,1120.0000,1209.0000,1593.0000,1365.0000,1375.0000,137.440,155.577,137.739,60.720,15.524,55.407,1549,1557,1581,1648,1330,1347,102,76,79,15,32,55,1,1,1,1,0,1,4.9908,4.9908,4.9908,4.9908,2.9084,7.0640,1274.1601,1176.8914,1266.9626,1633.4374,1343.0402,1338.0002,1,on,1,1.5000
1786347149.142049,1,1,,1191.0000,1108.0000,1197.0000,1592.0000,1361.0000,1388.0000,141.438,157.956,140.193,61.029,16.925,53.678,1530,1540,1561,1648,1334,1338,98,89,78,19,23,0,1,1,1,1,0,1,4.9908,4.9908,4.9908,4.9908,2.9084,7.0640,1253.9203,1160.9159,1250.6215,1622.9352,1347.4343,1338.0002,1,on,1,1.5000
1786347149.174097,1,1,,1188.0000,1098.0000,1193.0000,1610.0000,1366.0000,1393.0000,141.883,160.026,140.971,57.316,15.018,52.855,1512,1522,1544,1644,1337,1339,74,75,78,0,28,0,1,1,1,1,0,1,4.9908,4.9908,4.9908,4.9908,2.9084,7.0640,1240.5105,1148.6806,1239.6419,1622.9352,1347.4343,1348.9991,1,on,1,1.5000
1786347149.206108,1,1,,1177.0000,1096.0000,1182.0000,1601.0000,1354.0000,1422.0000,144.094,160.461,143.189,59.238,19.243,48.858,1502,1510,1531,1641,1338,1339,94,79,76,18,30,0,1,1,1,1,0,0,4.9908,4.9908,4.9908,4.9908,2.9084,7.0640,1228.4344,1139.4696,1229.4218,1622.9352,1347.4343,1360.0859,1,on,1,1.5000
1786347149.241996,1,1,,1153.0000,1080.0000,1174.0000,1602.0000,1347.0000,1433.0000,148.953,163.657,144.738,58.944,21.679,47.221,1484,1493,1513,1636,1342,1339,87,83,74,0,0,50,1,1,1,1,0,0,4.9908,4.9908,4.9908,4.9908,2.9084,7.0640,1213.0530,1128.7914,1219.6164,1622.9352,1347.4343,1373.2114,1,on,1,1.5000
1786347149.274179,1,1,,1151.0000,1073.0000,1177.0000,1623.0000,1330.0000,1496.0000,149.436,164.899,144.123,54.802,27.597,38.356,1469,1475,1497,1636,1343,1338,83,87,89,13,0,73,1,1,1,1,0,0,4.9908,4.9908,4.9908,4.9908,2.9084,7.0640,1201.9184,1119.8286,1219.6164,1622.9352,1347.4343,1400.5079,1,on,1,1.5000
1786347149.306045,1,1,,1155.0000,1075.0000,1194.0000,1648.0000,1328.0000,1496.0000,148.488,164.576,140.671,49.693,28.046,38.347,1451,1459,1480,1633,1343,1353,84,90,83,0,26,73,1,1,1,1,0,0,4.9908,4.9908,4.9908,4.9908,2.9084,7.0640,1194.4196,1119.8286,1211.2313,1622.9352,1347.4343,1422.2625,1,on,1,1.5000
1786347149.342136,1,1,,1169.0000,1073.0000,1194.0000,1647.0000,1324.0000,1573.0000,145.828,164.978,140.788,49.946,29.562,27.499,1435,1443,1462,1629,1345,1374,81,89,75,27,24,73,1,1,1,1,0,0,4.9908,4.9908,4.9908,4.9908,2.9084,7.0640,1194.4196,1107.4558,1211.2313,1622.9352,1347.4343,1465.7785,1,on,1,1.5000
1786347149.374068,1,1,,1171.0000,1071.0000,1167.0000,1668.0000,1318.0000,1608.0000,145.400,165.429,146.095,45.728,31.732,22.518,1419,1425,1446,1629,1346,1402,89,77,83,9,14,50,1,1,1,1,0,0,4.9908,4.9908,4.9908,4.9908,2.9084,7.0640,1194.4196,1107.4558,1211.2313,1622.9352,1347.4343,1506.6013,1,on,1,1.5000
1786347149.406055,1,1,,1162.0000,1068.0000,1145.0000,1670.0000,1319.0000,1648.0000,147.092,165.957,150.592,45.373,31.445,16.812,1408,1416,1436,1628,1346,1415,90,70,70,27,0,87,1,1,1,1,0,0,4.9908,4.9908,4.9908,4.9908,2.9084,7.0640,1186.4949,1099.0058,1197.1743,1630.6426,1342.0151,1548.8436,1,on,1,1.5000
1786347149.442115,1,1,,1155.0000,1071.0000,1142.0000,1696.0000,1321.0000,1649.0000,148.574,165.472,151.131,40.235,30.709,16.725,1393,1400,1420,1624,1346,1439,86,93,78,0,18,98,1,1,1,0,1,0,4.9908,4.9908,4.9908,4.9908,2.9084,7.0640,1186.4949,1099.0058,1188.8248,1640.4127,1342.0151,1577.8107,1,on,1,1.5000
1786347149.475332,1,1,,1138.0000,1056.0000,1139.0000,1726.0000,1328.0000,1635.0000,152.043,168.435,151.692,34.174,28.350,18.614,1377,1382,1403,1623,1346,1468,90,79,92,17,48,85,1,1,1,0,1,0,4.9908,4.9908,4.9908,4.9908,2.9084,7.0640,1178.2091,1091.5059,1188.8248,1655.5768,1342.0151,1590.6940,1,on,1,1.5000
1786347149.506149,1,1,,1181.0000,1092.0000,1179.0000,1750.0000,1315.0000,1667.0000,143.422,161.254,143.791,29.291,32.547,14.164,1361,1367,1388,1627,1344,1498,101,94,83,45,14,86,1,1,1,0,1,0,4.9908,4.9908,4.9908,4.9908,2.9084,7.0640,1178.2091,1091.5059,1188.8248,1674.2359,1342.0151,1606.4822,1,on,1,1.5000
1786347149.542114,1,1,,1160.0000,1095.0000,1202.0000,1776.0000,1316.0000,1637.0000,147.525,160.539,139.098,24.176,32.201,18.348,1343,1350,1369,1644,1344,1524,90,76,71,0,19,83,1,1,1,0,1,0,4.9908,4.9908,4.9908,4.9908,2.9084,7.0640,1178.2091,1091.5059,1188.8248,1698.2048,1336.2812,1606.4822,1,on,1,1.5000
1786347149.574013,1,1,,1184.0000,1121.0000,1249.0000,1793.0000,1310.0000,1656.0000,142.793,155.414,129.654,20.740,34.317,15.632,1328,1332,1352,1650,1344,1549,96,75,74,35,20,95,1,1,1,0,1,0,4.9908,4.9908,4.9908,4.9908,2.9084,7.0640,1178.2091,1091.5059,1188.8248,1719.4385,1336.2812,1618.2189,1,on,1,1.5000
1786347149.606169,1,1,,1179.0000,1095.0000,1265.0000,1777.0000,1308.0000,1639.0000,143.720,160.532,126.606,23.845,35.213,18.123,1318,1323,1342,1660,1343,1567,114,80,79,56,46,90,1,1,1,0,1,0,4.9908,4.9908,4.9908,4.9908,2.9084,7.0640,1178.2091,1091.5059,1198.7512,1730.8129,1336.2812,1618.2189,1,on,1,1.5000
1786347149.642086,1,1,,1216.0000,1114.0000,1383.0000,1783.0000,1305.0000,1678.0000,136.322,156.762,102.851,22.664,36.258,12.537,1300,1307,1326,1680,1341,1594,106,99,90,62,24,95,1,1,1,0,1,0,4.9908,4.9908,4.9908,4.9908,2.9084,7.0640,1178.2091,1091.5059,1249.1585,1740.4920,1329.7883,1618.2189,1,on,1,1.5000
1786347149.674064,1,1,,1254.0000,1143.0000,1589.0000,1786.0000,1297.0000,1714.0000,128.800,151.045,61.576,22.040,38.855,7.492,1283,1290,1310,1704,1340,1605,101,83,81,78,0,15,1,1,1,0,1,0,4.9908,4.9908,4.9908,4.9908,2.9084,7.0640,1188.7835,1091.5059,1385.0271,1740.4920,1329.7883,1643.3254,1,on,1,1.5000
1786347149.706157,1,1,,1311.0000,1187.0000,1676.0000,1678.0000,1305.0000,1703.0000,117.349,142.239,44.133,43.720,36.122,9.001,1267,1274,1294,1728,1339,1611,104,90,80,33,42,70,1,1,0,0,1,0,4.9908,4.9908,4.9908,4.9908,2.9084,7.0640,1213.5068,1112.0879,1512.7754,1740.4920,1325.0561,1643.3254,1,on,1,1.5000
1786347149.742163,1,1,,1353.0000,1214.0000,1715.0000,1681.0000,1305.0000,1735.0000,108.947,136.736,36.261,43.209,35.979,4.495,1249,1256,1288,1731,1337,1621,97,83,61,26,54,42,1,1,0,0,1,0,4.9908,4.9908,4.9908,4.9908,2.9084,7.0640,1250.6506,1133.5006,1600.6282,1740.4920,1325.0561,1669.5189,1,on,1,1.5000
1786347149.774052,1,1,,1402.0000,1288.0000,1792.0000,1643.0000,1292.0000,1791.0000,99.046,121.990,20.936,50.766,40.691,-3.369,1233,1239,1302,1735,1333,1629,114,85,64,0,54,28,0,1,0,0,1,0,4.9908,4.9908,4.9908,4.9908,2.9084,7.0640,1293.4603,1173.6554,1675.9873,1724.2350,1325.0561,1697.2238,1,on,1,1.5000
1786347149.806160,1,1,,1379.0000,1299.0000,1805.0000,1654.0000,1269.0000,1771.0000,103.759,119.702,18.356,48.582,48.581,-0.564,1226,1230,1317,1735,1329,1633,38,102,76,0,0,82,0,1,0,1,1,0,4.9908,4.9908,4.9908,4.9908,2.9084,7.0640,1315.3681,1207.9092,1721.6294,1711.9763,1314.9023,1713.0287,1,on,1,1.5000
1786347149.842145,1,1,,1371.0000,1269.0000,1799.0000,1650.0000,1267.0000,1757.0000,105.329,125.737,19.480,49.373,49.112,1.377,1226,1213,1341,1735,1329,1654,79,35,62,55,22,116,0,1,0,1,1,0,4.9908,4.9908,4.9908,4.9908,2.9084,7.0640,1327.9074,1222.6424,1745.3816,1700.7059,1308.5700,1713.0287,1,on,1,1.5000
1786347149.874112,1,1,,1354.0000,1245.0000,1821.0000,1633.0000,1258.0000,1772.0000,108.626,130.499,15.023,52.790,52.178,-0.724,1250,1212,1365,1726,1328,1687,100,34,58,24,45,74,0,0,0,1,1,0,4.9908,4.9908,4.9908,4.9908,2.9084,7.0640,1327.9074,1222.6424,1764.0804,1689.0146,1301.9631,1729.3681,1,on,1,1.5000
1786347149.906105,1,1,,1359.0000,1263.0000,1804.0000,1605.0000,1269.0000,1733.0000,107.617,126.968,18.425,58.308,48.501,4.723,1275,1219,1383,1723,1325,1698,93,22,69,37,52,34,0,0,0,1,1,0,4.9908,4.9908,4.9908,4.9908,2.9084,7.0640,1327.9074,1231.3893,1771.8746,1672.8684,1301.9631,1729.3681,1,on,1,1.5000
1786347149.942056,1,1,,1345.0000,1241.0000,1805.0000,1627.0000,1282.0000,1727.0000,110.562,131.331,18.384,53.885,44.147,5.700,1299,1222,1402,1714,1320,1702,62,9,52,43,53,47,0,0,0,1,1,0,4.9908,4.9908,4.9908,4.9908,2.9084,7.0640,1336.2973,1231.3893,1771.8746,1664.7765,1296.4960,1729.3681,1,on,1,1.5000
1786347149.974042,1,1,,1340.0000,1233.0000,1786.0000,1643.0000,1271.0000,1725.0000,111.456,132.920,22.047,50.776,47.915,5.945,1317,1225,1420,1696,1316,1710,0,27,51,56,54,31,0,0,0,1,1,0,4.9908,4.9908,4.9908,4.9908,2.9084,7.0640,1336.2973,1231.3893,1771.8746,1664.7765,1296.4960,1729.3681,0,on,1,1.5000
1786347150.006041,1,1,,1335.0000,1250.0000,1783.0000,1607.0000,1269.0000,1725.0000,112.406,129.589,22.752,58.063,48.521,5.871,1319,1229,1429,1684,1313,1711,17,17,49,26,52,28,0,0,0,1,1,0,4.9908,4.9908,4.9908,4.9908,2.9084,7.0640,1336.2973,1231.3893,1771.8746,1654.5096,1296.4960,1729.3681,1,on,1,1.5000
1786347150.042014,1,1,,1344.0000,1253.0000,1794.0000,1622.0000,1264.0000,1734.0000,110.740,128.972,20.444,54.972,50.039,4.666,1321,1231,1447,1675,1309,1712,17,0,61,14,43,23,0,0,0,1,1,0,4.9908,4.9908,4.9908,4.9908,2.9084,7.0640,1336.2973,1231.3893,1779.6079,1654.5096,1289.5830,1729.3681,1,on,1,1.5000
1786347150.074261,1,1,,1332.0000,1233.0000,1784.0000,1664.0000,1269.0000,1722.0000,113.075,133.023,22.582,46.625,48.571,6.396,1325,1231,1463,1671,1306,1714,13,0,52,0,49,40,0,0,0,1,1,0,4.9908,4.9908,4.9908,4.9908,2.9084,7.0640,1336.2973,1231.3893,1779.6079,1654.5096,1289.5830,1729.3681,0,on,1,1.5000
1786347150.106170,1,1,,1355.0000,1253.0000,1797.0000,1660.0000,1289.0000,1705.0000,108.470,128.851,19.969,47.417,41.456,8.696,1325,1231,1481,1670,1302,1719,0,0,59,10,46,0,0,0,0,1,1,0,4.9908,4.9908,4.9908,4.9908,2.9084,7.0640,1336.2973,1231.3893,1779.6079,1654.5096,1289.5830,1729.3681,0,on,1,1.5000
1786347150.142102,1,1,,1350.0000,1253.0000,1741.0000,1672.0000,1294.0000,1699.0000,109.525,128.918,31.075,44.888,39.762,9.541,1325,1231,1497,1669,1299,1720,0,0,50,23,39,45,0,0,0,1,1,0,4.9908,4.9908,4.9908,4.9908,2.9084,7.0640,1336.2973,1231.3893,1779.6079,1654.5096,1289.5830,1729.3681,0,on,1,1.5000
1786347150.174124,1,1,,1368.0000,1284.0000,1703.0000,1617.0000,1307.0000,1644.0000,105.891,122.789,38.660,55.909,35.260,17.327,1326,1231,1512,1667,1295,1724,43,0,67,0,37,18,0,0,0,1,1,0,4.9908,4.9908,4.9908,4.9908,2.9084,7.0640,1336.2973,1240.9630,1770.0847,1654.5096,1289.5830,1714.9839,1,on,1,1.5000
1786347150.206170,1,1,,1362.0000,1310.0000,1720.0000,1658.0000,1294.0000,1639.0000,106.979,117.427,35.304,47.712,39.993,18.163,1331,1231,1525,1667,1293,1724,0,27,60,0,0,0,0,0,0,1,1,1,4.9908,4.9908,4.9908,4.9908,2.9084,7.0640,1336.2973,1250.3471,1770.0847,1654.5096,1289.5830,1702.4111,1,on,1,1.5000
1786347150.242115,1,1,,1349.0000,1262.0000,1745.0000,1681.0000,1325.0000,1638.0000,109.714,127.148,30.417,43.123,29.090,18.195,1331,1236,1541,1667,1293,1724,18,23,63,0,0,19,0,0,0,1,1,1,4.9908,4.9908,4.9908,4.9908,2.9084,7.0640,1336.2973,1250.3471,1761.6127,1654.5096,1289.5830,1690.8719,1,on,1,1.5000
1786347150.274006,1,1,,1367.0000,1286.0000,1757.0000,1678.0000,1335.0000,1625.0000,106.018,122.221,27.868,43.773,25.712,20.092,1334,1245,1559,1667,1292,1724,14,35,56,0,27,22,0,0,0,1,1,1,4.9908,4.9908,4.9908,4.9908,2.9084,7.0640,1336.2973,1250.3471,1761.6127,1654.5096,1295.4758,1679.7106,1,on,1,1.5000
1786347150.306093,1,1,,1399.0000,1325.0000,1724.0000,1710.0000,1345.0000,1598.0000,99.658,114.435,34.555,37.420,22.391,23.974,1335,1252,1577,1667,1291,1718,0,0,57,0,21,54,0,1,0,1,0,1,4.9908,4.9908,4.9908,4.9908,2.9084,7.0640,1349.4780,1264.8058,1761.6127,1654.5096,1301.2188,1664.2842,1,on,1,1.5000
1786347150.342173,1,1,,1422.0000,1342.0000,1741.0000,1719.0000,1354.0000,1585.0000,95.075,111.076,31.052,35.473,19.244,25.802,1335,1252,1596,1667,1291,1698,0,0,44,8,37,30,0,0,0,1,0,1,4.9908,4.9908,4.9908,4.9908,2.9084,7.0640,1360.8046,1278.5834,1761.6127,1668.0519,1308.5616,1647.8701,1,on,1,1.5000
1786347150.374139,1,1,,1423.0000,1343.0000,1751.0000,1712.0000,1338.0000,1607.0000,94.925,110.799,29.180,37.004,24.601,22.577,1338,1252,1613,1666,1294,1684,14,0,54,0,36,37,0,0,0,0,0,1,4.9908,4.9908,4.9908,4.9908,2.9084,7.0640,1370.4014,1289.3805,1761.6127,1668.0519,1308.5616,1647.8701,1,on,1,1.5000
1786347150.406163,1,1,,1430.0000,1321.0000,1780.0000,1743.0000,1340.0000,1606.0000,93.449,115.307,23.367,30.785,24.113,22.740,1340,1255,1626,1666,1297,1673,65,50,54,0,39,0,0,0,0,0,0,1,4.9908,4.9908,4.9908,4.9908,2.9084,7.0640,1379.8857,1289.3805,1761.6127,1684.4179,1314.7020,1636.4859,1,on,1,1.5000
1786347150.442166,1,1,,1426.0000,1318.0000,1783.0000,1737.0000,1330.0000,1612.0000,94.183,115.888,22.767,31.975,27.481,21.928,1353,1268,1644,1666,1301,1662,39,27,60,0,32,25,0,0,0,0,0,1,4.9908,4.9908,4.9908,4.9908,2.9084,7.0640,1379.8857,1289.3805,1761.6127,1692.8864,1314.7020,1636.4859,1,on,1,1.5000
1786347150.474182,1,1,,1427.0000,1319.0000,1795.0000,1745.0000,1342.0000,1609.0000,93.977,115.661,20.229,30.273,23.263,22.386,1364,1280,1662,1666,1304,1652,44,21,63,30,39,50,0,0,0,0,0,1,4.9908,4.9908,4.9908,4.9908,2.9084,7.0640,1392.3755,1298.7481,1761.6127,1700.5375,1314.7020,1636.4859,1,on,1,1.5000
1786347150.506168,1,1,,1418.0000,1313.0000,1772.0000,1751.0000,1348.0000,1581.0000,95.764,116.906,24.854,29.085,21.407,26.284,1369,1283,1683,1672,1308,1645,18,29,60,37,39,12,0,0,0,0,0,1,4.9908,4.9908,4.9908,4.9908,2.9084,7.0640,1392.3755,1298.7481,1761.6127,1700.5375,1320.7143,1625.2935,1,on,1,1.5000
1786347150.542071,1,1,,1416.0000,1312.0000,1780.0000,1748.0000,1348.0000,1593.0000,96.179,117.002,23.325,29.668,21.282,24.659,1375,1294,1701,1689,1310,1641,24,28,66,0,0,13,0,0,0,0,0,1,4.9908,4.9908,4.9908,4.9908,2.9084,7.0640,1392.3755,1298.7481,1761.6127,1713.5873,1320.7143,1625.2935,1,on,1,1.5000
1786347150.574115,1,1,,1418.0000,1317.0000,1773.0000,1738.0000,1346.0000,1590.0000,95.912,116.093,24.733,31.758,21.947,24.972,1378,1296,1721,1692,1311,1638,17,8,81,26,32,31,0,0,0,0,0,1,4.9908,4.9908,4.9908,4.9908,2.9084,7.0640,1392.3755,1298.7481,1761.6127,1713.5873,1320.7143,1625.2935,0,on,1,1.5000
1786347150.606176,1,1,,1407.0000,1307.0000,1781.0000,1735.0000,1344.0000,1591.0000,98.024,118.067,23.147,32.264,22.658,24.955,1381,1299,1741,1699,1314,1631,30,17,79,12,20,16,0,1,0,0,0,1,4.9908,4.9908,4.9908,4.9908,2.9084,7.0640,1392.3755,1298.7481,1761.6127,1713.5873,1326.4472,1625.2935,1,on,1,1.5000
1786347150.642063,1,1,,1402.0000,1309.0000,1769.0000,1742.0000,1348.0000,1585.0000,99.102,117.678,25.541,30.856,21.291,25.729,1385,1300,1752,1702,1316,1630,24,0,0,0,13,14,0,1,0,0,0,1,4.9908,4.9908,4.9908,4.9908,2.9084,7.0640,1392.3755,1298.7481,1761.6127,1713.5873,1326.4472,1612.5568,1,on,1,1.5000
1786347150.674097,1,1,,1417.0000,1323.0000,1757.0000,1748.0000,1347.0000,1599.0000,96.026,114.903,27.988,29.776,21.559,23.779,1388,1300,1752,1703,1317,1629,0,0,21,35,17,0,0,1,0,0,0,1,4.9908,4.9908,4.9908,4.9908,2.9084,7.0640,1400.4128,1298.7481,1761.6127,1722.4190,1326.4472,1612.5568,1,on,1,1.5000
1786347150.706194,1,1,,1419.0000,1444.0000,1685.0000,1702.0000,1327.0000,1631.0000,95.733,90.591,42.371,39.013,28.476,19.300,1390,1300,1756,1705,1318,1629,0,0,24,9,31,45,0,1,0,0,0,1,4.9908,4.9908,4.9908,4.9908,2.9084,7.0640,1400.4128,1329.7990,1761.6127,1722.4190,1326.4472,1612.5568,1,on,1,1.5000
1786347150.742070,1,1,,1451.0000,1550.0000,1624.0000,1688.0000,1316.0000,1601.0000,89.192,69.439,54.661,41.753,32.407,23.411,1390,1300,1761,1710,1320,1620,34,0,11,13,19,0,0,0,0,0,0,1,4.9908,4.9908,4.9908,4.9908,2.9084,7.0640,1400.4128,1400.2099,1727.9158,1722.4190,1326.4472,1612.5568,1,on,1,1.5000
1786347150.774133,1,1,,1525.0000,1672.0000,1689.0000,1749.0000,1343.0000,1588.0000,74.487,44.937,41.612,29.560,23.146,25.328,1394,1304,1762,1713,1322,1620,24,50,0,23,0,0,0,0,1,0,0,1,4.9908,4.9908,4.9908,4.9908,2.9084,7.0640,1428.4547,1504.0373,1727.9158,1722.4190,1326.4472,1612.5568,1,on,1,1.5000
1786347150.806127,1,1,,1546.0000,1692.0000,1705.0000,1727.0000,1322.0000,1587.0000,70.306,40.875,38.430,33.995,30.154,25.454,1398,1316,1762,1716,1323,1620,18,75,41,0,25,0,0,0,1,0,0,1,4.9908,4.9908,4.9908,4.9908,2.9084,7.0640,1455.2074,1575.2220,1719.6400,1722.4190,1326.4472,1612.5568,1,on,1,1.5000
1786347150.842030,1,1,,1557.0000,1689.0000,1703.0000,1706.0000,1308.0000,1607.0000,67.957,41.470,38.837,38.184,35.184,22.656,1405,1334,1754,1718,1324,1620,61,67,38,22,21,20,0,0,1,0,0,1,4.9908,4.9908,4.9908,4.9908,2.9084,7.0640,1480.5135,1614.8526,1719.6400,1722.4190,1326.4472,1612.5568,1,on,1,1.5000
1786347150.874183,1,1,,1570.0000,1692.0000,1686.0000,1704.0000,1306.0000,1611.0000,65.382,40.998,42.242,38.498,35.775,22.098,1414,1348,1746,1721,1325,1618,69,86,53,19,0,15,0,0,1,0,0,1,4.9908,4.9908,4.9908,4.9908,2.9084,7.0640,1500.8467,1635.9972,1719.6400,1722.4190,1326.4472,1612.5568,1,on,1,1.5000
1786347150.906090,1,1,,1599.0000,1698.0000,1700.0000,1708.0000,1303.0000,1620.0000,59.686,39.819,39.342,37.753,36.943,20.858,1432,1368,1739,1724,1325,1615,78,64,37,0,0,15,0,0,1,1,0,1,4.9908,4.9908,4.9908,4.9908,2.9084,7.0640,1523.7073,1650.2718,1719.6400,1722.4190,1326.4472,1612.5568,1,on,1,1.5000
1786347150.942115,1,1,,1607.0000,1724.0000,1681.0000,1708.0000,1314.0000,1608.0000,57.978,34.505,43.159,37.804,32.850,22.537,1452,1386,1735,1724,1325,1615,78,65,22,0,0,11,0,0,1,1,0,1,4.9908,4.9908,4.9908,4.9908,2.9084,7.0640,1543.3997,1666.9639,1710.7710,1722.4190,1326.4472,1612.5568,1,on,1,1.5000
1786347150.974093,1,1,,1624.0000,1716.0000,1678.0000,1728.0000,1311.0000,1598.0000,54.568,36.150,43.724,33.791,34.153,23.877,1472,1403,1731,1724,1325,1614,73,76,42,0,0,0,0,0,1,1,0,1,4.9908,4.9908,4.9908,4.9908,2.9084,7.0640,1560.5195,1675.7124,1710.7710,1722.4190,1326.4472,1612.5568,1,on,1,1.5000
1786347151.006167,1,1,,1608.0000,1724.0000,1689.0000,1699.0000,1309.0000,1607.0000,57.749,34.508,41.524,39.535,34.870,22.678,1490,1421,1729,1724,1325,1614,74,62,17,0,0,0,0,0,1,1,0,1,4.9908,4.9908,4.9908,4.9908,2.9084,7.0640,1569.1084,1683.5174,1710.7710,1722.4190,1326.4472,1612.5568,1,on,1,1.5000
1786347151.042031,1,1,,1600.0000,1729.0000,1696.0000,1697.0000,1305.0000,1615.0000,59.409,33.548,40.062,39.940,36.202,21.445,1509,1438,1728,1724,1325,1614,68,73,18,0,0,0,0,0,1,1,0,1,4.9908,4.9908,4.9908,4.9908,2.9084,7.0640,1569.1084,1683.5174,1710.7710,1722.4190,1326.4472,1612.5568,0,on,1,1.5000
1786347151.074136,1,1,,1593.0000,1726.0000,1690.0000,1694.0000,1301.0000,1618.0000,60.741,34.197,41.286,40.620,37.329,21.136,1520,1449,1727,1724,1325,1614,52,63,15,0,0,0,0,0,1,1,0,1,4.9908,4.9908,4.9908,4.9908,2.9084,7.0640,1569.1084,1695.1790,1710.7710,1722.4190,1320.9640,1612.5568,1,on,1,1.5000
1786347151.106159,1,1,,1582.0000,1722.0000,1695.0000,1695.0000,1306.0000,1603.0000,63.007,34.865,40.359,40.428,35.751,23.243,1537,1463,1726,1724,1325,1614,78,74,0,0,0,0,0,0,1,1,1,1,4.9908,4.9908,4.9908,4.9908,2.9084,7.0640,1569.1084,1695.1790,1710.7710,1714.4087,1320.9640,1612.5568,1,on,1,1.5000
1786347151.142171,1,1,,1580.0000,1720.0000,1688.0000,1692.0000,1298.0000,1610.0000,63.356,35.381,41.717,40.901,38.539,22.240,1555,1483,1726,1724,1325,1614,69,53,0,0,16,0,0,0,1,1,1,1,4.9908,4.9908,4.9908,4.9908,2.9084,7.0640,1569.1084,1695.1790,1703.2621,1714.4087,1320.9640,1612.5568,1,on,1,1.5000
1786347151.174105,1,1,,1579.0000,1717.0000,1693.0000,1688.0000,1302.0000,1606.0000,63.642,35.890,40.806,41.761,37.221,22.804,1558,1499,1726,1724,1325,1614,27,63,0,18,16,0,0,0,1,1,1,1,4.9908,4.9908,4.9908,4.9908,2.9084,7.0640,1576.6523,1695.1790,1703.2621,1714.4087,1320.9640,1612.5568,1,on,1,1.5000
1786347151.206147,1,1,,1595.0000,1724.0000,1690.0000,1696.0000,1306.0000,1599.0000,60.430,34.470,41.437,40.121,35.830,23.703,1563,1516,1725,1721,1325,1614,26,67,38,23,18,0,0,0,1,1,1,1,4.9908,4.9908,4.9908,4.9908,2.9084,7.0640,1576.6523,1703.2597,1703.2621,1714.4087,1320.9640,1612.5568,1,on,1,1.5000
1786347151.242151,1,1,,1587.0000,1722.0000,1693.0000,1693.0000,1298.0000,1601.0000,61.948,34.981,40.747,40.722,38.457,23.414,1570,1533,1720,1719,1324,1614,31,64,28,0,14,0,0,0,1,1,1,1,4.9908,4.9908,4.9908,4.9908,2.9084,7.0640,1576.6523,1703.2597,1703.2621,1714.4087,1315.7274,1612.5568,1,on,1,1.5000
1786347151.274134,1,1,,1587.0000,1723.0000,1684.0000,1699.0000,1299.0000,1587.0000,61.921,34.757,42.531,39.478,38.083,25.447,1574,1545,1718,1719,1324,1614,12,67,39,0,0,0,0,0,1,1,1,1,4.9908,4.9908,4.9908,4.9908,2.9084,7.0640,1576.6523,1703.2597,1703.2621,1714.4087,1315.7274,1612.5568,0,on,1,1.5000
1786347151.306202,1,1,,1594.0000,1718.0000,1692.0000,1692.0000,1305.0000,1596.0000,60.693,35.718,40.869,40.955,36.043,24.207,1574,1562,1712,1719,1323,1614,0,60,25,0,39,0,0,0,1,1,1,1,4.9908,4.9908,4.9908,4.9908,2.9084,7.0640,1576.6523,1703.2597,1703.2621,1714.4087,1315.7274,1612.5568,0,on,1,1.5000
1786347151.342078,1,1,,1588.0000,1729.0000,1687.0000,1692.0000,1301.0000,1594.0000,61.726,33.636,42.020,40.926,37.633,24.506,1574,1580,1711,1719,1321,1614,0,70,0,0,28,0,0,0,1,1,1,1,4.9908,4.9908,4.9908,4.9908,2.9084,7.0640,1576.6523,1703.2597,1703.2621,1706.5470,1315.7274,1612.5568,1,on,1,1.5000
1786347151.374107,1,1,,1581.0000,1721.0000,1688.0000,1692.0000,1308.0000,1588.0000,63.276,35.200,41.742,40.935,34.977,25.333,1574,1597,1711,1719,1319,1614,0,68,22,10,20,0,0,0,1,1,1,1,4.9908,4.9908,4.9908,4.9908,2.9084,7.0640,1576.6523,1703.2597,1703.2621,1706.5470,1315.7274,1612.5568,0,on,1,1.5000
1786347151.406114,1,1,,1594.0000,1727.0000,1691.0000,1703.0000,1306.0000,1582.0000,60.678,33.989,41.229,38.811,35.816,26.200,1574,1618,1708,1715,1319,1614,0,58,16,45,0,0,0,0,1,1,1,1,4.9908,4.9908,4.9908,4.9908,2.9084,7.0640,1576.6523,1703.2597,1703.2621,1706.5470,1315.7274,1612.5568,0,on,1,1.5000
1786347151.442123,1,1,,1587.0000,1721.0000,1687.0000,1698.0000,1309.0000,1588.0000,62.017,35.214,41.932,39.788,34.845,25.367,1574,1635,1706,1706,1318,1615,0,61,11,0,33,0,0,0,1,0,1,1,4.9908,4.9908,4.9908,4.9908,2.9084,7.0640,1576.6523,1703.2597,1703.2621,1706.5470,1315.7274,1612.5568,0,on,1,1.5000
1786347151.474160,1,1,,1586.0000,1718.0000,1687.0000,1697.0000,1309.0000,1593.0000,62.272,35.780,41.929,39.882,34.618,24.666,1574,1648,1706,1706,1317,1615,8,71,0,0,22,0,0,0,1,0,1,1,4.9908,4.9908,4.9908,4.9908,2.9084,7.0640,1576.6523,1710.8459,1703.2621,1706.5470,1315.7274,1612.5568,1,on,1,1.5000
1786347151.506172,1,1,,1597.0000,1716.0000,1688.0000,1708.0000,1309.0000,1593.0000,59.997,36.100,41.675,37.760,34.692,24.556,1574,1668,1706,1706,1317,1614,10,62,0,0,19,0,0,0,1,0,1,1,4.9908,4.9908,4.9908,4.9908,2.9084,7.0640,1576.6523,1710.8459,1703.2621,1706.5470,1315.7274,1601.8758,1,on,1,1.5000
1786347151.542110,1,1,,1581.0000,1705.0000,1684.0000,1692.0000,1300.0000,1608.0000,63.264,38.407,42.519,40.959,37.939,22.544,1574,1686,1706,1706,1316,1614,0,70,0,0,0,0,0,0,1,0,1,1,4.9908,4.9908,4.9908,4.9908,2.9084,7.0640,1576.6523,1710.8459,1703.2621,1706.5470,1315.7274,1601.8758,0,on,1,1.5000
1786347151.574198,1,1,,1593.0000,1697.0000,1682.0000,1704.0000,1302.0000,1604.0000,60.829,40.032,42.867,38.648,37.280,23.031,1574,1700,1706,1706,1316,1611,0,0,0,0,0,36,0,0,1,0,1,1,4.9908,4.9908,4.9908,4.9908,2.9084,7.0640,1576.6523,1710.8459,1703.2621,1706.5470,1315.7274,1601.8758,0,on,1,1.5000
1786347151.606178,1,1,,1594.0000,1687.0000,1679.0000,1696.0000,1308.0000,1607.0000,60.687,41.881,43.658,40.139,34.929,22.615,1574,1702,1706,1706,1316,1604,0,26,0,0,0,11,0,0,1,0,1,1,4.9908,4.9908,4.9908,4.9908,2.9084,7.0640,1576.6523,1710.8459,1695.2216,1706.5470,1315.7274,1601.8758,1,on,1,1.5000
1786347151.642134,1,1,,1583.0000,1681.0000,1678.0000,1684.0000,1310.0000,1598.0000,62.865,43.140,43.844,42.531,34.507,23.881,1574,1708,1706,1706,1316,1604,0,17,8,0,0,0,0,0,1,0,1,1,4.9908,4.9908,4.9908,4.9908,2.9084,7.0640,1576.6523,1710.8459,1695.2216,1706.5470,1315.7274,1601.8758,0,on,1,1.5000
1786347151.674176,1,1,,1585.0000,1681.0000,1678.0000,1687.0000,1307.0000,1594.0000,62.314,43.235,43.754,41.914,35.357,24.474,1574,1710,1705,1706,1316,1604,0,0,26,0,0,0,0,0,1,0,1,1,4.9908,4.9908,4.9908,4.9908,2.9084,7.0640,1576.6523,1710.8459,1695.2216,1706.5470,1315.7274,1601.8758,0,on,1,1.5000
1786347151.706162,1,1,,1583.0000,1678.0000,1679.0000,1682.0000,1301.0000,1589.0000,62.865,43.745,43.550,42.951,37.614,25.209,1574,1710,1700,1706,1316,1604,0,0,19,0,0,0,0,0,1,0,1,1,4.9908,4.9908,4.9908,4.9908,2.9084,7.0640,1576.6523,1703.1820,1695.2216,1706.5470,1311.3077,1601.8758,1,on,1,1.5000
1786347151.742181,1,1,,1613.0000,1676.0000,1676.0000,1686.0000,1303.0000,1581.0000,56.850,44.171,44.211,42.101,36.848,26.377,1574,1710,1697,1706,1316,1604,0,0,11,0,0,0,0,1,1,0,1,1,4.9908,4.9908,4.9908,4.9908,2.9084,7.0640,1576.6523,1703.1820,1695.2216,1706.5470,1311.3077,1601.8758,0,on,1,1.5000
1786347151.774187,1,1,,1613.0000,1675.0000,1675.0000,1687.0000,1299.0000,1581.0000,56.735,44.352,44.424,41.861,38.073,26.264,1574,1710,1696,1706,1316,1604,0,0,0,0,0,0,0,1,1,0,1,1,4.9908,4.9908,4.9908,4.9908,2.9084,7.0640,1586.1067,1703.1820,1695.2216,1706.5470,1311.3077,1601.8758,1,on,1,1.5000
1786347151.806114,1,1,,1619.0000,1677.0000,1674.0000,1672.0000,1306.0000,1591.0000,55.547,43.911,44.533,44.883,35.862,24.868,1574,1710,1696,1706,1316,1602,23,20,0,0,0,15,0,1,1,0,1,1,4.9908,4.9908,4.9908,4.9908,2.9084,7.0640,1586.1067,1703.1820,1695.2216,1697.7772,1311.3077,1601.8758,1,on,1,1.5000
1786347151.842167,1,1,,1624.0000,1681.0000,1671.0000,1672.0000,1305.0000,1604.0000,54.608,43.096,45.204,45.016,36.241,23.036,1579,1707,1696,1706,1316,1602,30,23,0,0,0,0,0,1,1,1,1,1,4.9908,4.9908,4.9908,4.9908,2.9084,7.0640,1586.1067,1703.1820,1695.2216,1697.7772,1311.3077,1601.8758,0,on,1,1.5000
1786347151.874135,1,1,,1624.0000,1686.0000,1666.0000,1674.0000,1304.0000,1605.0000,54.681,42.109,46.231,44.596,36.428,22.879,1581,1705,1696,1706,1316,1602,0,0,0,0,0,0,0,1,1,1,1,1,4.9908,4.9908,4.9908,4.9908,2.9084,7.0640,1595.4123,1695.2961,1686.9860,1697.7772,1311.3077,1601.8758,1,on,1,1.5000
1786347151.906150,1,1,,1626.0000,1693.0000,1662.0000,1668.0000,1307.0000,1601.0000,54.183,40.716,47.002,45.853,35.532,23.526,1581,1705,1696,1706,1316,1602,0,0,0,14,9,0,0,1,1,1,1,1,4.9908,4.9908,4.9908,4.9908,2.9084,7.0640,1595.4123,1695.2961,1686.9860,1697.7772,1311.3077,1601.8758,0,on,1,1.5000
1786347151.942174,1,1,,1633.0000,1700.0000,1670.0000,1673.0000,1305.0000,1607.0000,52.720,39.364,45.439,44.761,36.190,22.657,1584,1703,1695,1704,1316,1602,35,25,25,0,18,0,0,1,1,1,1,1,4.9908,4.9908,4.9908,4.9908,2.9084,7.0640,1595.4123,1695.2961,1686.9860,1697.7772,1311.3077,1601.8758,0,on,1,1.5000
1786347151.974149,1,1,,1647.0000,1700.0000,1665.0000,1664.0000,1307.0000,1619.0000,50.013,39.398,46.439,46.576,35.450,20.949,1588,1698,1692,1704,1315,1602,23,16,25,0,18,0,0,1,1,1,1,1,4.9908,4.9908,4.9908,4.9908,2.9084,7.0640,1607.0502,1695.2961,1686.9860,1688.5845,1311.3077,1601.8758,1,on,1,1.5000
1786347152.006147,1,1,,1616.0000,1699.0000,1648.0000,1662.0000,1300.0000,1602.0000,56.202,39.578,49.762,47.016,37.896,23.392,1591,1697,1687,1704,1315,1602,0,0,0,35,20,0,0,1,1,1,1,1,4.9908,4.9908,4.9908,4.9908,2.9084,7.0640,1607.0502,1695.2961,1686.9860,1688.5845,1311.3077,1601.8758,0,on,1,1.5000
1786347152.042197,1,1,,1627.0000,1708.0000,1655.0000,1658.0000,1300.0000,1597.0000,53.928,37.801,48.362,47.738,37.947,23.998,1591,1697,1687,1694,1315,1602,10,0,0,12,21,0,0,1,1,1,1,1,4.9908,4.9908,4.9908,4.9908,2.9084,7.0640,1607.0502,1695.2961,1677.8003,1688.5845,1311.3077,1601.8758,1,on,1,1.5000
1786347152.074138,1,1,,1628.0000,1712.0000,1652.0000,1655.0000,1303.0000,1584.0000,53.819,36.855,48.889,48.294,36.784,25.849,1591,1697,1687,1693,1315,1602,17,0,0,0,21,0,0,1,1,1,1,1,4.9908,4.9908,4.9908,4.9908,2.9084,7.0640,1607.0502,1695.2961,1677.8003,1688.5845,1311.3077,1601.8758,0,on,1,1.5000
1786347152.106171,1,1,,1614.0000,1717.0000,1647.0000,1660.0000,1298.0000,1580.0000,56.493,36.016,49.881,47.297,38.431,26.413,1593,1697,1687,1693,1315,1602,15,0,0,0,21,0,0,1,1,1,1,1,4.9908,4.9908,4.9908,4.9908,2.9084,7.0640,1607.0502,1695.2961,1677.8003,1679.6820,1311.3077,1601.8758,1,on,1,1.5000
1786347152.147376,1,1,,1615.0000,1713.0000,1639.0000,1650.0000,1308.0000,1589.0000,56.316,36.821,51.529,49.474,35.000,25.135,1593,1697,1683,1693,1315,1602,15,0,23,10,0,0,0,1,1,1,1,1,4.9908,4.9908,4.9908,4.9908,2.9084,7.0640,1607.0502,1695.2961,1669.5728,1679.6820,1311.3077,1601.8758,1,on,1,1.5000
1786347152.174109,1,1,,1617.0000,1714.0000,1645.0000,1656.0000,1302.0000,1596.0000,55.959,36.467,50.401,48.073,37.047,24.189,1593,1697,1681,1693,1315,1602,0,8,20,9,51,0,0,1,1,1,1,1,4.9908,4.9908,4.9908,4.9908,2.9084,7.0640,1607.0502,1695.2961,1669.5728,1679.6820,1311.3077,1601.8758,0,on,1,1.5000
1786347152.206147,1,1,,1642.0000,1650.0000,1582.0000,1604.0000,1296.0000,1629.0000,51.037,49.349,63.046,58.607,39.362,19.506,1598,1697,1676,1692,1314,1602,29,0,23,8,22,0,0,1,1,1,1,1,4.9908,4.9908,4.9908,4.9908,2.9084,7.0640,1607.0502,1695.2961,1654.7438,1665.9517,1311.3077,1601.8758,1,on,1,1.5000
1786347152.242102,1,1,,1609.0000,1512.0000,1448.0000,1586.0000,1305.0000,1666.0000,57.605,77.022,89.907,62.236,36.107,14.311,1601,1696,1673,1691,1313,1602,17,0,20,35,29,0,0,1,1,1,1,1,4.9908,4.9908,4.9908,4.9908,2.9084,7.0640,1607.0502,1652.9215,1593.7060,1651.8413,1311.3077,1601.8758,1,on,1,1.5000
1786347152.274128,1,1,,1662.0000,1395.0000,1265.0000,1702.0000,1297.0000,1702.0000,46.919,100.497,126.533,38.927,38.796,9.247,1602,1696,1670,1683,1312,1602,0,0,0,15,25,0,0,1,1,1,1,1,4.9908,4.9908,4.9908,4.9908,2.9084,7.0640,1617.0119,1564.7170,1461.6266,1651.8413,1311.3077,1622.9376,1,on,1,1.5000
1786347152.306143,1,1,,1729.0000,1284.0000,1224.0000,1738.0000,1325.0000,1723.0000,33.520,122.712,134.741,31.654,29.146,6.143,1603,1696,1665,1675,1312,1602,0,51,36,51,23,0,0,1,1,1,1,0,4.9908,4.9908,4.9908,4.9908,2.9084,7.0640,1636.6439,1450.5392,1363.0084,1662.2170,1311.3077,1643.3356,1,on,1,1.5000
1786347152.342168,1,1,,1720.0000,1279.0000,1238.0000,1728.0000,1317.0000,1718.0000,35.252,123.767,132.001,33.775,31.898,6.908,1603,1683,1654,1666,1311,1602,0,92,86,22,22,0,0,1,1,1,1,0,4.9908,4.9908,4.9908,4.9908,2.9084,7.0640,1653.5994,1381.9436,1315.5985,1671.7469,1311.3077,1659.1189,1,on,1,1.5000
1786347152.374146,1,1,,1721.0000,1257.0000,1219.0000,1723.0000,1324.0000,1745.0000,35.199,128.168,135.771,34.666,29.483,3.037,1608,1660,1634,1665,1311,1602,73,72,93,27,0,74,0,1,1,0,1,0,4.9908,4.9908,4.9908,4.9908,2.9084,7.0640,1665.9563,1339.8920,1286.0649,1671.7469,1311.3077,1676.6567,1,on,1,1.5000
1786347152.406176,1,1,,1734.0000,1241.0000,1207.0000,1741.0000,1324.0000,1740.0000,32.549,131.378,138.148,31.229,29.474,3.786,1622,1636,1609,1669,1311,1623,74,86,82,0,0,114,0,1,1,0,1,0,4.9908,4.9908,4.9908,4.9908,2.9084,7.0640,1678.4267,1310.4196,1265.1516,1688.2977,1311.3077,1688.7363,1,on,1,1.5000
1786347152.442229,1,1,,1731.0000,1239.0000,1198.0000,1765.0000,1323.0000,1732.0000,33.050,131.804,139.953,26.334,29.936,4.977,1641,1615,1589,1670,1311,1654,62,90,80,0,0,72,0,1,1,0,1,0,4.9908,4.9908,4.9908,4.9908,2.9084,7.0640,1687.7800,1291.4084,1248.9481,1702.4544,1311.3077,1688.7363,1,on,1,1.5000
1786347152.474149,1,1,,1726.0000,1231.0000,1192.0000,1758.0000,1326.0000,1750.0000,34.159,133.271,141.108,27.647,28.802,2.428,1656,1598,1572,1670,1311,1671,55,86,85,19,0,23,0,1,1,0,1,0,4.9908,4.9908,4.9908,4.9908,2.9084,7.0640,1687.7800,1278.6728,1237.9132,1711.4534,1311.3077,1704.5164,1,on,1,1.5000
1786347152.506199,1,1,,1731.0000,1224.0000,1185.0000,1769.0000,1324.0000,1746.0000,33.191,134.652,142.459,25.464,29.629,3.004,1674,1579,1553,1681,1311,1675,15,90,86,43,0,51,0,1,1,0,1,0,4.9908,4.9908,4.9908,4.9908,2.9084,7.0640,1698.0723,1268.4607,1228.6464,1720.7496,1311.3077,1704.5164,1,on,1,1.5000
1786347152.542156,1,1,,1725.0000,1224.0000,1192.0000,1759.0000,1323.0000,1759.0000,34.425,134.723,141.221,27.456,29.896,1.173,1677,1558,1535,1698,1311,1688,27,71,96,20,0,75,0,1,1,0,1,0,4.9908,4.9908,4.9908,4.9908,2.9084,7.0640,1698.0723,1260.8349,1228.6464,1720.7496,1311.3077,1717.5929,1,on,1,1.5000
1786347152.574094,1,1,,1727.0000,1210.0000,1185.0000,1763.0000,1323.0000,1751.0000,33.891,137.474,142.548,26.790,30.069,2.189,1688,1543,1516,1708,1311,1695,39,81,78,19,0,56,0,1,1,0,1,0,4.9908,4.9908,4.9908,4.9908,2.9084,7.0640,1698.0723,1253.1687,1218.0116,1731.0219,1311.3077,1717.5929,1,on,1,1.5000
1786347152.606166,1,1,,1734.0000,1214.0000,1179.0000,1772.0000,1316.0000,1755.0000,32.517,136.685,143.785,24.879,32.257,1.747,1695,1524,1499,1712,1311,1703,0,73,81,8,0,106,0,1,1,0,1,0,4.9908,4.9908,4.9908,4.9908,2.9084,7.0640,1706.6132,1253.1687,1218.0116,1731.0219,1311.3077,1717.5929,1,on,1,1.5000
1786347152.642156,1,1,,1717.0000,1216.0000,1184.0000,1770.0000,1314.0000,1742.0000,35.913,136.331,142.694,25.392,33.032,3.551,1695,1508,1482,1715,1311,1717,0,82,79,11,0,29,0,1,1,0,1,0,4.9908,4.9908,4.9908,4.9908,2.9084,7.0640,1706.6132,1243.7652,1209.7520,1740.2280,1311.3077,1717.5929,1,on,1,1.5000
1786347152.674189,1,1,,1718.0000,1214.0000,1188.0000,1777.0000,1308.0000,1741.0000,35.739,136.676,142.038,23.956,35.038,3.591,1696,1497,1470,1715,1311,1718,42,87,74,0,0,19,0,1,1,0,1,1,4.9908,4.9908,4.9908,4.9908,2.9084,7.0640,1706.6132,1243.7652,1209.7520,1740.2280,1311.3077,1717.5929,0,on,1,1.5000
1786347152.706129,1,1,,1716.0000,1212.0000,1192.0000,1771.0000,1312.0000,1744.0000,36.240,137.215,141.186,25.213,33.754,3.190,1705,1479,1454,1721,1311,1718,23,81,73,34,0,16,0,1,1,0,1,1,4.9908,4.9908,4.9908,4.9908,2.9084,7.0640,1706.6132,1243.7652,1209.7520,1740.2280,1311.3077,1729.0070,1,on,1,1.5000
1786347152.742124,1,1,,1724.0000,1214.0000,1188.0000,1772.0000,1312.0000,1749.0000,34.632,136.779,141.894,24.946,33.656,2.510,1707,1461,1438,1730,1311,1718,0,70,84,0,0,0,1,1,1,0,1,0,4.9908,4.9908,4.9908,4.9908,2.9084,7.0640,1706.6132,1235.5082,1209.7520,1749.4088,1311.3077,1729.0070,1,on,1,1.5000
1786347152.774165,1,1,,1721.0000,1213.0000,1191.0000,1773.0000,1316.0000,1746.0000,35.194,136.883,141.334,24.749,32.378,3.010,1707,1447,1422,1734,1311,1717,0,79,79,28,0,26,1,1,1,0,1,0,4.9908,4.9908,4.9908,4.9908,2.9084,7.0640,1706.6132,1235.5082,1209.7520,1749.4088,1311.3077,1729.0070,0,on,1,1.5000
1786347152.806133,1,1,,1698.0000,1214.0000,1193.0000,1790.0000,1312.0000,1768.0000,39.723,136.684,140.965,21.283,33.824,-0.124,1707,1429,1405,1735,1311,1720,0,83,71,0,0,43,1,1,1,0,1,0,4.9908,4.9908,4.9908,4.9908,2.9084,7.0640,1706.6132,1235.5082,1209.7520,1749.4088,1311.3077,1729.0070,0,on,1,1.5000
1786347152.847375,1,1,,1722.0000,1220.0000,1196.0000,1773.0000,1316.0000,1770.0000,34.931,135.533,140.422,24.777,32.388,-0.393,1707,1413,1389,1735,1311,1720,0,86,81,10,0,38,1,1,1,0,1,0,4.9908,4.9908,4.9908,4.9908,2.9084,7.0640,1706.6132,1235.5082,1209.7520,1749.4088,1311.3077,1729.0070,0,on,1,1.5000
1786347152.874170,1,1,,1702.0000,1229.0000,1204.0000,1786.0000,1316.0000,1765.0000,38.862,133.821,138.810,22.035,32.376,0.279,1707,1401,1381,1735,1311,1722,0,90,74,13,0,46,1,1,1,0,1,0,4.9908,4.9908,4.9908,4.9908,2.9084,7.0640,1706.6132,1235.5082,1209.7520,1759.0225,1311.3077,1740.3365,1,on,1,1.5000
1786347152.906139,1,1,,1705.0000,1229.0000,1209.0000,1787.0000,1320.0000,1753.0000,38.281,133.690,137.792,21.922,31.066,1.935,1707,1387,1362,1738,1311,1723,0,92,76,0,0,24,1,1,1,0,1,0,4.9908,4.9908,4.9908,4.9908,2.9084,7.0640,1706.6132,1235.5082,1209.7520,1759.0225,1311.3077,1740.3365,0,on,1,1.5000
1786347152.942143,1,1,,1710.0000,1227.0000,1204.0000,1779.0000,1325.0000,1752.0000,37.346,134.165,138.771,23.473,29.272,2.062,1707,1370,1345,1745,1311,1724,0,89,81,26,0,26,1,1,1,0,1,0,4.9908,4.9908,4.9908,4.9908,2.9084,7.0640,1706.6132,1235.5082,1209.7520,1759.0225,1311.3077,1740.3365,0,on,1,1.5000
1786347152.974191,1,1,,1704.0000,1220.0000,1200.0000,1778.0000,1329.0000,1744.0000,38.520,135.469,139.478,23.810,27.971,3.293,1707,1352,1330,1748,1311,1723,0,88,82,0,0,30,1,1,1,0,1,0,4.9908,4.9908,4.9908,4.9908,2.9084,7.0640,1706.6132,1235.5082,1209.7520,1759.0225,1311.3077,1740.3365,0,on,1,1.5000
1786347153.006037,1,1,,1711.0000,1234.0000,1211.0000,1778.0000,1328.0000,1760.0000,37.175,132.729,137.345,23.631,28.272,0.939,1707,1337,1314,1751,1311,1723,0,89,78,0,0,32,1,1,1,0,1,0,4.9908,4.9908,4.9908,4.9908,2.9084,7.0640,1706.6132,1235.5082,1209.7520,1759.0225,1311.3077,1740.3365,0,on,1,1.5000
1786347153.042165,1,1,,1709.0000,1233.0000,1212.0000,1781.0000,1328.0000,1755.0000,37.611,132.837,137.127,23.224,28.117,1.705,1707,1320,1296,1753,1311,1724,0,90,87,34,0,31,1,1,1,0,1,0,4.9908,4.9908,4.9908,4.9908,2.9084,7.0640,1706.6132,1235.5082,1209.7520,1759.0225,1311.3077,1740.3365,0,on,1,1.5000
1786347153.074110,1,1,,1709.0000,1239.0000,1218.0000,1784.0000,1331.0000,1755.0000,37.507,131.748,135.941,22.447,27.081,1.745,1707,1310,1286,1757,1311,1724,0,96,83,0,0,34,1,1,1,0,1,0,4.9908,4.9908,4.9908,4.9908,2.9084,7.0640,1706.6132,1235.5082,1209.7520,1766.8290,1316.2441,1740.3365,1,on,1,1.5000
1786347153.106096,1,1,,1702.0000,1238.0000,1217.0000,1781.0000,1331.0000,1756.0000,38.872,131.855,136.079,23.045,27.256,1.579,1707,1294,1269,1757,1311,1724,0,84,81,0,0,33,1,1,1,0,0,0,4.9908,4.9908,4.9908,4.9908,2.9084,7.0640,1706.6132,1235.5082,1209.7520,1766.8290,1316.2441,1740.3365,0,on,1,1.5000
1786347153.142119,1,1,,1706.0000,1235.0000,1219.0000,1802.0000,1329.0000,1744.0000,38.095,132.525,135.828,18.932,27.948,3.247,1707,1277,1252,1760,1311,1723,0,91,86,58,0,35,1,1,1,0,0,0,4.9908,4.9908,4.9908,4.9908,2.9084,7.0640,1706.6132,1235.5082,1209.7520,1766.8290,1316.2441,1740.3365,0,on,1,1.5000
1786347153.174139,1,1,,1713.0000,1237.0000,1212.0000,1794.0000,1330.0000,1749.0000,36.704,132.040,137.129,20.501,27.654,2.543,1707,1260,1236,1765,1311,1724,0,87,87,26,0,37,1,1,1,0,0,0,4.9908,4.9908,4.9908,4.9908,2.9084,7.0640,1706.6132,1235.5082,1209.7520,1766.8290,1316.2441,1740.3365,0,on,1,1.5000
1786347153.206188,1,1,,1707.0000,1240.0000,1218.0000,1802.0000,1329.0000,1745.0000,38.049,131.578,135.882,18.842,27.929,3.061,1707,1248,1222,1766,1311,1724,0,31,0,28,0,37,1,1,1,0,0,0,4.9908,4.9908,4.9908,4.9908,2.9084,7.0640,1706.6132,1235.5082,1209.7520,1774.7982,1316.2441,1740.3365,1,on,1,1.5000
1786347153.242285,1,1,,1710.0000,1239.0000,1213.0000,1786.0000,1329.0000,1748.0000,37.288,131.797,136.936,22.159,28.009,2.736,1707,1245,1219,1766,1311,1724,0,41,35,28,0,51,1,1,1,0,0,0,4.9908,4.9908,4.9908,4.9908,2.9084,7.0640,1706.6132,1235.5082,1209.7520,1774.7982,1316.2441,1740.3365,0,on,1,1.5000
1786347153.274140,1,1,,1715.0000,1234.0000,1217.0000,1791.0000,1329.0000,1747.0000,36.304,132.654,136.051,21.192,27.899,2.833,1707,1244,1217,1766,1311,1729,0,0,0,103,0,27,1,1,1,0,0,0,4.9908,4.9908,4.9908,4.9908,2.9084,7.0640,1706.6132,1235.5082,1209.7520,1774.7982,1316.2441,1740.3365,0,on,1,1.5000
1786347153.306077,1,1,,1699.0000,1238.0000,1216.0000,1805.0000,1333.0000,1757.0000,39.477,132.009,136.374,18.402,26.592,1.400,1707,1244,1217,1774,1311,1731,0,28,0,38,15,21,1,1,1,0,0,0,4.9908,4.9908,4.9908,4.9908,2.9084,7.0640,1706.6132,1235.5082,1209.7520,1774.7982,1316.2441,1740.3365,0,on,1,1.5000
1786347153.342172,1,1,,1700.0000,1240.0000,1220.0000,1802.0000,1332.0000,1739.0000,39.276,131.607,135.524,18.834,26.916,3.910,1707,1241,1218,1774,1311,1733,0,28,8,28,15,48,1,1,1,0,0,0,4.9908,4.9908,4.9908,4.9908,2.9084,7.0640,1706.6132,1235.5082,1209.7520,1774.7982,1320.7363,1740.3365,1,on,1,1.5000
1786347153.374170,1,1,,1700.0000,1241.0000,1216.0000,1805.0000,1331.0000,1745.0000,39.318,131.389,136.283,18.225,27.093,3.115,1707,1239,1217,1774,1312,1737,0,28,31,32,16,20,1,1,1,0,0,0,4.9908,4.9908,4.9908,4.9908,2.9084,7.0640,1706.6132,1235.5082,1209.7520,1782.3468,1320.7363,1740.3365,1,on,1,1.5000
1786347153.406158,1,1,,1690.0000,1240.0000,1211.0000,1792.0000,1335.0000,1742.0000,41.355,131.618,137.276,20.880,25.707,3.526,1707,1238,1215,1774,1313,1736,0,21,36,49,18,24,1,1,1,0,0,0,4.9908,4.9908,4.9908,4.9908,2.9084,7.0640,1706.6132,1235.5082,1209.7520,1782.3468,1320.7363,1740.3365,0,on,1,1.5000
1786347153.442172,1,1,,1708.0000,1238.0000,1216.0000,1796.0000,1333.0000,1755.0000,37.816,131.918,136.338,20.164,26.337,1.738,1707,1238,1214,1776,1314,1737,0,23,20,78,12,31,1,1,1,0,0,0,4.9908,4.9908,4.9908,4.9908,2.9084,7.0640,1706.6132,1235.5082,1209.7520,1782.3468,1320.7363,1740.3365,0,on,1,1.5000
1786347153.474134,1,1,,1696.0000,1229.0000,1209.0000,1794.0000,1333.0000,1740.0000,40.230,133.673,137.740,20.606,26.368,3.864,1707,1238,1214,1780,1315,1737,0,25,22,47,9,37,1,1,1,0,0,0,4.9908,4.9908,4.9908,4.9908,2.9084,7.0640,1706.6132,1235.5082,1209.7520,1782.3468,1320.7363,1740.3365,0,on,1,1.5000
1786347153.506058,1,1,,1710.0000,1225.0000,1202.0000,1808.0000,1333.0000,1769.0000,37.272,134.529,139.070,17.629,26.503,-0.263,1707,1238,1214,1780,1316,1737,0,28,24,52,20,41,1,1,1,0,0,0,4.9908,4.9908,4.9908,4.9908,2.9084,7.0640,1706.6132,1235.5082,1209.7520,1782.3468,1320.7363,1740.3365,0,on,1,1.5000
1786347153.542139,1,1,,1691.0000,1228.0000,1195.0000,1834.0000,1337.0000,1787.0000,41.145,133.939,140.526,12.407,25.180,-2.799,1707,1238,1214,1782,1318,1739,0,0,21,0,19,34,1,1,1,1,0,0,4.9908,4.9908,4.9908,4.9908,2.9084,7.0640,1706.6132,1235.5082,1209.7520,1790.6751,1320.7363,1740.3365,1,on,1,1.5000
1786347153.574160,1,1,,1688.0000,1245.0000,1219.0000,1832.0000,1336.0000,1785.0000,41.833,130.598,135.781,12.959,25.590,-2.520,1707,1238,1213,1782,1319,1740,0,0,23,0,15,30,1,1,1,1,0,1,4.9908,4.9908,4.9908,4.9908,2.9084,7.0640,1706.6132,1235.5082,1209.7520,1790.6751,1320.7363,1752.8105,1,on,1,1.5000
1786347153.606127,1,1,,1683.0000,1397.0000,1345.0000,1641.0000,1299.0000,1753.0000,42.822,99.976,110.533,51.223,38.033,1.910,1707,1238,1212,1782,1319,1741,0,0,25,0,0,0,1,1,1,1,0,0,4.9908,4.9908,4.9908,4.9908,2.9084,7.0640,1706.6132,1265.3244,1231.3705,1773.2569,1320.7363,1752.8105,1,on,1,1.5000
1786347153.642070,1,1,,1585.0000,1540.0000,1497.0000,1563.0000,1300.0000,1748.0000,62.431,71.366,80.012,66.707,37.962,2.710,1707,1238,1212,1782,1319,1744,0,0,0,0,0,52,1,0,0,1,0,0,4.9908,4.9908,4.9908,4.9908,2.9084,7.0640,1682.7897,1363.9439,1322.4834,1711.4471,1320.7363,1752.8105,1,on,1,1.5000
1786347153.674116,1,1,,1582.0000,1646.0000,1601.0000,1604.0000,1309.0000,1674.0000,62.974,50.123,59.159,58.676,34.595,13.174,1707,1238,1212,1782,1319,1746,0,77,27,0,0,23,1,0,0,1,0,0,4.9908,4.9908,4.9908,4.9908,2.9084,7.0640,1662.2793,1477.7511,1432.4737,1682.9645,1320.7363,1752.8105,1,on,1,1.5000
1786347153.706161,1,1,,1601.0000,1709.0000,1668.0000,1690.0000,1312.0000,1633.0000,59.207,37.504,45.793,41.418,33.576,18.890,1707,1246,1220,1782,1319,1747,27,79,55,77,0,36,1,0,0,1,0,0,4.9908,4.9908,4.9908,4.9908,2.9084,7.0640,1650.7444,1573.2300,1529.1343,1682.9645,1320.7363,1724.5831,1,on,1,1.5000
1786347153.742126,1,1,,1614.0000,1709.0000,1679.0000,1688.0000,1312.0000,1593.0000,56.663,37.513,43.587,41.687,33.606,24.559,1702,1269,1236,1765,1319,1747,109,79,69,87,0,46,1,0,0,1,0,1,4.9908,4.9908,4.9908,4.9908,2.9084,7.0640,1650.7444,1625.3158,1587.5743,1682.9645,1320.7363,1691.7534,1,on,1,1.5000
1786347153.774148,1,1,,1600.0000,1715.0000,1690.0000,1693.0000,1313.0000,1611.0000,59.452,36.395,41.450,40.796,33.511,22.024,1676,1293,1255,1742,1319,1748,69,61,69,87,0,0,1,0,0,1,0,1,4.9908,4.9908,4.9908,4.9908,2.9084,7.0640,1638.3953,1652.5970,1620.0043,1682.9645,1320.7363,1674.0091,1,on,1,1.5000
1786347153.806141,1,1,,1584.0000,1712.0000,1691.0000,1696.0000,1318.0000,1618.0000,62.512,36.874,41.251,40.084,31.720,21.067,1661,1310,1273,1715,1319,1748,83,71,68,95,0,40,1,0,0,1,0,1,4.9908,4.9908,4.9908,4.9908,2.9084,7.0640,1630.4285,1667.3283,1638.8155,1682.9645,1320.7363,1663.2100,1,on,1,1.5000
1786347153.842148,1,1,,1585.0000,1711.0000,1687.0000,1692.0000,1320.0000,1616.0000,62.486,37.113,41.894,40.898,30.869,21.380,1649,1329,1296,1694,1319,1737,0,73,63,17,0,109,1,0,0,1,0,1,4.9908,4.9908,4.9908,4.9908,2.9084,7.0640,1630.4285,1676.4873,1649.6552,1682.9645,1320.7363,1663.2100,1,on,1,1.5000
1786347153.874135,1,1,,1599.0000,1711.0000,1688.0000,1684.0000,1321.0000,1612.0000,59.643,37.108,41.797,42.531,30.729,21.852,1649,1342,1309,1692,1319,1709,24,63,52,33,0,63,1,0,0,1,0,1,4.9908,4.9908,4.9908,4.9908,2.9084,7.0640,1620.9357,1676.4873,1649.6552,1682.9645,1320.7363,1648.5372,1,on,1,1.5000
1786347153.906165,1,1,,1614.0000,1705.0000,1673.0000,1689.0000,1320.0000,1602.0000,56.521,38.284,44.773,41.526,30.812,23.284,1648,1359,1326,1690,1319,1681,28,59,60,0,0,40,1,0,0,1,0,1,4.9908,4.9908,4.9908,4.9908,2.9084,7.0640,1620.9357,1684.6599,1658.1507,1682.9645,1320.7363,1648.5372,1,on,1,1.5000
1786347153.942180,1,1,,1617.0000,1699.0000,1670.0000,1679.0000,1317.0000,1593.0000,56.065,39.558,45.344,43.501,31.950,24.640,1641,1376,1344,1688,1319,1663,48,67,53,0,0,19,1,0,0,1,0,1,4.9908,4.9908,4.9908,4.9908,2.9084,7.0640,1620.9357,1684.6599,1658.1507,1682.9645,1320.7363,1634.6426,1,on,1,1.5000
1786347153.974160,1,1,,1620.0000,1692.0000,1665.0000,1678.0000,1310.0000,1601.0000,55.420,40.925,46.279,43.780,34.409,23.500,1634,1391,1361,1688,1319,1658,31,64,43,0,0,24,1,0,0,1,0,1,4.9908,4.9908,4.9908,4.9908,2.9084,7.0640,1620.9357,1684.6599,1658.1507,1682.9645,1320.7363,1634.6426,0,on,1,1.5000
1786347154.006145,1,1,,1646.0000,1677.0000,1650.0000,1673.0000,1310.0000,1594.0000,50.155,43.901,49.302,44.793,34.429,24.534,1632,1407,1377,1688,1319,1653,47,66,41,12,0,56,1,0,0,1,0,1,4.9908,4.9908,4.9908,4.9908,2.9084,7.0640,1620.9357,1684.6599,1658.1507,1682.9645,1320.7363,1634.6426,0,on,1,1.5000
1786347154.042233,1,1,,1642.0000,1680.0000,1657.0000,1666.0000,1308.0000,1592.0000,50.907,43.285,47.897,46.080,35.096,24.728,1627,1425,1391,1684,1319,1639,0,72,62,0,0,0,1,0,0,1,0,1,4.9908,4.9908,4.9908,4.9908,2.9084,7.0640,1620.9357,1684.6599,1658.1507,1682.9645,1320.7363,1622.2179,1,on,1,1.5000
1786347154.074183,1,1,,1656.0000,1681.0000,1657.0000,1668.0000,1309.0000,1596.0000,48.140,43.247,47.896,45.753,34.715,24.235,1627,1437,1403,1684,1319,1638,33,59,59,0,0,19,1,0,0,1,0,1,4.9908,4.9908,4.9908,4.9908,2.9084,7.0640,1620.9357,1684.6599,1658.1507,1682.9645,1320.7363,1622.2179,0,on,1,1.5000
1786347154.106125,1,1,,1637.0000,1681.0000,1661.0000,1671.0000,1312.0000,1583.0000,52.042,43.172,47.117,45.211,33.859,26.088,1624,1452,1419,1684,1319,1637,29,61,52,0,0,0,1,0,0,1,0,1,4.9908,4.9908,4.9908,4.9908,2.9084,7.0640,1620.9357,1684.6599,1658.1507,1682.9645,1320.7363,1622.2179,0,on,1,1.5000
1786347154.142190,1,1,,1651.0000,1682.0000,1668.0000,1677.0000,1312.0000,1591.0000,49.094,42.973,45.799,43.908,33.520,24.952,1620,1469,1436,1684,1319,1630,24,46,50,0,0,23,1,0,0,1,0,1,4.9908,4.9908,4.9908,4.9908,2.9084,7.0640,1620.9357,1684.6599,1658.1507,1682.9645,1320.7363,1622.2179,0,on,1,1.5000
1786347154.174156,1,1,,1649.0000,1674.0000,1663.0000,1675.0000,1315.0000,1584.0000,49.626,44.494,46.708,44.316,32.520,25.903,1620,1484,1452,1684,1319,1626,8,69,54,9,0,14,1,0,0,1,0,1,4.9908,4.9908,4.9908,4.9908,2.9084,7.0640,1628.8638,1684.6599,1658.1507,1682.9645,1320.7363,1610.7252,1,on,1,1.5000
1786347154.206108,1,1,,1650.0000,1676.0000,1664.0000,1681.0000,1313.0000,1586.0000,49.285,44.176,46.509,43.222,33.218,25.666,1620,1502,1468,1683,1319,1626,0,59,56,0,0,0,0,0,0,1,0,1,4.9908,4.9908,4.9908,4.9908,2.9084,7.0640,1628.8638,1684.6599,1658.1507,1682.9645,1320.7363,1610.7252,0,on,1,1.5000
1786347154.247419,1,1,,1636.0000,1680.0000,1663.0000,1686.0000,1309.0000,1574.0000,52.202,43.325,46.711,42.138,34.806,27.321,1620,1519,1486,1682,1319,1619,27,65,53,0,0,20,0,0,0,1,0,1,4.9908,4.9908,4.9908,4.9908,2.9084,7.0640,1628.8638,1684.6599,1658.1507,1682.9645,1320.7363,1610.7252,0,on,1,1.5000
1786347154.274150,1,1,,1642.0000,1662.0000,1658.0000,1680.0000,1305.0000,1584.0000,50.903,46.922,47.800,43.314,36.170,25.832,1620,1530,1496,1683,1319,1617,26,63,53,0,0,16,0,0,0,1,0,1,4.9908,4.9908,4.9908,4.9908,2.9084,7.0640,1628.8638,1684.6599,1658.1507,1682.9645,1320.7363,1610.7252,0,on,1,1.5000
1786347154.306064,1,1,,1648.0000,1675.0000,1662.0000,1678.0000,1305.0000,1568.0000,49.712,44.382,47.041,43.715,35.986,28.153,1628,1547,1512,1683,1319,1615,0,68,60,0,0,0,1,0,0,1,0,1,4.9908,4.9908,4.9908,4.9908,2.9084,7.0640,1628.8638,1684.6599,1658.1507,1682.9645,1320.7363,1599.9899,1,on,1,1.5000
1786347154.342145,1,1,,1682.0000,1670.0000,1669.0000,1673.0000,1304.0000,1568.0000,43.049,45.445,45.562,44.667,36.506,28.215,1628,1566,1530,1683,1319,1615,0,58,57,0,0,0,1,0,0,1,0,1,4.9908,4.9908,4.9908,4.9908,2.9084,7.0640,1637.1280,1684.6599,1658.1507,1682.9645,1316.3298,1599.9899,1,on,1,1.5000
1786347154.374128,1,1,,1706.0000,1670.0000,1672.0000,1659.0000,1309.0000,1577.0000,38.181,45.459,44.963,47.566,34.596,26.864,1628,1582,1547,1683,1319,1610,0,71,61,0,0,45,0,0,0,1,1,1,4.9908,4.9908,4.9908,4.9908,2.9084,7.0640,1646.4509,1684.6599,1658.1507,1682.9645,1316.3298,1599.9899,1,on,1,1.5000
1786347154.406138,1,1,,1689.0000,1688.0000,1688.0000,1683.0000,1309.0000,1576.0000,41.649,41.671,41.669,42.791,34.734,27.071,1628,1600,1565,1683,1319,1602,20,73,55,0,17,13,0,0,0,1,1,1,4.9908,4.9908,4.9908,4.9908,2.9084,7.0640,1646.4509,1684.6599,1658.1507,1682.9645,1316.3298,1599.9899,0,on,1,1.5000
1786347154.442077,1,1,,1695.0000,1683.0000,1677.0000,1671.0000,1309.0000,1597.0000,40.340,42.684,43.895,45.200,34.850,24.027,1630,1621,1584,1683,1319,1601,18,69,48,0,42,0,0,0,0,1,1,1,4.9908,4.9908,4.9908,4.9908,2.9084,7.0640,1657.9072,1684.6599,1658.1507,1682.9645,1316.3298,1599.9899,1,on,1,1.5000
1786347154.474102,1,1,,1699.0000,1671.0000,1676.0000,1672.0000,1308.0000,1602.0000,39.493,45.136,44.229,44.954,34.971,23.333,1631,1633,1596,1683,1317,1600,17,73,69,0,15,0,0,0,0,1,1,1,4.9908,4.9908,4.9908,4.9908,2.9084,7.0640,1657.9072,1684.6599,1658.1507,1682.9645,1316.3298,1599.9899,0,on,1,1.5000
1786347154.506147,1,1,,1696.0000,1674.0000,1679.0000,1669.0000,1307.0000,1597.0000,40.151,44.621,43.486,45.470,35.494,24.113,1636,1651,1613,1683,1316,1600,46,64,55,0,0,0,0,0,0,1,1,1,4.9908,4.9908,4.9908,4.9908,2.9084,7.0640,1666.7257,1684.6599,1658.1507,1682.9645,1316.3298,1599.9899,1,on,1,1.5000
1786347154.542058,1,1,,1688.0000,1675.0000,1682.0000,1671.0000,1309.0000,1587.0000,41.769,44.440,43.059,45.152,34.710,25.423,1644,1670,1633,1683,1316,1600,19,65,55,0,0,0,0,0,0,1,1,1,4.9908,4.9908,4.9908,4.9908,2.9084,7.0640,1666.7257,1684.6599,1658.1507,1682.9645,1316.3298,1599.9899,0,on,1,1.5000
1786347154.574152,1,1,,1670.0000,1678.0000,1674.0000,1687.0000,1307.0000,1592.0000,45.291,43.768,44.499,41.911,35.399,24.766,1651,1673,1647,1683,1316,1600,27,22,0,0,0,0,0,0,0,1,1,1,4.9908,4.9908,4.9908,4.9908,2.9084,7.0640,1666.7257,1684.6599,1665.9317,1682.9645,1316.3298,1599.9899,1,on,1,1.5000
1786347154.606096,1,1,,1669.0000,1676.0000,1680.0000,1687.0000,1308.0000,1598.0000,45.618,44.187,43.262,41.907,35.077,23.848,1655,1680,1649,1683,1316,1600,33,19,41,0,0,0,0,0,0,1,1,1,4.9908,4.9908,4.9908,4.9908,2.9084,7.0640,1666.7257,1684.6599,1665.9317,1682.9645,1316.3298,1599.9899,0,on,1,1.5000
1786347154.642155,1,1,,1681.0000,1665.0000,1668.0000,1670.0000,1304.0000,1579.0000,43.222,46.315,45.842,45.355,36.345,26.592,1660,1683,1659,1683,1316,1601,21,0,18,0,0,0,0,0,0,1,1,1,4.9908,4.9908,4.9908,4.9908,2.9084,7.0640,1666.7257,1684.6599,1665.9317,1682.9645,1316.3298,1599.9899,0,on,1,1.5000
1786347154.674116,1,1,,1687.0000,1687.0000,1682.0000,1669.0000,1305.0000,1572.0000,42.044,42.014,43.041,45.628,35.962,27.521,1661,1683,1660,1682,1316,1600,20,0,11,0,0,0,0,0,0,1,1,1,4.9908,4.9908,4.9908,4.9908,2.9084,7.0640,1666.7257,1684.6599,1665.9317,1682.9645,1316.3298,1599.9899,0,on,1,1.5000
1786347154.706116,1,1,,1690.0000,1684.0000,1692.0000,1667.0000,1303.0000,1571.0000,41.334,42.533,41.023,45.974,36.754,27.668,1662,1683,1662,1682,1316,1600,18,0,0,0,0,0,0,0,0,1,1,1,4.9908,4.9908,4.9908,4.9908,2.9084,7.0640,1666.7257,1684.6599,1665.9317,1682.9645,1316.3298,1599.9899,0,on,1,1.5000
1786347154.742102,1,1,,1693.0000,1679.0000,1685.0000,1669.0000,1309.0000,1558.0000,40.799,43.478,42.296,45.606,34.587,29.599,1662,1683,1662,1683,1316,1600,0,0,0,0,0,0,0,0,0,1,1,1,4.9908,4.9908,4.9908,4.9908,2.9084,7.0640,1666.7257,1684.6599,1665.9317,1682.9645,1316.3298,1588.3264,1,on,1,1.5000
1786347154.774030,1,1,,1687.0000,1685.0000,1682.0000,1662.0000,1316.0000,1573.0000,41.911,42.372,42.916,46.882,32.248,27.493,1662,1683,1662,1683,1316,1601,0,0,0,0,0,0,0,0,0,1,1,1,4.9908,4.9908,4.9908,4.9908,2.9084,7.0640,1666.7257,1684.6599,1665.9317,1682.9645,1316.3298,1588.3264,0,on,1,1.5000
1786347154.806162,1,1,,1694.0000,1687.0000,1684.0000,1655.0000,1312.0000,1581.0000,40.518,41.891,42.577,48.353,33.820,26.330,1662,1683,1662,1683,1316,1601,0,0,0,0,0,21,0,0,0,1,1,1,4.9908,4.9908,4.9908,4.9908,2.9084,7.0640,1675.0023,1684.6599,1665.9317,1682.9645,1316.3298,1588.3264,1,on,1,1.5000
1786347154.842250,1,1,,1698.0000,1682.0000,1676.0000,1649.0000,1310.0000,1565.0000,39.736,42.972,44.264,49.639,34.221,28.551,1662,1683,1662,1683,1316,1595,0,0,0,0,0,27,0,0,0,1,1,1,4.9908,4.9908,4.9908,4.9908,2.9084,7.0640,1675.0023,1684.6599,1665.9317,1674.0351,1316.3298,1588.3264,1,on,1,1.5000
1786347154.874075,1,1,,1712.0000,1674.0000,1672.0000,1642.0000,1305.0000,1575.0000,36.961,44.629,45.011,50.891,36.177,27.176,1663,1683,1662,1683,1316,1591,35,0,0,0,0,10,0,0,0,1,1,1,4.9908,4.9908,4.9908,4.9908,2.9084,7.0640,1675.0023,1684.6599,1665.9317,1674.0351,1316.3298,1588.3264,0,on,1,1.5000
1786347154.906184,1,1,,1709.0000,1673.0000,1667.0000,1630.0000,1305.0000,1580.0000,37.607,44.861,45.918,53.351,36.259,26.388,1672,1683,1662,1682,1316,1591,12,0,0,18,0,0,0,0,0,1,1,1,4.9908,4.9908,4.9908,4.9908,2.9084,7.0640,1675.0023,1684.6599,1665.9317,1674.0351,1316.3298,1588.3264,0,on,1,1.5000
1786347154.942089,1,1,,1705.0000,1666.0000,1658.0000,1620.0000,1304.0000,1579.0000,38.281,46.131,47.832,55.367,36.509,26.607,1672,1683,1662,1680,1316,1591,0,0,0,29,0,0,0,0,0,1,1,1,4.9908,4.9908,4.9908,4.9908,2.9084,7.0640,1684.2693,1684.6599,1665.9317,1661.3403,1316.3298,1588.3264,1,on,1,1.5000
1786347154.974117,1,1,,1703.0000,1662.0000,1654.0000,1625.0000,1303.0000,1576.0000,38.695,46.939,48.604,54.337,36.848,26.969,1672,1683,1662,1675,1316,1591,0,0,0,0,0,0,0,0,0,1,1,1,4.9908,4.9908,4.9908,4.9908,2.9084,7.0640,1684.2693,1684.6599,1665.9317,1661.3403,1316.3298,1588.3264,0,on,1,1.5000
1786347155.006166,1,1,,1711.0000,1657.0000,1656.0000,1617.0000,1301.0000,1565.0000,37.157,47.931,48.189,56.074,37.631,28.573,1674,1683,1662,1675,1316,1591,37,0,0,10,0,0,0,0,0,1,1,1,4.9908,4.9908,4.9908,4.9908,2.9084,7.0640,1684.2693,1684.6599,1665.9317,1652.6354,1311.6235,1588.3264,1,on,1,1.5000
1786347155.042136,1,1,,1713.0000,1658.0000,1658.0000,1621.0000,1303.0000,1550.0000,36.652,47.834,47.779,55.172,36.884,30.689,1681,1683,1662,1675,1316,1591,24,0,0,24,0,0,0,0,0,1,1,1,4.9908,4.9908,4.9908,4.9908,2.9084,7.0640,1684.2693,1676.5391,1665.9317,1652.6354,1311.6235,1588.3264,1,on,1,1.5000
1786347155.074162,1,1,,1718.0000,1661.0000,1659.0000,1624.0000,1304.0000,1552.0000,35.810,47.210,47.557,54.559,36.385,30.457,1685,1683,1662,1670,1316,1591,0,0,0,28,0,17,1,1,0,1,1,1,4.9908,4.9908,4.9908,4.9908,2.9084,7.0640,1692.0633,1676.5391,1665.9317,1652.6354,1311.6235,1588.3264,1,on,1,1.5000
1786347155.106156,1,1,,1718.0000,1664.0000,1659.0000,1620.0000,1308.0000,1556.0000,35.754,46.664,47.618,55.401,35.153,29.810,1685,1683,1662,1663,1316,1589,0,0,0,0,0,0,0,1,0,1,1,1,4.9908,4.9908,4.9908,4.9908,2.9084,7.0640,1692.0633,1676.5391,1665.9317,1644.2611,1311.6235,1576.7159,1,on,1,1.5000
1786347155.142057,1,1,,1724.0000,1668.0000,1659.0000,1619.0000,1311.0000,1553.0000,34.468,45.812,47.478,55.506,34.164,30.299,1685,1683,1662,1662,1316,1589,23,16,0,37,0,0,0,1,0,1,1,1,4.9908,4.9908,4.9908,4.9908,2.9084,7.0640,1692.0633,1676.5391,1665.9317,1644.2611,1311.6235,1576.7159,0,on,1,1.5000
1786347155.179407,1,1,,1733.0000,1658.0000,1654.0000,1614.0000,1311.0000,1565.0000,32.798,47.863,48.519,56.663,33.898,28.638,1689,1683,1662,1650,1316,1586,19,30,0,0,0,25,0,1,0,1,1,1,4.9908,4.9908,4.9908,4.9908,2.9084,7.0640,1700.7343,1676.5391,1665.9317,1644.2611,1311.6235,1576.7159,1,on,1,1.5000
1786347155.206107,1,1,,1731.0000,1661.0000,1648.0000,1610.0000,1310.0000,1554.0000,33.209,47.213,49.792,57.401,34.503,30.087,1691,1679,1662,1647,1316,1577,30,24,15,0,0,0,0,1,0,1,1,1,4.9908,4.9908,4.9908,4.9908,2.9084,7.0640,1700.7343,1676.5391,1665.9317,1644.2611,1311.6235,1576.7159,0,on,1,1.5000
1786347155.242146,1,1,,1720.0000,1654.0000,1650.0000,1609.0000,1306.0000,1549.0000,35.397,48.549,49.442,57.615,35.755,30.829,1696,1676,1666,1648,1316,1577,23,0,0,0,15,0,0,0,1,1,1,1,4.9908,4.9908,4.9908,4.9908,2.9084,7.0640,1700.7343,1676.5391,1665.9317,1634.3445,1311.6235,1576.7159,1,on,1,1.5000
1786347155.274089,1,1,,1721.0000,1652.0000,1648.0000,1618.0000,1311.0000,1589.0000,35.184,48.992,49.689,55.786,34.198,25.174,1698,1676,1666,1648,1315,1577,22,0,0,0,16,0,0,0,1,1,1,1,4.9908,4.9908,4.9908,4.9908,2.9084,7.0640,1700.7343,1676.5391,1665.9317,1634.3445,1311.6235,1576.7159,0,on,1,1.5000
1786347155.306157,1,1,,1718.0000,1656.0000,1652.0000,1614.0000,1310.0000,1580.0000,35.692,48.174,48.959,56.549,34.311,26.484,1701,1676,1666,1647,1315,1577,0,0,0,0,15,0,1,0,1,1,1,1,4.9908,4.9908,4.9908,4.9908,2.9084,7.0640,1700.7343,1676.5391,1665.9317,1634.3445,1311.6235,1576.7159,0,on,1,1.5000
1786347155.342067,1,1,,1716.0000,1653.0000,1650.0000,1618.0000,1305.0000,1570.0000,36.191,48.685,49.467,55.878,35.985,27.882,1701,1676,1666,1647,1315,1577,0,0,0,16,15,0,1,0,1,1,1,1,4.9908,4.9908,4.9908,4.9908,2.9084,7.0640,1700.7343,1668.9407,1665.9317,1634.3445,1311.6235,1576.7159,1,on,1,1.5000
1786347155.374135,1,1,,1712.0000,1660.0000,1659.0000,1625.0000,1311.0000,1573.0000,36.976,47.322,47.641,54.361,34.055,27.411,1701,1676,1666,1646,1315,1577,0,0,0,0,15,0,1,1,1,1,1,1,4.9908,4.9908,4.9908,4.9908,2.9084,7.0640,1700.7343,1668.9407,1665.9317,1634.3445,1311.6235,1576.7159,0,on,1,1.5000
1786347155.406181,1,1,,1729.0000,1655.0000,1652.0000,1612.0000,1306.0000,1567.0000,33.624,48.294,48.879,57.024,35.863,28.291,1701,1676,1666,1646,1315,1577,0,0,0,8,0,0,1,1,1,1,1,1,4.9908,4.9908,4.9908,4.9908,2.9084,7.0640,1708.4082,1668.9407,1665.9317,1634.3445,1311.6235,1576.7159,1,on,1,1.5000
1786347155.442163,1,1,,1724.0000,1653.0000,1645.0000,1611.0000,1307.0000,1568.0000,34.547,48.805,50.412,57.284,35.520,28.143,1701,1676,1666,1645,1315,1577,0,0,0,0,38,0,0,1,1,1,1,1,4.9908,4.9908,4.9908,4.9908,2.9084,7.0640,1708.4082,1668.9407,1665.9317,1634.3445,1311.6235,1576.7159,0,on,1,1.5000
1786347155.474052,1,1,,1723.0000,1651.0000,1651.0000,1620.0000,1306.0000,1570.0000,34.804,49.133,49.105,55.402,35.766,27.863,1701,1676,1666,1644,1314,1577,23,28,0,18,0,0,0,1,1,1,1,1,4.9908,4.9908,4.9908,4.9908,2.9084,7.0640,1708.4082,1668.9407,1665.9317,1634.3445,1311.6235,1576.7159,0,on,1,1.5000
1786347155.506158,1,1,,1734.0000,1647.0000,1649.0000,1613.0000,1303.0000,1563.0000,32.628,49.908,49.532,56.839,36.900,28.796,1704,1673,1666,1637,1314,1577,23,22,0,0,8,0,0,1,1,1,1,1,4.9908,4.9908,4.9908,4.9908,2.9084,7.0640,1708.4082,1668.9407,1665.9317,1634.3445,1311.6235,1576.7159,0,on,1,1.5000
